global_artifact_id,condition_id,task_id,source_type,difficulty_tier,task_family,selection_group,method,method_label,state_budget,run_index,run_started_at_utc,run_finished_at_utc,request_started_at_utc,request_finished_at_utc,latency_seconds,task_manifest_sha256,task_entry_sha256,scorer_oracle_manifest_sha256,scorer_oracle_sha256,prompt_hash,config_sha256,runner_sha256,parser_sha256,eval_harness_sha256,environment_hash_or_commit,requested_provider_or_access_path,provider,base_url,requested_model,selected_provider_or_endpoint,selected_model_or_returned_model,supported_parameter_snapshot_sha256,model_snapshot_proxy_sha256,decoding_parameter_freeze_sha256,temperature_send_mode,temperature_value,max_tokens,top_p_send_mode,top_p_value,top_k_send_mode,top_k_value,min_p_send_mode,min_p_value,top_a_send_mode,top_a_value,frequency_penalty_send_mode,frequency_penalty_value,presence_penalty_send_mode,presence_penalty_value,repetition_penalty_send_mode,repetition_penalty_value,stop_send_mode,stop_value_sha256,seed_send_mode,seed_value,stream,reasoning_disable_mode,reasoning_control_request_sha256,reasoning_tokens_observed,reasoning_tokens_source,reasoning_content_present,reasoning_content_sha256,fallback_enabled,tools_enabled,web_enabled,cache_policy,provider_not_exposed_fields,finish_reason,native_finish_reason,input_tokens,output_tokens,state_hard_cap_used,state_chars_before_budget,state_chars_after_budget,state_budget_violation,state_compaction_strategy,ssr_protocol_version,ssr_budget_native_compaction_used,ssr_priority_compaction_used,ssr_visible_allowed_candidates,ssr_out_tokens_before_compaction,ssr_out_tokens_after_compaction,ssr_visible_candidates_preserved_in_state,ssr_visible_candidates_missing_from_state,compiled_ssr_fields_sha256,final_json_parse_success,final_json_parse_error,final_exact_success,missing_exact_tokens,present_exact_tokens,forbidden_token_leakage,forbidden_token_hits,forbidden_action_violation,forbidden_action_hits,boundary_violation,boundary_violation_hits,reliable_success,backend_error,backend_error_brief,gate_status,gate_reason,request_hash,response_metadata_sha256,usage_metadata_sha256,raw_response_sha256,parsed_output_sha256,private_raw_ref,private_raw_line_count,metric_record_sha256,manifest_entry_hash,h5_chain_hash,experiment_id,internal_method,task_provenance_manifest_sha256,task_provenance_entry_sha256,static_difficulty_features,task_selection_csv_sha256,call_count,method_protocol_version,carry_forward_protocol_version,visible_carry_forward_used,visible_allowed_candidates,visible_candidates_before_compaction,visible_candidates_after_compaction,visible_candidates_preserved_in_state,visible_candidates_missing_from_state,compiled_carry_forward_fields_sha256
_probe_ecvs_deepseek_v4pro_harder_stress_v1_visiblecarry_vs_maturessrloop_15task_2method_3budget_1run:deepseek_v4pro:mature_ssr_loop:harder_stress_v1_frontierpp_01_parser_error_taxonomy:budget_1200:run_1,deepseek_v4pro,harder_stress_v1_frontierpp_01_parser_error_taxonomy,semi_real_repo_style_controlled_frontier_plus,frontier_plus,parser_error_contract,,mature_ssr_loop,mature_ssr_loop,1200,1,2026-06-19T08:58:36.342420+00:00,2026-06-19T08:58:38.386568+00:00,2026-06-19T08:58:36.342461+00:00,2026-06-19T08:58:38.383033+00:00,0.037,33146312feffa160a32e762c32a2b0a3b61464eaaeb147e93bec4f257a858730,4aa390d28bc8bd4dc50656884aac36d674a455975664a49da7dbf0e6f9205236,24c2aa4fdaf72321ee311eeeb023714d65b6477b681b763519a40c830f2f1974,887a6d006aac8099ec06a93ec184d085a034a1e69e569beca6b6cfd6a49678c7,478b1594c92993216d770294ca965c6ea18e75e58b0cf1bedad8297fcb805bb0,c3e9a533789f94f0831cdd773c0f0c0d7dabf0bac55bf9112313ec004ffb636a,7d28bae3dacf7b8d82a5f0e664afdfb48ad29f8d5d69200972b774935dbb2e34,7d28bae3dacf7b8d82a5f0e664afdfb48ad29f8d5d69200972b774935dbb2e34,7d28bae3dacf7b8d82a5f0e664afdfb48ad29f8d5d69200972b774935dbb2e34,39128f4c489c57c61675e097b9c45e5fe39511ce47ab14c0e2fe6beaa53efe33,direct_provider,deepseek,https://api.deepseek.com,deepseek-v4-pro,https://api.deepseek.com/chat/completions,deepseek-v4-pro,d9102514b5e2faa30f57f404991f95b09ba2d2ad37cfdd73f3d1f753a62a6425,2c4dd0c6c5ff02722c25948a9dff956605b4658af78362cf2148e45742a2ee82,d914cfc97d9b99822a2b1313c16850fd7be529b097eb356dc8e8e7408a7a00a8,explicit,0,4096,omitted,,omitted,,omitted,,omitted,,omitted,,omitted,,omitted,,omitted,,omitted,,False,thinking.type=disabled,ffe557f53c63f7d0f7e35f80c03f61d8b3548db9e4f51e8dda020b28a920d875,provider_not_exposed,provider_not_exposed,False,,False,False,False,disabled,,,,0,0,0,0,0,0,none,mature_ssr_loop_protocol_v1_ecvs_safe_visible_only,0,0,0,0,0,0,0,,0,,0,"[""REQ_01_T7CERAGQ"", ""LOCK_01_QGARE"", ""SCOPE_01_CERAG"", ""CHECK_01_7CERA"", ""ANCHOR_01_GAREC"", ""EDGE_01_ERAGQ"", ""FRONTIER_01_QGAREC"", ""MERGE_01_T7CQGA"", ""VERIFY_01_ERAGQ"", ""PLAN_01_REC7T"", ""CONTRACT_01_T7CER"", ""FINAL_01_QGARGQ""]",[],0,[],0,[],0,[],0,1,URLError: <urlopen error [Errno 1] Operation not permitted>,rerun_required,backend_error,ccc3a71f396e6ab6515c537ebdece9fef8fc320d720c89d5c82f74395d8135d0,7c077ca2308714493d07163e1033c4282bd869ff6d477b3e77408587f95e2930,7c077ca2308714493d07163e1033c4282bd869ff6d477b3e77408587f95e2930,78b9c6a3aacba408617f72ae758c3638598dbade3a6cbb06098ca77fc0251e8c,4e9d12956ae2160b40196f9a3154f303eb8c72586afa8ee52c10947e63a4fabe,released_raw_outputs/model_outputs/_probe_ecvs_deepseek_v4pro_harder_stress_v1_visiblecarry_vs_maturessrloop_15task_2method_3budget_1run/deepseek/mature_ssr_loop__harder_stress_v1_frontierpp_01_parser_error_taxonomy__run_1__budget_1200.jsonl,1,e4061debf1378fc96ff92eaaac875fcc87ee08a760f0ea10bfecf4d67f5667db,437e3fb95ff1c98cca6e0acf2abbce9d18dc1f7aac1bdb3dc02e9567cc056c3b,46f156aca919c1a2f15510ff71498481ea39489ff21ef68366b26759c8cef2b4,_probe_ecvs_deepseek_v4pro_harder_stress_v1_visiblecarry_vs_maturessrloop_15task_2method_3budget_1run,ssr_loop,d239781121d1d6a6cd4cbcab5e859463831be69b2bcfc1a1884a2ada2c1ef299,91fccf8709cab6d0076dd63a4fd5792772fdf6737a0abe9276906059747a534c,"{""boundary_constraint_count"": 5, ""budgets_supported"": [300, 600, 1200], ""conditional_constraint_count"": 4, ""decoy_count"": 10, ""difficulty_factors"": [""decoy_overload"", ""overwrite_update"", ""conditional_allowed_state"", ""forbidden_boundary_pressure"", ""multi_file_component_consistency"", ""distractor_segment"", ""budget_pressure""], ""files_touched_estimate"": 3, ""method_specific_selection_used"": false, ""model_outcomes_used"": false, ""required_output_size"": 12, ""segment_count"": 16, ""source_candidate_id"": ""frontier_candidate_parser_error_taxonomy"", ""strict_json_contract"": true, ""update_count"": 4}",649fa93b196242a19e144bd5297cf90abac45ad4aab2596921bacaa4f809894a,1,mature_ssr_loop_protocol_v1_ecvs_safe_visible_only,,,,,,,,
_probe_ecvs_deepseek_v4pro_harder_stress_v1_visiblecarry_vs_maturessrloop_15task_2method_3budget_1run:deepseek_v4pro:mature_ssr_loop:harder_stress_v1_frontierpp_01_parser_error_taxonomy:budget_300:run_1,deepseek_v4pro,harder_stress_v1_frontierpp_01_parser_error_taxonomy,semi_real_repo_style_controlled_frontier_plus,frontier_plus,parser_error_contract,,mature_ssr_loop,mature_ssr_loop,300,1,2026-06-19T08:58:36.341652+00:00,2026-06-19T08:58:38.425927+00:00,2026-06-19T08:58:36.341718+00:00,2026-06-19T08:58:38.405045+00:00,0.058,33146312feffa160a32e762c32a2b0a3b61464eaaeb147e93bec4f257a858730,4aa390d28bc8bd4dc50656884aac36d674a455975664a49da7dbf0e6f9205236,24c2aa4fdaf72321ee311eeeb023714d65b6477b681b763519a40c830f2f1974,887a6d006aac8099ec06a93ec184d085a034a1e69e569beca6b6cfd6a49678c7,3045099a61dcc2514ca065ef5886159f68288082311c6d20e3e01e6c108df763,c3e9a533789f94f0831cdd773c0f0c0d7dabf0bac55bf9112313ec004ffb636a,7d28bae3dacf7b8d82a5f0e664afdfb48ad29f8d5d69200972b774935dbb2e34,7d28bae3dacf7b8d82a5f0e664afdfb48ad29f8d5d69200972b774935dbb2e34,7d28bae3dacf7b8d82a5f0e664afdfb48ad29f8d5d69200972b774935dbb2e34,39128f4c489c57c61675e097b9c45e5fe39511ce47ab14c0e2fe6beaa53efe33,direct_provider,deepseek,https://api.deepseek.com,deepseek-v4-pro,https://api.deepseek.com/chat/completions,deepseek-v4-pro,d9102514b5e2faa30f57f404991f95b09ba2d2ad37cfdd73f3d1f753a62a6425,2c4dd0c6c5ff02722c25948a9dff956605b4658af78362cf2148e45742a2ee82,d914cfc97d9b99822a2b1313c16850fd7be529b097eb356dc8e8e7408a7a00a8,explicit,0,4096,omitted,,omitted,,omitted,,omitted,,omitted,,omitted,,omitted,,omitted,,omitted,,False,thinking.type=disabled,ffe557f53c63f7d0f7e35f80c03f61d8b3548db9e4f51e8dda020b28a920d875,provider_not_exposed,provider_not_exposed,False,,False,False,False,disabled,,,,0,0,0,0,0,0,none,mature_ssr_loop_protocol_v1_ecvs_safe_visible_only,0,0,0,0,0,0,0,,0,,0,"[""REQ_01_T7CERAGQ"", ""LOCK_01_QGARE"", ""SCOPE_01_CERAG"", ""CHECK_01_7CERA"", ""ANCHOR_01_GAREC"", ""EDGE_01_ERAGQ"", ""FRONTIER_01_QGAREC"", ""MERGE_01_T7CQGA"", ""VERIFY_01_ERAGQ"", ""PLAN_01_REC7T"", ""CONTRACT_01_T7CER"", ""FINAL_01_QGARGQ""]",[],0,[],0,[],0,[],0,1,URLError: <urlopen error [Errno 1] Operation not permitted>,rerun_required,backend_error,b1ecd36c44c9209a2b6936cf474252e24731153362c68bca99c892f7e8309f95,7c077ca2308714493d07163e1033c4282bd869ff6d477b3e77408587f95e2930,7c077ca2308714493d07163e1033c4282bd869ff6d477b3e77408587f95e2930,78b9c6a3aacba408617f72ae758c3638598dbade3a6cbb06098ca77fc0251e8c,5dd864cafe3244e7e19fe468b6511250d4ae318f91bd1f6a8b3ff280bfc7c67b,released_raw_outputs/model_outputs/_probe_ecvs_deepseek_v4pro_harder_stress_v1_visiblecarry_vs_maturessrloop_15task_2method_3budget_1run/deepseek/mature_ssr_loop__harder_stress_v1_frontierpp_01_parser_error_taxonomy__run_1__budget_300.jsonl,1,c18f7b1132ae6709b0689fcc0ebd53eb846a78e983f8ec185fee8b19e293a1e8,318cafd37cc69ebdd0678c2d520d864a882f7b0d4ddd7dc3cc31c811f0bb6027,7503341e8a9e1100bbc0109b5972d1bb3730ba286c9e8fc04bd938a5be9a0783,_probe_ecvs_deepseek_v4pro_harder_stress_v1_visiblecarry_vs_maturessrloop_15task_2method_3budget_1run,ssr_loop,d239781121d1d6a6cd4cbcab5e859463831be69b2bcfc1a1884a2ada2c1ef299,91fccf8709cab6d0076dd63a4fd5792772fdf6737a0abe9276906059747a534c,"{""boundary_constraint_count"": 5, ""budgets_supported"": [300, 600, 1200], ""conditional_constraint_count"": 4, ""decoy_count"": 10, ""difficulty_factors"": [""decoy_overload"", ""overwrite_update"", ""conditional_allowed_state"", ""forbidden_boundary_pressure"", ""multi_file_component_consistency"", ""distractor_segment"", ""budget_pressure""], ""files_touched_estimate"": 3, ""method_specific_selection_used"": false, ""model_outcomes_used"": false, ""required_output_size"": 12, ""segment_count"": 16, ""source_candidate_id"": ""frontier_candidate_parser_error_taxonomy"", ""strict_json_contract"": true, ""update_count"": 4}",649fa93b196242a19e144bd5297cf90abac45ad4aab2596921bacaa4f809894a,1,mature_ssr_loop_protocol_v1_ecvs_safe_visible_only,,,,,,,,
_probe_ecvs_deepseek_v4pro_harder_stress_v1_visiblecarry_vs_maturessrloop_15task_2method_3budget_1run:deepseek_v4pro:mature_ssr_loop:harder_stress_v1_frontierpp_01_parser_error_taxonomy:budget_600:run_1,deepseek_v4pro,harder_stress_v1_frontierpp_01_parser_error_taxonomy,semi_real_repo_style_controlled_frontier_plus,frontier_plus,parser_error_contract,,mature_ssr_loop,mature_ssr_loop,600,1,2026-06-19T08:58:36.341987+00:00,2026-06-19T08:58:38.407915+00:00,2026-06-19T08:58:36.342043+00:00,2026-06-19T08:58:38.394337+00:00,0.046,33146312feffa160a32e762c32a2b0a3b61464eaaeb147e93bec4f257a858730,4aa390d28bc8bd4dc50656884aac36d674a455975664a49da7dbf0e6f9205236,24c2aa4fdaf72321ee311eeeb023714d65b6477b681b763519a40c830f2f1974,887a6d006aac8099ec06a93ec184d085a034a1e69e569beca6b6cfd6a49678c7,5404e9d102d7ef6c64d0006a65bed9acdb288d24f0ede9b4d62c61ea1790fc85,c3e9a533789f94f0831cdd773c0f0c0d7dabf0bac55bf9112313ec004ffb636a,7d28bae3dacf7b8d82a5f0e664afdfb48ad29f8d5d69200972b774935dbb2e34,7d28bae3dacf7b8d82a5f0e664afdfb48ad29f8d5d69200972b774935dbb2e34,7d28bae3dacf7b8d82a5f0e664afdfb48ad29f8d5d69200972b774935dbb2e34,39128f4c489c57c61675e097b9c45e5fe39511ce47ab14c0e2fe6beaa53efe33,direct_provider,deepseek,https://api.deepseek.com,deepseek-v4-pro,https://api.deepseek.com/chat/completions,deepseek-v4-pro,d9102514b5e2faa30f57f404991f95b09ba2d2ad37cfdd73f3d1f753a62a6425,2c4dd0c6c5ff02722c25948a9dff956605b4658af78362cf2148e45742a2ee82,d914cfc97d9b99822a2b1313c16850fd7be529b097eb356dc8e8e7408a7a00a8,explicit,0,4096,omitted,,omitted,,omitted,,omitted,,omitted,,omitted,,omitted,,omitted,,omitted,,False,thinking.type=disabled,ffe557f53c63f7d0f7e35f80c03f61d8b3548db9e4f51e8dda020b28a920d875,provider_not_exposed,provider_not_exposed,False,,False,False,False,disabled,,,,0,0,0,0,0,0,none,mature_ssr_loop_protocol_v1_ecvs_safe_visible_only,0,0,0,0,0,0,0,,0,,0,"[""REQ_01_T7CERAGQ"", ""LOCK_01_QGARE"", ""SCOPE_01_CERAG"", ""CHECK_01_7CERA"", ""ANCHOR_01_GAREC"", ""EDGE_01_ERAGQ"", ""FRONTIER_01_QGAREC"", ""MERGE_01_T7CQGA"", ""VERIFY_01_ERAGQ"", ""PLAN_01_REC7T"", ""CONTRACT_01_T7CER"", ""FINAL_01_QGARGQ""]",[],0,[],0,[],0,[],0,1,URLError: <urlopen error [Errno 1] Operation not permitted>,rerun_required,backend_error,93729329b00ac7171a354e8a6f257b9fb23e081321c7ef9c74d9027410d66825,7c077ca2308714493d07163e1033c4282bd869ff6d477b3e77408587f95e2930,7c077ca2308714493d07163e1033c4282bd869ff6d477b3e77408587f95e2930,78b9c6a3aacba408617f72ae758c3638598dbade3a6cbb06098ca77fc0251e8c,a70a90c4d214fce396c59ea4dc15d2d838a1566a3ba83ab22b528c35c27b9c78,released_raw_outputs/model_outputs/_probe_ecvs_deepseek_v4pro_harder_stress_v1_visiblecarry_vs_maturessrloop_15task_2method_3budget_1run/deepseek/mature_ssr_loop__harder_stress_v1_frontierpp_01_parser_error_taxonomy__run_1__budget_600.jsonl,1,35cd101b7e6a6650539b44197fd3fe2970e1f2dd5e3017f7e8a09f44f5b3cf94,425aa3759afddaa7f23ca58ef41aa8c157e3e2cae4ebc70af1a44ff0e4b5a525,37f8c9ebdd5052c4cd86abb4c7b8170066a0ee67473e64dd4abac8e9dca0c7af,_probe_ecvs_deepseek_v4pro_harder_stress_v1_visiblecarry_vs_maturessrloop_15task_2method_3budget_1run,ssr_loop,d239781121d1d6a6cd4cbcab5e859463831be69b2bcfc1a1884a2ada2c1ef299,91fccf8709cab6d0076dd63a4fd5792772fdf6737a0abe9276906059747a534c,"{""boundary_constraint_count"": 5, ""budgets_supported"": [300, 600, 1200], ""conditional_constraint_count"": 4, ""decoy_count"": 10, ""difficulty_factors"": [""decoy_overload"", ""overwrite_update"", ""conditional_allowed_state"", ""forbidden_boundary_pressure"", ""multi_file_component_consistency"", ""distractor_segment"", ""budget_pressure""], ""files_touched_estimate"": 3, ""method_specific_selection_used"": false, ""model_outcomes_used"": false, ""required_output_size"": 12, ""segment_count"": 16, ""source_candidate_id"": ""frontier_candidate_parser_error_taxonomy"", ""strict_json_contract"": true, ""update_count"": 4}",649fa93b196242a19e144bd5297cf90abac45ad4aab2596921bacaa4f809894a,1,mature_ssr_loop_protocol_v1_ecvs_safe_visible_only,,,,,,,,
_probe_ecvs_deepseek_v4pro_harder_stress_v1_visiblecarry_vs_maturessrloop_15task_2method_3budget_1run:deepseek_v4pro:mature_ssr_loop:harder_stress_v1_frontierpp_02_staged_schema_migration:budget_1200:run_1,deepseek_v4pro,harder_stress_v1_frontierpp_02_staged_schema_migration,semi_real_repo_style_controlled_frontier_plus,frontier_plus,schema_json_contract,,mature_ssr_loop,mature_ssr_loop,1200,1,2026-06-19T08:58:36.344176+00:00,2026-06-19T08:58:38.411908+00:00,2026-06-19T08:58:36.344215+00:00,2026-06-19T08:58:38.398631+00:00,0.049,33146312feffa160a32e762c32a2b0a3b61464eaaeb147e93bec4f257a858730,2380c738ee1071f43dc5dc77fba7ca4b6a87e81ed8c4f04f3c913ea410498706,24c2aa4fdaf72321ee311eeeb023714d65b6477b681b763519a40c830f2f1974,2f06c9884c6cbe4e071b63932c3b6b7747cbd986e8849025d5b8a181203c267b,db5c43a8650d83b9b7aa78c4accf69a9b3650b2da5516d5705ec33da3403cf8d,c3e9a533789f94f0831cdd773c0f0c0d7dabf0bac55bf9112313ec004ffb636a,7d28bae3dacf7b8d82a5f0e664afdfb48ad29f8d5d69200972b774935dbb2e34,7d28bae3dacf7b8d82a5f0e664afdfb48ad29f8d5d69200972b774935dbb2e34,7d28bae3dacf7b8d82a5f0e664afdfb48ad29f8d5d69200972b774935dbb2e34,39128f4c489c57c61675e097b9c45e5fe39511ce47ab14c0e2fe6beaa53efe33,direct_provider,deepseek,https://api.deepseek.com,deepseek-v4-pro,https://api.deepseek.com/chat/completions,deepseek-v4-pro,d9102514b5e2faa30f57f404991f95b09ba2d2ad37cfdd73f3d1f753a62a6425,2c4dd0c6c5ff02722c25948a9dff956605b4658af78362cf2148e45742a2ee82,d914cfc97d9b99822a2b1313c16850fd7be529b097eb356dc8e8e7408a7a00a8,explicit,0,4096,omitted,,omitted,,omitted,,omitted,,omitted,,omitted,,omitted,,omitted,,omitted,,False,thinking.type=disabled,ffe557f53c63f7d0f7e35f80c03f61d8b3548db9e4f51e8dda020b28a920d875,provider_not_exposed,provider_not_exposed,False,,False,False,False,disabled,,,,0,0,0,0,0,0,none,mature_ssr_loop_protocol_v1_ecvs_safe_visible_only,0,0,0,0,0,0,0,,0,,0,"[""REQ_02_UFR6Y4P4"", ""LOCK_02_4P4Y6"", ""SCOPE_02_R6Y4P"", ""CHECK_02_FR6Y4"", ""ANCHOR_02_P4Y6R"", ""EDGE_02_6Y4P4"", ""FRONTIER_02_4P4Y6R"", ""MERGE_02_UFR4P4"", ""VERIFY_02_6Y4P4"", ""PLAN_02_Y6RFU"", ""CONTRACT_02_UFR6Y"", ""FINAL_02_4P4YP4""]",[],0,[],0,[],0,[],0,1,URLError: <urlopen error [Errno 1] Operation not permitted>,rerun_required,backend_error,b9798fa11990f85b7bc8a7a1229467dee0cd1d9237d4681c76c71889d5137425,7c077ca2308714493d07163e1033c4282bd869ff6d477b3e77408587f95e2930,7c077ca2308714493d07163e1033c4282bd869ff6d477b3e77408587f95e2930,78b9c6a3aacba408617f72ae758c3638598dbade3a6cbb06098ca77fc0251e8c,a31df93b1c7ef3807b84ab6b2cfe87c412c9242e0cc7071f64a3dfdc45a43fc2,released_raw_outputs/model_outputs/_probe_ecvs_deepseek_v4pro_harder_stress_v1_visiblecarry_vs_maturessrloop_15task_2method_3budget_1run/deepseek/mature_ssr_loop__harder_stress_v1_frontierpp_02_staged_schema_migration__run_1__budget_1200.jsonl,1,0d1fe362e85b9f495bf8a1bb573c9d39c29cf2e3172ba49dce94f7476aadb3e1,357906d17688e633aff9b08f564119ac8b552f022f1605308173716af81c462a,d95f809bce3278c6a66abf843e690da2ad0a221bca18d76d88fb1bbc7b1fac7c,_probe_ecvs_deepseek_v4pro_harder_stress_v1_visiblecarry_vs_maturessrloop_15task_2method_3budget_1run,ssr_loop,d239781121d1d6a6cd4cbcab5e859463831be69b2bcfc1a1884a2ada2c1ef299,ae3dac738762ac8af97a865afb767ba00d9230deba706ad1f8103ca6e7d28918,"{""boundary_constraint_count"": 3, ""budgets_supported"": [300, 600, 1200], ""conditional_constraint_count"": 3, ""decoy_count"": 8, ""difficulty_factors"": [""decoy_overload"", ""overwrite_update"", ""conditional_allowed_state"", ""multi_file_component_consistency"", ""final_output_contract_pressure"", ""distractor_segment"", ""budget_pressure""], ""files_touched_estimate"": 3, ""method_specific_selection_used"": false, ""model_outcomes_used"": false, ""required_output_size"": 11, ""segment_count"": 14, ""source_candidate_id"": ""frontier_candidate_staged_schema_migration"", ""strict_json_contract"": true, ""update_count"": 3}",649fa93b196242a19e144bd5297cf90abac45ad4aab2596921bacaa4f809894a,1,mature_ssr_loop_protocol_v1_ecvs_safe_visible_only,,,,,,,,
_probe_ecvs_deepseek_v4pro_harder_stress_v1_visiblecarry_vs_maturessrloop_15task_2method_3budget_1run:deepseek_v4pro:mature_ssr_loop:harder_stress_v1_frontierpp_02_staged_schema_migration:budget_300:run_1,deepseek_v4pro,harder_stress_v1_frontierpp_02_staged_schema_migration,semi_real_repo_style_controlled_frontier_plus,frontier_plus,schema_json_contract,,mature_ssr_loop,mature_ssr_loop,300,1,2026-06-19T08:58:36.343807+00:00,2026-06-19T08:58:38.408240+00:00,2026-06-19T08:58:36.343852+00:00,2026-06-19T08:58:38.397426+00:00,0.049,33146312feffa160a32e762c32a2b0a3b61464eaaeb147e93bec4f257a858730,2380c738ee1071f43dc5dc77fba7ca4b6a87e81ed8c4f04f3c913ea410498706,24c2aa4fdaf72321ee311eeeb023714d65b6477b681b763519a40c830f2f1974,2f06c9884c6cbe4e071b63932c3b6b7747cbd986e8849025d5b8a181203c267b,05ccaa0453a13e3be6fbc1780bbedcd7c8af9b4827bd7b27d6d2a6011ff6380c,c3e9a533789f94f0831cdd773c0f0c0d7dabf0bac55bf9112313ec004ffb636a,7d28bae3dacf7b8d82a5f0e664afdfb48ad29f8d5d69200972b774935dbb2e34,7d28bae3dacf7b8d82a5f0e664afdfb48ad29f8d5d69200972b774935dbb2e34,7d28bae3dacf7b8d82a5f0e664afdfb48ad29f8d5d69200972b774935dbb2e34,39128f4c489c57c61675e097b9c45e5fe39511ce47ab14c0e2fe6beaa53efe33,direct_provider,deepseek,https://api.deepseek.com,deepseek-v4-pro,https://api.deepseek.com/chat/completions,deepseek-v4-pro,d9102514b5e2faa30f57f404991f95b09ba2d2ad37cfdd73f3d1f753a62a6425,2c4dd0c6c5ff02722c25948a9dff956605b4658af78362cf2148e45742a2ee82,d914cfc97d9b99822a2b1313c16850fd7be529b097eb356dc8e8e7408a7a00a8,explicit,0,4096,omitted,,omitted,,omitted,,omitted,,omitted,,omitted,,omitted,,omitted,,omitted,,False,thinking.type=disabled,ffe557f53c63f7d0f7e35f80c03f61d8b3548db9e4f51e8dda020b28a920d875,provider_not_exposed,provider_not_exposed,False,,False,False,False,disabled,,,,0,0,0,0,0,0,none,mature_ssr_loop_protocol_v1_ecvs_safe_visible_only,0,0,0,0,0,0,0,,0,,0,"[""REQ_02_UFR6Y4P4"", ""LOCK_02_4P4Y6"", ""SCOPE_02_R6Y4P"", ""CHECK_02_FR6Y4"", ""ANCHOR_02_P4Y6R"", ""EDGE_02_6Y4P4"", ""FRONTIER_02_4P4Y6R"", ""MERGE_02_UFR4P4"", ""VERIFY_02_6Y4P4"", ""PLAN_02_Y6RFU"", ""CONTRACT_02_UFR6Y"", ""FINAL_02_4P4YP4""]",[],0,[],0,[],0,[],0,1,URLError: <urlopen error [Errno 1] Operation not permitted>,rerun_required,backend_error,1bf77b9282557d7732968e1768790db2444c7241147f9f507351dc908cbff4d2,7c077ca2308714493d07163e1033c4282bd869ff6d477b3e77408587f95e2930,7c077ca2308714493d07163e1033c4282bd869ff6d477b3e77408587f95e2930,78b9c6a3aacba408617f72ae758c3638598dbade3a6cbb06098ca77fc0251e8c,48eb329012f25064bfe46d44d55408a9581a25514d7491a122a29c240977bbd1,released_raw_outputs/model_outputs/_probe_ecvs_deepseek_v4pro_harder_stress_v1_visiblecarry_vs_maturessrloop_15task_2method_3budget_1run/deepseek/mature_ssr_loop__harder_stress_v1_frontierpp_02_staged_schema_migration__run_1__budget_300.jsonl,1,3998b85d52c8ed859d55b5bb717e0ff30f4485303192efcee4c86347055beef5,e3c82c2902692a231dbdbf5e120c6d0b33c2ea216ee515e14a94e13442312250,80fbbc935c33a88684fab24632b369452ddfbc21ab3994a00d20306c79d1197e,_probe_ecvs_deepseek_v4pro_harder_stress_v1_visiblecarry_vs_maturessrloop_15task_2method_3budget_1run,ssr_loop,d239781121d1d6a6cd4cbcab5e859463831be69b2bcfc1a1884a2ada2c1ef299,ae3dac738762ac8af97a865afb767ba00d9230deba706ad1f8103ca6e7d28918,"{""boundary_constraint_count"": 3, ""budgets_supported"": [300, 600, 1200], ""conditional_constraint_count"": 3, ""decoy_count"": 8, ""difficulty_factors"": [""decoy_overload"", ""overwrite_update"", ""conditional_allowed_state"", ""multi_file_component_consistency"", ""final_output_contract_pressure"", ""distractor_segment"", ""budget_pressure""], ""files_touched_estimate"": 3, ""method_specific_selection_used"": false, ""model_outcomes_used"": false, ""required_output_size"": 11, ""segment_count"": 14, ""source_candidate_id"": ""frontier_candidate_staged_schema_migration"", ""strict_json_contract"": true, ""update_count"": 3}",649fa93b196242a19e144bd5297cf90abac45ad4aab2596921bacaa4f809894a,1,mature_ssr_loop_protocol_v1_ecvs_safe_visible_only,,,,,,,,
_probe_ecvs_deepseek_v4pro_harder_stress_v1_visiblecarry_vs_maturessrloop_15task_2method_3budget_1run:deepseek_v4pro:mature_ssr_loop:harder_stress_v1_frontierpp_02_staged_schema_migration:budget_600:run_1,deepseek_v4pro,harder_stress_v1_frontierpp_02_staged_schema_migration,semi_real_repo_style_controlled_frontier_plus,frontier_plus,schema_json_contract,,mature_ssr_loop,mature_ssr_loop,600,1,2026-06-19T08:58:36.344077+00:00,2026-06-19T08:58:38.421718+00:00,2026-06-19T08:58:36.344375+00:00,2026-06-19T08:58:38.401935+00:00,0.051,33146312feffa160a32e762c32a2b0a3b61464eaaeb147e93bec4f257a858730,2380c738ee1071f43dc5dc77fba7ca4b6a87e81ed8c4f04f3c913ea410498706,24c2aa4fdaf72321ee311eeeb023714d65b6477b681b763519a40c830f2f1974,2f06c9884c6cbe4e071b63932c3b6b7747cbd986e8849025d5b8a181203c267b,539481fc19b769a4931604770e262d53a0f3e9bc392c22317b56f157bf6bfc96,c3e9a533789f94f0831cdd773c0f0c0d7dabf0bac55bf9112313ec004ffb636a,7d28bae3dacf7b8d82a5f0e664afdfb48ad29f8d5d69200972b774935dbb2e34,7d28bae3dacf7b8d82a5f0e664afdfb48ad29f8d5d69200972b774935dbb2e34,7d28bae3dacf7b8d82a5f0e664afdfb48ad29f8d5d69200972b774935dbb2e34,39128f4c489c57c61675e097b9c45e5fe39511ce47ab14c0e2fe6beaa53efe33,direct_provider,deepseek,https://api.deepseek.com,deepseek-v4-pro,https://api.deepseek.com/chat/completions,deepseek-v4-pro,d9102514b5e2faa30f57f404991f95b09ba2d2ad37cfdd73f3d1f753a62a6425,2c4dd0c6c5ff02722c25948a9dff956605b4658af78362cf2148e45742a2ee82,d914cfc97d9b99822a2b1313c16850fd7be529b097eb356dc8e8e7408a7a00a8,explicit,0,4096,omitted,,omitted,,omitted,,omitted,,omitted,,omitted,,omitted,,omitted,,omitted,,False,thinking.type=disabled,ffe557f53c63f7d0f7e35f80c03f61d8b3548db9e4f51e8dda020b28a920d875,provider_not_exposed,provider_not_exposed,False,,False,False,False,disabled,,,,0,0,0,0,0,0,none,mature_ssr_loop_protocol_v1_ecvs_safe_visible_only,0,0,0,0,0,0,0,,0,,0,"[""REQ_02_UFR6Y4P4"", ""LOCK_02_4P4Y6"", ""SCOPE_02_R6Y4P"", ""CHECK_02_FR6Y4"", ""ANCHOR_02_P4Y6R"", ""EDGE_02_6Y4P4"", ""FRONTIER_02_4P4Y6R"", ""MERGE_02_UFR4P4"", ""VERIFY_02_6Y4P4"", ""PLAN_02_Y6RFU"", ""CONTRACT_02_UFR6Y"", ""FINAL_02_4P4YP4""]",[],0,[],0,[],0,[],0,1,URLError: <urlopen error [Errno 1] Operation not permitted>,rerun_required,backend_error,6e482279322c597f1bcd706efcab9b75ca00fa11bda56ebf88d61cd76cbbf129,7c077ca2308714493d07163e1033c4282bd869ff6d477b3e77408587f95e2930,7c077ca2308714493d07163e1033c4282bd869ff6d477b3e77408587f95e2930,78b9c6a3aacba408617f72ae758c3638598dbade3a6cbb06098ca77fc0251e8c,bb59b54f6e335ba52c7fa5a2e317e17fc0b299378dceb285e01809416b86b5d1,released_raw_outputs/model_outputs/_probe_ecvs_deepseek_v4pro_harder_stress_v1_visiblecarry_vs_maturessrloop_15task_2method_3budget_1run/deepseek/mature_ssr_loop__harder_stress_v1_frontierpp_02_staged_schema_migration__run_1__budget_600.jsonl,1,be8b46566b6285caf4fe44ae5aa46464cb92b38785b96a03b40cd61fa0f73a24,8cecd5978608e195392f349dc87fdd9f003b9dee56cd9e80c567cda2189f7e33,3fb80987eb03952eff79ad9e9ae59f484e2c487a9728c449aa4a8701844fc963,_probe_ecvs_deepseek_v4pro_harder_stress_v1_visiblecarry_vs_maturessrloop_15task_2method_3budget_1run,ssr_loop,d239781121d1d6a6cd4cbcab5e859463831be69b2bcfc1a1884a2ada2c1ef299,ae3dac738762ac8af97a865afb767ba00d9230deba706ad1f8103ca6e7d28918,"{""boundary_constraint_count"": 3, ""budgets_supported"": [300, 600, 1200], ""conditional_constraint_count"": 3, ""decoy_count"": 8, ""difficulty_factors"": [""decoy_overload"", ""overwrite_update"", ""conditional_allowed_state"", ""multi_file_component_consistency"", ""final_output_contract_pressure"", ""distractor_segment"", ""budget_pressure""], ""files_touched_estimate"": 3, ""method_specific_selection_used"": false, ""model_outcomes_used"": false, ""required_output_size"": 11, ""segment_count"": 14, ""source_candidate_id"": ""frontier_candidate_staged_schema_migration"", ""strict_json_contract"": true, ""update_count"": 3}",649fa93b196242a19e144bd5297cf90abac45ad4aab2596921bacaa4f809894a,1,mature_ssr_loop_protocol_v1_ecvs_safe_visible_only,,,,,,,,
_probe_ecvs_deepseek_v4pro_harder_stress_v1_visiblecarry_vs_maturessrloop_15task_2method_3budget_1run:deepseek_v4pro:mature_ssr_loop:harder_stress_v1_frontierpp_03_policy_alias_cascade:budget_1200:run_1,deepseek_v4pro,harder_stress_v1_frontierpp_03_policy_alias_cascade,diagnostic_controlled_frontier_plus,frontier_plus,policy_alias_binding,,mature_ssr_loop,mature_ssr_loop,1200,1,2026-06-19T08:58:36.347618+00:00,2026-06-19T08:58:38.415800+00:00,2026-06-19T08:58:36.347763+00:00,2026-06-19T08:58:38.398491+00:00,0.04,33146312feffa160a32e762c32a2b0a3b61464eaaeb147e93bec4f257a858730,845b40a5ccd3a43048dea7ae2c42e35b95c020808d8cb3dd945b43f0b736e95c,24c2aa4fdaf72321ee311eeeb023714d65b6477b681b763519a40c830f2f1974,b594f110c1c3bc5cb57d5ddd948b9ab79fc1ec71fe218d92920e97ed5472ad7b,dc56bf71f155377e5a5fdde47f3a3d44ee12fcb0078f9b853d5e09e6563cac34,c3e9a533789f94f0831cdd773c0f0c0d7dabf0bac55bf9112313ec004ffb636a,7d28bae3dacf7b8d82a5f0e664afdfb48ad29f8d5d69200972b774935dbb2e34,7d28bae3dacf7b8d82a5f0e664afdfb48ad29f8d5d69200972b774935dbb2e34,7d28bae3dacf7b8d82a5f0e664afdfb48ad29f8d5d69200972b774935dbb2e34,39128f4c489c57c61675e097b9c45e5fe39511ce47ab14c0e2fe6beaa53efe33,direct_provider,deepseek,https://api.deepseek.com,deepseek-v4-pro,https://api.deepseek.com/chat/completions,deepseek-v4-pro,d9102514b5e2faa30f57f404991f95b09ba2d2ad37cfdd73f3d1f753a62a6425,2c4dd0c6c5ff02722c25948a9dff956605b4658af78362cf2148e45742a2ee82,d914cfc97d9b99822a2b1313c16850fd7be529b097eb356dc8e8e7408a7a00a8,explicit,0,4096,omitted,,omitted,,omitted,,omitted,,omitted,,omitted,,omitted,,omitted,,omitted,,False,thinking.type=disabled,ffe557f53c63f7d0f7e35f80c03f61d8b3548db9e4f51e8dda020b28a920d875,provider_not_exposed,provider_not_exposed,False,,False,False,False,disabled,,,,0,0,0,0,0,0,none,mature_ssr_loop_protocol_v1_ecvs_safe_visible_only,0,0,0,0,0,0,0,,0,,0,"[""REQ_03_DKX4J4UR"", ""LOCK_03_RU4J4"", ""SCOPE_03_X4J4U"", ""CHECK_03_KX4J4"", ""ANCHOR_03_U4J4X"", ""EDGE_03_4J4UR"", ""FRONTIER_03_RU4J4X"", ""MERGE_03_DKXRU4"", ""VERIFY_03_4J4UR"", ""PLAN_03_J4XKD"", ""CONTRACT_03_DKX4J"", ""FINAL_03_RU4JUR""]",[],0,[],0,[],0,[],0,1,URLError: <urlopen error [Errno 1] Operation not permitted>,rerun_required,backend_error,acdd795d8c8455980d4dc483f32a027d2647a742f1894e1dfb5c6875165051b5,7c077ca2308714493d07163e1033c4282bd869ff6d477b3e77408587f95e2930,7c077ca2308714493d07163e1033c4282bd869ff6d477b3e77408587f95e2930,78b9c6a3aacba408617f72ae758c3638598dbade3a6cbb06098ca77fc0251e8c,aaed075753a80d01ef689c3005b36dca85eb642c62b533453fe912fc9d6c41ab,released_raw_outputs/model_outputs/_probe_ecvs_deepseek_v4pro_harder_stress_v1_visiblecarry_vs_maturessrloop_15task_2method_3budget_1run/deepseek/mature_ssr_loop__harder_stress_v1_frontierpp_03_policy_alias_cascade__run_1__budget_1200.jsonl,1,4603896a995010e78bf31d80b70ab075979a60db0e9f457a4e32a4c648441e28,8b30dcba4884be2f0e1618e6fd2707e251af30a5023c013bf79d8934cd305e3c,980c064cfb8857c0b0b24239c07ddf7a383b7d8104c2afcce66dc7cf341ad96c,_probe_ecvs_deepseek_v4pro_harder_stress_v1_visiblecarry_vs_maturessrloop_15task_2method_3budget_1run,ssr_loop,d239781121d1d6a6cd4cbcab5e859463831be69b2bcfc1a1884a2ada2c1ef299,43215e9b88bd006bc5c3b5a9badbe1cde279eec840123cd1239ba938d210cce2,"{""boundary_constraint_count"": 4, ""budgets_supported"": [300, 600, 1200], ""conditional_constraint_count"": 3, ""decoy_count"": 9, ""difficulty_factors"": [""decoy_overload"", ""overwrite_update"", ""conditional_allowed_state"", ""forbidden_boundary_pressure"", ""plan_consistency"", ""delayed_critical_constraint"", ""budget_pressure""], ""files_touched_estimate"": 2, ""method_specific_selection_used"": false, ""model_outcomes_used"": false, ""required_output_size"": 12, ""segment_count"": 15, ""source_candidate_id"": ""frontier_candidate_policy_alias_cascade"", ""strict_json_contract"": true, ""update_count"": 4}",649fa93b196242a19e144bd5297cf90abac45ad4aab2596921bacaa4f809894a,1,mature_ssr_loop_protocol_v1_ecvs_safe_visible_only,,,,,,,,
_probe_ecvs_deepseek_v4pro_harder_stress_v1_visiblecarry_vs_maturessrloop_15task_2method_3budget_1run:deepseek_v4pro:mature_ssr_loop:harder_stress_v1_frontierpp_03_policy_alias_cascade:budget_300:run_1,deepseek_v4pro,harder_stress_v1_frontierpp_03_policy_alias_cascade,diagnostic_controlled_frontier_plus,frontier_plus,policy_alias_binding,,mature_ssr_loop,mature_ssr_loop,300,1,2026-06-19T08:58:36.346260+00:00,2026-06-19T08:58:38.420721+00:00,2026-06-19T08:58:36.346345+00:00,2026-06-19T08:58:38.395443+00:00,0.042,33146312feffa160a32e762c32a2b0a3b61464eaaeb147e93bec4f257a858730,845b40a5ccd3a43048dea7ae2c42e35b95c020808d8cb3dd945b43f0b736e95c,24c2aa4fdaf72321ee311eeeb023714d65b6477b681b763519a40c830f2f1974,b594f110c1c3bc5cb57d5ddd948b9ab79fc1ec71fe218d92920e97ed5472ad7b,7c09eaa4d229cda319590ea796a0e14aa638913e02100d8e0a8392ec9d82a9f0,c3e9a533789f94f0831cdd773c0f0c0d7dabf0bac55bf9112313ec004ffb636a,7d28bae3dacf7b8d82a5f0e664afdfb48ad29f8d5d69200972b774935dbb2e34,7d28bae3dacf7b8d82a5f0e664afdfb48ad29f8d5d69200972b774935dbb2e34,7d28bae3dacf7b8d82a5f0e664afdfb48ad29f8d5d69200972b774935dbb2e34,39128f4c489c57c61675e097b9c45e5fe39511ce47ab14c0e2fe6beaa53efe33,direct_provider,deepseek,https://api.deepseek.com,deepseek-v4-pro,https://api.deepseek.com/chat/completions,deepseek-v4-pro,d9102514b5e2faa30f57f404991f95b09ba2d2ad37cfdd73f3d1f753a62a6425,2c4dd0c6c5ff02722c25948a9dff956605b4658af78362cf2148e45742a2ee82,d914cfc97d9b99822a2b1313c16850fd7be529b097eb356dc8e8e7408a7a00a8,explicit,0,4096,omitted,,omitted,,omitted,,omitted,,omitted,,omitted,,omitted,,omitted,,omitted,,False,thinking.type=disabled,ffe557f53c63f7d0f7e35f80c03f61d8b3548db9e4f51e8dda020b28a920d875,provider_not_exposed,provider_not_exposed,False,,False,False,False,disabled,,,,0,0,0,0,0,0,none,mature_ssr_loop_protocol_v1_ecvs_safe_visible_only,0,0,0,0,0,0,0,,0,,0,"[""REQ_03_DKX4J4UR"", ""LOCK_03_RU4J4"", ""SCOPE_03_X4J4U"", ""CHECK_03_KX4J4"", ""ANCHOR_03_U4J4X"", ""EDGE_03_4J4UR"", ""FRONTIER_03_RU4J4X"", ""MERGE_03_DKXRU4"", ""VERIFY_03_4J4UR"", ""PLAN_03_J4XKD"", ""CONTRACT_03_DKX4J"", ""FINAL_03_RU4JUR""]",[],0,[],0,[],0,[],0,1,URLError: <urlopen error [Errno 1] Operation not permitted>,rerun_required,backend_error,2ab5a3e19a7878de343164eb1b1609ed02cf0a8a0183cd4eb99953a78bb2ab04,7c077ca2308714493d07163e1033c4282bd869ff6d477b3e77408587f95e2930,7c077ca2308714493d07163e1033c4282bd869ff6d477b3e77408587f95e2930,78b9c6a3aacba408617f72ae758c3638598dbade3a6cbb06098ca77fc0251e8c,56867f5e39f319fbd7b036e682e289a680b229fa1f8995efaf7914b20b88b769,released_raw_outputs/model_outputs/_probe_ecvs_deepseek_v4pro_harder_stress_v1_visiblecarry_vs_maturessrloop_15task_2method_3budget_1run/deepseek/mature_ssr_loop__harder_stress_v1_frontierpp_03_policy_alias_cascade__run_1__budget_300.jsonl,1,0a778d4671603f780b0623639083d0ddc3c761ff22284acf3a33d31b954ac324,c58247007a5c47a7a5b75e0bc0eaa57588b67acb69f15b3f41ee713f11be6faa,4eaa730eabfdf39ba0def5b230d73df0d245c7fc585170bbea5b4c5938d0ddbf,_probe_ecvs_deepseek_v4pro_harder_stress_v1_visiblecarry_vs_maturessrloop_15task_2method_3budget_1run,ssr_loop,d239781121d1d6a6cd4cbcab5e859463831be69b2bcfc1a1884a2ada2c1ef299,43215e9b88bd006bc5c3b5a9badbe1cde279eec840123cd1239ba938d210cce2,"{""boundary_constraint_count"": 4, ""budgets_supported"": [300, 600, 1200], ""conditional_constraint_count"": 3, ""decoy_count"": 9, ""difficulty_factors"": [""decoy_overload"", ""overwrite_update"", ""conditional_allowed_state"", ""forbidden_boundary_pressure"", ""plan_consistency"", ""delayed_critical_constraint"", ""budget_pressure""], ""files_touched_estimate"": 2, ""method_specific_selection_used"": false, ""model_outcomes_used"": false, ""required_output_size"": 12, ""segment_count"": 15, ""source_candidate_id"": ""frontier_candidate_policy_alias_cascade"", ""strict_json_contract"": true, ""update_count"": 4}",649fa93b196242a19e144bd5297cf90abac45ad4aab2596921bacaa4f809894a,1,mature_ssr_loop_protocol_v1_ecvs_safe_visible_only,,,,,,,,
_probe_ecvs_deepseek_v4pro_harder_stress_v1_visiblecarry_vs_maturessrloop_15task_2method_3budget_1run:deepseek_v4pro:mature_ssr_loop:harder_stress_v1_frontierpp_03_policy_alias_cascade:budget_600:run_1,deepseek_v4pro,harder_stress_v1_frontierpp_03_policy_alias_cascade,diagnostic_controlled_frontier_plus,frontier_plus,policy_alias_binding,,mature_ssr_loop,mature_ssr_loop,600,1,2026-06-19T08:58:36.346764+00:00,2026-06-19T08:58:38.425738+00:00,2026-06-19T08:58:36.346807+00:00,2026-06-19T08:58:38.402416+00:00,0.05,33146312feffa160a32e762c32a2b0a3b61464eaaeb147e93bec4f257a858730,845b40a5ccd3a43048dea7ae2c42e35b95c020808d8cb3dd945b43f0b736e95c,24c2aa4fdaf72321ee311eeeb023714d65b6477b681b763519a40c830f2f1974,b594f110c1c3bc5cb57d5ddd948b9ab79fc1ec71fe218d92920e97ed5472ad7b,7795a4f7fbae0e8ecc75ca96f6f49f2a51e5094e251ce1ef028f259058f3fad4,c3e9a533789f94f0831cdd773c0f0c0d7dabf0bac55bf9112313ec004ffb636a,7d28bae3dacf7b8d82a5f0e664afdfb48ad29f8d5d69200972b774935dbb2e34,7d28bae3dacf7b8d82a5f0e664afdfb48ad29f8d5d69200972b774935dbb2e34,7d28bae3dacf7b8d82a5f0e664afdfb48ad29f8d5d69200972b774935dbb2e34,39128f4c489c57c61675e097b9c45e5fe39511ce47ab14c0e2fe6beaa53efe33,direct_provider,deepseek,https://api.deepseek.com,deepseek-v4-pro,https://api.deepseek.com/chat/completions,deepseek-v4-pro,d9102514b5e2faa30f57f404991f95b09ba2d2ad37cfdd73f3d1f753a62a6425,2c4dd0c6c5ff02722c25948a9dff956605b4658af78362cf2148e45742a2ee82,d914cfc97d9b99822a2b1313c16850fd7be529b097eb356dc8e8e7408a7a00a8,explicit,0,4096,omitted,,omitted,,omitted,,omitted,,omitted,,omitted,,omitted,,omitted,,omitted,,False,thinking.type=disabled,ffe557f53c63f7d0f7e35f80c03f61d8b3548db9e4f51e8dda020b28a920d875,provider_not_exposed,provider_not_exposed,False,,False,False,False,disabled,,,,0,0,0,0,0,0,none,mature_ssr_loop_protocol_v1_ecvs_safe_visible_only,0,0,0,0,0,0,0,,0,,0,"[""REQ_03_DKX4J4UR"", ""LOCK_03_RU4J4"", ""SCOPE_03_X4J4U"", ""CHECK_03_KX4J4"", ""ANCHOR_03_U4J4X"", ""EDGE_03_4J4UR"", ""FRONTIER_03_RU4J4X"", ""MERGE_03_DKXRU4"", ""VERIFY_03_4J4UR"", ""PLAN_03_J4XKD"", ""CONTRACT_03_DKX4J"", ""FINAL_03_RU4JUR""]",[],0,[],0,[],0,[],0,1,URLError: <urlopen error [Errno 1] Operation not permitted>,rerun_required,backend_error,e1fcd7036d68b1bf4adc8caa8d0c5a099da1f969443b34909c32deb1be7bd6f7,7c077ca2308714493d07163e1033c4282bd869ff6d477b3e77408587f95e2930,7c077ca2308714493d07163e1033c4282bd869ff6d477b3e77408587f95e2930,78b9c6a3aacba408617f72ae758c3638598dbade3a6cbb06098ca77fc0251e8c,4ab8150c8b96dd7efcc2ea1ccce5eefa5de679ca3d0e4706e66d6b83004829fc,released_raw_outputs/model_outputs/_probe_ecvs_deepseek_v4pro_harder_stress_v1_visiblecarry_vs_maturessrloop_15task_2method_3budget_1run/deepseek/mature_ssr_loop__harder_stress_v1_frontierpp_03_policy_alias_cascade__run_1__budget_600.jsonl,1,daadced24859f2ffbb571c76e5a9b40587ebdb9b404513c8c4994330d3481592,0a94105e3f4a5a205f0270bb745a5089235a24211d78d343959659582801a021,d656234e5040e2428aaa86df0e417ca462aa5772845e1b41f515865b733fd642,_probe_ecvs_deepseek_v4pro_harder_stress_v1_visiblecarry_vs_maturessrloop_15task_2method_3budget_1run,ssr_loop,d239781121d1d6a6cd4cbcab5e859463831be69b2bcfc1a1884a2ada2c1ef299,43215e9b88bd006bc5c3b5a9badbe1cde279eec840123cd1239ba938d210cce2,"{""boundary_constraint_count"": 4, ""budgets_supported"": [300, 600, 1200], ""conditional_constraint_count"": 3, ""decoy_count"": 9, ""difficulty_factors"": [""decoy_overload"", ""overwrite_update"", ""conditional_allowed_state"", ""forbidden_boundary_pressure"", ""plan_consistency"", ""delayed_critical_constraint"", ""budget_pressure""], ""files_touched_estimate"": 2, ""method_specific_selection_used"": false, ""model_outcomes_used"": false, ""required_output_size"": 12, ""segment_count"": 15, ""source_candidate_id"": ""frontier_candidate_policy_alias_cascade"", ""strict_json_contract"": true, ""update_count"": 4}",649fa93b196242a19e144bd5297cf90abac45ad4aab2596921bacaa4f809894a,1,mature_ssr_loop_protocol_v1_ecvs_safe_visible_only,,,,,,,,
_probe_ecvs_deepseek_v4pro_harder_stress_v1_visiblecarry_vs_maturessrloop_15task_2method_3budget_1run:deepseek_v4pro:mature_ssr_loop:harder_stress_v1_frontierpp_04_export_retention_window:budget_1200:run_1,deepseek_v4pro,harder_stress_v1_frontierpp_04_export_retention_window,diagnostic_controlled_frontier_plus,frontier_plus,data_export_retention,,mature_ssr_loop,mature_ssr_loop,1200,1,2026-06-19T08:58:36.361773+00:00,2026-06-19T08:58:38.396122+00:00,2026-06-19T08:58:36.361814+00:00,2026-06-19T08:58:38.385865+00:00,0.019,33146312feffa160a32e762c32a2b0a3b61464eaaeb147e93bec4f257a858730,dfcad272c2813c709c37e6d994119ece9987e5095caeb996afe26649a02c87b4,24c2aa4fdaf72321ee311eeeb023714d65b6477b681b763519a40c830f2f1974,27ad11c73cb4b091af35050d306e237e1caf7a44b33ce239e27ce40d49de9045,13f1018ec6fe4d0c31897e93540163cf73d51b95bbc90fc1d9b880c796c99599,c3e9a533789f94f0831cdd773c0f0c0d7dabf0bac55bf9112313ec004ffb636a,7d28bae3dacf7b8d82a5f0e664afdfb48ad29f8d5d69200972b774935dbb2e34,7d28bae3dacf7b8d82a5f0e664afdfb48ad29f8d5d69200972b774935dbb2e34,7d28bae3dacf7b8d82a5f0e664afdfb48ad29f8d5d69200972b774935dbb2e34,39128f4c489c57c61675e097b9c45e5fe39511ce47ab14c0e2fe6beaa53efe33,direct_provider,deepseek,https://api.deepseek.com,deepseek-v4-pro,https://api.deepseek.com/chat/completions,deepseek-v4-pro,d9102514b5e2faa30f57f404991f95b09ba2d2ad37cfdd73f3d1f753a62a6425,2c4dd0c6c5ff02722c25948a9dff956605b4658af78362cf2148e45742a2ee82,d914cfc97d9b99822a2b1313c16850fd7be529b097eb356dc8e8e7408a7a00a8,explicit,0,4096,omitted,,omitted,,omitted,,omitted,,omitted,,omitted,,omitted,,omitted,,omitted,,False,thinking.type=disabled,ffe557f53c63f7d0f7e35f80c03f61d8b3548db9e4f51e8dda020b28a920d875,provider_not_exposed,provider_not_exposed,False,,False,False,False,disabled,,,,0,0,0,0,0,0,none,mature_ssr_loop_protocol_v1_ecvs_safe_visible_only,0,0,0,0,0,0,0,,0,,0,"[""REQ_04_KMDM3RZJ"", ""LOCK_04_JZR3M"", ""SCOPE_04_DM3RZ"", ""CHECK_04_MDM3R"", ""ANCHOR_04_ZR3MD"", ""EDGE_04_M3RZJ"", ""FRONTIER_04_JZR3MD"", ""MERGE_04_KMDJZR"", ""VERIFY_04_M3RZJ"", ""PLAN_04_3MDMK"", ""CONTRACT_04_KMDM3"", ""FINAL_04_JZR3ZJ""]",[],0,[],0,[],0,[],0,1,URLError: <urlopen error [Errno 1] Operation not permitted>,rerun_required,backend_error,eb0addcf2b360fe0afd73a16eadffa7a5fed359063af6e2d8acfee46b6d25704,7c077ca2308714493d07163e1033c4282bd869ff6d477b3e77408587f95e2930,7c077ca2308714493d07163e1033c4282bd869ff6d477b3e77408587f95e2930,78b9c6a3aacba408617f72ae758c3638598dbade3a6cbb06098ca77fc0251e8c,e2c20f399c9cfd89e82cbbbe4d9ba02ab91622bb25b7702f22e108975bb1fefc,released_raw_outputs/model_outputs/_probe_ecvs_deepseek_v4pro_harder_stress_v1_visiblecarry_vs_maturessrloop_15task_2method_3budget_1run/deepseek/mature_ssr_loop__harder_stress_v1_frontierpp_04_export_retention_window__run_1__budget_1200.jsonl,1,481575edfe17438439bd1478114fb41be9bf91c44000ec8331fab8ae18232935,cb5ec154d9cdb516e1583b9e14fdc8a1584e9c7fb4d855bc8448c5fa622ce33f,d002860a0e3efa7eb2e5e42f5392c05fd21cdacdbf8a95555ad17f7ce749789b,_probe_ecvs_deepseek_v4pro_harder_stress_v1_visiblecarry_vs_maturessrloop_15task_2method_3budget_1run,ssr_loop,d239781121d1d6a6cd4cbcab5e859463831be69b2bcfc1a1884a2ada2c1ef299,49f67b0d9ee6664926a59c59d7f03291c4428ad22afa5cdd731d87f14c126097,"{""boundary_constraint_count"": 5, ""budgets_supported"": [300, 600, 1200], ""conditional_constraint_count"": 3, ""decoy_count"": 9, ""difficulty_factors"": [""decoy_overload"", ""overwrite_update"", ""conditional_allowed_state"", ""forbidden_boundary_pressure"", ""multi_file_component_consistency"", ""final_output_contract_pressure"", ""budget_pressure""], ""files_touched_estimate"": 3, ""method_specific_selection_used"": false, ""model_outcomes_used"": false, ""required_output_size"": 12, ""segment_count"": 15, ""source_candidate_id"": ""frontier_candidate_export_retention_window"", ""strict_json_contract"": true, ""update_count"": 4}",649fa93b196242a19e144bd5297cf90abac45ad4aab2596921bacaa4f809894a,1,mature_ssr_loop_protocol_v1_ecvs_safe_visible_only,,,,,,,,
_probe_ecvs_deepseek_v4pro_harder_stress_v1_visiblecarry_vs_maturessrloop_15task_2method_3budget_1run:deepseek_v4pro:mature_ssr_loop:harder_stress_v1_frontierpp_04_export_retention_window:budget_300:run_1,deepseek_v4pro,harder_stress_v1_frontierpp_04_export_retention_window,diagnostic_controlled_frontier_plus,frontier_plus,data_export_retention,,mature_ssr_loop,mature_ssr_loop,300,1,2026-06-19T08:58:36.353128+00:00,2026-06-19T08:58:38.418710+00:00,2026-06-19T08:58:36.353177+00:00,2026-06-19T08:58:38.401381+00:00,0.039,33146312feffa160a32e762c32a2b0a3b61464eaaeb147e93bec4f257a858730,dfcad272c2813c709c37e6d994119ece9987e5095caeb996afe26649a02c87b4,24c2aa4fdaf72321ee311eeeb023714d65b6477b681b763519a40c830f2f1974,27ad11c73cb4b091af35050d306e237e1caf7a44b33ce239e27ce40d49de9045,3ab5f1164a344bbbafbf11c236e4bae041a2b5bef6eedadc5991d586ba635827,c3e9a533789f94f0831cdd773c0f0c0d7dabf0bac55bf9112313ec004ffb636a,7d28bae3dacf7b8d82a5f0e664afdfb48ad29f8d5d69200972b774935dbb2e34,7d28bae3dacf7b8d82a5f0e664afdfb48ad29f8d5d69200972b774935dbb2e34,7d28bae3dacf7b8d82a5f0e664afdfb48ad29f8d5d69200972b774935dbb2e34,39128f4c489c57c61675e097b9c45e5fe39511ce47ab14c0e2fe6beaa53efe33,direct_provider,deepseek,https://api.deepseek.com,deepseek-v4-pro,https://api.deepseek.com/chat/completions,deepseek-v4-pro,d9102514b5e2faa30f57f404991f95b09ba2d2ad37cfdd73f3d1f753a62a6425,2c4dd0c6c5ff02722c25948a9dff956605b4658af78362cf2148e45742a2ee82,d914cfc97d9b99822a2b1313c16850fd7be529b097eb356dc8e8e7408a7a00a8,explicit,0,4096,omitted,,omitted,,omitted,,omitted,,omitted,,omitted,,omitted,,omitted,,omitted,,False,thinking.type=disabled,ffe557f53c63f7d0f7e35f80c03f61d8b3548db9e4f51e8dda020b28a920d875,provider_not_exposed,provider_not_exposed,False,,False,False,False,disabled,,,,0,0,0,0,0,0,none,mature_ssr_loop_protocol_v1_ecvs_safe_visible_only,0,0,0,0,0,0,0,,0,,0,"[""REQ_04_KMDM3RZJ"", ""LOCK_04_JZR3M"", ""SCOPE_04_DM3RZ"", ""CHECK_04_MDM3R"", ""ANCHOR_04_ZR3MD"", ""EDGE_04_M3RZJ"", ""FRONTIER_04_JZR3MD"", ""MERGE_04_KMDJZR"", ""VERIFY_04_M3RZJ"", ""PLAN_04_3MDMK"", ""CONTRACT_04_KMDM3"", ""FINAL_04_JZR3ZJ""]",[],0,[],0,[],0,[],0,1,URLError: <urlopen error [Errno 1] Operation not permitted>,rerun_required,backend_error,31ef725630da6f119f6d7020f0b7185ee4fc0b74697dd6d43ee0af706c04977e,7c077ca2308714493d07163e1033c4282bd869ff6d477b3e77408587f95e2930,7c077ca2308714493d07163e1033c4282bd869ff6d477b3e77408587f95e2930,78b9c6a3aacba408617f72ae758c3638598dbade3a6cbb06098ca77fc0251e8c,ab45f1bad00dd6b73ba5a5d9d1da014c7c520485a12424328262abe1770f012a,released_raw_outputs/model_outputs/_probe_ecvs_deepseek_v4pro_harder_stress_v1_visiblecarry_vs_maturessrloop_15task_2method_3budget_1run/deepseek/mature_ssr_loop__harder_stress_v1_frontierpp_04_export_retention_window__run_1__budget_300.jsonl,1,8c9b105c957c6ca06e169290dd3697ed91c86659077f7a15faec92c5405f8569,6f7f061014693e106f3341428887f8e94695e7236685c56be663cc065cd6d3e5,5b573bb7dda17bf97723cc8b5dc0f7cc5abedc3b6f731b92fd640d34ffec3455,_probe_ecvs_deepseek_v4pro_harder_stress_v1_visiblecarry_vs_maturessrloop_15task_2method_3budget_1run,ssr_loop,d239781121d1d6a6cd4cbcab5e859463831be69b2bcfc1a1884a2ada2c1ef299,49f67b0d9ee6664926a59c59d7f03291c4428ad22afa5cdd731d87f14c126097,"{""boundary_constraint_count"": 5, ""budgets_supported"": [300, 600, 1200], ""conditional_constraint_count"": 3, ""decoy_count"": 9, ""difficulty_factors"": [""decoy_overload"", ""overwrite_update"", ""conditional_allowed_state"", ""forbidden_boundary_pressure"", ""multi_file_component_consistency"", ""final_output_contract_pressure"", ""budget_pressure""], ""files_touched_estimate"": 3, ""method_specific_selection_used"": false, ""model_outcomes_used"": false, ""required_output_size"": 12, ""segment_count"": 15, ""source_candidate_id"": ""frontier_candidate_export_retention_window"", ""strict_json_contract"": true, ""update_count"": 4}",649fa93b196242a19e144bd5297cf90abac45ad4aab2596921bacaa4f809894a,1,mature_ssr_loop_protocol_v1_ecvs_safe_visible_only,,,,,,,,
_probe_ecvs_deepseek_v4pro_harder_stress_v1_visiblecarry_vs_maturessrloop_15task_2method_3budget_1run:deepseek_v4pro:mature_ssr_loop:harder_stress_v1_frontierpp_04_export_retention_window:budget_600:run_1,deepseek_v4pro,harder_stress_v1_frontierpp_04_export_retention_window,diagnostic_controlled_frontier_plus,frontier_plus,data_export_retention,,mature_ssr_loop,mature_ssr_loop,600,1,2026-06-19T08:58:36.359916+00:00,2026-06-19T08:58:38.419612+00:00,2026-06-19T08:58:36.359967+00:00,2026-06-19T08:58:38.399835+00:00,0.033,33146312feffa160a32e762c32a2b0a3b61464eaaeb147e93bec4f257a858730,dfcad272c2813c709c37e6d994119ece9987e5095caeb996afe26649a02c87b4,24c2aa4fdaf72321ee311eeeb023714d65b6477b681b763519a40c830f2f1974,27ad11c73cb4b091af35050d306e237e1caf7a44b33ce239e27ce40d49de9045,8b3f435042f13119df5f49f16a7f9351c0d5dd0183c178d717ecce1e0d25251b,c3e9a533789f94f0831cdd773c0f0c0d7dabf0bac55bf9112313ec004ffb636a,7d28bae3dacf7b8d82a5f0e664afdfb48ad29f8d5d69200972b774935dbb2e34,7d28bae3dacf7b8d82a5f0e664afdfb48ad29f8d5d69200972b774935dbb2e34,7d28bae3dacf7b8d82a5f0e664afdfb48ad29f8d5d69200972b774935dbb2e34,39128f4c489c57c61675e097b9c45e5fe39511ce47ab14c0e2fe6beaa53efe33,direct_provider,deepseek,https://api.deepseek.com,deepseek-v4-pro,https://api.deepseek.com/chat/completions,deepseek-v4-pro,d9102514b5e2faa30f57f404991f95b09ba2d2ad37cfdd73f3d1f753a62a6425,2c4dd0c6c5ff02722c25948a9dff956605b4658af78362cf2148e45742a2ee82,d914cfc97d9b99822a2b1313c16850fd7be529b097eb356dc8e8e7408a7a00a8,explicit,0,4096,omitted,,omitted,,omitted,,omitted,,omitted,,omitted,,omitted,,omitted,,omitted,,False,thinking.type=disabled,ffe557f53c63f7d0f7e35f80c03f61d8b3548db9e4f51e8dda020b28a920d875,provider_not_exposed,provider_not_exposed,False,,False,False,False,disabled,,,,0,0,0,0,0,0,none,mature_ssr_loop_protocol_v1_ecvs_safe_visible_only,0,0,0,0,0,0,0,,0,,0,"[""REQ_04_KMDM3RZJ"", ""LOCK_04_JZR3M"", ""SCOPE_04_DM3RZ"", ""CHECK_04_MDM3R"", ""ANCHOR_04_ZR3MD"", ""EDGE_04_M3RZJ"", ""FRONTIER_04_JZR3MD"", ""MERGE_04_KMDJZR"", ""VERIFY_04_M3RZJ"", ""PLAN_04_3MDMK"", ""CONTRACT_04_KMDM3"", ""FINAL_04_JZR3ZJ""]",[],0,[],0,[],0,[],0,1,URLError: <urlopen error [Errno 1] Operation not permitted>,rerun_required,backend_error,a7cecfce06a57497d12203478a412be994273251b50bc4778293cc3702f6e29b,7c077ca2308714493d07163e1033c4282bd869ff6d477b3e77408587f95e2930,7c077ca2308714493d07163e1033c4282bd869ff6d477b3e77408587f95e2930,78b9c6a3aacba408617f72ae758c3638598dbade3a6cbb06098ca77fc0251e8c,8b0de6011eb5318fd03a37f716145403992984143e18a3f268f1210f3fedf530,released_raw_outputs/model_outputs/_probe_ecvs_deepseek_v4pro_harder_stress_v1_visiblecarry_vs_maturessrloop_15task_2method_3budget_1run/deepseek/mature_ssr_loop__harder_stress_v1_frontierpp_04_export_retention_window__run_1__budget_600.jsonl,1,d3bad1751649a85cb5558307e8b41ca8b97f13c6bb26388a7cc9b435d2c1311b,8b90a508d8ef253dc6c99f3044b9cac99d26df946fd14eada1749ba4a17d0faa,14dff989e96d96a219e963411e9b0181f3d5981bde4740484c5bef900986e39f,_probe_ecvs_deepseek_v4pro_harder_stress_v1_visiblecarry_vs_maturessrloop_15task_2method_3budget_1run,ssr_loop,d239781121d1d6a6cd4cbcab5e859463831be69b2bcfc1a1884a2ada2c1ef299,49f67b0d9ee6664926a59c59d7f03291c4428ad22afa5cdd731d87f14c126097,"{""boundary_constraint_count"": 5, ""budgets_supported"": [300, 600, 1200], ""conditional_constraint_count"": 3, ""decoy_count"": 9, ""difficulty_factors"": [""decoy_overload"", ""overwrite_update"", ""conditional_allowed_state"", ""forbidden_boundary_pressure"", ""multi_file_component_consistency"", ""final_output_contract_pressure"", ""budget_pressure""], ""files_touched_estimate"": 3, ""method_specific_selection_used"": false, ""model_outcomes_used"": false, ""required_output_size"": 12, ""segment_count"": 15, ""source_candidate_id"": ""frontier_candidate_export_retention_window"", ""strict_json_contract"": true, ""update_count"": 4}",649fa93b196242a19e144bd5297cf90abac45ad4aab2596921bacaa4f809894a,1,mature_ssr_loop_protocol_v1_ecvs_safe_visible_only,,,,,,,,
_probe_ecvs_deepseek_v4pro_harder_stress_v1_visiblecarry_vs_maturessrloop_15task_2method_3budget_1run:deepseek_v4pro:mature_ssr_loop:harder_stress_v1_frontierpp_05_telemetry_redaction_contract:budget_1200:run_1,deepseek_v4pro,harder_stress_v1_frontierpp_05_telemetry_redaction_contract,diagnostic_controlled_frontier_plus,frontier_plus,telemetry_redaction,,mature_ssr_loop,mature_ssr_loop,1200,1,2026-06-19T08:58:36.377946+00:00,2026-06-19T08:58:38.411407+00:00,2026-06-19T08:58:36.377994+00:00,2026-06-19T08:58:38.398561+00:00,0.015,33146312feffa160a32e762c32a2b0a3b61464eaaeb147e93bec4f257a858730,f965325b583ede54ed427a7918ac3a249995541cdc943e16053d462217d5b663,24c2aa4fdaf72321ee311eeeb023714d65b6477b681b763519a40c830f2f1974,7cd1793139610562c40bfcbc61b02070ed36273bf01796fd75b7b37f9c1e2624,3097aa474c0a87de62f16fd39f6380b28a1c2f278aa03c154a1f34002e18ad34,c3e9a533789f94f0831cdd773c0f0c0d7dabf0bac55bf9112313ec004ffb636a,7d28bae3dacf7b8d82a5f0e664afdfb48ad29f8d5d69200972b774935dbb2e34,7d28bae3dacf7b8d82a5f0e664afdfb48ad29f8d5d69200972b774935dbb2e34,7d28bae3dacf7b8d82a5f0e664afdfb48ad29f8d5d69200972b774935dbb2e34,39128f4c489c57c61675e097b9c45e5fe39511ce47ab14c0e2fe6beaa53efe33,direct_provider,deepseek,https://api.deepseek.com,deepseek-v4-pro,https://api.deepseek.com/chat/completions,deepseek-v4-pro,d9102514b5e2faa30f57f404991f95b09ba2d2ad37cfdd73f3d1f753a62a6425,2c4dd0c6c5ff02722c25948a9dff956605b4658af78362cf2148e45742a2ee82,d914cfc97d9b99822a2b1313c16850fd7be529b097eb356dc8e8e7408a7a00a8,explicit,0,4096,omitted,,omitted,,omitted,,omitted,,omitted,,omitted,,omitted,,omitted,,omitted,,False,thinking.type=disabled,ffe557f53c63f7d0f7e35f80c03f61d8b3548db9e4f51e8dda020b28a920d875,provider_not_exposed,provider_not_exposed,False,,False,False,False,disabled,,,,0,0,0,0,0,0,none,mature_ssr_loop_protocol_v1_ecvs_safe_visible_only,0,0,0,0,0,0,0,,0,,0,"[""REQ_05_39GLLQGQ"", ""LOCK_05_QGQLL"", ""SCOPE_05_GLLQG"", ""CHECK_05_9GLLQ"", ""ANCHOR_05_GQLLG"", ""EDGE_05_LLQGQ"", ""FRONTIER_05_QGQLLG"", ""MERGE_05_39GQGQ"", ""VERIFY_05_LLQGQ"", ""PLAN_05_LLG93"", ""CONTRACT_05_39GLL"", ""FINAL_05_QGQLGQ""]",[],0,[],0,[],0,[],0,1,URLError: <urlopen error [Errno 1] Operation not permitted>,rerun_required,backend_error,3bcc07825e3ab09eb1fc8d2f1f9c014d93d10c3bff78cc871faa9eae0f9c8892,7c077ca2308714493d07163e1033c4282bd869ff6d477b3e77408587f95e2930,7c077ca2308714493d07163e1033c4282bd869ff6d477b3e77408587f95e2930,78b9c6a3aacba408617f72ae758c3638598dbade3a6cbb06098ca77fc0251e8c,85d4f5a1de373fb3cdfe2285819e65a3f3aeabd15adf3cc66911312fab34515e,released_raw_outputs/model_outputs/_probe_ecvs_deepseek_v4pro_harder_stress_v1_visiblecarry_vs_maturessrloop_15task_2method_3budget_1run/deepseek/mature_ssr_loop__harder_stress_v1_frontierpp_05_telemetry_redaction_contract__run_1__budget_1200.jsonl,1,30a30bba855b97b51cfc6ea43d044cffe04155bedbd599eac2c93367d4e7da91,951ba50d8c86793e3d83aa50f2a6f2f7677b21beaeb4b183e6c20b5c576951ae,103169fc1db64c17acd6403aa71b8595214d8c849ac72e3d4fa0a0d2c4af309d,_probe_ecvs_deepseek_v4pro_harder_stress_v1_visiblecarry_vs_maturessrloop_15task_2method_3budget_1run,ssr_loop,d239781121d1d6a6cd4cbcab5e859463831be69b2bcfc1a1884a2ada2c1ef299,b6d2f7a793eeef90f26127696b8808792e0f4a2cdbffdb2547e0cfa18850f30e,"{""boundary_constraint_count"": 6, ""budgets_supported"": [300, 600, 1200], ""conditional_constraint_count"": 4, ""decoy_count"": 10, ""difficulty_factors"": [""decoy_overload"", ""overwrite_update"", ""conditional_allowed_state"", ""forbidden_boundary_pressure"", ""multi_file_component_consistency"", ""plan_consistency"", ""budget_pressure""], ""files_touched_estimate"": 2, ""method_specific_selection_used"": false, ""model_outcomes_used"": false, ""required_output_size"": 12, ""segment_count"": 16, ""source_candidate_id"": ""frontier_candidate_telemetry_redaction_contract"", ""strict_json_contract"": true, ""update_count"": 4}",649fa93b196242a19e144bd5297cf90abac45ad4aab2596921bacaa4f809894a,1,mature_ssr_loop_protocol_v1_ecvs_safe_visible_only,,,,,,,,
_probe_ecvs_deepseek_v4pro_harder_stress_v1_visiblecarry_vs_maturessrloop_15task_2method_3budget_1run:deepseek_v4pro:mature_ssr_loop:harder_stress_v1_frontierpp_05_telemetry_redaction_contract:budget_300:run_1,deepseek_v4pro,harder_stress_v1_frontierpp_05_telemetry_redaction_contract,diagnostic_controlled_frontier_plus,frontier_plus,telemetry_redaction,,mature_ssr_loop,mature_ssr_loop,300,1,2026-06-19T08:58:36.377411+00:00,2026-06-19T08:58:38.396596+00:00,2026-06-19T08:58:36.377468+00:00,2026-06-19T08:58:38.385100+00:00,0.005,33146312feffa160a32e762c32a2b0a3b61464eaaeb147e93bec4f257a858730,f965325b583ede54ed427a7918ac3a249995541cdc943e16053d462217d5b663,24c2aa4fdaf72321ee311eeeb023714d65b6477b681b763519a40c830f2f1974,7cd1793139610562c40bfcbc61b02070ed36273bf01796fd75b7b37f9c1e2624,6cdcb7f65d69aaef42cdeed866cf0dbb5c4ccd0d545d45e34d5241afb31d483a,c3e9a533789f94f0831cdd773c0f0c0d7dabf0bac55bf9112313ec004ffb636a,7d28bae3dacf7b8d82a5f0e664afdfb48ad29f8d5d69200972b774935dbb2e34,7d28bae3dacf7b8d82a5f0e664afdfb48ad29f8d5d69200972b774935dbb2e34,7d28bae3dacf7b8d82a5f0e664afdfb48ad29f8d5d69200972b774935dbb2e34,39128f4c489c57c61675e097b9c45e5fe39511ce47ab14c0e2fe6beaa53efe33,direct_provider,deepseek,https://api.deepseek.com,deepseek-v4-pro,https://api.deepseek.com/chat/completions,deepseek-v4-pro,d9102514b5e2faa30f57f404991f95b09ba2d2ad37cfdd73f3d1f753a62a6425,2c4dd0c6c5ff02722c25948a9dff956605b4658af78362cf2148e45742a2ee82,d914cfc97d9b99822a2b1313c16850fd7be529b097eb356dc8e8e7408a7a00a8,explicit,0,4096,omitted,,omitted,,omitted,,omitted,,omitted,,omitted,,omitted,,omitted,,omitted,,False,thinking.type=disabled,ffe557f53c63f7d0f7e35f80c03f61d8b3548db9e4f51e8dda020b28a920d875,provider_not_exposed,provider_not_exposed,False,,False,False,False,disabled,,,,0,0,0,0,0,0,none,mature_ssr_loop_protocol_v1_ecvs_safe_visible_only,0,0,0,0,0,0,0,,0,,0,"[""REQ_05_39GLLQGQ"", ""LOCK_05_QGQLL"", ""SCOPE_05_GLLQG"", ""CHECK_05_9GLLQ"", ""ANCHOR_05_GQLLG"", ""EDGE_05_LLQGQ"", ""FRONTIER_05_QGQLLG"", ""MERGE_05_39GQGQ"", ""VERIFY_05_LLQGQ"", ""PLAN_05_LLG93"", ""CONTRACT_05_39GLL"", ""FINAL_05_QGQLGQ""]",[],0,[],0,[],0,[],0,1,URLError: <urlopen error [Errno 1] Operation not permitted>,rerun_required,backend_error,62356d4c3b475a4fd21ddb45333c28169418bb04d812c6c10f3b508d1b8d1cca,7c077ca2308714493d07163e1033c4282bd869ff6d477b3e77408587f95e2930,7c077ca2308714493d07163e1033c4282bd869ff6d477b3e77408587f95e2930,78b9c6a3aacba408617f72ae758c3638598dbade3a6cbb06098ca77fc0251e8c,f52cf19197d0654f921113118eb8a61bfc3cb619304fbb2a91a4ab68e103e3ba,released_raw_outputs/model_outputs/_probe_ecvs_deepseek_v4pro_harder_stress_v1_visiblecarry_vs_maturessrloop_15task_2method_3budget_1run/deepseek/mature_ssr_loop__harder_stress_v1_frontierpp_05_telemetry_redaction_contract__run_1__budget_300.jsonl,1,b323a87a790b1d255b1e3e4c2812aa1fdf8b8f212e27fb9004ffb631819281d3,714f26d46cb42bde2162052100fcf1dca842a2b5711735a0c7eab39e64c339a0,965256461ea45f51755324e4b125d9a5682b760830da7960744ace7e99648f33,_probe_ecvs_deepseek_v4pro_harder_stress_v1_visiblecarry_vs_maturessrloop_15task_2method_3budget_1run,ssr_loop,d239781121d1d6a6cd4cbcab5e859463831be69b2bcfc1a1884a2ada2c1ef299,b6d2f7a793eeef90f26127696b8808792e0f4a2cdbffdb2547e0cfa18850f30e,"{""boundary_constraint_count"": 6, ""budgets_supported"": [300, 600, 1200], ""conditional_constraint_count"": 4, ""decoy_count"": 10, ""difficulty_factors"": [""decoy_overload"", ""overwrite_update"", ""conditional_allowed_state"", ""forbidden_boundary_pressure"", ""multi_file_component_consistency"", ""plan_consistency"", ""budget_pressure""], ""files_touched_estimate"": 2, ""method_specific_selection_used"": false, ""model_outcomes_used"": false, ""required_output_size"": 12, ""segment_count"": 16, ""source_candidate_id"": ""frontier_candidate_telemetry_redaction_contract"", ""strict_json_contract"": true, ""update_count"": 4}",649fa93b196242a19e144bd5297cf90abac45ad4aab2596921bacaa4f809894a,1,mature_ssr_loop_protocol_v1_ecvs_safe_visible_only,,,,,,,,
_probe_ecvs_deepseek_v4pro_harder_stress_v1_visiblecarry_vs_maturessrloop_15task_2method_3budget_1run:deepseek_v4pro:mature_ssr_loop:harder_stress_v1_frontierpp_05_telemetry_redaction_contract:budget_600:run_1,deepseek_v4pro,harder_stress_v1_frontierpp_05_telemetry_redaction_contract,diagnostic_controlled_frontier_plus,frontier_plus,telemetry_redaction,,mature_ssr_loop,mature_ssr_loop,600,1,2026-06-19T08:58:36.377147+00:00,2026-06-19T08:58:38.421153+00:00,2026-06-19T08:58:36.377190+00:00,2026-06-19T08:58:38.393772+00:00,0.01,33146312feffa160a32e762c32a2b0a3b61464eaaeb147e93bec4f257a858730,f965325b583ede54ed427a7918ac3a249995541cdc943e16053d462217d5b663,24c2aa4fdaf72321ee311eeeb023714d65b6477b681b763519a40c830f2f1974,7cd1793139610562c40bfcbc61b02070ed36273bf01796fd75b7b37f9c1e2624,36dd242e4a5512175d732368096e8d9bbdb7e90d3a427658b1d7bde637333d3f,c3e9a533789f94f0831cdd773c0f0c0d7dabf0bac55bf9112313ec004ffb636a,7d28bae3dacf7b8d82a5f0e664afdfb48ad29f8d5d69200972b774935dbb2e34,7d28bae3dacf7b8d82a5f0e664afdfb48ad29f8d5d69200972b774935dbb2e34,7d28bae3dacf7b8d82a5f0e664afdfb48ad29f8d5d69200972b774935dbb2e34,39128f4c489c57c61675e097b9c45e5fe39511ce47ab14c0e2fe6beaa53efe33,direct_provider,deepseek,https://api.deepseek.com,deepseek-v4-pro,https://api.deepseek.com/chat/completions,deepseek-v4-pro,d9102514b5e2faa30f57f404991f95b09ba2d2ad37cfdd73f3d1f753a62a6425,2c4dd0c6c5ff02722c25948a9dff956605b4658af78362cf2148e45742a2ee82,d914cfc97d9b99822a2b1313c16850fd7be529b097eb356dc8e8e7408a7a00a8,explicit,0,4096,omitted,,omitted,,omitted,,omitted,,omitted,,omitted,,omitted,,omitted,,omitted,,False,thinking.type=disabled,ffe557f53c63f7d0f7e35f80c03f61d8b3548db9e4f51e8dda020b28a920d875,provider_not_exposed,provider_not_exposed,False,,False,False,False,disabled,,,,0,0,0,0,0,0,none,mature_ssr_loop_protocol_v1_ecvs_safe_visible_only,0,0,0,0,0,0,0,,0,,0,"[""REQ_05_39GLLQGQ"", ""LOCK_05_QGQLL"", ""SCOPE_05_GLLQG"", ""CHECK_05_9GLLQ"", ""ANCHOR_05_GQLLG"", ""EDGE_05_LLQGQ"", ""FRONTIER_05_QGQLLG"", ""MERGE_05_39GQGQ"", ""VERIFY_05_LLQGQ"", ""PLAN_05_LLG93"", ""CONTRACT_05_39GLL"", ""FINAL_05_QGQLGQ""]",[],0,[],0,[],0,[],0,1,URLError: <urlopen error [Errno 1] Operation not permitted>,rerun_required,backend_error,8485dbe4bb977bec006dc64d083b50a2806825d1be368a3eb2c559f5d59b5a44,7c077ca2308714493d07163e1033c4282bd869ff6d477b3e77408587f95e2930,7c077ca2308714493d07163e1033c4282bd869ff6d477b3e77408587f95e2930,78b9c6a3aacba408617f72ae758c3638598dbade3a6cbb06098ca77fc0251e8c,e2dd949940dab7b1e49d974f3f68a11fd49a4049acb75049d9ea690291ffc30e,released_raw_outputs/model_outputs/_probe_ecvs_deepseek_v4pro_harder_stress_v1_visiblecarry_vs_maturessrloop_15task_2method_3budget_1run/deepseek/mature_ssr_loop__harder_stress_v1_frontierpp_05_telemetry_redaction_contract__run_1__budget_600.jsonl,1,a8d6be2d57a46632e25d93759a89b975859ac7b1016ee15546cdbe5ea5b0addf,a420b07bee5e32baa4906ecb0a74d33a60e73ff222c060340fe3d3e9cd32eca9,5093b4b5bcb55120bd3de9f86253f4860313c4f5b67eb89016e64b011a1355ce,_probe_ecvs_deepseek_v4pro_harder_stress_v1_visiblecarry_vs_maturessrloop_15task_2method_3budget_1run,ssr_loop,d239781121d1d6a6cd4cbcab5e859463831be69b2bcfc1a1884a2ada2c1ef299,b6d2f7a793eeef90f26127696b8808792e0f4a2cdbffdb2547e0cfa18850f30e,"{""boundary_constraint_count"": 6, ""budgets_supported"": [300, 600, 1200], ""conditional_constraint_count"": 4, ""decoy_count"": 10, ""difficulty_factors"": [""decoy_overload"", ""overwrite_update"", ""conditional_allowed_state"", ""forbidden_boundary_pressure"", ""multi_file_component_consistency"", ""plan_consistency"", ""budget_pressure""], ""files_touched_estimate"": 2, ""method_specific_selection_used"": false, ""model_outcomes_used"": false, ""required_output_size"": 12, ""segment_count"": 16, ""source_candidate_id"": ""frontier_candidate_telemetry_redaction_contract"", ""strict_json_contract"": true, ""update_count"": 4}",649fa93b196242a19e144bd5297cf90abac45ad4aab2596921bacaa4f809894a,1,mature_ssr_loop_protocol_v1_ecvs_safe_visible_only,,,,,,,,
_probe_ecvs_deepseek_v4pro_harder_stress_v1_visiblecarry_vs_maturessrloop_15task_2method_3budget_1run:deepseek_v4pro:mature_ssr_loop:harder_stress_v1_frontierpp_06_cache_invalidation_mesh:budget_1200:run_1,deepseek_v4pro,harder_stress_v1_frontierpp_06_cache_invalidation_mesh,semi_real_repo_style_controlled_frontier_plus,frontier_plus,multi_store_cache_invalidation,,mature_ssr_loop,mature_ssr_loop,1200,1,2026-06-19T08:58:36.381316+00:00,2026-06-19T08:58:38.423604+00:00,2026-06-19T08:58:36.381370+00:00,2026-06-19T08:58:38.399893+00:00,0.018,33146312feffa160a32e762c32a2b0a3b61464eaaeb147e93bec4f257a858730,fa4b3b010acb2188cd1cfe43babf0aad1df3f23504836440edc4a40a44198158,24c2aa4fdaf72321ee311eeeb023714d65b6477b681b763519a40c830f2f1974,8eed7a82c3da83720b48c2dd49ec5e06093874a55f185d766484ba71bb7869cd,b11a0acd6727ace713825a235f2f0fafb71c3282d041076a2af937527b9e0dc7,c3e9a533789f94f0831cdd773c0f0c0d7dabf0bac55bf9112313ec004ffb636a,7d28bae3dacf7b8d82a5f0e664afdfb48ad29f8d5d69200972b774935dbb2e34,7d28bae3dacf7b8d82a5f0e664afdfb48ad29f8d5d69200972b774935dbb2e34,7d28bae3dacf7b8d82a5f0e664afdfb48ad29f8d5d69200972b774935dbb2e34,39128f4c489c57c61675e097b9c45e5fe39511ce47ab14c0e2fe6beaa53efe33,direct_provider,deepseek,https://api.deepseek.com,deepseek-v4-pro,https://api.deepseek.com/chat/completions,deepseek-v4-pro,d9102514b5e2faa30f57f404991f95b09ba2d2ad37cfdd73f3d1f753a62a6425,2c4dd0c6c5ff02722c25948a9dff956605b4658af78362cf2148e45742a2ee82,d914cfc97d9b99822a2b1313c16850fd7be529b097eb356dc8e8e7408a7a00a8,explicit,0,4096,omitted,,omitted,,omitted,,omitted,,omitted,,omitted,,omitted,,omitted,,omitted,,False,thinking.type=disabled,ffe557f53c63f7d0f7e35f80c03f61d8b3548db9e4f51e8dda020b28a920d875,provider_not_exposed,provider_not_exposed,False,,False,False,False,disabled,,,,0,0,0,0,0,0,none,mature_ssr_loop_protocol_v1_ecvs_safe_visible_only,0,0,0,0,0,0,0,,0,,0,"[""REQ_06_JEG3S4CK"", ""LOCK_06_KC4S3"", ""SCOPE_06_G3S4C"", ""CHECK_06_EG3S4"", ""ANCHOR_06_C4S3G"", ""EDGE_06_3S4CK"", ""FRONTIER_06_KC4S3G"", ""MERGE_06_JEGKC4"", ""VERIFY_06_3S4CK"", ""PLAN_06_S3GEJ"", ""CONTRACT_06_JEG3S"", ""FINAL_06_KC4SCK""]",[],0,[],0,[],0,[],0,1,URLError: <urlopen error [Errno 1] Operation not permitted>,rerun_required,backend_error,05e8ae94d2068335070dc44d0b539f1b84d36cc93632587fd8e928141780b8e2,7c077ca2308714493d07163e1033c4282bd869ff6d477b3e77408587f95e2930,7c077ca2308714493d07163e1033c4282bd869ff6d477b3e77408587f95e2930,78b9c6a3aacba408617f72ae758c3638598dbade3a6cbb06098ca77fc0251e8c,ca4d3b924327d791cd9c9a83da2dc5ebc6c520f3b857316c4f0396781ab5ea87,released_raw_outputs/model_outputs/_probe_ecvs_deepseek_v4pro_harder_stress_v1_visiblecarry_vs_maturessrloop_15task_2method_3budget_1run/deepseek/mature_ssr_loop__harder_stress_v1_frontierpp_06_cache_invalidation_mesh__run_1__budget_1200.jsonl,1,c5b3ac6457f7e859049b702009e85a6216e2e0b7fd32ee9a8846efa711bc81b3,9b9eb7852e68868c54989951d97a9f0e20aeb9bb075243eb31ca2875cd1e47de,d501e6c665710ae9d572934a8def94002ffe370a1d881217216a019e65dd503f,_probe_ecvs_deepseek_v4pro_harder_stress_v1_visiblecarry_vs_maturessrloop_15task_2method_3budget_1run,ssr_loop,d239781121d1d6a6cd4cbcab5e859463831be69b2bcfc1a1884a2ada2c1ef299,2f0d3f4869fc42756bd1ce16c89b28b4562e66fe5f908181d2ef06b766037a1b,"{""boundary_constraint_count"": 5, ""budgets_supported"": [300, 600, 1200], ""conditional_constraint_count"": 4, ""decoy_count"": 10, ""difficulty_factors"": [""decoy_overload"", ""overwrite_update"", ""conditional_allowed_state"", ""forbidden_boundary_pressure"", ""multi_file_component_consistency"", ""plan_consistency"", ""budget_pressure""], ""files_touched_estimate"": 2, ""method_specific_selection_used"": false, ""model_outcomes_used"": false, ""required_output_size"": 12, ""segment_count"": 16, ""source_candidate_id"": ""frontier_candidate_cache_invalidation_mesh"", ""strict_json_contract"": true, ""update_count"": 4}",649fa93b196242a19e144bd5297cf90abac45ad4aab2596921bacaa4f809894a,1,mature_ssr_loop_protocol_v1_ecvs_safe_visible_only,,,,,,,,
_probe_ecvs_deepseek_v4pro_harder_stress_v1_visiblecarry_vs_maturessrloop_15task_2method_3budget_1run:deepseek_v4pro:mature_ssr_loop:harder_stress_v1_frontierpp_06_cache_invalidation_mesh:budget_300:run_1,deepseek_v4pro,harder_stress_v1_frontierpp_06_cache_invalidation_mesh,semi_real_repo_style_controlled_frontier_plus,frontier_plus,multi_store_cache_invalidation,,mature_ssr_loop,mature_ssr_loop,300,1,2026-06-19T08:58:36.380525+00:00,2026-06-19T08:58:38.424276+00:00,2026-06-19T08:58:36.380581+00:00,2026-06-19T08:58:38.398404+00:00,0.008,33146312feffa160a32e762c32a2b0a3b61464eaaeb147e93bec4f257a858730,fa4b3b010acb2188cd1cfe43babf0aad1df3f23504836440edc4a40a44198158,24c2aa4fdaf72321ee311eeeb023714d65b6477b681b763519a40c830f2f1974,8eed7a82c3da83720b48c2dd49ec5e06093874a55f185d766484ba71bb7869cd,518b6b9b1acf362a8d8edc765ae850b84719799e6fbe1c09853e1c79d009a7df,c3e9a533789f94f0831cdd773c0f0c0d7dabf0bac55bf9112313ec004ffb636a,7d28bae3dacf7b8d82a5f0e664afdfb48ad29f8d5d69200972b774935dbb2e34,7d28bae3dacf7b8d82a5f0e664afdfb48ad29f8d5d69200972b774935dbb2e34,7d28bae3dacf7b8d82a5f0e664afdfb48ad29f8d5d69200972b774935dbb2e34,39128f4c489c57c61675e097b9c45e5fe39511ce47ab14c0e2fe6beaa53efe33,direct_provider,deepseek,https://api.deepseek.com,deepseek-v4-pro,https://api.deepseek.com/chat/completions,deepseek-v4-pro,d9102514b5e2faa30f57f404991f95b09ba2d2ad37cfdd73f3d1f753a62a6425,2c4dd0c6c5ff02722c25948a9dff956605b4658af78362cf2148e45742a2ee82,d914cfc97d9b99822a2b1313c16850fd7be529b097eb356dc8e8e7408a7a00a8,explicit,0,4096,omitted,,omitted,,omitted,,omitted,,omitted,,omitted,,omitted,,omitted,,omitted,,False,thinking.type=disabled,ffe557f53c63f7d0f7e35f80c03f61d8b3548db9e4f51e8dda020b28a920d875,provider_not_exposed,provider_not_exposed,False,,False,False,False,disabled,,,,0,0,0,0,0,0,none,mature_ssr_loop_protocol_v1_ecvs_safe_visible_only,0,0,0,0,0,0,0,,0,,0,"[""REQ_06_JEG3S4CK"", ""LOCK_06_KC4S3"", ""SCOPE_06_G3S4C"", ""CHECK_06_EG3S4"", ""ANCHOR_06_C4S3G"", ""EDGE_06_3S4CK"", ""FRONTIER_06_KC4S3G"", ""MERGE_06_JEGKC4"", ""VERIFY_06_3S4CK"", ""PLAN_06_S3GEJ"", ""CONTRACT_06_JEG3S"", ""FINAL_06_KC4SCK""]",[],0,[],0,[],0,[],0,1,URLError: <urlopen error [Errno 1] Operation not permitted>,rerun_required,backend_error,ab23baa95081856f024656c2778a5b2b604a7270d05ca959ebbc3fbe4eaea321,7c077ca2308714493d07163e1033c4282bd869ff6d477b3e77408587f95e2930,7c077ca2308714493d07163e1033c4282bd869ff6d477b3e77408587f95e2930,78b9c6a3aacba408617f72ae758c3638598dbade3a6cbb06098ca77fc0251e8c,60404f498f08622a95e49d50b804e8c60376a77bcdc0092805166c118bafab35,released_raw_outputs/model_outputs/_probe_ecvs_deepseek_v4pro_harder_stress_v1_visiblecarry_vs_maturessrloop_15task_2method_3budget_1run/deepseek/mature_ssr_loop__harder_stress_v1_frontierpp_06_cache_invalidation_mesh__run_1__budget_300.jsonl,1,e5d59e7cc9823b0aded99ecf86efe59f7c4c23f09cb8e82007d73dea4a14cf7c,57946055ec4ea1ec89bb3970f528975b73cf7d97ceb0ca2ccd30ebb27b982b9c,cdf6537cb76b3f55c5d5ac217a0a258a290f1a70c8d1afda600b6ae39043e13d,_probe_ecvs_deepseek_v4pro_harder_stress_v1_visiblecarry_vs_maturessrloop_15task_2method_3budget_1run,ssr_loop,d239781121d1d6a6cd4cbcab5e859463831be69b2bcfc1a1884a2ada2c1ef299,2f0d3f4869fc42756bd1ce16c89b28b4562e66fe5f908181d2ef06b766037a1b,"{""boundary_constraint_count"": 5, ""budgets_supported"": [300, 600, 1200], ""conditional_constraint_count"": 4, ""decoy_count"": 10, ""difficulty_factors"": [""decoy_overload"", ""overwrite_update"", ""conditional_allowed_state"", ""forbidden_boundary_pressure"", ""multi_file_component_consistency"", ""plan_consistency"", ""budget_pressure""], ""files_touched_estimate"": 2, ""method_specific_selection_used"": false, ""model_outcomes_used"": false, ""required_output_size"": 12, ""segment_count"": 16, ""source_candidate_id"": ""frontier_candidate_cache_invalidation_mesh"", ""strict_json_contract"": true, ""update_count"": 4}",649fa93b196242a19e144bd5297cf90abac45ad4aab2596921bacaa4f809894a,1,mature_ssr_loop_protocol_v1_ecvs_safe_visible_only,,,,,,,,
_probe_ecvs_deepseek_v4pro_harder_stress_v1_visiblecarry_vs_maturessrloop_15task_2method_3budget_1run:deepseek_v4pro:mature_ssr_loop:harder_stress_v1_frontierpp_06_cache_invalidation_mesh:budget_600:run_1,deepseek_v4pro,harder_stress_v1_frontierpp_06_cache_invalidation_mesh,semi_real_repo_style_controlled_frontier_plus,frontier_plus,multi_store_cache_invalidation,,mature_ssr_loop,mature_ssr_loop,600,1,2026-06-19T08:58:36.380842+00:00,2026-06-19T08:58:38.425338+00:00,2026-06-19T08:58:36.380888+00:00,2026-06-19T08:58:38.404654+00:00,0.017,33146312feffa160a32e762c32a2b0a3b61464eaaeb147e93bec4f257a858730,fa4b3b010acb2188cd1cfe43babf0aad1df3f23504836440edc4a40a44198158,24c2aa4fdaf72321ee311eeeb023714d65b6477b681b763519a40c830f2f1974,8eed7a82c3da83720b48c2dd49ec5e06093874a55f185d766484ba71bb7869cd,6e0cb172ab8f41671a9304265db92a9c98fc6c450c904926d817b63e240d3a9c,c3e9a533789f94f0831cdd773c0f0c0d7dabf0bac55bf9112313ec004ffb636a,7d28bae3dacf7b8d82a5f0e664afdfb48ad29f8d5d69200972b774935dbb2e34,7d28bae3dacf7b8d82a5f0e664afdfb48ad29f8d5d69200972b774935dbb2e34,7d28bae3dacf7b8d82a5f0e664afdfb48ad29f8d5d69200972b774935dbb2e34,39128f4c489c57c61675e097b9c45e5fe39511ce47ab14c0e2fe6beaa53efe33,direct_provider,deepseek,https://api.deepseek.com,deepseek-v4-pro,https://api.deepseek.com/chat/completions,deepseek-v4-pro,d9102514b5e2faa30f57f404991f95b09ba2d2ad37cfdd73f3d1f753a62a6425,2c4dd0c6c5ff02722c25948a9dff956605b4658af78362cf2148e45742a2ee82,d914cfc97d9b99822a2b1313c16850fd7be529b097eb356dc8e8e7408a7a00a8,explicit,0,4096,omitted,,omitted,,omitted,,omitted,,omitted,,omitted,,omitted,,omitted,,omitted,,False,thinking.type=disabled,ffe557f53c63f7d0f7e35f80c03f61d8b3548db9e4f51e8dda020b28a920d875,provider_not_exposed,provider_not_exposed,False,,False,False,False,disabled,,,,0,0,0,0,0,0,none,mature_ssr_loop_protocol_v1_ecvs_safe_visible_only,0,0,0,0,0,0,0,,0,,0,"[""REQ_06_JEG3S4CK"", ""LOCK_06_KC4S3"", ""SCOPE_06_G3S4C"", ""CHECK_06_EG3S4"", ""ANCHOR_06_C4S3G"", ""EDGE_06_3S4CK"", ""FRONTIER_06_KC4S3G"", ""MERGE_06_JEGKC4"", ""VERIFY_06_3S4CK"", ""PLAN_06_S3GEJ"", ""CONTRACT_06_JEG3S"", ""FINAL_06_KC4SCK""]",[],0,[],0,[],0,[],0,1,URLError: <urlopen error [Errno 1] Operation not permitted>,rerun_required,backend_error,82b0fefe2572b9b869b419b025074184589941beca045e5cdb291cd3f9007a36,7c077ca2308714493d07163e1033c4282bd869ff6d477b3e77408587f95e2930,7c077ca2308714493d07163e1033c4282bd869ff6d477b3e77408587f95e2930,78b9c6a3aacba408617f72ae758c3638598dbade3a6cbb06098ca77fc0251e8c,ce96704f3090c10a11bfc8c340ae0a995f6f6b1fa27a0d54803db7b7b22a9bfd,released_raw_outputs/model_outputs/_probe_ecvs_deepseek_v4pro_harder_stress_v1_visiblecarry_vs_maturessrloop_15task_2method_3budget_1run/deepseek/mature_ssr_loop__harder_stress_v1_frontierpp_06_cache_invalidation_mesh__run_1__budget_600.jsonl,1,f836470b6625af17ccc103de298f8d0c9206b54857a0dc4d527b6edfc9a121de,0a29d884962e0deb638289c60f521896b2f94e2c06793e782329ffe59930a281,34872561bbd01a9fefecb1cba413602527e821f9cf0dabe393545bc5034994a9,_probe_ecvs_deepseek_v4pro_harder_stress_v1_visiblecarry_vs_maturessrloop_15task_2method_3budget_1run,ssr_loop,d239781121d1d6a6cd4cbcab5e859463831be69b2bcfc1a1884a2ada2c1ef299,2f0d3f4869fc42756bd1ce16c89b28b4562e66fe5f908181d2ef06b766037a1b,"{""boundary_constraint_count"": 5, ""budgets_supported"": [300, 600, 1200], ""conditional_constraint_count"": 4, ""decoy_count"": 10, ""difficulty_factors"": [""decoy_overload"", ""overwrite_update"", ""conditional_allowed_state"", ""forbidden_boundary_pressure"", ""multi_file_component_consistency"", ""plan_consistency"", ""budget_pressure""], ""files_touched_estimate"": 2, ""method_specific_selection_used"": false, ""model_outcomes_used"": false, ""required_output_size"": 12, ""segment_count"": 16, ""source_candidate_id"": ""frontier_candidate_cache_invalidation_mesh"", ""strict_json_contract"": true, ""update_count"": 4}",649fa93b196242a19e144bd5297cf90abac45ad4aab2596921bacaa4f809894a,1,mature_ssr_loop_protocol_v1_ecvs_safe_visible_only,,,,,,,,
_probe_ecvs_deepseek_v4pro_harder_stress_v1_visiblecarry_vs_maturessrloop_15task_2method_3budget_1run:deepseek_v4pro:mature_ssr_loop:harder_stress_v1_frontierpp_07_plugin_registry_resolution:budget_1200:run_1,deepseek_v4pro,harder_stress_v1_frontierpp_07_plugin_registry_resolution,semi_real_repo_style_controlled_frontier_plus,frontier_plus,plugin_registry,,mature_ssr_loop,mature_ssr_loop,1200,1,2026-06-19T08:58:36.384196+00:00,2026-06-19T08:58:38.420954+00:00,2026-06-19T08:58:36.384234+00:00,2026-06-19T08:58:38.405217+00:00,0.016,33146312feffa160a32e762c32a2b0a3b61464eaaeb147e93bec4f257a858730,7b25a266621d2d1685aa651509acd4926f65cbd2e27ff04b5a6c851edfae2d5b,24c2aa4fdaf72321ee311eeeb023714d65b6477b681b763519a40c830f2f1974,85dc46dff30e8f8e6eaac220ab166ed58e5923ffa31e648046ba74d6eb9662fd,541eb1bbcaee4f3e08b5fb9111323635a8c22649c0efbc5700cb5a898d0e4e9e,c3e9a533789f94f0831cdd773c0f0c0d7dabf0bac55bf9112313ec004ffb636a,7d28bae3dacf7b8d82a5f0e664afdfb48ad29f8d5d69200972b774935dbb2e34,7d28bae3dacf7b8d82a5f0e664afdfb48ad29f8d5d69200972b774935dbb2e34,7d28bae3dacf7b8d82a5f0e664afdfb48ad29f8d5d69200972b774935dbb2e34,39128f4c489c57c61675e097b9c45e5fe39511ce47ab14c0e2fe6beaa53efe33,direct_provider,deepseek,https://api.deepseek.com,deepseek-v4-pro,https://api.deepseek.com/chat/completions,deepseek-v4-pro,d9102514b5e2faa30f57f404991f95b09ba2d2ad37cfdd73f3d1f753a62a6425,2c4dd0c6c5ff02722c25948a9dff956605b4658af78362cf2148e45742a2ee82,d914cfc97d9b99822a2b1313c16850fd7be529b097eb356dc8e8e7408a7a00a8,explicit,0,4096,omitted,,omitted,,omitted,,omitted,,omitted,,omitted,,omitted,,omitted,,omitted,,False,thinking.type=disabled,ffe557f53c63f7d0f7e35f80c03f61d8b3548db9e4f51e8dda020b28a920d875,provider_not_exposed,provider_not_exposed,False,,False,False,False,disabled,,,,0,0,0,0,0,0,none,mature_ssr_loop_protocol_v1_ecvs_safe_visible_only,0,0,0,0,0,0,0,,0,,0,"[""REQ_07_JWSQFLK3"", ""LOCK_07_3KLFQ"", ""SCOPE_07_SQFLK"", ""CHECK_07_WSQFL"", ""ANCHOR_07_KLFQS"", ""EDGE_07_QFLK3"", ""FRONTIER_07_3KLFQS"", ""MERGE_07_JWS3KL"", ""VERIFY_07_QFLK3"", ""PLAN_07_FQSWJ"", ""CONTRACT_07_JWSQF"", ""FINAL_07_3KLFK3""]",[],0,[],0,[],0,[],0,1,URLError: <urlopen error [Errno 1] Operation not permitted>,rerun_required,backend_error,4cfac68de15d56762fa35deb18c9743cc1a9a22cf7aa3041957f6c6808803ff4,7c077ca2308714493d07163e1033c4282bd869ff6d477b3e77408587f95e2930,7c077ca2308714493d07163e1033c4282bd869ff6d477b3e77408587f95e2930,78b9c6a3aacba408617f72ae758c3638598dbade3a6cbb06098ca77fc0251e8c,106c7d7d92529bd74ab713162084e779725b35b303f9dd699cfa52b7c6efddb6,released_raw_outputs/model_outputs/_probe_ecvs_deepseek_v4pro_harder_stress_v1_visiblecarry_vs_maturessrloop_15task_2method_3budget_1run/deepseek/mature_ssr_loop__harder_stress_v1_frontierpp_07_plugin_registry_resolution__run_1__budget_1200.jsonl,1,44c4b92734eaf1abb568167cf9bd89ae03eea00c1fac67d3d12cc82ef3927471,80b2687787e0402ab425e6d7b8f86c8d3698b7c16790338748b775d4983e1545,5bd16b9a51a7ce7b06d5912a73f45b205c9e471f1785196b007b9fd523fc95f4,_probe_ecvs_deepseek_v4pro_harder_stress_v1_visiblecarry_vs_maturessrloop_15task_2method_3budget_1run,ssr_loop,d239781121d1d6a6cd4cbcab5e859463831be69b2bcfc1a1884a2ada2c1ef299,dcd305f3cbd79b636cdaf7134f1f50ff54fbf33bc17d4a59fbb7174e4eefb60c,"{""boundary_constraint_count"": 5, ""budgets_supported"": [300, 600, 1200], ""conditional_constraint_count"": 4, ""decoy_count"": 9, ""difficulty_factors"": [""decoy_overload"", ""overwrite_update"", ""conditional_allowed_state"", ""forbidden_boundary_pressure"", ""plan_consistency"", ""delayed_critical_constraint"", ""budget_pressure""], ""files_touched_estimate"": 2, ""method_specific_selection_used"": false, ""model_outcomes_used"": false, ""required_output_size"": 12, ""segment_count"": 15, ""source_candidate_id"": ""frontier_candidate_plugin_registry_resolution"", ""strict_json_contract"": true, ""update_count"": 4}",649fa93b196242a19e144bd5297cf90abac45ad4aab2596921bacaa4f809894a,1,mature_ssr_loop_protocol_v1_ecvs_safe_visible_only,,,,,,,,
_probe_ecvs_deepseek_v4pro_harder_stress_v1_visiblecarry_vs_maturessrloop_15task_2method_3budget_1run:deepseek_v4pro:mature_ssr_loop:harder_stress_v1_frontierpp_07_plugin_registry_resolution:budget_300:run_1,deepseek_v4pro,harder_stress_v1_frontierpp_07_plugin_registry_resolution,semi_real_repo_style_controlled_frontier_plus,frontier_plus,plugin_registry,,mature_ssr_loop,mature_ssr_loop,300,1,2026-06-19T08:58:36.383680+00:00,2026-06-19T08:58:38.411188+00:00,2026-06-19T08:58:36.383727+00:00,2026-06-19T08:58:38.395642+00:00,0.004,33146312feffa160a32e762c32a2b0a3b61464eaaeb147e93bec4f257a858730,7b25a266621d2d1685aa651509acd4926f65cbd2e27ff04b5a6c851edfae2d5b,24c2aa4fdaf72321ee311eeeb023714d65b6477b681b763519a40c830f2f1974,85dc46dff30e8f8e6eaac220ab166ed58e5923ffa31e648046ba74d6eb9662fd,b3802c169cdf870b85be1ba1ab9b0992091d402ecfddd7d78c635755aabfaaed,c3e9a533789f94f0831cdd773c0f0c0d7dabf0bac55bf9112313ec004ffb636a,7d28bae3dacf7b8d82a5f0e664afdfb48ad29f8d5d69200972b774935dbb2e34,7d28bae3dacf7b8d82a5f0e664afdfb48ad29f8d5d69200972b774935dbb2e34,7d28bae3dacf7b8d82a5f0e664afdfb48ad29f8d5d69200972b774935dbb2e34,39128f4c489c57c61675e097b9c45e5fe39511ce47ab14c0e2fe6beaa53efe33,direct_provider,deepseek,https://api.deepseek.com,deepseek-v4-pro,https://api.deepseek.com/chat/completions,deepseek-v4-pro,d9102514b5e2faa30f57f404991f95b09ba2d2ad37cfdd73f3d1f753a62a6425,2c4dd0c6c5ff02722c25948a9dff956605b4658af78362cf2148e45742a2ee82,d914cfc97d9b99822a2b1313c16850fd7be529b097eb356dc8e8e7408a7a00a8,explicit,0,4096,omitted,,omitted,,omitted,,omitted,,omitted,,omitted,,omitted,,omitted,,omitted,,False,thinking.type=disabled,ffe557f53c63f7d0f7e35f80c03f61d8b3548db9e4f51e8dda020b28a920d875,provider_not_exposed,provider_not_exposed,False,,False,False,False,disabled,,,,0,0,0,0,0,0,none,mature_ssr_loop_protocol_v1_ecvs_safe_visible_only,0,0,0,0,0,0,0,,0,,0,"[""REQ_07_JWSQFLK3"", ""LOCK_07_3KLFQ"", ""SCOPE_07_SQFLK"", ""CHECK_07_WSQFL"", ""ANCHOR_07_KLFQS"", ""EDGE_07_QFLK3"", ""FRONTIER_07_3KLFQS"", ""MERGE_07_JWS3KL"", ""VERIFY_07_QFLK3"", ""PLAN_07_FQSWJ"", ""CONTRACT_07_JWSQF"", ""FINAL_07_3KLFK3""]",[],0,[],0,[],0,[],0,1,URLError: <urlopen error [Errno 1] Operation not permitted>,rerun_required,backend_error,ccac0d5b760f46a3a66c3e73648c85f7fe8823b2bcf188bdf8e1aec79ec122fd,7c077ca2308714493d07163e1033c4282bd869ff6d477b3e77408587f95e2930,7c077ca2308714493d07163e1033c4282bd869ff6d477b3e77408587f95e2930,78b9c6a3aacba408617f72ae758c3638598dbade3a6cbb06098ca77fc0251e8c,cc4302482c3876ba2b5f8ffff099cf0708ef1a9c603dc40bcf098f55381e4b3a,released_raw_outputs/model_outputs/_probe_ecvs_deepseek_v4pro_harder_stress_v1_visiblecarry_vs_maturessrloop_15task_2method_3budget_1run/deepseek/mature_ssr_loop__harder_stress_v1_frontierpp_07_plugin_registry_resolution__run_1__budget_300.jsonl,1,18fd75a95fac4e69308c6be6f1a9091fe2f19b61fb9b0a96ed76fbe15fcac676,6ac86abe159715848ea57ae3385302bfec03728e0e6d82d8d7f1d472506893e0,74a21a607cec03d98d853e14697588874c72f153514e5f5fa8f732f9bec30a99,_probe_ecvs_deepseek_v4pro_harder_stress_v1_visiblecarry_vs_maturessrloop_15task_2method_3budget_1run,ssr_loop,d239781121d1d6a6cd4cbcab5e859463831be69b2bcfc1a1884a2ada2c1ef299,dcd305f3cbd79b636cdaf7134f1f50ff54fbf33bc17d4a59fbb7174e4eefb60c,"{""boundary_constraint_count"": 5, ""budgets_supported"": [300, 600, 1200], ""conditional_constraint_count"": 4, ""decoy_count"": 9, ""difficulty_factors"": [""decoy_overload"", ""overwrite_update"", ""conditional_allowed_state"", ""forbidden_boundary_pressure"", ""plan_consistency"", ""delayed_critical_constraint"", ""budget_pressure""], ""files_touched_estimate"": 2, ""method_specific_selection_used"": false, ""model_outcomes_used"": false, ""required_output_size"": 12, ""segment_count"": 15, ""source_candidate_id"": ""frontier_candidate_plugin_registry_resolution"", ""strict_json_contract"": true, ""update_count"": 4}",649fa93b196242a19e144bd5297cf90abac45ad4aab2596921bacaa4f809894a,1,mature_ssr_loop_protocol_v1_ecvs_safe_visible_only,,,,,,,,
_probe_ecvs_deepseek_v4pro_harder_stress_v1_visiblecarry_vs_maturessrloop_15task_2method_3budget_1run:deepseek_v4pro:mature_ssr_loop:harder_stress_v1_frontierpp_07_plugin_registry_resolution:budget_600:run_1,deepseek_v4pro,harder_stress_v1_frontierpp_07_plugin_registry_resolution,semi_real_repo_style_controlled_frontier_plus,frontier_plus,plugin_registry,,mature_ssr_loop,mature_ssr_loop,600,1,2026-06-19T08:58:36.383843+00:00,2026-06-19T08:58:38.427875+00:00,2026-06-19T08:58:36.383879+00:00,2026-06-19T08:58:38.416192+00:00,0.022,33146312feffa160a32e762c32a2b0a3b61464eaaeb147e93bec4f257a858730,7b25a266621d2d1685aa651509acd4926f65cbd2e27ff04b5a6c851edfae2d5b,24c2aa4fdaf72321ee311eeeb023714d65b6477b681b763519a40c830f2f1974,85dc46dff30e8f8e6eaac220ab166ed58e5923ffa31e648046ba74d6eb9662fd,c1ad3783c7f7387014eb3d3f4ac806e946899c75ba6bb1462bafcf841c5ab5a8,c3e9a533789f94f0831cdd773c0f0c0d7dabf0bac55bf9112313ec004ffb636a,7d28bae3dacf7b8d82a5f0e664afdfb48ad29f8d5d69200972b774935dbb2e34,7d28bae3dacf7b8d82a5f0e664afdfb48ad29f8d5d69200972b774935dbb2e34,7d28bae3dacf7b8d82a5f0e664afdfb48ad29f8d5d69200972b774935dbb2e34,39128f4c489c57c61675e097b9c45e5fe39511ce47ab14c0e2fe6beaa53efe33,direct_provider,deepseek,https://api.deepseek.com,deepseek-v4-pro,https://api.deepseek.com/chat/completions,deepseek-v4-pro,d9102514b5e2faa30f57f404991f95b09ba2d2ad37cfdd73f3d1f753a62a6425,2c4dd0c6c5ff02722c25948a9dff956605b4658af78362cf2148e45742a2ee82,d914cfc97d9b99822a2b1313c16850fd7be529b097eb356dc8e8e7408a7a00a8,explicit,0,4096,omitted,,omitted,,omitted,,omitted,,omitted,,omitted,,omitted,,omitted,,omitted,,False,thinking.type=disabled,ffe557f53c63f7d0f7e35f80c03f61d8b3548db9e4f51e8dda020b28a920d875,provider_not_exposed,provider_not_exposed,False,,False,False,False,disabled,,,,0,0,0,0,0,0,none,mature_ssr_loop_protocol_v1_ecvs_safe_visible_only,0,0,0,0,0,0,0,,0,,0,"[""REQ_07_JWSQFLK3"", ""LOCK_07_3KLFQ"", ""SCOPE_07_SQFLK"", ""CHECK_07_WSQFL"", ""ANCHOR_07_KLFQS"", ""EDGE_07_QFLK3"", ""FRONTIER_07_3KLFQS"", ""MERGE_07_JWS3KL"", ""VERIFY_07_QFLK3"", ""PLAN_07_FQSWJ"", ""CONTRACT_07_JWSQF"", ""FINAL_07_3KLFK3""]",[],0,[],0,[],0,[],0,1,URLError: <urlopen error [Errno 1] Operation not permitted>,rerun_required,backend_error,a537adc5cf763e39e271e4aaefee7b6973a9d3f68cd3c9953ef4cbcace57e28a,7c077ca2308714493d07163e1033c4282bd869ff6d477b3e77408587f95e2930,7c077ca2308714493d07163e1033c4282bd869ff6d477b3e77408587f95e2930,78b9c6a3aacba408617f72ae758c3638598dbade3a6cbb06098ca77fc0251e8c,1241cc6411ebf1cdf34000a4bbe0db01eaa0bda638eefbf7103e51e47f1b9cec,released_raw_outputs/model_outputs/_probe_ecvs_deepseek_v4pro_harder_stress_v1_visiblecarry_vs_maturessrloop_15task_2method_3budget_1run/deepseek/mature_ssr_loop__harder_stress_v1_frontierpp_07_plugin_registry_resolution__run_1__budget_600.jsonl,1,fc53306c5fb51f391535d5a7faad1c5a6f3fc891b0e378d4daf280e9fae70081,16dfd7c7c5fc920c4dc0a4700c19adb8e7984a3957e8d3a194f214aa84dd6cb4,560cd9e00376641525faf049fb92287aa819a9185592b58c039d2abb085d00d2,_probe_ecvs_deepseek_v4pro_harder_stress_v1_visiblecarry_vs_maturessrloop_15task_2method_3budget_1run,ssr_loop,d239781121d1d6a6cd4cbcab5e859463831be69b2bcfc1a1884a2ada2c1ef299,dcd305f3cbd79b636cdaf7134f1f50ff54fbf33bc17d4a59fbb7174e4eefb60c,"{""boundary_constraint_count"": 5, ""budgets_supported"": [300, 600, 1200], ""conditional_constraint_count"": 4, ""decoy_count"": 9, ""difficulty_factors"": [""decoy_overload"", ""overwrite_update"", ""conditional_allowed_state"", ""forbidden_boundary_pressure"", ""plan_consistency"", ""delayed_critical_constraint"", ""budget_pressure""], ""files_touched_estimate"": 2, ""method_specific_selection_used"": false, ""model_outcomes_used"": false, ""required_output_size"": 12, ""segment_count"": 15, ""source_candidate_id"": ""frontier_candidate_plugin_registry_resolution"", ""strict_json_contract"": true, ""update_count"": 4}",649fa93b196242a19e144bd5297cf90abac45ad4aab2596921bacaa4f809894a,1,mature_ssr_loop_protocol_v1_ecvs_safe_visible_only,,,,,,,,
_probe_ecvs_deepseek_v4pro_harder_stress_v1_visiblecarry_vs_maturessrloop_15task_2method_3budget_1run:deepseek_v4pro:mature_ssr_loop:harder_stress_v1_frontierpp_08_retry_route_matrix:budget_1200:run_1,deepseek_v4pro,harder_stress_v1_frontierpp_08_retry_route_matrix,semi_real_repo_style_controlled_frontier_plus,frontier_plus,workflow_retry_routing,,mature_ssr_loop,mature_ssr_loop,1200,1,2026-06-19T08:58:36.385068+00:00,2026-06-19T08:58:38.430944+00:00,2026-06-19T08:58:36.385102+00:00,2026-06-19T08:58:38.401481+00:00,0.01,33146312feffa160a32e762c32a2b0a3b61464eaaeb147e93bec4f257a858730,27ec429399550d324d651260d526f9abb8bd5213ab8f24bfcdae1fbf88759859,24c2aa4fdaf72321ee311eeeb023714d65b6477b681b763519a40c830f2f1974,192d989af232bca96cacb28ec2c010bec154fec1d62df199a00ed923a7331a0d,67f7e577c071a416811307ae60657a37001af561f42d143d0f8e7e2b5fc93768,c3e9a533789f94f0831cdd773c0f0c0d7dabf0bac55bf9112313ec004ffb636a,7d28bae3dacf7b8d82a5f0e664afdfb48ad29f8d5d69200972b774935dbb2e34,7d28bae3dacf7b8d82a5f0e664afdfb48ad29f8d5d69200972b774935dbb2e34,7d28bae3dacf7b8d82a5f0e664afdfb48ad29f8d5d69200972b774935dbb2e34,39128f4c489c57c61675e097b9c45e5fe39511ce47ab14c0e2fe6beaa53efe33,direct_provider,deepseek,https://api.deepseek.com,deepseek-v4-pro,https://api.deepseek.com/chat/completions,deepseek-v4-pro,d9102514b5e2faa30f57f404991f95b09ba2d2ad37cfdd73f3d1f753a62a6425,2c4dd0c6c5ff02722c25948a9dff956605b4658af78362cf2148e45742a2ee82,d914cfc97d9b99822a2b1313c16850fd7be529b097eb356dc8e8e7408a7a00a8,explicit,0,4096,omitted,,omitted,,omitted,,omitted,,omitted,,omitted,,omitted,,omitted,,omitted,,False,thinking.type=disabled,ffe557f53c63f7d0f7e35f80c03f61d8b3548db9e4f51e8dda020b28a920d875,provider_not_exposed,provider_not_exposed,False,,False,False,False,disabled,,,,0,0,0,0,0,0,none,mature_ssr_loop_protocol_v1_ecvs_safe_visible_only,0,0,0,0,0,0,0,,0,,0,"[""REQ_08_XYCZRKRB"", ""LOCK_08_BRKRZ"", ""SCOPE_08_CZRKR"", ""CHECK_08_YCZRK"", ""ANCHOR_08_RKRZC"", ""EDGE_08_ZRKRB"", ""FRONTIER_08_BRKRZC"", ""MERGE_08_XYCBRK"", ""VERIFY_08_ZRKRB"", ""PLAN_08_RZCYX"", ""CONTRACT_08_XYCZR"", ""FINAL_08_BRKRRB""]",[],0,[],0,[],0,[],0,1,URLError: <urlopen error [Errno 1] Operation not permitted>,rerun_required,backend_error,86150c1ec99e7f6deb480daf09d1d408259c0eaf250deab364fcea67f6ac0c4d,7c077ca2308714493d07163e1033c4282bd869ff6d477b3e77408587f95e2930,7c077ca2308714493d07163e1033c4282bd869ff6d477b3e77408587f95e2930,78b9c6a3aacba408617f72ae758c3638598dbade3a6cbb06098ca77fc0251e8c,de47652a8341c2b7b99cc3f97bc7bdcd74df0db8a8bceeb6b8b2b335afc49dcf,released_raw_outputs/model_outputs/_probe_ecvs_deepseek_v4pro_harder_stress_v1_visiblecarry_vs_maturessrloop_15task_2method_3budget_1run/deepseek/mature_ssr_loop__harder_stress_v1_frontierpp_08_retry_route_matrix__run_1__budget_1200.jsonl,1,83d900187d64a584070f433f2cc34f4a3980f0d7c195923fbf75c6192dd49a3a,cbb78c76fae986446feb9eaa79a8839be756cfa3fbd10adb37d91c9dc78821f1,bdb8a214b20eca1d2f50a6395a33c54682b27581a3f31a8b5f364482ad249dc6,_probe_ecvs_deepseek_v4pro_harder_stress_v1_visiblecarry_vs_maturessrloop_15task_2method_3budget_1run,ssr_loop,d239781121d1d6a6cd4cbcab5e859463831be69b2bcfc1a1884a2ada2c1ef299,54d98abb596036bf8c4d06485bc4f3581005033da98384b71d83c31bcb2e7316,"{""boundary_constraint_count"": 3, ""budgets_supported"": [300, 600, 1200], ""conditional_constraint_count"": 3, ""decoy_count"": 8, ""difficulty_factors"": [""decoy_overload"", ""overwrite_update"", ""conditional_allowed_state"", ""multi_file_component_consistency"", ""plan_consistency"", ""final_output_contract_pressure"", ""budget_pressure""], ""files_touched_estimate"": 3, ""method_specific_selection_used"": false, ""model_outcomes_used"": false, ""required_output_size"": 12, ""segment_count"": 15, ""source_candidate_id"": ""frontier_candidate_retry_route_matrix"", ""strict_json_contract"": true, ""update_count"": 4}",649fa93b196242a19e144bd5297cf90abac45ad4aab2596921bacaa4f809894a,1,mature_ssr_loop_protocol_v1_ecvs_safe_visible_only,,,,,,,,
_probe_ecvs_deepseek_v4pro_harder_stress_v1_visiblecarry_vs_maturessrloop_15task_2method_3budget_1run:deepseek_v4pro:mature_ssr_loop:harder_stress_v1_frontierpp_08_retry_route_matrix:budget_300:run_1,deepseek_v4pro,harder_stress_v1_frontierpp_08_retry_route_matrix,semi_real_repo_style_controlled_frontier_plus,frontier_plus,workflow_retry_routing,,mature_ssr_loop,mature_ssr_loop,300,1,2026-06-19T08:58:36.384417+00:00,2026-06-19T08:58:38.414268+00:00,2026-06-19T08:58:36.384451+00:00,2026-06-19T08:58:38.405692+00:00,0.011,33146312feffa160a32e762c32a2b0a3b61464eaaeb147e93bec4f257a858730,27ec429399550d324d651260d526f9abb8bd5213ab8f24bfcdae1fbf88759859,24c2aa4fdaf72321ee311eeeb023714d65b6477b681b763519a40c830f2f1974,192d989af232bca96cacb28ec2c010bec154fec1d62df199a00ed923a7331a0d,2360cc0c53c4f95f3442d15d5f5e695ee5c8b80a85f9dd2b4208ab16570b4cfa,c3e9a533789f94f0831cdd773c0f0c0d7dabf0bac55bf9112313ec004ffb636a,7d28bae3dacf7b8d82a5f0e664afdfb48ad29f8d5d69200972b774935dbb2e34,7d28bae3dacf7b8d82a5f0e664afdfb48ad29f8d5d69200972b774935dbb2e34,7d28bae3dacf7b8d82a5f0e664afdfb48ad29f8d5d69200972b774935dbb2e34,39128f4c489c57c61675e097b9c45e5fe39511ce47ab14c0e2fe6beaa53efe33,direct_provider,deepseek,https://api.deepseek.com,deepseek-v4-pro,https://api.deepseek.com/chat/completions,deepseek-v4-pro,d9102514b5e2faa30f57f404991f95b09ba2d2ad37cfdd73f3d1f753a62a6425,2c4dd0c6c5ff02722c25948a9dff956605b4658af78362cf2148e45742a2ee82,d914cfc97d9b99822a2b1313c16850fd7be529b097eb356dc8e8e7408a7a00a8,explicit,0,4096,omitted,,omitted,,omitted,,omitted,,omitted,,omitted,,omitted,,omitted,,omitted,,False,thinking.type=disabled,ffe557f53c63f7d0f7e35f80c03f61d8b3548db9e4f51e8dda020b28a920d875,provider_not_exposed,provider_not_exposed,False,,False,False,False,disabled,,,,0,0,0,0,0,0,none,mature_ssr_loop_protocol_v1_ecvs_safe_visible_only,0,0,0,0,0,0,0,,0,,0,"[""REQ_08_XYCZRKRB"", ""LOCK_08_BRKRZ"", ""SCOPE_08_CZRKR"", ""CHECK_08_YCZRK"", ""ANCHOR_08_RKRZC"", ""EDGE_08_ZRKRB"", ""FRONTIER_08_BRKRZC"", ""MERGE_08_XYCBRK"", ""VERIFY_08_ZRKRB"", ""PLAN_08_RZCYX"", ""CONTRACT_08_XYCZR"", ""FINAL_08_BRKRRB""]",[],0,[],0,[],0,[],0,1,URLError: <urlopen error [Errno 1] Operation not permitted>,rerun_required,backend_error,f95e20bf66fb9b2c0e288c915ffbdfdb3a337895e0b6758e8419204acd23fa20,7c077ca2308714493d07163e1033c4282bd869ff6d477b3e77408587f95e2930,7c077ca2308714493d07163e1033c4282bd869ff6d477b3e77408587f95e2930,78b9c6a3aacba408617f72ae758c3638598dbade3a6cbb06098ca77fc0251e8c,f8dd1ec894896d0d327d3427cc27c3265b98f6cb3200cc798d0bd9eb9ef68c32,released_raw_outputs/model_outputs/_probe_ecvs_deepseek_v4pro_harder_stress_v1_visiblecarry_vs_maturessrloop_15task_2method_3budget_1run/deepseek/mature_ssr_loop__harder_stress_v1_frontierpp_08_retry_route_matrix__run_1__budget_300.jsonl,1,dc9e94c8939a8d5cb18e2d3817a53e52d956b145783fa8c7214059a84bc84ec1,c3aab622f352a802f1c40e7705d0920f6bc4a0d2d95ce73ae31b323c91e579a3,56c3a5a5305d8320d6efc867cfb616c443d82ae7485002efa5782e89598615ad,_probe_ecvs_deepseek_v4pro_harder_stress_v1_visiblecarry_vs_maturessrloop_15task_2method_3budget_1run,ssr_loop,d239781121d1d6a6cd4cbcab5e859463831be69b2bcfc1a1884a2ada2c1ef299,54d98abb596036bf8c4d06485bc4f3581005033da98384b71d83c31bcb2e7316,"{""boundary_constraint_count"": 3, ""budgets_supported"": [300, 600, 1200], ""conditional_constraint_count"": 3, ""decoy_count"": 8, ""difficulty_factors"": [""decoy_overload"", ""overwrite_update"", ""conditional_allowed_state"", ""multi_file_component_consistency"", ""plan_consistency"", ""final_output_contract_pressure"", ""budget_pressure""], ""files_touched_estimate"": 3, ""method_specific_selection_used"": false, ""model_outcomes_used"": false, ""required_output_size"": 12, ""segment_count"": 15, ""source_candidate_id"": ""frontier_candidate_retry_route_matrix"", ""strict_json_contract"": true, ""update_count"": 4}",649fa93b196242a19e144bd5297cf90abac45ad4aab2596921bacaa4f809894a,1,mature_ssr_loop_protocol_v1_ecvs_safe_visible_only,,,,,,,,
_probe_ecvs_deepseek_v4pro_harder_stress_v1_visiblecarry_vs_maturessrloop_15task_2method_3budget_1run:deepseek_v4pro:mature_ssr_loop:harder_stress_v1_frontierpp_08_retry_route_matrix:budget_600:run_1,deepseek_v4pro,harder_stress_v1_frontierpp_08_retry_route_matrix,semi_real_repo_style_controlled_frontier_plus,frontier_plus,workflow_retry_routing,,mature_ssr_loop,mature_ssr_loop,600,1,2026-06-19T08:58:36.384634+00:00,2026-06-19T08:58:38.421309+00:00,2026-06-19T08:58:36.384669+00:00,2026-06-19T08:58:38.406743+00:00,0.007,33146312feffa160a32e762c32a2b0a3b61464eaaeb147e93bec4f257a858730,27ec429399550d324d651260d526f9abb8bd5213ab8f24bfcdae1fbf88759859,24c2aa4fdaf72321ee311eeeb023714d65b6477b681b763519a40c830f2f1974,192d989af232bca96cacb28ec2c010bec154fec1d62df199a00ed923a7331a0d,d2ba9dc5fd83de81f2cbb45db75439648c0fff73bae27d45575e5045df61ec39,c3e9a533789f94f0831cdd773c0f0c0d7dabf0bac55bf9112313ec004ffb636a,7d28bae3dacf7b8d82a5f0e664afdfb48ad29f8d5d69200972b774935dbb2e34,7d28bae3dacf7b8d82a5f0e664afdfb48ad29f8d5d69200972b774935dbb2e34,7d28bae3dacf7b8d82a5f0e664afdfb48ad29f8d5d69200972b774935dbb2e34,39128f4c489c57c61675e097b9c45e5fe39511ce47ab14c0e2fe6beaa53efe33,direct_provider,deepseek,https://api.deepseek.com,deepseek-v4-pro,https://api.deepseek.com/chat/completions,deepseek-v4-pro,d9102514b5e2faa30f57f404991f95b09ba2d2ad37cfdd73f3d1f753a62a6425,2c4dd0c6c5ff02722c25948a9dff956605b4658af78362cf2148e45742a2ee82,d914cfc97d9b99822a2b1313c16850fd7be529b097eb356dc8e8e7408a7a00a8,explicit,0,4096,omitted,,omitted,,omitted,,omitted,,omitted,,omitted,,omitted,,omitted,,omitted,,False,thinking.type=disabled,ffe557f53c63f7d0f7e35f80c03f61d8b3548db9e4f51e8dda020b28a920d875,provider_not_exposed,provider_not_exposed,False,,False,False,False,disabled,,,,0,0,0,0,0,0,none,mature_ssr_loop_protocol_v1_ecvs_safe_visible_only,0,0,0,0,0,0,0,,0,,0,"[""REQ_08_XYCZRKRB"", ""LOCK_08_BRKRZ"", ""SCOPE_08_CZRKR"", ""CHECK_08_YCZRK"", ""ANCHOR_08_RKRZC"", ""EDGE_08_ZRKRB"", ""FRONTIER_08_BRKRZC"", ""MERGE_08_XYCBRK"", ""VERIFY_08_ZRKRB"", ""PLAN_08_RZCYX"", ""CONTRACT_08_XYCZR"", ""FINAL_08_BRKRRB""]",[],0,[],0,[],0,[],0,1,URLError: <urlopen error [Errno 1] Operation not permitted>,rerun_required,backend_error,75ef91776c30b69537a25710de519ef6594efd170adb9aacf99bce2b696b507f,7c077ca2308714493d07163e1033c4282bd869ff6d477b3e77408587f95e2930,7c077ca2308714493d07163e1033c4282bd869ff6d477b3e77408587f95e2930,78b9c6a3aacba408617f72ae758c3638598dbade3a6cbb06098ca77fc0251e8c,fda6e73304c9c1897f60c99cfc884701da7f508d6ad211b8aad9a22993fa2621,released_raw_outputs/model_outputs/_probe_ecvs_deepseek_v4pro_harder_stress_v1_visiblecarry_vs_maturessrloop_15task_2method_3budget_1run/deepseek/mature_ssr_loop__harder_stress_v1_frontierpp_08_retry_route_matrix__run_1__budget_600.jsonl,1,ad04f1956ce6056a5a8d86b81387734803da76da9b1722c39f105020c5dff36e,75d13104476b392d143721fa54758d49565aa1d3402da4fb528076ae56b16435,77b69991b76fe57db3569604fb478df9513d68baac9b92d5be4e899291d66075,_probe_ecvs_deepseek_v4pro_harder_stress_v1_visiblecarry_vs_maturessrloop_15task_2method_3budget_1run,ssr_loop,d239781121d1d6a6cd4cbcab5e859463831be69b2bcfc1a1884a2ada2c1ef299,54d98abb596036bf8c4d06485bc4f3581005033da98384b71d83c31bcb2e7316,"{""boundary_constraint_count"": 3, ""budgets_supported"": [300, 600, 1200], ""conditional_constraint_count"": 3, ""decoy_count"": 8, ""difficulty_factors"": [""decoy_overload"", ""overwrite_update"", ""conditional_allowed_state"", ""multi_file_component_consistency"", ""plan_consistency"", ""final_output_contract_pressure"", ""budget_pressure""], ""files_touched_estimate"": 3, ""method_specific_selection_used"": false, ""model_outcomes_used"": false, ""required_output_size"": 12, ""segment_count"": 15, ""source_candidate_id"": ""frontier_candidate_retry_route_matrix"", ""strict_json_contract"": true, ""update_count"": 4}",649fa93b196242a19e144bd5297cf90abac45ad4aab2596921bacaa4f809894a,1,mature_ssr_loop_protocol_v1_ecvs_safe_visible_only,,,,,,,,
_probe_ecvs_deepseek_v4pro_harder_stress_v1_visiblecarry_vs_maturessrloop_15task_2method_3budget_1run:deepseek_v4pro:mature_ssr_loop:harder_stress_v1_frontierpp_09_auth_claim_boundary:budget_1200:run_1,deepseek_v4pro,harder_stress_v1_frontierpp_09_auth_claim_boundary,diagnostic_controlled_frontier_plus,frontier_plus,security_boundary,,mature_ssr_loop,mature_ssr_loop,1200,1,2026-06-19T08:58:36.386346+00:00,2026-06-19T08:58:38.416922+00:00,2026-06-19T08:58:36.386387+00:00,2026-06-19T08:58:38.399751+00:00,0.007,33146312feffa160a32e762c32a2b0a3b61464eaaeb147e93bec4f257a858730,34b5814df6e66aa1097f49aec048f68274466f91ea738505588277dc88f1cd4b,24c2aa4fdaf72321ee311eeeb023714d65b6477b681b763519a40c830f2f1974,ad15b2efd317279f59d37769669c2799bdb5464c6f465c36a4510ca09c6b87a3,3933a2975ec8fec6576bfcc6a7ee3eda6f962d18a6d3fbeec89bbf87b78c55ca,c3e9a533789f94f0831cdd773c0f0c0d7dabf0bac55bf9112313ec004ffb636a,7d28bae3dacf7b8d82a5f0e664afdfb48ad29f8d5d69200972b774935dbb2e34,7d28bae3dacf7b8d82a5f0e664afdfb48ad29f8d5d69200972b774935dbb2e34,7d28bae3dacf7b8d82a5f0e664afdfb48ad29f8d5d69200972b774935dbb2e34,39128f4c489c57c61675e097b9c45e5fe39511ce47ab14c0e2fe6beaa53efe33,direct_provider,deepseek,https://api.deepseek.com,deepseek-v4-pro,https://api.deepseek.com/chat/completions,deepseek-v4-pro,d9102514b5e2faa30f57f404991f95b09ba2d2ad37cfdd73f3d1f753a62a6425,2c4dd0c6c5ff02722c25948a9dff956605b4658af78362cf2148e45742a2ee82,d914cfc97d9b99822a2b1313c16850fd7be529b097eb356dc8e8e7408a7a00a8,explicit,0,4096,omitted,,omitted,,omitted,,omitted,,omitted,,omitted,,omitted,,omitted,,omitted,,False,thinking.type=disabled,ffe557f53c63f7d0f7e35f80c03f61d8b3548db9e4f51e8dda020b28a920d875,provider_not_exposed,provider_not_exposed,False,,False,False,False,disabled,,,,0,0,0,0,0,0,none,mature_ssr_loop_protocol_v1_ecvs_safe_visible_only,0,0,0,0,0,0,0,,0,,0,"[""REQ_09_RMCZ4BDV"", ""LOCK_09_VDB4Z"", ""SCOPE_09_CZ4BD"", ""CHECK_09_MCZ4B"", ""ANCHOR_09_DB4ZC"", ""EDGE_09_Z4BDV"", ""FRONTIER_09_VDB4ZC"", ""MERGE_09_RMCVDB"", ""VERIFY_09_Z4BDV"", ""PLAN_09_4ZCMR"", ""CONTRACT_09_RMCZ4"", ""FINAL_09_VDB4DV""]",[],0,[],0,[],0,[],0,1,URLError: <urlopen error [Errno 1] Operation not permitted>,rerun_required,backend_error,11b1e004566a134a676a84aa699764febe5b39d35576f2df96073972a24cac5d,7c077ca2308714493d07163e1033c4282bd869ff6d477b3e77408587f95e2930,7c077ca2308714493d07163e1033c4282bd869ff6d477b3e77408587f95e2930,78b9c6a3aacba408617f72ae758c3638598dbade3a6cbb06098ca77fc0251e8c,d39ea2b08f8cb3326c2a8aff66525c0444e985c6639d26fcdb45b41c2e2a6307,released_raw_outputs/model_outputs/_probe_ecvs_deepseek_v4pro_harder_stress_v1_visiblecarry_vs_maturessrloop_15task_2method_3budget_1run/deepseek/mature_ssr_loop__harder_stress_v1_frontierpp_09_auth_claim_boundary__run_1__budget_1200.jsonl,1,50d19e2506bed2599adcb74111314ec0fbfd85cd10954a83d6025d32b2ddf299,00f261ad97e766fd70800dd7456ead812de7dee55ebfbe41d0d7a7d827ae050f,fad5826b530e5f3bc9827f90dbfd15f142b847fb612a51aeb3d530e3416022b2,_probe_ecvs_deepseek_v4pro_harder_stress_v1_visiblecarry_vs_maturessrloop_15task_2method_3budget_1run,ssr_loop,d239781121d1d6a6cd4cbcab5e859463831be69b2bcfc1a1884a2ada2c1ef299,f1670223cdb18cbebe5670181c127a5dc490184cc50ed55bb49cae0dd6b81125,"{""boundary_constraint_count"": 5, ""budgets_supported"": [300, 600, 1200], ""conditional_constraint_count"": 4, ""decoy_count"": 9, ""difficulty_factors"": [""decoy_overload"", ""overwrite_update"", ""conditional_allowed_state"", ""forbidden_boundary_pressure"", ""final_output_contract_pressure"", ""delayed_critical_constraint"", ""budget_pressure""], ""files_touched_estimate"": 2, ""method_specific_selection_used"": false, ""model_outcomes_used"": false, ""required_output_size"": 12, ""segment_count"": 15, ""source_candidate_id"": ""frontier_candidate_auth_claim_boundary"", ""strict_json_contract"": true, ""update_count"": 4}",649fa93b196242a19e144bd5297cf90abac45ad4aab2596921bacaa4f809894a,1,mature_ssr_loop_protocol_v1_ecvs_safe_visible_only,,,,,,,,
_probe_ecvs_deepseek_v4pro_harder_stress_v1_visiblecarry_vs_maturessrloop_15task_2method_3budget_1run:deepseek_v4pro:mature_ssr_loop:harder_stress_v1_frontierpp_09_auth_claim_boundary:budget_300:run_1,deepseek_v4pro,harder_stress_v1_frontierpp_09_auth_claim_boundary,diagnostic_controlled_frontier_plus,frontier_plus,security_boundary,,mature_ssr_loop,mature_ssr_loop,300,1,2026-06-19T08:58:36.386106+00:00,2026-06-19T08:58:38.428770+00:00,2026-06-19T08:58:36.386139+00:00,2026-06-19T08:58:38.414719+00:00,0.016,33146312feffa160a32e762c32a2b0a3b61464eaaeb147e93bec4f257a858730,34b5814df6e66aa1097f49aec048f68274466f91ea738505588277dc88f1cd4b,24c2aa4fdaf72321ee311eeeb023714d65b6477b681b763519a40c830f2f1974,ad15b2efd317279f59d37769669c2799bdb5464c6f465c36a4510ca09c6b87a3,5b020dc99d1abd01b64396198fea5eeff66212dfd043d40a571c82ec086b1387,c3e9a533789f94f0831cdd773c0f0c0d7dabf0bac55bf9112313ec004ffb636a,7d28bae3dacf7b8d82a5f0e664afdfb48ad29f8d5d69200972b774935dbb2e34,7d28bae3dacf7b8d82a5f0e664afdfb48ad29f8d5d69200972b774935dbb2e34,7d28bae3dacf7b8d82a5f0e664afdfb48ad29f8d5d69200972b774935dbb2e34,39128f4c489c57c61675e097b9c45e5fe39511ce47ab14c0e2fe6beaa53efe33,direct_provider,deepseek,https://api.deepseek.com,deepseek-v4-pro,https://api.deepseek.com/chat/completions,deepseek-v4-pro,d9102514b5e2faa30f57f404991f95b09ba2d2ad37cfdd73f3d1f753a62a6425,2c4dd0c6c5ff02722c25948a9dff956605b4658af78362cf2148e45742a2ee82,d914cfc97d9b99822a2b1313c16850fd7be529b097eb356dc8e8e7408a7a00a8,explicit,0,4096,omitted,,omitted,,omitted,,omitted,,omitted,,omitted,,omitted,,omitted,,omitted,,False,thinking.type=disabled,ffe557f53c63f7d0f7e35f80c03f61d8b3548db9e4f51e8dda020b28a920d875,provider_not_exposed,provider_not_exposed,False,,False,False,False,disabled,,,,0,0,0,0,0,0,none,mature_ssr_loop_protocol_v1_ecvs_safe_visible_only,0,0,0,0,0,0,0,,0,,0,"[""REQ_09_RMCZ4BDV"", ""LOCK_09_VDB4Z"", ""SCOPE_09_CZ4BD"", ""CHECK_09_MCZ4B"", ""ANCHOR_09_DB4ZC"", ""EDGE_09_Z4BDV"", ""FRONTIER_09_VDB4ZC"", ""MERGE_09_RMCVDB"", ""VERIFY_09_Z4BDV"", ""PLAN_09_4ZCMR"", ""CONTRACT_09_RMCZ4"", ""FINAL_09_VDB4DV""]",[],0,[],0,[],0,[],0,1,URLError: <urlopen error [Errno 1] Operation not permitted>,rerun_required,backend_error,87a2d7261da7ceb395f5f1ef09826e1c09f30814a6317cf4903c5a03870f79f7,7c077ca2308714493d07163e1033c4282bd869ff6d477b3e77408587f95e2930,7c077ca2308714493d07163e1033c4282bd869ff6d477b3e77408587f95e2930,78b9c6a3aacba408617f72ae758c3638598dbade3a6cbb06098ca77fc0251e8c,2ac0981afcf1fd18ad8e4f0ba32dbe577029066ef5946663e62a2d8e84a4bbde,released_raw_outputs/model_outputs/_probe_ecvs_deepseek_v4pro_harder_stress_v1_visiblecarry_vs_maturessrloop_15task_2method_3budget_1run/deepseek/mature_ssr_loop__harder_stress_v1_frontierpp_09_auth_claim_boundary__run_1__budget_300.jsonl,1,25f8fdde1b407217aa9caf237b3c2558f66c8bd3df0340dd1d7c7e63b83427d1,b5018249f1a943b1273102570c1f2d06396ee33147318e7fc3055fe925fb0666,ad20ac380864d7036d339f5b8fcff65d3ed884afec1ac98aef23131edfc7491c,_probe_ecvs_deepseek_v4pro_harder_stress_v1_visiblecarry_vs_maturessrloop_15task_2method_3budget_1run,ssr_loop,d239781121d1d6a6cd4cbcab5e859463831be69b2bcfc1a1884a2ada2c1ef299,f1670223cdb18cbebe5670181c127a5dc490184cc50ed55bb49cae0dd6b81125,"{""boundary_constraint_count"": 5, ""budgets_supported"": [300, 600, 1200], ""conditional_constraint_count"": 4, ""decoy_count"": 9, ""difficulty_factors"": [""decoy_overload"", ""overwrite_update"", ""conditional_allowed_state"", ""forbidden_boundary_pressure"", ""final_output_contract_pressure"", ""delayed_critical_constraint"", ""budget_pressure""], ""files_touched_estimate"": 2, ""method_specific_selection_used"": false, ""model_outcomes_used"": false, ""required_output_size"": 12, ""segment_count"": 15, ""source_candidate_id"": ""frontier_candidate_auth_claim_boundary"", ""strict_json_contract"": true, ""update_count"": 4}",649fa93b196242a19e144bd5297cf90abac45ad4aab2596921bacaa4f809894a,1,mature_ssr_loop_protocol_v1_ecvs_safe_visible_only,,,,,,,,
_probe_ecvs_deepseek_v4pro_harder_stress_v1_visiblecarry_vs_maturessrloop_15task_2method_3budget_1run:deepseek_v4pro:mature_ssr_loop:harder_stress_v1_frontierpp_09_auth_claim_boundary:budget_600:run_1,deepseek_v4pro,harder_stress_v1_frontierpp_09_auth_claim_boundary,diagnostic_controlled_frontier_plus,frontier_plus,security_boundary,,mature_ssr_loop,mature_ssr_loop,600,1,2026-06-19T08:58:36.386518+00:00,2026-06-19T08:58:38.410879+00:00,2026-06-19T08:58:36.386574+00:00,2026-06-19T08:58:38.398361+00:00,0.005,33146312feffa160a32e762c32a2b0a3b61464eaaeb147e93bec4f257a858730,34b5814df6e66aa1097f49aec048f68274466f91ea738505588277dc88f1cd4b,24c2aa4fdaf72321ee311eeeb023714d65b6477b681b763519a40c830f2f1974,ad15b2efd317279f59d37769669c2799bdb5464c6f465c36a4510ca09c6b87a3,c4b128c7ed5b9203e29c22125bb9ff1bbf86de2bbb02a77a94d7ffc0b956f032,c3e9a533789f94f0831cdd773c0f0c0d7dabf0bac55bf9112313ec004ffb636a,7d28bae3dacf7b8d82a5f0e664afdfb48ad29f8d5d69200972b774935dbb2e34,7d28bae3dacf7b8d82a5f0e664afdfb48ad29f8d5d69200972b774935dbb2e34,7d28bae3dacf7b8d82a5f0e664afdfb48ad29f8d5d69200972b774935dbb2e34,39128f4c489c57c61675e097b9c45e5fe39511ce47ab14c0e2fe6beaa53efe33,direct_provider,deepseek,https://api.deepseek.com,deepseek-v4-pro,https://api.deepseek.com/chat/completions,deepseek-v4-pro,d9102514b5e2faa30f57f404991f95b09ba2d2ad37cfdd73f3d1f753a62a6425,2c4dd0c6c5ff02722c25948a9dff956605b4658af78362cf2148e45742a2ee82,d914cfc97d9b99822a2b1313c16850fd7be529b097eb356dc8e8e7408a7a00a8,explicit,0,4096,omitted,,omitted,,omitted,,omitted,,omitted,,omitted,,omitted,,omitted,,omitted,,False,thinking.type=disabled,ffe557f53c63f7d0f7e35f80c03f61d8b3548db9e4f51e8dda020b28a920d875,provider_not_exposed,provider_not_exposed,False,,False,False,False,disabled,,,,0,0,0,0,0,0,none,mature_ssr_loop_protocol_v1_ecvs_safe_visible_only,0,0,0,0,0,0,0,,0,,0,"[""REQ_09_RMCZ4BDV"", ""LOCK_09_VDB4Z"", ""SCOPE_09_CZ4BD"", ""CHECK_09_MCZ4B"", ""ANCHOR_09_DB4ZC"", ""EDGE_09_Z4BDV"", ""FRONTIER_09_VDB4ZC"", ""MERGE_09_RMCVDB"", ""VERIFY_09_Z4BDV"", ""PLAN_09_4ZCMR"", ""CONTRACT_09_RMCZ4"", ""FINAL_09_VDB4DV""]",[],0,[],0,[],0,[],0,1,URLError: <urlopen error [Errno 1] Operation not permitted>,rerun_required,backend_error,193205f64ada224048dcb348e49efa8ec6650f02b536217f317f0ec2d07bc8c5,7c077ca2308714493d07163e1033c4282bd869ff6d477b3e77408587f95e2930,7c077ca2308714493d07163e1033c4282bd869ff6d477b3e77408587f95e2930,78b9c6a3aacba408617f72ae758c3638598dbade3a6cbb06098ca77fc0251e8c,5525f4aec10b166ff16bc22d2b3c3c897c842c9dc8a195f851667ee1c016b3fd,released_raw_outputs/model_outputs/_probe_ecvs_deepseek_v4pro_harder_stress_v1_visiblecarry_vs_maturessrloop_15task_2method_3budget_1run/deepseek/mature_ssr_loop__harder_stress_v1_frontierpp_09_auth_claim_boundary__run_1__budget_600.jsonl,1,8b330c4f3165f43107223329a0a2657705b9ac6d63ca5cf55c31511156e7a4c0,45eb7a3e95fa55ef841d4999498e787823d592246643180215c5f69ba07bcc4c,64326db1892af788c84a4155957e5697ab8a63c1c887cc9b7d62708e833f8002,_probe_ecvs_deepseek_v4pro_harder_stress_v1_visiblecarry_vs_maturessrloop_15task_2method_3budget_1run,ssr_loop,d239781121d1d6a6cd4cbcab5e859463831be69b2bcfc1a1884a2ada2c1ef299,f1670223cdb18cbebe5670181c127a5dc490184cc50ed55bb49cae0dd6b81125,"{""boundary_constraint_count"": 5, ""budgets_supported"": [300, 600, 1200], ""conditional_constraint_count"": 4, ""decoy_count"": 9, ""difficulty_factors"": [""decoy_overload"", ""overwrite_update"", ""conditional_allowed_state"", ""forbidden_boundary_pressure"", ""final_output_contract_pressure"", ""delayed_critical_constraint"", ""budget_pressure""], ""files_touched_estimate"": 2, ""method_specific_selection_used"": false, ""model_outcomes_used"": false, ""required_output_size"": 12, ""segment_count"": 15, ""source_candidate_id"": ""frontier_candidate_auth_claim_boundary"", ""strict_json_contract"": true, ""update_count"": 4}",649fa93b196242a19e144bd5297cf90abac45ad4aab2596921bacaa4f809894a,1,mature_ssr_loop_protocol_v1_ecvs_safe_visible_only,,,,,,,,
_probe_ecvs_deepseek_v4pro_harder_stress_v1_visiblecarry_vs_maturessrloop_15task_2method_3budget_1run:deepseek_v4pro:mature_ssr_loop:harder_stress_v1_frontierpp_10_build_matrix_compat:budget_1200:run_1,deepseek_v4pro,harder_stress_v1_frontierpp_10_build_matrix_compat,semi_real_repo_style_controlled_frontier_plus,frontier_plus,build_config_matrix,,mature_ssr_loop,mature_ssr_loop,1200,1,2026-06-19T08:58:36.387756+00:00,2026-06-19T08:58:38.430627+00:00,2026-06-19T08:58:36.387791+00:00,2026-06-19T08:58:38.413496+00:00,0.01,33146312feffa160a32e762c32a2b0a3b61464eaaeb147e93bec4f257a858730,238585ceb733650a4958514902e2934768c400f5690b5fe38d85f5d363ef93b4,24c2aa4fdaf72321ee311eeeb023714d65b6477b681b763519a40c830f2f1974,229fcfcd7cd6174d7ea6eb9097e6e2f750b5a5aa4ac798d333d166b4de7d961a,34d327cd7266638710bba0c8cc753efa6ce9d313bc0c4747cefc322b10ec849f,c3e9a533789f94f0831cdd773c0f0c0d7dabf0bac55bf9112313ec004ffb636a,7d28bae3dacf7b8d82a5f0e664afdfb48ad29f8d5d69200972b774935dbb2e34,7d28bae3dacf7b8d82a5f0e664afdfb48ad29f8d5d69200972b774935dbb2e34,7d28bae3dacf7b8d82a5f0e664afdfb48ad29f8d5d69200972b774935dbb2e34,39128f4c489c57c61675e097b9c45e5fe39511ce47ab14c0e2fe6beaa53efe33,direct_provider,deepseek,https://api.deepseek.com,deepseek-v4-pro,https://api.deepseek.com/chat/completions,deepseek-v4-pro,d9102514b5e2faa30f57f404991f95b09ba2d2ad37cfdd73f3d1f753a62a6425,2c4dd0c6c5ff02722c25948a9dff956605b4658af78362cf2148e45742a2ee82,d914cfc97d9b99822a2b1313c16850fd7be529b097eb356dc8e8e7408a7a00a8,explicit,0,4096,omitted,,omitted,,omitted,,omitted,,omitted,,omitted,,omitted,,omitted,,omitted,,False,thinking.type=disabled,ffe557f53c63f7d0f7e35f80c03f61d8b3548db9e4f51e8dda020b28a920d875,provider_not_exposed,provider_not_exposed,False,,False,False,False,disabled,,,,0,0,0,0,0,0,none,mature_ssr_loop_protocol_v1_ecvs_safe_visible_only,0,0,0,0,0,0,0,,0,,0,"[""REQ_10_BD5YAL7M"", ""LOCK_10_M7LAY"", ""SCOPE_10_5YAL7"", ""CHECK_10_D5YAL"", ""ANCHOR_10_7LAY5"", ""EDGE_10_YAL7M"", ""FRONTIER_10_M7LAY5"", ""MERGE_10_BD5M7L"", ""VERIFY_10_YAL7M"", ""PLAN_10_AY5DB"", ""CONTRACT_10_BD5YA"", ""FINAL_10_M7LA7M""]",[],0,[],0,[],0,[],0,1,URLError: <urlopen error [Errno 1] Operation not permitted>,rerun_required,backend_error,b5898450686496926866f77cb4064c9af10379207ba57cd44531aac2f75a685d,7c077ca2308714493d07163e1033c4282bd869ff6d477b3e77408587f95e2930,7c077ca2308714493d07163e1033c4282bd869ff6d477b3e77408587f95e2930,78b9c6a3aacba408617f72ae758c3638598dbade3a6cbb06098ca77fc0251e8c,ce23615c29215a90ad8552fe30fd7a135e9de8231b28f966f6dd63b9d0cc06b9,released_raw_outputs/model_outputs/_probe_ecvs_deepseek_v4pro_harder_stress_v1_visiblecarry_vs_maturessrloop_15task_2method_3budget_1run/deepseek/mature_ssr_loop__harder_stress_v1_frontierpp_10_build_matrix_compat__run_1__budget_1200.jsonl,1,4fc22de0dafa628f508a57153957f0218086b72886e32a9e9ff6e5298b2d6693,04f729ad0cbd56d1185eaaba4e035bd13b02e20f628ba48700135ffa1cbc3d51,da4687e11f155ee6ef9cb79a89c1bc6fc28f9df577c211766f6284dc6e7c4ea7,_probe_ecvs_deepseek_v4pro_harder_stress_v1_visiblecarry_vs_maturessrloop_15task_2method_3budget_1run,ssr_loop,d239781121d1d6a6cd4cbcab5e859463831be69b2bcfc1a1884a2ada2c1ef299,6468b2a1c3b53d84d153cfb23e17eb49b760ad82da5267c303d090717ca7400d,"{""boundary_constraint_count"": 3, ""budgets_supported"": [300, 600, 1200], ""conditional_constraint_count"": 3, ""decoy_count"": 8, ""difficulty_factors"": [""decoy_overload"", ""overwrite_update"", ""conditional_allowed_state"", ""multi_file_component_consistency"", ""distractor_segment"", ""final_output_contract_pressure"", ""budget_pressure""], ""files_touched_estimate"": 3, ""method_specific_selection_used"": false, ""model_outcomes_used"": false, ""required_output_size"": 11, ""segment_count"": 14, ""source_candidate_id"": ""frontier_candidate_build_matrix_compat"", ""strict_json_contract"": true, ""update_count"": 3}",649fa93b196242a19e144bd5297cf90abac45ad4aab2596921bacaa4f809894a,1,mature_ssr_loop_protocol_v1_ecvs_safe_visible_only,,,,,,,,
_probe_ecvs_deepseek_v4pro_harder_stress_v1_visiblecarry_vs_maturessrloop_15task_2method_3budget_1run:deepseek_v4pro:mature_ssr_loop:harder_stress_v1_frontierpp_10_build_matrix_compat:budget_300:run_1,deepseek_v4pro,harder_stress_v1_frontierpp_10_build_matrix_compat,semi_real_repo_style_controlled_frontier_plus,frontier_plus,build_config_matrix,,mature_ssr_loop,mature_ssr_loop,300,1,2026-06-19T08:58:36.387327+00:00,2026-06-19T08:58:38.413588+00:00,2026-06-19T08:58:36.387364+00:00,2026-06-19T08:58:38.395552+00:00,0.006,33146312feffa160a32e762c32a2b0a3b61464eaaeb147e93bec4f257a858730,238585ceb733650a4958514902e2934768c400f5690b5fe38d85f5d363ef93b4,24c2aa4fdaf72321ee311eeeb023714d65b6477b681b763519a40c830f2f1974,229fcfcd7cd6174d7ea6eb9097e6e2f750b5a5aa4ac798d333d166b4de7d961a,c617c60a677412d72ad8eabcbf656cc5aaa2afd8c5431996f01b02d4185eb81a,c3e9a533789f94f0831cdd773c0f0c0d7dabf0bac55bf9112313ec004ffb636a,7d28bae3dacf7b8d82a5f0e664afdfb48ad29f8d5d69200972b774935dbb2e34,7d28bae3dacf7b8d82a5f0e664afdfb48ad29f8d5d69200972b774935dbb2e34,7d28bae3dacf7b8d82a5f0e664afdfb48ad29f8d5d69200972b774935dbb2e34,39128f4c489c57c61675e097b9c45e5fe39511ce47ab14c0e2fe6beaa53efe33,direct_provider,deepseek,https://api.deepseek.com,deepseek-v4-pro,https://api.deepseek.com/chat/completions,deepseek-v4-pro,d9102514b5e2faa30f57f404991f95b09ba2d2ad37cfdd73f3d1f753a62a6425,2c4dd0c6c5ff02722c25948a9dff956605b4658af78362cf2148e45742a2ee82,d914cfc97d9b99822a2b1313c16850fd7be529b097eb356dc8e8e7408a7a00a8,explicit,0,4096,omitted,,omitted,,omitted,,omitted,,omitted,,omitted,,omitted,,omitted,,omitted,,False,thinking.type=disabled,ffe557f53c63f7d0f7e35f80c03f61d8b3548db9e4f51e8dda020b28a920d875,provider_not_exposed,provider_not_exposed,False,,False,False,False,disabled,,,,0,0,0,0,0,0,none,mature_ssr_loop_protocol_v1_ecvs_safe_visible_only,0,0,0,0,0,0,0,,0,,0,"[""REQ_10_BD5YAL7M"", ""LOCK_10_M7LAY"", ""SCOPE_10_5YAL7"", ""CHECK_10_D5YAL"", ""ANCHOR_10_7LAY5"", ""EDGE_10_YAL7M"", ""FRONTIER_10_M7LAY5"", ""MERGE_10_BD5M7L"", ""VERIFY_10_YAL7M"", ""PLAN_10_AY5DB"", ""CONTRACT_10_BD5YA"", ""FINAL_10_M7LA7M""]",[],0,[],0,[],0,[],0,1,URLError: <urlopen error [Errno 1] Operation not permitted>,rerun_required,backend_error,045150635675c89cb6a9c0a560a72057873d0b096c93e15957edb2941e255a64,7c077ca2308714493d07163e1033c4282bd869ff6d477b3e77408587f95e2930,7c077ca2308714493d07163e1033c4282bd869ff6d477b3e77408587f95e2930,78b9c6a3aacba408617f72ae758c3638598dbade3a6cbb06098ca77fc0251e8c,b46dca6f547727ef4ddf362c2f9cfee872ef1bf2e2f840b7299745467bd507d2,released_raw_outputs/model_outputs/_probe_ecvs_deepseek_v4pro_harder_stress_v1_visiblecarry_vs_maturessrloop_15task_2method_3budget_1run/deepseek/mature_ssr_loop__harder_stress_v1_frontierpp_10_build_matrix_compat__run_1__budget_300.jsonl,1,68417ded792d53bc5a693e921d714d54ba9f30e0ff77905b0311692b6ab713c6,325e5e70796521d3bbb9bef6dd8fb1d5efbdbbc6a5dbb6e8b19c6db52de49538,6804c76780d4f569837d0bb28eccba9abc3911fd92aad2e701b0e4390dc26ba5,_probe_ecvs_deepseek_v4pro_harder_stress_v1_visiblecarry_vs_maturessrloop_15task_2method_3budget_1run,ssr_loop,d239781121d1d6a6cd4cbcab5e859463831be69b2bcfc1a1884a2ada2c1ef299,6468b2a1c3b53d84d153cfb23e17eb49b760ad82da5267c303d090717ca7400d,"{""boundary_constraint_count"": 3, ""budgets_supported"": [300, 600, 1200], ""conditional_constraint_count"": 3, ""decoy_count"": 8, ""difficulty_factors"": [""decoy_overload"", ""overwrite_update"", ""conditional_allowed_state"", ""multi_file_component_consistency"", ""distractor_segment"", ""final_output_contract_pressure"", ""budget_pressure""], ""files_touched_estimate"": 3, ""method_specific_selection_used"": false, ""model_outcomes_used"": false, ""required_output_size"": 11, ""segment_count"": 14, ""source_candidate_id"": ""frontier_candidate_build_matrix_compat"", ""strict_json_contract"": true, ""update_count"": 3}",649fa93b196242a19e144bd5297cf90abac45ad4aab2596921bacaa4f809894a,1,mature_ssr_loop_protocol_v1_ecvs_safe_visible_only,,,,,,,,
_probe_ecvs_deepseek_v4pro_harder_stress_v1_visiblecarry_vs_maturessrloop_15task_2method_3budget_1run:deepseek_v4pro:mature_ssr_loop:harder_stress_v1_frontierpp_10_build_matrix_compat:budget_600:run_1,deepseek_v4pro,harder_stress_v1_frontierpp_10_build_matrix_compat,semi_real_repo_style_controlled_frontier_plus,frontier_plus,build_config_matrix,,mature_ssr_loop,mature_ssr_loop,600,1,2026-06-19T08:58:36.387653+00:00,2026-06-19T08:58:38.415423+00:00,2026-06-19T08:58:36.387686+00:00,2026-06-19T08:58:38.404608+00:00,0.01,33146312feffa160a32e762c32a2b0a3b61464eaaeb147e93bec4f257a858730,238585ceb733650a4958514902e2934768c400f5690b5fe38d85f5d363ef93b4,24c2aa4fdaf72321ee311eeeb023714d65b6477b681b763519a40c830f2f1974,229fcfcd7cd6174d7ea6eb9097e6e2f750b5a5aa4ac798d333d166b4de7d961a,a545d463e7db22ca227d4704dbc448216aa0db7cc9e861bd98e2df68ee1d09f0,c3e9a533789f94f0831cdd773c0f0c0d7dabf0bac55bf9112313ec004ffb636a,7d28bae3dacf7b8d82a5f0e664afdfb48ad29f8d5d69200972b774935dbb2e34,7d28bae3dacf7b8d82a5f0e664afdfb48ad29f8d5d69200972b774935dbb2e34,7d28bae3dacf7b8d82a5f0e664afdfb48ad29f8d5d69200972b774935dbb2e34,39128f4c489c57c61675e097b9c45e5fe39511ce47ab14c0e2fe6beaa53efe33,direct_provider,deepseek,https://api.deepseek.com,deepseek-v4-pro,https://api.deepseek.com/chat/completions,deepseek-v4-pro,d9102514b5e2faa30f57f404991f95b09ba2d2ad37cfdd73f3d1f753a62a6425,2c4dd0c6c5ff02722c25948a9dff956605b4658af78362cf2148e45742a2ee82,d914cfc97d9b99822a2b1313c16850fd7be529b097eb356dc8e8e7408a7a00a8,explicit,0,4096,omitted,,omitted,,omitted,,omitted,,omitted,,omitted,,omitted,,omitted,,omitted,,False,thinking.type=disabled,ffe557f53c63f7d0f7e35f80c03f61d8b3548db9e4f51e8dda020b28a920d875,provider_not_exposed,provider_not_exposed,False,,False,False,False,disabled,,,,0,0,0,0,0,0,none,mature_ssr_loop_protocol_v1_ecvs_safe_visible_only,0,0,0,0,0,0,0,,0,,0,"[""REQ_10_BD5YAL7M"", ""LOCK_10_M7LAY"", ""SCOPE_10_5YAL7"", ""CHECK_10_D5YAL"", ""ANCHOR_10_7LAY5"", ""EDGE_10_YAL7M"", ""FRONTIER_10_M7LAY5"", ""MERGE_10_BD5M7L"", ""VERIFY_10_YAL7M"", ""PLAN_10_AY5DB"", ""CONTRACT_10_BD5YA"", ""FINAL_10_M7LA7M""]",[],0,[],0,[],0,[],0,1,URLError: <urlopen error [Errno 1] Operation not permitted>,rerun_required,backend_error,7a20fd78ee4b92f5a3b446c83dcb2a9a9f2391a8174cdcdc9c7fcca901219615,7c077ca2308714493d07163e1033c4282bd869ff6d477b3e77408587f95e2930,7c077ca2308714493d07163e1033c4282bd869ff6d477b3e77408587f95e2930,78b9c6a3aacba408617f72ae758c3638598dbade3a6cbb06098ca77fc0251e8c,c1bb93d6d75a3457860b51c52270c42bc7a21c94686030f4dcaab1694149426b,released_raw_outputs/model_outputs/_probe_ecvs_deepseek_v4pro_harder_stress_v1_visiblecarry_vs_maturessrloop_15task_2method_3budget_1run/deepseek/mature_ssr_loop__harder_stress_v1_frontierpp_10_build_matrix_compat__run_1__budget_600.jsonl,1,693bc126934428d813e291ca007713b4c8a7112cd47f2b199d334ff6c746704b,7c83cac2f596c133ebfcae82927a7ec178c051cea9fc9ba5141fa251906733ea,3d979ae25ef55e817c45216dbb897156d5f651d7133abc6c3fa7820aa3cec7eb,_probe_ecvs_deepseek_v4pro_harder_stress_v1_visiblecarry_vs_maturessrloop_15task_2method_3budget_1run,ssr_loop,d239781121d1d6a6cd4cbcab5e859463831be69b2bcfc1a1884a2ada2c1ef299,6468b2a1c3b53d84d153cfb23e17eb49b760ad82da5267c303d090717ca7400d,"{""boundary_constraint_count"": 3, ""budgets_supported"": [300, 600, 1200], ""conditional_constraint_count"": 3, ""decoy_count"": 8, ""difficulty_factors"": [""decoy_overload"", ""overwrite_update"", ""conditional_allowed_state"", ""multi_file_component_consistency"", ""distractor_segment"", ""final_output_contract_pressure"", ""budget_pressure""], ""files_touched_estimate"": 3, ""method_specific_selection_used"": false, ""model_outcomes_used"": false, ""required_output_size"": 11, ""segment_count"": 14, ""source_candidate_id"": ""frontier_candidate_build_matrix_compat"", ""strict_json_contract"": true, ""update_count"": 3}",649fa93b196242a19e144bd5297cf90abac45ad4aab2596921bacaa4f809894a,1,mature_ssr_loop_protocol_v1_ecvs_safe_visible_only,,,,,,,,
_probe_ecvs_deepseek_v4pro_harder_stress_v1_visiblecarry_vs_maturessrloop_15task_2method_3budget_1run:deepseek_v4pro:mature_ssr_loop:harder_stress_v1_realswe_01_django_upload_path_boundary:budget_1200:run_1,deepseek_v4pro,harder_stress_v1_realswe_01_django_upload_path_boundary,real_swe_style_controlled_plus,real_swe_plus,path_security_boundary,,mature_ssr_loop,mature_ssr_loop,1200,1,2026-06-19T08:58:36.388729+00:00,2026-06-19T08:58:38.429011+00:00,2026-06-19T08:58:36.388760+00:00,2026-06-19T08:58:38.402461+00:00,0.007,33146312feffa160a32e762c32a2b0a3b61464eaaeb147e93bec4f257a858730,1db73a038b8f80cba85f08968de0630f60078867fac02d2f124363411d4e6152,24c2aa4fdaf72321ee311eeeb023714d65b6477b681b763519a40c830f2f1974,c0e6ab9c861e910895a812ca0f38f41dd2e0ca2dc6fcba2fea6708f45fa4ba85,760c78923505deb081c4505ce2f546be852494f40fabbba22e8cbbdfdb142297,c3e9a533789f94f0831cdd773c0f0c0d7dabf0bac55bf9112313ec004ffb636a,7d28bae3dacf7b8d82a5f0e664afdfb48ad29f8d5d69200972b774935dbb2e34,7d28bae3dacf7b8d82a5f0e664afdfb48ad29f8d5d69200972b774935dbb2e34,7d28bae3dacf7b8d82a5f0e664afdfb48ad29f8d5d69200972b774935dbb2e34,39128f4c489c57c61675e097b9c45e5fe39511ce47ab14c0e2fe6beaa53efe33,direct_provider,deepseek,https://api.deepseek.com,deepseek-v4-pro,https://api.deepseek.com/chat/completions,deepseek-v4-pro,d9102514b5e2faa30f57f404991f95b09ba2d2ad37cfdd73f3d1f753a62a6425,2c4dd0c6c5ff02722c25948a9dff956605b4658af78362cf2148e45742a2ee82,d914cfc97d9b99822a2b1313c16850fd7be529b097eb356dc8e8e7408a7a00a8,explicit,0,4096,omitted,,omitted,,omitted,,omitted,,omitted,,omitted,,omitted,,omitted,,omitted,,False,thinking.type=disabled,ffe557f53c63f7d0f7e35f80c03f61d8b3548db9e4f51e8dda020b28a920d875,provider_not_exposed,provider_not_exposed,False,,False,False,False,disabled,,,,0,0,0,0,0,0,none,mature_ssr_loop_protocol_v1_ecvs_safe_visible_only,0,0,0,0,0,0,0,,0,,0,"[""REQ_01_YA4SS7TE"", ""LOCK_01_ET7SS"", ""SCOPE_01_4SS7T"", ""CHECK_01_A4SS7"", ""ANCHOR_01_T7SS4"", ""EDGE_01_SS7TE"", ""FRONTIER_01_ET7SS4"", ""MERGE_01_YA4ET7"", ""VERIFY_01_SS7TE"", ""PLAN_01_SS4AY"", ""CONTRACT_01_YA4SS"", ""FINAL_01_ET7STE""]",[],0,[],0,[],0,[],0,1,URLError: <urlopen error [Errno 1] Operation not permitted>,rerun_required,backend_error,1c7be7dacd83431695f22b995172d773e99406b68a40e713422c064e9ab5ba1a,7c077ca2308714493d07163e1033c4282bd869ff6d477b3e77408587f95e2930,7c077ca2308714493d07163e1033c4282bd869ff6d477b3e77408587f95e2930,78b9c6a3aacba408617f72ae758c3638598dbade3a6cbb06098ca77fc0251e8c,eda9c1b58e6456340ec86e087fd493691c54d7454a7b10ec5a0fcd957b123f75,released_raw_outputs/model_outputs/_probe_ecvs_deepseek_v4pro_harder_stress_v1_visiblecarry_vs_maturessrloop_15task_2method_3budget_1run/deepseek/mature_ssr_loop__harder_stress_v1_realswe_01_django_upload_path_boundary__run_1__budget_1200.jsonl,1,2a0e59a6b5147922b3e6443b2efa862d8c7a10deffff05ace756e1fc3c1d4b84,a252b9c0ccaa126694626ad519334f37f01ba41639ff6c309dcce4617d45db40,64e6dde81b619ed8a412aee1ed99f1742fc72d76d9b5211947fe2776dd320de3,_probe_ecvs_deepseek_v4pro_harder_stress_v1_visiblecarry_vs_maturessrloop_15task_2method_3budget_1run,ssr_loop,d239781121d1d6a6cd4cbcab5e859463831be69b2bcfc1a1884a2ada2c1ef299,2cc56050dca06d1a174ba1c389a479223fb92b93b30bc99f265984a6f142509c,"{""boundary_constraint_count"": 5, ""budgets_supported"": [300, 600, 1200], ""conditional_constraint_count"": 3, ""config_path_sensitivity"": 5, ""decoy_count"": 8, ""difficulty_factors"": [""decoy_overload"", ""overwrite_update"", ""conditional_allowed_state"", ""forbidden_boundary_pressure"", ""multi_file_component_consistency"", ""budget_pressure""], ""files_touched_estimate"": 2, ""method_specific_selection_used"": false, ""model_outcomes_used"": false, ""required_output_size"": 11, ""segment_count"": 14, ""source_candidate_id"": ""realstyle_candidate_django_upload_path_boundary"", ""strict_json_contract"": true, ""test_contract_complexity"": 4, ""update_count"": 3}",649fa93b196242a19e144bd5297cf90abac45ad4aab2596921bacaa4f809894a,1,mature_ssr_loop_protocol_v1_ecvs_safe_visible_only,,,,,,,,
_probe_ecvs_deepseek_v4pro_harder_stress_v1_visiblecarry_vs_maturessrloop_15task_2method_3budget_1run:deepseek_v4pro:mature_ssr_loop:harder_stress_v1_realswe_01_django_upload_path_boundary:budget_300:run_1,deepseek_v4pro,harder_stress_v1_realswe_01_django_upload_path_boundary,real_swe_style_controlled_plus,real_swe_plus,path_security_boundary,,mature_ssr_loop,mature_ssr_loop,300,1,2026-06-19T08:58:36.388304+00:00,2026-06-19T08:58:38.413101+00:00,2026-06-19T08:58:36.388336+00:00,2026-06-19T08:58:38.404692+00:00,0.01,33146312feffa160a32e762c32a2b0a3b61464eaaeb147e93bec4f257a858730,1db73a038b8f80cba85f08968de0630f60078867fac02d2f124363411d4e6152,24c2aa4fdaf72321ee311eeeb023714d65b6477b681b763519a40c830f2f1974,c0e6ab9c861e910895a812ca0f38f41dd2e0ca2dc6fcba2fea6708f45fa4ba85,07b88cb807b412bb857eef05fc36375b8b1021e1a5def32be464f624e5c3a272,c3e9a533789f94f0831cdd773c0f0c0d7dabf0bac55bf9112313ec004ffb636a,7d28bae3dacf7b8d82a5f0e664afdfb48ad29f8d5d69200972b774935dbb2e34,7d28bae3dacf7b8d82a5f0e664afdfb48ad29f8d5d69200972b774935dbb2e34,7d28bae3dacf7b8d82a5f0e664afdfb48ad29f8d5d69200972b774935dbb2e34,39128f4c489c57c61675e097b9c45e5fe39511ce47ab14c0e2fe6beaa53efe33,direct_provider,deepseek,https://api.deepseek.com,deepseek-v4-pro,https://api.deepseek.com/chat/completions,deepseek-v4-pro,d9102514b5e2faa30f57f404991f95b09ba2d2ad37cfdd73f3d1f753a62a6425,2c4dd0c6c5ff02722c25948a9dff956605b4658af78362cf2148e45742a2ee82,d914cfc97d9b99822a2b1313c16850fd7be529b097eb356dc8e8e7408a7a00a8,explicit,0,4096,omitted,,omitted,,omitted,,omitted,,omitted,,omitted,,omitted,,omitted,,omitted,,False,thinking.type=disabled,ffe557f53c63f7d0f7e35f80c03f61d8b3548db9e4f51e8dda020b28a920d875,provider_not_exposed,provider_not_exposed,False,,False,False,False,disabled,,,,0,0,0,0,0,0,none,mature_ssr_loop_protocol_v1_ecvs_safe_visible_only,0,0,0,0,0,0,0,,0,,0,"[""REQ_01_YA4SS7TE"", ""LOCK_01_ET7SS"", ""SCOPE_01_4SS7T"", ""CHECK_01_A4SS7"", ""ANCHOR_01_T7SS4"", ""EDGE_01_SS7TE"", ""FRONTIER_01_ET7SS4"", ""MERGE_01_YA4ET7"", ""VERIFY_01_SS7TE"", ""PLAN_01_SS4AY"", ""CONTRACT_01_YA4SS"", ""FINAL_01_ET7STE""]",[],0,[],0,[],0,[],0,1,URLError: <urlopen error [Errno 1] Operation not permitted>,rerun_required,backend_error,9a4489afdcde0455364a68d13e40b8087c26fa61c5cd6894691bd01e1977852b,7c077ca2308714493d07163e1033c4282bd869ff6d477b3e77408587f95e2930,7c077ca2308714493d07163e1033c4282bd869ff6d477b3e77408587f95e2930,78b9c6a3aacba408617f72ae758c3638598dbade3a6cbb06098ca77fc0251e8c,68b65db1127f39cdb29bb641ac3402e2e3d1b87a378a55b35e3bdc2074799baa,released_raw_outputs/model_outputs/_probe_ecvs_deepseek_v4pro_harder_stress_v1_visiblecarry_vs_maturessrloop_15task_2method_3budget_1run/deepseek/mature_ssr_loop__harder_stress_v1_realswe_01_django_upload_path_boundary__run_1__budget_300.jsonl,1,7b849175df3042987dec6d0419fde9b212313e021245a79bb8c60c5cca365414,50c26a621bb6c7588814b35d8d2e98481d931334b982c7bb2ab2660e568fbd7b,9ab4dd04f88b224f3621c63fdada8f9f77067685bcc355dafddf20448ad1b373,_probe_ecvs_deepseek_v4pro_harder_stress_v1_visiblecarry_vs_maturessrloop_15task_2method_3budget_1run,ssr_loop,d239781121d1d6a6cd4cbcab5e859463831be69b2bcfc1a1884a2ada2c1ef299,2cc56050dca06d1a174ba1c389a479223fb92b93b30bc99f265984a6f142509c,"{""boundary_constraint_count"": 5, ""budgets_supported"": [300, 600, 1200], ""conditional_constraint_count"": 3, ""config_path_sensitivity"": 5, ""decoy_count"": 8, ""difficulty_factors"": [""decoy_overload"", ""overwrite_update"", ""conditional_allowed_state"", ""forbidden_boundary_pressure"", ""multi_file_component_consistency"", ""budget_pressure""], ""files_touched_estimate"": 2, ""method_specific_selection_used"": false, ""model_outcomes_used"": false, ""required_output_size"": 11, ""segment_count"": 14, ""source_candidate_id"": ""realstyle_candidate_django_upload_path_boundary"", ""strict_json_contract"": true, ""test_contract_complexity"": 4, ""update_count"": 3}",649fa93b196242a19e144bd5297cf90abac45ad4aab2596921bacaa4f809894a,1,mature_ssr_loop_protocol_v1_ecvs_safe_visible_only,,,,,,,,
_probe_ecvs_deepseek_v4pro_harder_stress_v1_visiblecarry_vs_maturessrloop_15task_2method_3budget_1run:deepseek_v4pro:mature_ssr_loop:harder_stress_v1_realswe_01_django_upload_path_boundary:budget_600:run_1,deepseek_v4pro,harder_stress_v1_realswe_01_django_upload_path_boundary,real_swe_style_controlled_plus,real_swe_plus,path_security_boundary,,mature_ssr_loop,mature_ssr_loop,600,1,2026-06-19T08:58:36.388872+00:00,2026-06-19T08:58:38.424006+00:00,2026-06-19T08:58:36.388919+00:00,2026-06-19T08:58:38.412827+00:00,0.018,33146312feffa160a32e762c32a2b0a3b61464eaaeb147e93bec4f257a858730,1db73a038b8f80cba85f08968de0630f60078867fac02d2f124363411d4e6152,24c2aa4fdaf72321ee311eeeb023714d65b6477b681b763519a40c830f2f1974,c0e6ab9c861e910895a812ca0f38f41dd2e0ca2dc6fcba2fea6708f45fa4ba85,930acf210c1a469de617fb0db193c8a7c5b46f61700274ed52020cd3a06e7784,c3e9a533789f94f0831cdd773c0f0c0d7dabf0bac55bf9112313ec004ffb636a,7d28bae3dacf7b8d82a5f0e664afdfb48ad29f8d5d69200972b774935dbb2e34,7d28bae3dacf7b8d82a5f0e664afdfb48ad29f8d5d69200972b774935dbb2e34,7d28bae3dacf7b8d82a5f0e664afdfb48ad29f8d5d69200972b774935dbb2e34,39128f4c489c57c61675e097b9c45e5fe39511ce47ab14c0e2fe6beaa53efe33,direct_provider,deepseek,https://api.deepseek.com,deepseek-v4-pro,https://api.deepseek.com/chat/completions,deepseek-v4-pro,d9102514b5e2faa30f57f404991f95b09ba2d2ad37cfdd73f3d1f753a62a6425,2c4dd0c6c5ff02722c25948a9dff956605b4658af78362cf2148e45742a2ee82,d914cfc97d9b99822a2b1313c16850fd7be529b097eb356dc8e8e7408a7a00a8,explicit,0,4096,omitted,,omitted,,omitted,,omitted,,omitted,,omitted,,omitted,,omitted,,omitted,,False,thinking.type=disabled,ffe557f53c63f7d0f7e35f80c03f61d8b3548db9e4f51e8dda020b28a920d875,provider_not_exposed,provider_not_exposed,False,,False,False,False,disabled,,,,0,0,0,0,0,0,none,mature_ssr_loop_protocol_v1_ecvs_safe_visible_only,0,0,0,0,0,0,0,,0,,0,"[""REQ_01_YA4SS7TE"", ""LOCK_01_ET7SS"", ""SCOPE_01_4SS7T"", ""CHECK_01_A4SS7"", ""ANCHOR_01_T7SS4"", ""EDGE_01_SS7TE"", ""FRONTIER_01_ET7SS4"", ""MERGE_01_YA4ET7"", ""VERIFY_01_SS7TE"", ""PLAN_01_SS4AY"", ""CONTRACT_01_YA4SS"", ""FINAL_01_ET7STE""]",[],0,[],0,[],0,[],0,1,URLError: <urlopen error [Errno 1] Operation not permitted>,rerun_required,backend_error,16fea5fc0cca90ecf5356bfb8cd879081fb03110f4b56cb4e4731da138ba3938,7c077ca2308714493d07163e1033c4282bd869ff6d477b3e77408587f95e2930,7c077ca2308714493d07163e1033c4282bd869ff6d477b3e77408587f95e2930,78b9c6a3aacba408617f72ae758c3638598dbade3a6cbb06098ca77fc0251e8c,bc2b4a67f22515a2ee0b1445524bc6cb240f5d20e1cf5c5c0834aa6519908362,released_raw_outputs/model_outputs/_probe_ecvs_deepseek_v4pro_harder_stress_v1_visiblecarry_vs_maturessrloop_15task_2method_3budget_1run/deepseek/mature_ssr_loop__harder_stress_v1_realswe_01_django_upload_path_boundary__run_1__budget_600.jsonl,1,6793ac6487534fb96a011bd18392e4bb76e4e13cf1385062c17a7034067d3188,ecc21a3c6e74f6d3eba7ba01865c23490c93427c0a77d7cedf1548ad78860cb1,8c78283d52bfef5369f520d160a80413984279fa24140981a4e39694f3e66732,_probe_ecvs_deepseek_v4pro_harder_stress_v1_visiblecarry_vs_maturessrloop_15task_2method_3budget_1run,ssr_loop,d239781121d1d6a6cd4cbcab5e859463831be69b2bcfc1a1884a2ada2c1ef299,2cc56050dca06d1a174ba1c389a479223fb92b93b30bc99f265984a6f142509c,"{""boundary_constraint_count"": 5, ""budgets_supported"": [300, 600, 1200], ""conditional_constraint_count"": 3, ""config_path_sensitivity"": 5, ""decoy_count"": 8, ""difficulty_factors"": [""decoy_overload"", ""overwrite_update"", ""conditional_allowed_state"", ""forbidden_boundary_pressure"", ""multi_file_component_consistency"", ""budget_pressure""], ""files_touched_estimate"": 2, ""method_specific_selection_used"": false, ""model_outcomes_used"": false, ""required_output_size"": 11, ""segment_count"": 14, ""source_candidate_id"": ""realstyle_candidate_django_upload_path_boundary"", ""strict_json_contract"": true, ""test_contract_complexity"": 4, ""update_count"": 3}",649fa93b196242a19e144bd5297cf90abac45ad4aab2596921bacaa4f809894a,1,mature_ssr_loop_protocol_v1_ecvs_safe_visible_only,,,,,,,,
_probe_ecvs_deepseek_v4pro_harder_stress_v1_visiblecarry_vs_maturessrloop_15task_2method_3budget_1run:deepseek_v4pro:mature_ssr_loop:harder_stress_v1_realswe_02_requests_proxy_redirect_auth:budget_1200:run_1,deepseek_v4pro,harder_stress_v1_realswe_02_requests_proxy_redirect_auth,real_swe_style_controlled_plus,real_swe_plus,network_auth_boundary,,mature_ssr_loop,mature_ssr_loop,1200,1,2026-06-19T08:58:36.390269+00:00,2026-06-19T08:58:38.422576+00:00,2026-06-19T08:58:36.390296+00:00,2026-06-19T08:58:38.406394+00:00,0.012,33146312feffa160a32e762c32a2b0a3b61464eaaeb147e93bec4f257a858730,788201e978ef8757927f19ca9f6786fb0c7034e9c2464e97b9a2c390f754a1db,24c2aa4fdaf72321ee311eeeb023714d65b6477b681b763519a40c830f2f1974,a88a608eac743207085093b331252567a461c4ed62aca3f571cc614054237a6a,2248c6b6367f81c205aba563114928f0f9f50b75e66a936b9945875709d8995a,c3e9a533789f94f0831cdd773c0f0c0d7dabf0bac55bf9112313ec004ffb636a,7d28bae3dacf7b8d82a5f0e664afdfb48ad29f8d5d69200972b774935dbb2e34,7d28bae3dacf7b8d82a5f0e664afdfb48ad29f8d5d69200972b774935dbb2e34,7d28bae3dacf7b8d82a5f0e664afdfb48ad29f8d5d69200972b774935dbb2e34,39128f4c489c57c61675e097b9c45e5fe39511ce47ab14c0e2fe6beaa53efe33,direct_provider,deepseek,https://api.deepseek.com,deepseek-v4-pro,https://api.deepseek.com/chat/completions,deepseek-v4-pro,d9102514b5e2faa30f57f404991f95b09ba2d2ad37cfdd73f3d1f753a62a6425,2c4dd0c6c5ff02722c25948a9dff956605b4658af78362cf2148e45742a2ee82,d914cfc97d9b99822a2b1313c16850fd7be529b097eb356dc8e8e7408a7a00a8,explicit,0,4096,omitted,,omitted,,omitted,,omitted,,omitted,,omitted,,omitted,,omitted,,omitted,,False,thinking.type=disabled,ffe557f53c63f7d0f7e35f80c03f61d8b3548db9e4f51e8dda020b28a920d875,provider_not_exposed,provider_not_exposed,False,,False,False,False,disabled,,,,0,0,0,0,0,0,none,mature_ssr_loop_protocol_v1_ecvs_safe_visible_only,0,0,0,0,0,0,0,,0,,0,"[""REQ_02_NYX5B9NF"", ""LOCK_02_FN9B5"", ""SCOPE_02_X5B9N"", ""CHECK_02_YX5B9"", ""ANCHOR_02_N9B5X"", ""EDGE_02_5B9NF"", ""FRONTIER_02_FN9B5X"", ""MERGE_02_NYXFN9"", ""VERIFY_02_5B9NF"", ""PLAN_02_B5XYN"", ""CONTRACT_02_NYX5B"", ""FINAL_02_FN9BNF""]",[],0,[],0,[],0,[],0,1,URLError: <urlopen error [Errno 1] Operation not permitted>,rerun_required,backend_error,ed3be6b5a98cead6edf8a154b7c93b04d508ea9a1e58869dc1312c6de9d14332,7c077ca2308714493d07163e1033c4282bd869ff6d477b3e77408587f95e2930,7c077ca2308714493d07163e1033c4282bd869ff6d477b3e77408587f95e2930,78b9c6a3aacba408617f72ae758c3638598dbade3a6cbb06098ca77fc0251e8c,0ce0cd56372cb5b9d7a1f797c2f43a53e692b55c976c7ce51a7881053b2733ff,released_raw_outputs/model_outputs/_probe_ecvs_deepseek_v4pro_harder_stress_v1_visiblecarry_vs_maturessrloop_15task_2method_3budget_1run/deepseek/mature_ssr_loop__harder_stress_v1_realswe_02_requests_proxy_redirect_auth__run_1__budget_1200.jsonl,1,3ad6effc449ccc3eb689ee4ff21f1ed773708aee71e126d276d18e79052d3082,71ed8b1a2ae676559ef7e4113037872bfbe22bed007219b8f4201ecaade8ad16,4f95681cde876ee8b7b47c1e0185d1a9028d650b849fe8d72ed3519776575888,_probe_ecvs_deepseek_v4pro_harder_stress_v1_visiblecarry_vs_maturessrloop_15task_2method_3budget_1run,ssr_loop,d239781121d1d6a6cd4cbcab5e859463831be69b2bcfc1a1884a2ada2c1ef299,5a9f5ac7be50f19bb9bc52f18619bb9ec8b5bd964116d6ca4a3fa9e027a7dd08,"{""boundary_constraint_count"": 6, ""budgets_supported"": [300, 600, 1200], ""conditional_constraint_count"": 4, ""conflicting_deprecated_api_mentions"": 4, ""decoy_count"": 9, ""difficulty_factors"": [""decoy_overload"", ""overwrite_update"", ""conditional_allowed_state"", ""forbidden_boundary_pressure"", ""multi_file_component_consistency"", ""plan_consistency"", ""budget_pressure""], ""files_touched_estimate"": 2, ""method_specific_selection_used"": false, ""model_outcomes_used"": false, ""required_output_size"": 12, ""security_boundary_relevance"": 5, ""segment_count"": 15, ""source_candidate_id"": ""realstyle_candidate_requests_proxy_redirect_auth"", ""strict_json_contract"": true, ""update_count"": 4}",649fa93b196242a19e144bd5297cf90abac45ad4aab2596921bacaa4f809894a,1,mature_ssr_loop_protocol_v1_ecvs_safe_visible_only,,,,,,,,
_probe_ecvs_deepseek_v4pro_harder_stress_v1_visiblecarry_vs_maturessrloop_15task_2method_3budget_1run:deepseek_v4pro:mature_ssr_loop:harder_stress_v1_realswe_02_requests_proxy_redirect_auth:budget_300:run_1,deepseek_v4pro,harder_stress_v1_realswe_02_requests_proxy_redirect_auth,real_swe_style_controlled_plus,real_swe_plus,network_auth_boundary,,mature_ssr_loop,mature_ssr_loop,300,1,2026-06-19T08:58:36.389743+00:00,2026-06-19T08:58:38.410491+00:00,2026-06-19T08:58:36.389779+00:00,2026-06-19T08:58:38.402315+00:00,0.009,33146312feffa160a32e762c32a2b0a3b61464eaaeb147e93bec4f257a858730,788201e978ef8757927f19ca9f6786fb0c7034e9c2464e97b9a2c390f754a1db,24c2aa4fdaf72321ee311eeeb023714d65b6477b681b763519a40c830f2f1974,a88a608eac743207085093b331252567a461c4ed62aca3f571cc614054237a6a,7aabf9569f523b426f86927f5db7a465f57d81935824537e7d8507dfc637dcf4,c3e9a533789f94f0831cdd773c0f0c0d7dabf0bac55bf9112313ec004ffb636a,7d28bae3dacf7b8d82a5f0e664afdfb48ad29f8d5d69200972b774935dbb2e34,7d28bae3dacf7b8d82a5f0e664afdfb48ad29f8d5d69200972b774935dbb2e34,7d28bae3dacf7b8d82a5f0e664afdfb48ad29f8d5d69200972b774935dbb2e34,39128f4c489c57c61675e097b9c45e5fe39511ce47ab14c0e2fe6beaa53efe33,direct_provider,deepseek,https://api.deepseek.com,deepseek-v4-pro,https://api.deepseek.com/chat/completions,deepseek-v4-pro,d9102514b5e2faa30f57f404991f95b09ba2d2ad37cfdd73f3d1f753a62a6425,2c4dd0c6c5ff02722c25948a9dff956605b4658af78362cf2148e45742a2ee82,d914cfc97d9b99822a2b1313c16850fd7be529b097eb356dc8e8e7408a7a00a8,explicit,0,4096,omitted,,omitted,,omitted,,omitted,,omitted,,omitted,,omitted,,omitted,,omitted,,False,thinking.type=disabled,ffe557f53c63f7d0f7e35f80c03f61d8b3548db9e4f51e8dda020b28a920d875,provider_not_exposed,provider_not_exposed,False,,False,False,False,disabled,,,,0,0,0,0,0,0,none,mature_ssr_loop_protocol_v1_ecvs_safe_visible_only,0,0,0,0,0,0,0,,0,,0,"[""REQ_02_NYX5B9NF"", ""LOCK_02_FN9B5"", ""SCOPE_02_X5B9N"", ""CHECK_02_YX5B9"", ""ANCHOR_02_N9B5X"", ""EDGE_02_5B9NF"", ""FRONTIER_02_FN9B5X"", ""MERGE_02_NYXFN9"", ""VERIFY_02_5B9NF"", ""PLAN_02_B5XYN"", ""CONTRACT_02_NYX5B"", ""FINAL_02_FN9BNF""]",[],0,[],0,[],0,[],0,1,URLError: <urlopen error [Errno 1] Operation not permitted>,rerun_required,backend_error,d86a21f9e7adf1375277670e358f02b569b7000dea426f1be8744dab46c7cc16,7c077ca2308714493d07163e1033c4282bd869ff6d477b3e77408587f95e2930,7c077ca2308714493d07163e1033c4282bd869ff6d477b3e77408587f95e2930,78b9c6a3aacba408617f72ae758c3638598dbade3a6cbb06098ca77fc0251e8c,c08ae96c631d3b18da966857d0714474e1c4e5f12e8961cc9e28460756385bd7,released_raw_outputs/model_outputs/_probe_ecvs_deepseek_v4pro_harder_stress_v1_visiblecarry_vs_maturessrloop_15task_2method_3budget_1run/deepseek/mature_ssr_loop__harder_stress_v1_realswe_02_requests_proxy_redirect_auth__run_1__budget_300.jsonl,1,c6a6c85898d45c012efb12d46d775fd479024570a3f7fdb55076a154c5e961e1,6725ca5fe390526d588394a17fb1463b70805f5dcce59fdc73e3aa984844f195,731c02efebf8cc38feaeb393e2095e341f3fb18794d85c951ee4d026d2ea4954,_probe_ecvs_deepseek_v4pro_harder_stress_v1_visiblecarry_vs_maturessrloop_15task_2method_3budget_1run,ssr_loop,d239781121d1d6a6cd4cbcab5e859463831be69b2bcfc1a1884a2ada2c1ef299,5a9f5ac7be50f19bb9bc52f18619bb9ec8b5bd964116d6ca4a3fa9e027a7dd08,"{""boundary_constraint_count"": 6, ""budgets_supported"": [300, 600, 1200], ""conditional_constraint_count"": 4, ""conflicting_deprecated_api_mentions"": 4, ""decoy_count"": 9, ""difficulty_factors"": [""decoy_overload"", ""overwrite_update"", ""conditional_allowed_state"", ""forbidden_boundary_pressure"", ""multi_file_component_consistency"", ""plan_consistency"", ""budget_pressure""], ""files_touched_estimate"": 2, ""method_specific_selection_used"": false, ""model_outcomes_used"": false, ""required_output_size"": 12, ""security_boundary_relevance"": 5, ""segment_count"": 15, ""source_candidate_id"": ""realstyle_candidate_requests_proxy_redirect_auth"", ""strict_json_contract"": true, ""update_count"": 4}",649fa93b196242a19e144bd5297cf90abac45ad4aab2596921bacaa4f809894a,1,mature_ssr_loop_protocol_v1_ecvs_safe_visible_only,,,,,,,,
_probe_ecvs_deepseek_v4pro_harder_stress_v1_visiblecarry_vs_maturessrloop_15task_2method_3budget_1run:deepseek_v4pro:mature_ssr_loop:harder_stress_v1_realswe_02_requests_proxy_redirect_auth:budget_600:run_1,deepseek_v4pro,harder_stress_v1_realswe_02_requests_proxy_redirect_auth,real_swe_style_controlled_plus,real_swe_plus,network_auth_boundary,,mature_ssr_loop,mature_ssr_loop,600,1,2026-06-19T08:58:36.390095+00:00,2026-06-19T08:58:38.426911+00:00,2026-06-19T08:58:36.390127+00:00,2026-06-19T08:58:38.408198+00:00,0.011,33146312feffa160a32e762c32a2b0a3b61464eaaeb147e93bec4f257a858730,788201e978ef8757927f19ca9f6786fb0c7034e9c2464e97b9a2c390f754a1db,24c2aa4fdaf72321ee311eeeb023714d65b6477b681b763519a40c830f2f1974,a88a608eac743207085093b331252567a461c4ed62aca3f571cc614054237a6a,08f3c6c275d203a6a7344c69011c8dfab20d3ed3581910721c27e3acccfd439d,c3e9a533789f94f0831cdd773c0f0c0d7dabf0bac55bf9112313ec004ffb636a,7d28bae3dacf7b8d82a5f0e664afdfb48ad29f8d5d69200972b774935dbb2e34,7d28bae3dacf7b8d82a5f0e664afdfb48ad29f8d5d69200972b774935dbb2e34,7d28bae3dacf7b8d82a5f0e664afdfb48ad29f8d5d69200972b774935dbb2e34,39128f4c489c57c61675e097b9c45e5fe39511ce47ab14c0e2fe6beaa53efe33,direct_provider,deepseek,https://api.deepseek.com,deepseek-v4-pro,https://api.deepseek.com/chat/completions,deepseek-v4-pro,d9102514b5e2faa30f57f404991f95b09ba2d2ad37cfdd73f3d1f753a62a6425,2c4dd0c6c5ff02722c25948a9dff956605b4658af78362cf2148e45742a2ee82,d914cfc97d9b99822a2b1313c16850fd7be529b097eb356dc8e8e7408a7a00a8,explicit,0,4096,omitted,,omitted,,omitted,,omitted,,omitted,,omitted,,omitted,,omitted,,omitted,,False,thinking.type=disabled,ffe557f53c63f7d0f7e35f80c03f61d8b3548db9e4f51e8dda020b28a920d875,provider_not_exposed,provider_not_exposed,False,,False,False,False,disabled,,,,0,0,0,0,0,0,none,mature_ssr_loop_protocol_v1_ecvs_safe_visible_only,0,0,0,0,0,0,0,,0,,0,"[""REQ_02_NYX5B9NF"", ""LOCK_02_FN9B5"", ""SCOPE_02_X5B9N"", ""CHECK_02_YX5B9"", ""ANCHOR_02_N9B5X"", ""EDGE_02_5B9NF"", ""FRONTIER_02_FN9B5X"", ""MERGE_02_NYXFN9"", ""VERIFY_02_5B9NF"", ""PLAN_02_B5XYN"", ""CONTRACT_02_NYX5B"", ""FINAL_02_FN9BNF""]",[],0,[],0,[],0,[],0,1,URLError: <urlopen error [Errno 1] Operation not permitted>,rerun_required,backend_error,b937a4e0c06985a4c32dc3bb642c1a839c2d8c18681bb33ff83fd0e28f6b7818,7c077ca2308714493d07163e1033c4282bd869ff6d477b3e77408587f95e2930,7c077ca2308714493d07163e1033c4282bd869ff6d477b3e77408587f95e2930,78b9c6a3aacba408617f72ae758c3638598dbade3a6cbb06098ca77fc0251e8c,aac0ff6aefe12a3a7ad1013cef66156b52a567b2af5a0a4d1368b3fbbd084de4,released_raw_outputs/model_outputs/_probe_ecvs_deepseek_v4pro_harder_stress_v1_visiblecarry_vs_maturessrloop_15task_2method_3budget_1run/deepseek/mature_ssr_loop__harder_stress_v1_realswe_02_requests_proxy_redirect_auth__run_1__budget_600.jsonl,1,bba1f400e8570720372ae9146d2653bc3304153112bdabb644afa2a37279d705,9341a7c51fff52d609aab8546502c2d2c149423e4c03a3f2d2972c5d1b128449,857494b33620960358781dbaaa724dc64ce22d48fa338846c3d10102080888a9,_probe_ecvs_deepseek_v4pro_harder_stress_v1_visiblecarry_vs_maturessrloop_15task_2method_3budget_1run,ssr_loop,d239781121d1d6a6cd4cbcab5e859463831be69b2bcfc1a1884a2ada2c1ef299,5a9f5ac7be50f19bb9bc52f18619bb9ec8b5bd964116d6ca4a3fa9e027a7dd08,"{""boundary_constraint_count"": 6, ""budgets_supported"": [300, 600, 1200], ""conditional_constraint_count"": 4, ""conflicting_deprecated_api_mentions"": 4, ""decoy_count"": 9, ""difficulty_factors"": [""decoy_overload"", ""overwrite_update"", ""conditional_allowed_state"", ""forbidden_boundary_pressure"", ""multi_file_component_consistency"", ""plan_consistency"", ""budget_pressure""], ""files_touched_estimate"": 2, ""method_specific_selection_used"": false, ""model_outcomes_used"": false, ""required_output_size"": 12, ""security_boundary_relevance"": 5, ""segment_count"": 15, ""source_candidate_id"": ""realstyle_candidate_requests_proxy_redirect_auth"", ""strict_json_contract"": true, ""update_count"": 4}",649fa93b196242a19e144bd5297cf90abac45ad4aab2596921bacaa4f809894a,1,mature_ssr_loop_protocol_v1_ecvs_safe_visible_only,,,,,,,,
_probe_ecvs_deepseek_v4pro_harder_stress_v1_visiblecarry_vs_maturessrloop_15task_2method_3budget_1run:deepseek_v4pro:mature_ssr_loop:harder_stress_v1_realswe_03_pandas_tz_csv_roundtrip:budget_1200:run_1,deepseek_v4pro,harder_stress_v1_realswe_03_pandas_tz_csv_roundtrip,real_swe_style_controlled_plus,real_swe_plus,timezone_serialization_contract,,mature_ssr_loop,mature_ssr_loop,1200,1,2026-06-19T08:58:36.392123+00:00,2026-06-19T08:58:38.429989+00:00,2026-06-19T08:58:36.392170+00:00,2026-06-19T08:58:38.416295+00:00,0.008,33146312feffa160a32e762c32a2b0a3b61464eaaeb147e93bec4f257a858730,0a4a0c98ac37ff27a1737fe8dff4840f7ccadec2658dd81d92ddc03cac1d0cb2,24c2aa4fdaf72321ee311eeeb023714d65b6477b681b763519a40c830f2f1974,d266cccdd567f5319d2fe5e0462477c9873b7898080a48c143cb00423c8fc80a,a1b82f2912ea7623c5a476497675e9044e5e3b057d52b62bda2c667c07681ebb,c3e9a533789f94f0831cdd773c0f0c0d7dabf0bac55bf9112313ec004ffb636a,7d28bae3dacf7b8d82a5f0e664afdfb48ad29f8d5d69200972b774935dbb2e34,7d28bae3dacf7b8d82a5f0e664afdfb48ad29f8d5d69200972b774935dbb2e34,7d28bae3dacf7b8d82a5f0e664afdfb48ad29f8d5d69200972b774935dbb2e34,39128f4c489c57c61675e097b9c45e5fe39511ce47ab14c0e2fe6beaa53efe33,direct_provider,deepseek,https://api.deepseek.com,deepseek-v4-pro,https://api.deepseek.com/chat/completions,deepseek-v4-pro,d9102514b5e2faa30f57f404991f95b09ba2d2ad37cfdd73f3d1f753a62a6425,2c4dd0c6c5ff02722c25948a9dff956605b4658af78362cf2148e45742a2ee82,d914cfc97d9b99822a2b1313c16850fd7be529b097eb356dc8e8e7408a7a00a8,explicit,0,4096,omitted,,omitted,,omitted,,omitted,,omitted,,omitted,,omitted,,omitted,,omitted,,False,thinking.type=disabled,ffe557f53c63f7d0f7e35f80c03f61d8b3548db9e4f51e8dda020b28a920d875,provider_not_exposed,provider_not_exposed,False,,False,False,False,disabled,,,,0,0,0,0,0,0,none,mature_ssr_loop_protocol_v1_ecvs_safe_visible_only,0,0,0,0,0,0,0,,0,,0,"[""REQ_03_XLQZ4LRA"", ""LOCK_03_ARL4Z"", ""SCOPE_03_QZ4LR"", ""CHECK_03_LQZ4L"", ""ANCHOR_03_RL4ZQ"", ""EDGE_03_Z4LRA"", ""FRONTIER_03_ARL4ZQ"", ""MERGE_03_XLQARL"", ""VERIFY_03_Z4LRA"", ""PLAN_03_4ZQLX"", ""CONTRACT_03_XLQZ4"", ""FINAL_03_ARL4RA""]",[],0,[],0,[],0,[],0,1,URLError: <urlopen error [Errno 1] Operation not permitted>,rerun_required,backend_error,320b532486418448f7786693b626cc841f4d05a60be3f12f597d1f5b7e273662,7c077ca2308714493d07163e1033c4282bd869ff6d477b3e77408587f95e2930,7c077ca2308714493d07163e1033c4282bd869ff6d477b3e77408587f95e2930,78b9c6a3aacba408617f72ae758c3638598dbade3a6cbb06098ca77fc0251e8c,94dd8c9dbddcabd813da514cc1eb47148f784b49fe12ffea4c2c6ade7c129f77,released_raw_outputs/model_outputs/_probe_ecvs_deepseek_v4pro_harder_stress_v1_visiblecarry_vs_maturessrloop_15task_2method_3budget_1run/deepseek/mature_ssr_loop__harder_stress_v1_realswe_03_pandas_tz_csv_roundtrip__run_1__budget_1200.jsonl,1,74d0127f11cb4e00d17cbed193c50ebe1729cc3d01702236630aa3c05e23d46a,fc0909fca3ba7262ab9bf9c20e7512b04346328d458387e4938684a859d77b81,8941489cd68f360223692454d619ad7d1ee344e91cf35d167ff3500b3c53e5da,_probe_ecvs_deepseek_v4pro_harder_stress_v1_visiblecarry_vs_maturessrloop_15task_2method_3budget_1run,ssr_loop,d239781121d1d6a6cd4cbcab5e859463831be69b2bcfc1a1884a2ada2c1ef299,86a076235c0bae8c15aa2505d93ff9992c0c2c9962f05262267159d4930939c1,"{""boundary_constraint_count"": 4, ""budgets_supported"": [300, 600, 1200], ""conditional_constraint_count"": 3, ""decoy_count"": 8, ""dependency_import_interaction"": 4, ""difficulty_factors"": [""decoy_overload"", ""overwrite_update"", ""conditional_allowed_state"", ""multi_file_component_consistency"", ""final_output_contract_pressure"", ""budget_pressure""], ""files_touched_estimate"": 3, ""method_specific_selection_used"": false, ""model_outcomes_used"": false, ""required_output_size"": 11, ""segment_count"": 15, ""source_candidate_id"": ""realstyle_candidate_pandas_tz_csv_roundtrip"", ""strict_json_contract"": true, ""test_contract_complexity"": 5, ""update_count"": 4}",649fa93b196242a19e144bd5297cf90abac45ad4aab2596921bacaa4f809894a,1,mature_ssr_loop_protocol_v1_ecvs_safe_visible_only,,,,,,,,
_probe_ecvs_deepseek_v4pro_harder_stress_v1_visiblecarry_vs_maturessrloop_15task_2method_3budget_1run:deepseek_v4pro:mature_ssr_loop:harder_stress_v1_realswe_03_pandas_tz_csv_roundtrip:budget_300:run_1,deepseek_v4pro,harder_stress_v1_realswe_03_pandas_tz_csv_roundtrip,real_swe_style_controlled_plus,real_swe_plus,timezone_serialization_contract,,mature_ssr_loop,mature_ssr_loop,300,1,2026-06-19T08:58:36.391360+00:00,2026-06-19T08:58:38.419402+00:00,2026-06-19T08:58:36.391401+00:00,2026-06-19T08:58:38.403502+00:00,0.004,33146312feffa160a32e762c32a2b0a3b61464eaaeb147e93bec4f257a858730,0a4a0c98ac37ff27a1737fe8dff4840f7ccadec2658dd81d92ddc03cac1d0cb2,24c2aa4fdaf72321ee311eeeb023714d65b6477b681b763519a40c830f2f1974,d266cccdd567f5319d2fe5e0462477c9873b7898080a48c143cb00423c8fc80a,e12492bc62b3480404867b70b6c400d50934c1f152dabff60dc9c12648900b04,c3e9a533789f94f0831cdd773c0f0c0d7dabf0bac55bf9112313ec004ffb636a,7d28bae3dacf7b8d82a5f0e664afdfb48ad29f8d5d69200972b774935dbb2e34,7d28bae3dacf7b8d82a5f0e664afdfb48ad29f8d5d69200972b774935dbb2e34,7d28bae3dacf7b8d82a5f0e664afdfb48ad29f8d5d69200972b774935dbb2e34,39128f4c489c57c61675e097b9c45e5fe39511ce47ab14c0e2fe6beaa53efe33,direct_provider,deepseek,https://api.deepseek.com,deepseek-v4-pro,https://api.deepseek.com/chat/completions,deepseek-v4-pro,d9102514b5e2faa30f57f404991f95b09ba2d2ad37cfdd73f3d1f753a62a6425,2c4dd0c6c5ff02722c25948a9dff956605b4658af78362cf2148e45742a2ee82,d914cfc97d9b99822a2b1313c16850fd7be529b097eb356dc8e8e7408a7a00a8,explicit,0,4096,omitted,,omitted,,omitted,,omitted,,omitted,,omitted,,omitted,,omitted,,omitted,,False,thinking.type=disabled,ffe557f53c63f7d0f7e35f80c03f61d8b3548db9e4f51e8dda020b28a920d875,provider_not_exposed,provider_not_exposed,False,,False,False,False,disabled,,,,0,0,0,0,0,0,none,mature_ssr_loop_protocol_v1_ecvs_safe_visible_only,0,0,0,0,0,0,0,,0,,0,"[""REQ_03_XLQZ4LRA"", ""LOCK_03_ARL4Z"", ""SCOPE_03_QZ4LR"", ""CHECK_03_LQZ4L"", ""ANCHOR_03_RL4ZQ"", ""EDGE_03_Z4LRA"", ""FRONTIER_03_ARL4ZQ"", ""MERGE_03_XLQARL"", ""VERIFY_03_Z4LRA"", ""PLAN_03_4ZQLX"", ""CONTRACT_03_XLQZ4"", ""FINAL_03_ARL4RA""]",[],0,[],0,[],0,[],0,1,URLError: <urlopen error [Errno 1] Operation not permitted>,rerun_required,backend_error,a8d78b4c4448da8f9008e8a30e20ded25cb87f5654976092b28a8b968373aba0,7c077ca2308714493d07163e1033c4282bd869ff6d477b3e77408587f95e2930,7c077ca2308714493d07163e1033c4282bd869ff6d477b3e77408587f95e2930,78b9c6a3aacba408617f72ae758c3638598dbade3a6cbb06098ca77fc0251e8c,5d9eaaf0dde878f66561fdf028ee89d55bf49f620e24c14dc3ef6fead5173efd,released_raw_outputs/model_outputs/_probe_ecvs_deepseek_v4pro_harder_stress_v1_visiblecarry_vs_maturessrloop_15task_2method_3budget_1run/deepseek/mature_ssr_loop__harder_stress_v1_realswe_03_pandas_tz_csv_roundtrip__run_1__budget_300.jsonl,1,c896fc50c6db9ea3abcad3b394e02e4bcace1c208ea96c45fb4bb63315cff255,9ee153d012dc55d3aeb8d7b0623df64489f59587324bbf435d48a9375425b2af,0701214e7e9081e7e753e105ba6611ff20095ef5163b6723989e17cd7578d65f,_probe_ecvs_deepseek_v4pro_harder_stress_v1_visiblecarry_vs_maturessrloop_15task_2method_3budget_1run,ssr_loop,d239781121d1d6a6cd4cbcab5e859463831be69b2bcfc1a1884a2ada2c1ef299,86a076235c0bae8c15aa2505d93ff9992c0c2c9962f05262267159d4930939c1,"{""boundary_constraint_count"": 4, ""budgets_supported"": [300, 600, 1200], ""conditional_constraint_count"": 3, ""decoy_count"": 8, ""dependency_import_interaction"": 4, ""difficulty_factors"": [""decoy_overload"", ""overwrite_update"", ""conditional_allowed_state"", ""multi_file_component_consistency"", ""final_output_contract_pressure"", ""budget_pressure""], ""files_touched_estimate"": 3, ""method_specific_selection_used"": false, ""model_outcomes_used"": false, ""required_output_size"": 11, ""segment_count"": 15, ""source_candidate_id"": ""realstyle_candidate_pandas_tz_csv_roundtrip"", ""strict_json_contract"": true, ""test_contract_complexity"": 5, ""update_count"": 4}",649fa93b196242a19e144bd5297cf90abac45ad4aab2596921bacaa4f809894a,1,mature_ssr_loop_protocol_v1_ecvs_safe_visible_only,,,,,,,,
_probe_ecvs_deepseek_v4pro_harder_stress_v1_visiblecarry_vs_maturessrloop_15task_2method_3budget_1run:deepseek_v4pro:mature_ssr_loop:harder_stress_v1_realswe_03_pandas_tz_csv_roundtrip:budget_600:run_1,deepseek_v4pro,harder_stress_v1_realswe_03_pandas_tz_csv_roundtrip,real_swe_style_controlled_plus,real_swe_plus,timezone_serialization_contract,,mature_ssr_loop,mature_ssr_loop,600,1,2026-06-19T08:58:36.391087+00:00,2026-06-19T08:58:38.420165+00:00,2026-06-19T08:58:36.391131+00:00,2026-06-19T08:58:38.406346+00:00,0.009,33146312feffa160a32e762c32a2b0a3b61464eaaeb147e93bec4f257a858730,0a4a0c98ac37ff27a1737fe8dff4840f7ccadec2658dd81d92ddc03cac1d0cb2,24c2aa4fdaf72321ee311eeeb023714d65b6477b681b763519a40c830f2f1974,d266cccdd567f5319d2fe5e0462477c9873b7898080a48c143cb00423c8fc80a,45b9a5af81644b3e12afc2b0d3a04e7dda41d67c68b4137213628c3f87ff9f69,c3e9a533789f94f0831cdd773c0f0c0d7dabf0bac55bf9112313ec004ffb636a,7d28bae3dacf7b8d82a5f0e664afdfb48ad29f8d5d69200972b774935dbb2e34,7d28bae3dacf7b8d82a5f0e664afdfb48ad29f8d5d69200972b774935dbb2e34,7d28bae3dacf7b8d82a5f0e664afdfb48ad29f8d5d69200972b774935dbb2e34,39128f4c489c57c61675e097b9c45e5fe39511ce47ab14c0e2fe6beaa53efe33,direct_provider,deepseek,https://api.deepseek.com,deepseek-v4-pro,https://api.deepseek.com/chat/completions,deepseek-v4-pro,d9102514b5e2faa30f57f404991f95b09ba2d2ad37cfdd73f3d1f753a62a6425,2c4dd0c6c5ff02722c25948a9dff956605b4658af78362cf2148e45742a2ee82,d914cfc97d9b99822a2b1313c16850fd7be529b097eb356dc8e8e7408a7a00a8,explicit,0,4096,omitted,,omitted,,omitted,,omitted,,omitted,,omitted,,omitted,,omitted,,omitted,,False,thinking.type=disabled,ffe557f53c63f7d0f7e35f80c03f61d8b3548db9e4f51e8dda020b28a920d875,provider_not_exposed,provider_not_exposed,False,,False,False,False,disabled,,,,0,0,0,0,0,0,none,mature_ssr_loop_protocol_v1_ecvs_safe_visible_only,0,0,0,0,0,0,0,,0,,0,"[""REQ_03_XLQZ4LRA"", ""LOCK_03_ARL4Z"", ""SCOPE_03_QZ4LR"", ""CHECK_03_LQZ4L"", ""ANCHOR_03_RL4ZQ"", ""EDGE_03_Z4LRA"", ""FRONTIER_03_ARL4ZQ"", ""MERGE_03_XLQARL"", ""VERIFY_03_Z4LRA"", ""PLAN_03_4ZQLX"", ""CONTRACT_03_XLQZ4"", ""FINAL_03_ARL4RA""]",[],0,[],0,[],0,[],0,1,URLError: <urlopen error [Errno 1] Operation not permitted>,rerun_required,backend_error,648a5cd87733798f5f904c4685fe75482ad733bb46a2cc7ce8bf772a23f9dc07,7c077ca2308714493d07163e1033c4282bd869ff6d477b3e77408587f95e2930,7c077ca2308714493d07163e1033c4282bd869ff6d477b3e77408587f95e2930,78b9c6a3aacba408617f72ae758c3638598dbade3a6cbb06098ca77fc0251e8c,d0a003248ff57051f211e62243493fa0d0212576863912a5b01c1f74dfb66244,released_raw_outputs/model_outputs/_probe_ecvs_deepseek_v4pro_harder_stress_v1_visiblecarry_vs_maturessrloop_15task_2method_3budget_1run/deepseek/mature_ssr_loop__harder_stress_v1_realswe_03_pandas_tz_csv_roundtrip__run_1__budget_600.jsonl,1,ea1c20a6deb918279494e2eae1b615f30bdd985958451c67159452159faaaaab,38f0fca5a7edd3fb142af6c58895cc530d07c134bb07c2e87dafd40719ed27ae,6710a1836518517f2923ee2d203ddf3356e4affbfbb80ba9e2e520d9dcc9992b,_probe_ecvs_deepseek_v4pro_harder_stress_v1_visiblecarry_vs_maturessrloop_15task_2method_3budget_1run,ssr_loop,d239781121d1d6a6cd4cbcab5e859463831be69b2bcfc1a1884a2ada2c1ef299,86a076235c0bae8c15aa2505d93ff9992c0c2c9962f05262267159d4930939c1,"{""boundary_constraint_count"": 4, ""budgets_supported"": [300, 600, 1200], ""conditional_constraint_count"": 3, ""decoy_count"": 8, ""dependency_import_interaction"": 4, ""difficulty_factors"": [""decoy_overload"", ""overwrite_update"", ""conditional_allowed_state"", ""multi_file_component_consistency"", ""final_output_contract_pressure"", ""budget_pressure""], ""files_touched_estimate"": 3, ""method_specific_selection_used"": false, ""model_outcomes_used"": false, ""required_output_size"": 11, ""segment_count"": 15, ""source_candidate_id"": ""realstyle_candidate_pandas_tz_csv_roundtrip"", ""strict_json_contract"": true, ""test_contract_complexity"": 5, ""update_count"": 4}",649fa93b196242a19e144bd5297cf90abac45ad4aab2596921bacaa4f809894a,1,mature_ssr_loop_protocol_v1_ecvs_safe_visible_only,,,,,,,,
_probe_ecvs_deepseek_v4pro_harder_stress_v1_visiblecarry_vs_maturessrloop_15task_2method_3budget_1run:deepseek_v4pro:mature_ssr_loop:harder_stress_v1_realswe_04_pytest_nodeid_stability:budget_1200:run_1,deepseek_v4pro,harder_stress_v1_realswe_04_pytest_nodeid_stability,real_swe_style_controlled_plus,real_swe_plus,test_nodeid_contract,,mature_ssr_loop,mature_ssr_loop,1200,1,2026-06-19T08:58:36.396122+00:00,2026-06-19T08:58:38.428407+00:00,2026-06-19T08:58:36.396192+00:00,2026-06-19T08:58:38.411150+00:00,0.011,33146312feffa160a32e762c32a2b0a3b61464eaaeb147e93bec4f257a858730,370f14611458b94f4e183ca79c06877ad477670da8cc63b9ba4e4b5949ea36f7,24c2aa4fdaf72321ee311eeeb023714d65b6477b681b763519a40c830f2f1974,e901244984964694be3a2552404ff41ddacda4f86461f199a1959272a7006b9b,8239f07ee7016d23b9cfcdff4a3c5c8e3d71c0661d90cf7058dd60027ac7d59c,c3e9a533789f94f0831cdd773c0f0c0d7dabf0bac55bf9112313ec004ffb636a,7d28bae3dacf7b8d82a5f0e664afdfb48ad29f8d5d69200972b774935dbb2e34,7d28bae3dacf7b8d82a5f0e664afdfb48ad29f8d5d69200972b774935dbb2e34,7d28bae3dacf7b8d82a5f0e664afdfb48ad29f8d5d69200972b774935dbb2e34,39128f4c489c57c61675e097b9c45e5fe39511ce47ab14c0e2fe6beaa53efe33,direct_provider,deepseek,https://api.deepseek.com,deepseek-v4-pro,https://api.deepseek.com/chat/completions,deepseek-v4-pro,d9102514b5e2faa30f57f404991f95b09ba2d2ad37cfdd73f3d1f753a62a6425,2c4dd0c6c5ff02722c25948a9dff956605b4658af78362cf2148e45742a2ee82,d914cfc97d9b99822a2b1313c16850fd7be529b097eb356dc8e8e7408a7a00a8,explicit,0,4096,omitted,,omitted,,omitted,,omitted,,omitted,,omitted,,omitted,,omitted,,omitted,,False,thinking.type=disabled,ffe557f53c63f7d0f7e35f80c03f61d8b3548db9e4f51e8dda020b28a920d875,provider_not_exposed,provider_not_exposed,False,,False,False,False,disabled,,,,0,0,0,0,0,0,none,mature_ssr_loop_protocol_v1_ecvs_safe_visible_only,0,0,0,0,0,0,0,,0,,0,"[""REQ_04_ZXN9QHWJ"", ""LOCK_04_JWHQ9"", ""SCOPE_04_N9QHW"", ""CHECK_04_XN9QH"", ""ANCHOR_04_WHQ9N"", ""EDGE_04_9QHWJ"", ""FRONTIER_04_JWHQ9N"", ""MERGE_04_ZXNJWH"", ""VERIFY_04_9QHWJ"", ""PLAN_04_Q9NXZ"", ""CONTRACT_04_ZXN9Q"", ""FINAL_04_JWHQWJ""]",[],0,[],0,[],0,[],0,1,URLError: <urlopen error [Errno 1] Operation not permitted>,rerun_required,backend_error,aa20b8ceb934cda53c35bf6088d1be745af1204e3eb22f51f6a0c029521b02c4,7c077ca2308714493d07163e1033c4282bd869ff6d477b3e77408587f95e2930,7c077ca2308714493d07163e1033c4282bd869ff6d477b3e77408587f95e2930,78b9c6a3aacba408617f72ae758c3638598dbade3a6cbb06098ca77fc0251e8c,674ea773cbfd9ffa403e75322e994df406621f8e09191e8ff5f78ed2d36da7ac,released_raw_outputs/model_outputs/_probe_ecvs_deepseek_v4pro_harder_stress_v1_visiblecarry_vs_maturessrloop_15task_2method_3budget_1run/deepseek/mature_ssr_loop__harder_stress_v1_realswe_04_pytest_nodeid_stability__run_1__budget_1200.jsonl,1,1689fffa19693fcab850a135bef19615af5a542a62470c99800e3b5f1ce112db,8f5311c661a7b0710701bea93db509d753585f81e123275d4e55bebd40bd6d23,c95bf8160bef805270136c2158be0f066ec709db1661fd2731bb7bba3ae555d9,_probe_ecvs_deepseek_v4pro_harder_stress_v1_visiblecarry_vs_maturessrloop_15task_2method_3budget_1run,ssr_loop,d239781121d1d6a6cd4cbcab5e859463831be69b2bcfc1a1884a2ada2c1ef299,43d516f27aeb301203ff4cedfff5c1ba5667ca5b2e803069c79c8cba129ae1fb,"{""boundary_constraint_count"": 4, ""budgets_supported"": [300, 600, 1200], ""conditional_constraint_count"": 4, ""decoy_count"": 10, ""difficulty_factors"": [""decoy_overload"", ""overwrite_update"", ""conditional_allowed_state"", ""multi_file_component_consistency"", ""distractor_segment"", ""final_output_contract_pressure"", ""budget_pressure""], ""files_touched_estimate"": 3, ""method_specific_selection_used"": false, ""model_outcomes_used"": false, ""patch_location_ambiguity"": 4, ""required_output_size"": 12, ""segment_count"": 16, ""source_candidate_id"": ""realstyle_candidate_pytest_nodeid_stability"", ""strict_json_contract"": true, ""test_contract_complexity"": 5, ""update_count"": 4}",649fa93b196242a19e144bd5297cf90abac45ad4aab2596921bacaa4f809894a,1,mature_ssr_loop_protocol_v1_ecvs_safe_visible_only,,,,,,,,
_probe_ecvs_deepseek_v4pro_harder_stress_v1_visiblecarry_vs_maturessrloop_15task_2method_3budget_1run:deepseek_v4pro:mature_ssr_loop:harder_stress_v1_realswe_04_pytest_nodeid_stability:budget_300:run_1,deepseek_v4pro,harder_stress_v1_realswe_04_pytest_nodeid_stability,real_swe_style_controlled_plus,real_swe_plus,test_nodeid_contract,,mature_ssr_loop,mature_ssr_loop,300,1,2026-06-19T08:58:36.395232+00:00,2026-06-19T08:58:38.428594+00:00,2026-06-19T08:58:36.395279+00:00,2026-06-19T08:58:38.407807+00:00,0.009,33146312feffa160a32e762c32a2b0a3b61464eaaeb147e93bec4f257a858730,370f14611458b94f4e183ca79c06877ad477670da8cc63b9ba4e4b5949ea36f7,24c2aa4fdaf72321ee311eeeb023714d65b6477b681b763519a40c830f2f1974,e901244984964694be3a2552404ff41ddacda4f86461f199a1959272a7006b9b,ba2f0652b1f63bf4d4e83732ab56f072d5ca227c9e403c0a2545aa8473484114,c3e9a533789f94f0831cdd773c0f0c0d7dabf0bac55bf9112313ec004ffb636a,7d28bae3dacf7b8d82a5f0e664afdfb48ad29f8d5d69200972b774935dbb2e34,7d28bae3dacf7b8d82a5f0e664afdfb48ad29f8d5d69200972b774935dbb2e34,7d28bae3dacf7b8d82a5f0e664afdfb48ad29f8d5d69200972b774935dbb2e34,39128f4c489c57c61675e097b9c45e5fe39511ce47ab14c0e2fe6beaa53efe33,direct_provider,deepseek,https://api.deepseek.com,deepseek-v4-pro,https://api.deepseek.com/chat/completions,deepseek-v4-pro,d9102514b5e2faa30f57f404991f95b09ba2d2ad37cfdd73f3d1f753a62a6425,2c4dd0c6c5ff02722c25948a9dff956605b4658af78362cf2148e45742a2ee82,d914cfc97d9b99822a2b1313c16850fd7be529b097eb356dc8e8e7408a7a00a8,explicit,0,4096,omitted,,omitted,,omitted,,omitted,,omitted,,omitted,,omitted,,omitted,,omitted,,False,thinking.type=disabled,ffe557f53c63f7d0f7e35f80c03f61d8b3548db9e4f51e8dda020b28a920d875,provider_not_exposed,provider_not_exposed,False,,False,False,False,disabled,,,,0,0,0,0,0,0,none,mature_ssr_loop_protocol_v1_ecvs_safe_visible_only,0,0,0,0,0,0,0,,0,,0,"[""REQ_04_ZXN9QHWJ"", ""LOCK_04_JWHQ9"", ""SCOPE_04_N9QHW"", ""CHECK_04_XN9QH"", ""ANCHOR_04_WHQ9N"", ""EDGE_04_9QHWJ"", ""FRONTIER_04_JWHQ9N"", ""MERGE_04_ZXNJWH"", ""VERIFY_04_9QHWJ"", ""PLAN_04_Q9NXZ"", ""CONTRACT_04_ZXN9Q"", ""FINAL_04_JWHQWJ""]",[],0,[],0,[],0,[],0,1,URLError: <urlopen error [Errno 1] Operation not permitted>,rerun_required,backend_error,0f7d56b6e81fc89ffca650b0969e3f7e4e040e18c4bbc3c9eb5496e921cbf58d,7c077ca2308714493d07163e1033c4282bd869ff6d477b3e77408587f95e2930,7c077ca2308714493d07163e1033c4282bd869ff6d477b3e77408587f95e2930,78b9c6a3aacba408617f72ae758c3638598dbade3a6cbb06098ca77fc0251e8c,c06f59ef26698ba60ccbedcc6e5ccca056b9477f340005ca885499b88fe5af17,released_raw_outputs/model_outputs/_probe_ecvs_deepseek_v4pro_harder_stress_v1_visiblecarry_vs_maturessrloop_15task_2method_3budget_1run/deepseek/mature_ssr_loop__harder_stress_v1_realswe_04_pytest_nodeid_stability__run_1__budget_300.jsonl,1,0ed894832bc4717b345eff0cf56fa03995774e8d8527bc70d039d2010e5c0051,b13bda916bc104f9a4b045cd8003a3a0c5aa454ce52328d7a55ff7970d9045e0,10655db457e9d359d958f062e29006dd14bfbe3cf9e2f07c25234782a340259e,_probe_ecvs_deepseek_v4pro_harder_stress_v1_visiblecarry_vs_maturessrloop_15task_2method_3budget_1run,ssr_loop,d239781121d1d6a6cd4cbcab5e859463831be69b2bcfc1a1884a2ada2c1ef299,43d516f27aeb301203ff4cedfff5c1ba5667ca5b2e803069c79c8cba129ae1fb,"{""boundary_constraint_count"": 4, ""budgets_supported"": [300, 600, 1200], ""conditional_constraint_count"": 4, ""decoy_count"": 10, ""difficulty_factors"": [""decoy_overload"", ""overwrite_update"", ""conditional_allowed_state"", ""multi_file_component_consistency"", ""distractor_segment"", ""final_output_contract_pressure"", ""budget_pressure""], ""files_touched_estimate"": 3, ""method_specific_selection_used"": false, ""model_outcomes_used"": false, ""patch_location_ambiguity"": 4, ""required_output_size"": 12, ""segment_count"": 16, ""source_candidate_id"": ""realstyle_candidate_pytest_nodeid_stability"", ""strict_json_contract"": true, ""test_contract_complexity"": 5, ""update_count"": 4}",649fa93b196242a19e144bd5297cf90abac45ad4aab2596921bacaa4f809894a,1,mature_ssr_loop_protocol_v1_ecvs_safe_visible_only,,,,,,,,
_probe_ecvs_deepseek_v4pro_harder_stress_v1_visiblecarry_vs_maturessrloop_15task_2method_3budget_1run:deepseek_v4pro:mature_ssr_loop:harder_stress_v1_realswe_04_pytest_nodeid_stability:budget_600:run_1,deepseek_v4pro,harder_stress_v1_realswe_04_pytest_nodeid_stability,real_swe_style_controlled_plus,real_swe_plus,test_nodeid_contract,,mature_ssr_loop,mature_ssr_loop,600,1,2026-06-19T08:58:36.395418+00:00,2026-06-19T08:58:38.431470+00:00,2026-06-19T08:58:36.395475+00:00,2026-06-19T08:58:38.422530+00:00,0.02,33146312feffa160a32e762c32a2b0a3b61464eaaeb147e93bec4f257a858730,370f14611458b94f4e183ca79c06877ad477670da8cc63b9ba4e4b5949ea36f7,24c2aa4fdaf72321ee311eeeb023714d65b6477b681b763519a40c830f2f1974,e901244984964694be3a2552404ff41ddacda4f86461f199a1959272a7006b9b,f2cac64fa70e7db7acdf17b3517c427ccd62b5c604fc6b014c20dcbb0cdce73a,c3e9a533789f94f0831cdd773c0f0c0d7dabf0bac55bf9112313ec004ffb636a,7d28bae3dacf7b8d82a5f0e664afdfb48ad29f8d5d69200972b774935dbb2e34,7d28bae3dacf7b8d82a5f0e664afdfb48ad29f8d5d69200972b774935dbb2e34,7d28bae3dacf7b8d82a5f0e664afdfb48ad29f8d5d69200972b774935dbb2e34,39128f4c489c57c61675e097b9c45e5fe39511ce47ab14c0e2fe6beaa53efe33,direct_provider,deepseek,https://api.deepseek.com,deepseek-v4-pro,https://api.deepseek.com/chat/completions,deepseek-v4-pro,d9102514b5e2faa30f57f404991f95b09ba2d2ad37cfdd73f3d1f753a62a6425,2c4dd0c6c5ff02722c25948a9dff956605b4658af78362cf2148e45742a2ee82,d914cfc97d9b99822a2b1313c16850fd7be529b097eb356dc8e8e7408a7a00a8,explicit,0,4096,omitted,,omitted,,omitted,,omitted,,omitted,,omitted,,omitted,,omitted,,omitted,,False,thinking.type=disabled,ffe557f53c63f7d0f7e35f80c03f61d8b3548db9e4f51e8dda020b28a920d875,provider_not_exposed,provider_not_exposed,False,,False,False,False,disabled,,,,0,0,0,0,0,0,none,mature_ssr_loop_protocol_v1_ecvs_safe_visible_only,0,0,0,0,0,0,0,,0,,0,"[""REQ_04_ZXN9QHWJ"", ""LOCK_04_JWHQ9"", ""SCOPE_04_N9QHW"", ""CHECK_04_XN9QH"", ""ANCHOR_04_WHQ9N"", ""EDGE_04_9QHWJ"", ""FRONTIER_04_JWHQ9N"", ""MERGE_04_ZXNJWH"", ""VERIFY_04_9QHWJ"", ""PLAN_04_Q9NXZ"", ""CONTRACT_04_ZXN9Q"", ""FINAL_04_JWHQWJ""]",[],0,[],0,[],0,[],0,1,URLError: <urlopen error [Errno 1] Operation not permitted>,rerun_required,backend_error,eb5f964c8fcb2d704ae87a66894e1c74df257466dbb36ca0f44f4ce993a11af3,7c077ca2308714493d07163e1033c4282bd869ff6d477b3e77408587f95e2930,7c077ca2308714493d07163e1033c4282bd869ff6d477b3e77408587f95e2930,78b9c6a3aacba408617f72ae758c3638598dbade3a6cbb06098ca77fc0251e8c,aab9fbbc8784897c5be8361f1d2f42ccb6d9704e49a0918d466b70c07edc3af1,released_raw_outputs/model_outputs/_probe_ecvs_deepseek_v4pro_harder_stress_v1_visiblecarry_vs_maturessrloop_15task_2method_3budget_1run/deepseek/mature_ssr_loop__harder_stress_v1_realswe_04_pytest_nodeid_stability__run_1__budget_600.jsonl,1,26cd3d44add91fad56748b39f86a858c9961097698120c429691c850a143364d,e2750dbd66192603922be55eeeb2bf169a370fd04dc96c2dabab9e91e7e767b3,5576658af94a5c94db6a74d257da794bf4881760d56ffc1d86c5c6007b56c801,_probe_ecvs_deepseek_v4pro_harder_stress_v1_visiblecarry_vs_maturessrloop_15task_2method_3budget_1run,ssr_loop,d239781121d1d6a6cd4cbcab5e859463831be69b2bcfc1a1884a2ada2c1ef299,43d516f27aeb301203ff4cedfff5c1ba5667ca5b2e803069c79c8cba129ae1fb,"{""boundary_constraint_count"": 4, ""budgets_supported"": [300, 600, 1200], ""conditional_constraint_count"": 4, ""decoy_count"": 10, ""difficulty_factors"": [""decoy_overload"", ""overwrite_update"", ""conditional_allowed_state"", ""multi_file_component_consistency"", ""distractor_segment"", ""final_output_contract_pressure"", ""budget_pressure""], ""files_touched_estimate"": 3, ""method_specific_selection_used"": false, ""model_outcomes_used"": false, ""patch_location_ambiguity"": 4, ""required_output_size"": 12, ""segment_count"": 16, ""source_candidate_id"": ""realstyle_candidate_pytest_nodeid_stability"", ""strict_json_contract"": true, ""test_contract_complexity"": 5, ""update_count"": 4}",649fa93b196242a19e144bd5297cf90abac45ad4aab2596921bacaa4f809894a,1,mature_ssr_loop_protocol_v1_ecvs_safe_visible_only,,,,,,,,
_probe_ecvs_deepseek_v4pro_harder_stress_v1_visiblecarry_vs_maturessrloop_15task_2method_3budget_1run:deepseek_v4pro:mature_ssr_loop:harder_stress_v1_realswe_05_fastapi_dependency_precedence:budget_1200:run_1,deepseek_v4pro,harder_stress_v1_realswe_05_fastapi_dependency_precedence,real_swe_style_controlled_plus,real_swe_plus,dependency_resolution_order,,mature_ssr_loop,mature_ssr_loop,1200,1,2026-06-19T08:58:36.397930+00:00,2026-06-19T08:58:38.423150+00:00,2026-06-19T08:58:36.397975+00:00,2026-06-19T08:58:38.410405+00:00,0.005,33146312feffa160a32e762c32a2b0a3b61464eaaeb147e93bec4f257a858730,f067d263f2cd1558aabd2a817f0c25c27b716831c6e929f4ed0e9b02db7efe9e,24c2aa4fdaf72321ee311eeeb023714d65b6477b681b763519a40c830f2f1974,f16ce65d656bc7396f4bdd1ec70e171f2cc4d0cc0fe1e22ac77149e9eac14906,c0cc8688c2f3a133002444c85bc5b34bc1c76bcbc8b352214ce097a14f584cc5,c3e9a533789f94f0831cdd773c0f0c0d7dabf0bac55bf9112313ec004ffb636a,7d28bae3dacf7b8d82a5f0e664afdfb48ad29f8d5d69200972b774935dbb2e34,7d28bae3dacf7b8d82a5f0e664afdfb48ad29f8d5d69200972b774935dbb2e34,7d28bae3dacf7b8d82a5f0e664afdfb48ad29f8d5d69200972b774935dbb2e34,39128f4c489c57c61675e097b9c45e5fe39511ce47ab14c0e2fe6beaa53efe33,direct_provider,deepseek,https://api.deepseek.com,deepseek-v4-pro,https://api.deepseek.com/chat/completions,deepseek-v4-pro,d9102514b5e2faa30f57f404991f95b09ba2d2ad37cfdd73f3d1f753a62a6425,2c4dd0c6c5ff02722c25948a9dff956605b4658af78362cf2148e45742a2ee82,d914cfc97d9b99822a2b1313c16850fd7be529b097eb356dc8e8e7408a7a00a8,explicit,0,4096,omitted,,omitted,,omitted,,omitted,,omitted,,omitted,,omitted,,omitted,,omitted,,False,thinking.type=disabled,ffe557f53c63f7d0f7e35f80c03f61d8b3548db9e4f51e8dda020b28a920d875,provider_not_exposed,provider_not_exposed,False,,False,False,False,disabled,,,,0,0,0,0,0,0,none,mature_ssr_loop_protocol_v1_ecvs_safe_visible_only,0,0,0,0,0,0,0,,0,,0,"[""REQ_05_K2P4S7S7"", ""LOCK_05_7S7S4"", ""SCOPE_05_P4S7S"", ""CHECK_05_2P4S7"", ""ANCHOR_05_S7S4P"", ""EDGE_05_4S7S7"", ""FRONTIER_05_7S7S4P"", ""MERGE_05_K2P7S7"", ""VERIFY_05_4S7S7"", ""PLAN_05_S4P2K"", ""CONTRACT_05_K2P4S"", ""FINAL_05_7S7SS7""]",[],0,[],0,[],0,[],0,1,URLError: <urlopen error [Errno 1] Operation not permitted>,rerun_required,backend_error,330e20a9643fefcd16be73d474cb8ebea63cc71de00daa5ae5fe3f6c4d8b83c8,7c077ca2308714493d07163e1033c4282bd869ff6d477b3e77408587f95e2930,7c077ca2308714493d07163e1033c4282bd869ff6d477b3e77408587f95e2930,78b9c6a3aacba408617f72ae758c3638598dbade3a6cbb06098ca77fc0251e8c,faf332471065ad839775bd13d411e7399138c5f4d59e47298324c95e2debd00c,released_raw_outputs/model_outputs/_probe_ecvs_deepseek_v4pro_harder_stress_v1_visiblecarry_vs_maturessrloop_15task_2method_3budget_1run/deepseek/mature_ssr_loop__harder_stress_v1_realswe_05_fastapi_dependency_precedence__run_1__budget_1200.jsonl,1,12fb21bdf32227e242e0004e4a4f2281d52df5b721c2f6ef13e5d71ee106b3a7,f8592d579b32c0707c811f7b5067893904b6bc784e2448985bbe3aec8d94d788,2080628d7dfd40741dd5f88b212d7dd86040ffbaf74a438582f056062a53363a,_probe_ecvs_deepseek_v4pro_harder_stress_v1_visiblecarry_vs_maturessrloop_15task_2method_3budget_1run,ssr_loop,d239781121d1d6a6cd4cbcab5e859463831be69b2bcfc1a1884a2ada2c1ef299,230906266a8d0bfd20dba4e335d7806984724850f46b25559b45eddc827152d6,"{""boundary_constraint_count"": 5, ""budgets_supported"": [300, 600, 1200], ""conditional_constraint_count"": 4, ""decoy_count"": 9, ""difficulty_factors"": [""decoy_overload"", ""overwrite_update"", ""conditional_allowed_state"", ""forbidden_boundary_pressure"", ""multi_file_component_consistency"", ""plan_consistency"", ""budget_pressure""], ""files_touched_estimate"": 2, ""method_specific_selection_used"": false, ""model_outcomes_used"": false, ""number_of_relevant_symbols"": 7, ""patch_location_ambiguity"": 5, ""required_output_size"": 12, ""segment_count"": 15, ""source_candidate_id"": ""realstyle_candidate_fastapi_dependency_precedence"", ""strict_json_contract"": true, ""update_count"": 4}",649fa93b196242a19e144bd5297cf90abac45ad4aab2596921bacaa4f809894a,1,mature_ssr_loop_protocol_v1_ecvs_safe_visible_only,,,,,,,,
_probe_ecvs_deepseek_v4pro_harder_stress_v1_visiblecarry_vs_maturessrloop_15task_2method_3budget_1run:deepseek_v4pro:mature_ssr_loop:harder_stress_v1_realswe_05_fastapi_dependency_precedence:budget_300:run_1,deepseek_v4pro,harder_stress_v1_realswe_05_fastapi_dependency_precedence,real_swe_style_controlled_plus,real_swe_plus,dependency_resolution_order,,mature_ssr_loop,mature_ssr_loop,300,1,2026-06-19T08:58:36.397426+00:00,2026-06-19T08:58:38.430160+00:00,2026-06-19T08:58:36.397465+00:00,2026-06-19T08:58:38.412698+00:00,0.009,33146312feffa160a32e762c32a2b0a3b61464eaaeb147e93bec4f257a858730,f067d263f2cd1558aabd2a817f0c25c27b716831c6e929f4ed0e9b02db7efe9e,24c2aa4fdaf72321ee311eeeb023714d65b6477b681b763519a40c830f2f1974,f16ce65d656bc7396f4bdd1ec70e171f2cc4d0cc0fe1e22ac77149e9eac14906,23127c3a4cf5d40873ca7a35b642e38e905d42877c6c79fec89d734f314e922b,c3e9a533789f94f0831cdd773c0f0c0d7dabf0bac55bf9112313ec004ffb636a,7d28bae3dacf7b8d82a5f0e664afdfb48ad29f8d5d69200972b774935dbb2e34,7d28bae3dacf7b8d82a5f0e664afdfb48ad29f8d5d69200972b774935dbb2e34,7d28bae3dacf7b8d82a5f0e664afdfb48ad29f8d5d69200972b774935dbb2e34,39128f4c489c57c61675e097b9c45e5fe39511ce47ab14c0e2fe6beaa53efe33,direct_provider,deepseek,https://api.deepseek.com,deepseek-v4-pro,https://api.deepseek.com/chat/completions,deepseek-v4-pro,d9102514b5e2faa30f57f404991f95b09ba2d2ad37cfdd73f3d1f753a62a6425,2c4dd0c6c5ff02722c25948a9dff956605b4658af78362cf2148e45742a2ee82,d914cfc97d9b99822a2b1313c16850fd7be529b097eb356dc8e8e7408a7a00a8,explicit,0,4096,omitted,,omitted,,omitted,,omitted,,omitted,,omitted,,omitted,,omitted,,omitted,,False,thinking.type=disabled,ffe557f53c63f7d0f7e35f80c03f61d8b3548db9e4f51e8dda020b28a920d875,provider_not_exposed,provider_not_exposed,False,,False,False,False,disabled,,,,0,0,0,0,0,0,none,mature_ssr_loop_protocol_v1_ecvs_safe_visible_only,0,0,0,0,0,0,0,,0,,0,"[""REQ_05_K2P4S7S7"", ""LOCK_05_7S7S4"", ""SCOPE_05_P4S7S"", ""CHECK_05_2P4S7"", ""ANCHOR_05_S7S4P"", ""EDGE_05_4S7S7"", ""FRONTIER_05_7S7S4P"", ""MERGE_05_K2P7S7"", ""VERIFY_05_4S7S7"", ""PLAN_05_S4P2K"", ""CONTRACT_05_K2P4S"", ""FINAL_05_7S7SS7""]",[],0,[],0,[],0,[],0,1,URLError: <urlopen error [Errno 1] Operation not permitted>,rerun_required,backend_error,efd0f7246d8e7ca9458e8a2e56254c9ae6cba9e177f1c64f517bfff648b048a2,7c077ca2308714493d07163e1033c4282bd869ff6d477b3e77408587f95e2930,7c077ca2308714493d07163e1033c4282bd869ff6d477b3e77408587f95e2930,78b9c6a3aacba408617f72ae758c3638598dbade3a6cbb06098ca77fc0251e8c,bb65d2120d1d785e239226a1e11dd06fd746df877e6406a73e19e492ab332378,released_raw_outputs/model_outputs/_probe_ecvs_deepseek_v4pro_harder_stress_v1_visiblecarry_vs_maturessrloop_15task_2method_3budget_1run/deepseek/mature_ssr_loop__harder_stress_v1_realswe_05_fastapi_dependency_precedence__run_1__budget_300.jsonl,1,5f3a9134f33897e3751036265adee0a4764f8862e7eae328cfbbb134ace66220,d1f9ef492c143d526a3457f9050262824041f0e03f34dd2623ef40bdd36c5b37,e5aa2890f6716442a8684641465801a77649e28a39985913f24fe39aa4f41f19,_probe_ecvs_deepseek_v4pro_harder_stress_v1_visiblecarry_vs_maturessrloop_15task_2method_3budget_1run,ssr_loop,d239781121d1d6a6cd4cbcab5e859463831be69b2bcfc1a1884a2ada2c1ef299,230906266a8d0bfd20dba4e335d7806984724850f46b25559b45eddc827152d6,"{""boundary_constraint_count"": 5, ""budgets_supported"": [300, 600, 1200], ""conditional_constraint_count"": 4, ""decoy_count"": 9, ""difficulty_factors"": [""decoy_overload"", ""overwrite_update"", ""conditional_allowed_state"", ""forbidden_boundary_pressure"", ""multi_file_component_consistency"", ""plan_consistency"", ""budget_pressure""], ""files_touched_estimate"": 2, ""method_specific_selection_used"": false, ""model_outcomes_used"": false, ""number_of_relevant_symbols"": 7, ""patch_location_ambiguity"": 5, ""required_output_size"": 12, ""segment_count"": 15, ""source_candidate_id"": ""realstyle_candidate_fastapi_dependency_precedence"", ""strict_json_contract"": true, ""update_count"": 4}",649fa93b196242a19e144bd5297cf90abac45ad4aab2596921bacaa4f809894a,1,mature_ssr_loop_protocol_v1_ecvs_safe_visible_only,,,,,,,,
_probe_ecvs_deepseek_v4pro_harder_stress_v1_visiblecarry_vs_maturessrloop_15task_2method_3budget_1run:deepseek_v4pro:mature_ssr_loop:harder_stress_v1_realswe_05_fastapi_dependency_precedence:budget_600:run_1,deepseek_v4pro,harder_stress_v1_realswe_05_fastapi_dependency_precedence,real_swe_style_controlled_plus,real_swe_plus,dependency_resolution_order,,mature_ssr_loop,mature_ssr_loop,600,1,2026-06-19T08:58:36.397671+00:00,2026-06-19T08:58:38.425511+00:00,2026-06-19T08:58:36.397709+00:00,2026-06-19T08:58:38.412787+00:00,0.007,33146312feffa160a32e762c32a2b0a3b61464eaaeb147e93bec4f257a858730,f067d263f2cd1558aabd2a817f0c25c27b716831c6e929f4ed0e9b02db7efe9e,24c2aa4fdaf72321ee311eeeb023714d65b6477b681b763519a40c830f2f1974,f16ce65d656bc7396f4bdd1ec70e171f2cc4d0cc0fe1e22ac77149e9eac14906,51b4b4ede006933827a9243a2d0ce08ee5c8f47354749162dc2a3d01a14550b0,c3e9a533789f94f0831cdd773c0f0c0d7dabf0bac55bf9112313ec004ffb636a,7d28bae3dacf7b8d82a5f0e664afdfb48ad29f8d5d69200972b774935dbb2e34,7d28bae3dacf7b8d82a5f0e664afdfb48ad29f8d5d69200972b774935dbb2e34,7d28bae3dacf7b8d82a5f0e664afdfb48ad29f8d5d69200972b774935dbb2e34,39128f4c489c57c61675e097b9c45e5fe39511ce47ab14c0e2fe6beaa53efe33,direct_provider,deepseek,https://api.deepseek.com,deepseek-v4-pro,https://api.deepseek.com/chat/completions,deepseek-v4-pro,d9102514b5e2faa30f57f404991f95b09ba2d2ad37cfdd73f3d1f753a62a6425,2c4dd0c6c5ff02722c25948a9dff956605b4658af78362cf2148e45742a2ee82,d914cfc97d9b99822a2b1313c16850fd7be529b097eb356dc8e8e7408a7a00a8,explicit,0,4096,omitted,,omitted,,omitted,,omitted,,omitted,,omitted,,omitted,,omitted,,omitted,,False,thinking.type=disabled,ffe557f53c63f7d0f7e35f80c03f61d8b3548db9e4f51e8dda020b28a920d875,provider_not_exposed,provider_not_exposed,False,,False,False,False,disabled,,,,0,0,0,0,0,0,none,mature_ssr_loop_protocol_v1_ecvs_safe_visible_only,0,0,0,0,0,0,0,,0,,0,"[""REQ_05_K2P4S7S7"", ""LOCK_05_7S7S4"", ""SCOPE_05_P4S7S"", ""CHECK_05_2P4S7"", ""ANCHOR_05_S7S4P"", ""EDGE_05_4S7S7"", ""FRONTIER_05_7S7S4P"", ""MERGE_05_K2P7S7"", ""VERIFY_05_4S7S7"", ""PLAN_05_S4P2K"", ""CONTRACT_05_K2P4S"", ""FINAL_05_7S7SS7""]",[],0,[],0,[],0,[],0,1,URLError: <urlopen error [Errno 1] Operation not permitted>,rerun_required,backend_error,ff66eaea3f89ced3a3ecc3f5f919172108ec339ab97e6aeaa9f39659e0e4eba3,7c077ca2308714493d07163e1033c4282bd869ff6d477b3e77408587f95e2930,7c077ca2308714493d07163e1033c4282bd869ff6d477b3e77408587f95e2930,78b9c6a3aacba408617f72ae758c3638598dbade3a6cbb06098ca77fc0251e8c,08c799e7ddbbf4e039a7d3d38033bfd29e4d5ea35ed58b1ce8ba3ef5414fad20,released_raw_outputs/model_outputs/_probe_ecvs_deepseek_v4pro_harder_stress_v1_visiblecarry_vs_maturessrloop_15task_2method_3budget_1run/deepseek/mature_ssr_loop__harder_stress_v1_realswe_05_fastapi_dependency_precedence__run_1__budget_600.jsonl,1,968001e45f69559df0900fbf69fc48237f808fe1ab2af737f701d1ca6aff961a,78c381b141b59e09bf31c505e42783a0c52b496e30570de1966c7edb896212da,85f59b0552b16164707bc0473998539c6841528a5bfb5dc714f28f381d26c591,_probe_ecvs_deepseek_v4pro_harder_stress_v1_visiblecarry_vs_maturessrloop_15task_2method_3budget_1run,ssr_loop,d239781121d1d6a6cd4cbcab5e859463831be69b2bcfc1a1884a2ada2c1ef299,230906266a8d0bfd20dba4e335d7806984724850f46b25559b45eddc827152d6,"{""boundary_constraint_count"": 5, ""budgets_supported"": [300, 600, 1200], ""conditional_constraint_count"": 4, ""decoy_count"": 9, ""difficulty_factors"": [""decoy_overload"", ""overwrite_update"", ""conditional_allowed_state"", ""forbidden_boundary_pressure"", ""multi_file_component_consistency"", ""plan_consistency"", ""budget_pressure""], ""files_touched_estimate"": 2, ""method_specific_selection_used"": false, ""model_outcomes_used"": false, ""number_of_relevant_symbols"": 7, ""patch_location_ambiguity"": 5, ""required_output_size"": 12, ""segment_count"": 15, ""source_candidate_id"": ""realstyle_candidate_fastapi_dependency_precedence"", ""strict_json_contract"": true, ""update_count"": 4}",649fa93b196242a19e144bd5297cf90abac45ad4aab2596921bacaa4f809894a,1,mature_ssr_loop_protocol_v1_ecvs_safe_visible_only,,,,,,,,
_probe_ecvs_deepseek_v4pro_harder_stress_v1_visiblecarry_vs_maturessrloop_15task_2method_3budget_1run:deepseek_v4pro:rolling_visible_carry_forward:harder_stress_v1_frontierpp_01_parser_error_taxonomy:budget_1200:run_1,deepseek_v4pro,harder_stress_v1_frontierpp_01_parser_error_taxonomy,semi_real_repo_style_controlled_frontier_plus,frontier_plus,parser_error_contract,,rolling_visible_carry_forward,rolling_visible_carry_forward,1200,1,2026-06-19T08:58:36.341421+00:00,2026-06-19T08:58:38.412445+00:00,2026-06-19T08:58:36.341473+00:00,2026-06-19T08:58:38.390706+00:00,0.043,33146312feffa160a32e762c32a2b0a3b61464eaaeb147e93bec4f257a858730,4aa390d28bc8bd4dc50656884aac36d674a455975664a49da7dbf0e6f9205236,24c2aa4fdaf72321ee311eeeb023714d65b6477b681b763519a40c830f2f1974,887a6d006aac8099ec06a93ec184d085a034a1e69e569beca6b6cfd6a49678c7,f79acf4f84583fb64b7b1bc1c913b1c399ca15f8a74f85fbb6a4e8fd7c0352d5,c3e9a533789f94f0831cdd773c0f0c0d7dabf0bac55bf9112313ec004ffb636a,7d28bae3dacf7b8d82a5f0e664afdfb48ad29f8d5d69200972b774935dbb2e34,7d28bae3dacf7b8d82a5f0e664afdfb48ad29f8d5d69200972b774935dbb2e34,7d28bae3dacf7b8d82a5f0e664afdfb48ad29f8d5d69200972b774935dbb2e34,39128f4c489c57c61675e097b9c45e5fe39511ce47ab14c0e2fe6beaa53efe33,direct_provider,deepseek,https://api.deepseek.com,deepseek-v4-pro,https://api.deepseek.com/chat/completions,deepseek-v4-pro,d9102514b5e2faa30f57f404991f95b09ba2d2ad37cfdd73f3d1f753a62a6425,2c4dd0c6c5ff02722c25948a9dff956605b4658af78362cf2148e45742a2ee82,d914cfc97d9b99822a2b1313c16850fd7be529b097eb356dc8e8e7408a7a00a8,explicit,0,4096,omitted,,omitted,,omitted,,omitted,,omitted,,omitted,,omitted,,omitted,,omitted,,False,thinking.type=disabled,ffe557f53c63f7d0f7e35f80c03f61d8b3548db9e4f51e8dda020b28a920d875,provider_not_exposed,provider_not_exposed,False,,False,False,False,disabled,,,,0,0,0,0,0,0,none,,,,,,,,,,0,,0,"[""REQ_01_T7CERAGQ"", ""LOCK_01_QGARE"", ""SCOPE_01_CERAG"", ""CHECK_01_7CERA"", ""ANCHOR_01_GAREC"", ""EDGE_01_ERAGQ"", ""FRONTIER_01_QGAREC"", ""MERGE_01_T7CQGA"", ""VERIFY_01_ERAGQ"", ""PLAN_01_REC7T"", ""CONTRACT_01_T7CER"", ""FINAL_01_QGARGQ""]",[],0,[],0,[],0,[],0,1,URLError: <urlopen error [Errno 1] Operation not permitted>,rerun_required,backend_error,6504352efcb23c11c03d0895e641a82e76ef437f6775835c69284d90ca63696b,7c077ca2308714493d07163e1033c4282bd869ff6d477b3e77408587f95e2930,7c077ca2308714493d07163e1033c4282bd869ff6d477b3e77408587f95e2930,78b9c6a3aacba408617f72ae758c3638598dbade3a6cbb06098ca77fc0251e8c,cf2dab9a814b985511fd9e696cbb14556ec0554cc30edafe6808268eb30aa3e6,released_raw_outputs/model_outputs/_probe_ecvs_deepseek_v4pro_harder_stress_v1_visiblecarry_vs_maturessrloop_15task_2method_3budget_1run/deepseek/rolling_visible_carry_forward__harder_stress_v1_frontierpp_01_parser_error_taxonomy__run_1__budget_1200.jsonl,1,4ccd401533edb1c6a974031c6657fdc98411011fa505fe5ffc34dbd3537f0acd,f9a51a06f8f54656d85d245f229ecf9fc9bd9bcb19433ba984105ecf094348f9,f60dc6d466ec6edb4b5b39fe633426878cf06cdff6db53ff0993040791e4b787,_probe_ecvs_deepseek_v4pro_harder_stress_v1_visiblecarry_vs_maturessrloop_15task_2method_3budget_1run,rolling_visible_carry_forward,d239781121d1d6a6cd4cbcab5e859463831be69b2bcfc1a1884a2ada2c1ef299,91fccf8709cab6d0076dd63a4fd5792772fdf6737a0abe9276906059747a534c,"{""boundary_constraint_count"": 5, ""budgets_supported"": [300, 600, 1200], ""conditional_constraint_count"": 4, ""decoy_count"": 10, ""difficulty_factors"": [""decoy_overload"", ""overwrite_update"", ""conditional_allowed_state"", ""forbidden_boundary_pressure"", ""multi_file_component_consistency"", ""distractor_segment"", ""budget_pressure""], ""files_touched_estimate"": 3, ""method_specific_selection_used"": false, ""model_outcomes_used"": false, ""required_output_size"": 12, ""segment_count"": 16, ""source_candidate_id"": ""frontier_candidate_parser_error_taxonomy"", ""strict_json_contract"": true, ""update_count"": 4}",649fa93b196242a19e144bd5297cf90abac45ad4aab2596921bacaa4f809894a,1,rolling_visible_identifier_carry_forward_v1_ecvs_safe_visible_only,rolling_visible_identifier_carry_forward_v1_ecvs_safe_visible_only,0,0,0,0,0,0,
_probe_ecvs_deepseek_v4pro_harder_stress_v1_visiblecarry_vs_maturessrloop_15task_2method_3budget_1run:deepseek_v4pro:rolling_visible_carry_forward:harder_stress_v1_frontierpp_01_parser_error_taxonomy:budget_300:run_1,deepseek_v4pro,harder_stress_v1_frontierpp_01_parser_error_taxonomy,semi_real_repo_style_controlled_frontier_plus,frontier_plus,parser_error_contract,,rolling_visible_carry_forward,rolling_visible_carry_forward,300,1,2026-06-19T08:58:36.342220+00:00,2026-06-19T08:58:38.416518+00:00,2026-06-19T08:58:36.342262+00:00,2026-06-19T08:58:38.401791+00:00,0.049,33146312feffa160a32e762c32a2b0a3b61464eaaeb147e93bec4f257a858730,4aa390d28bc8bd4dc50656884aac36d674a455975664a49da7dbf0e6f9205236,24c2aa4fdaf72321ee311eeeb023714d65b6477b681b763519a40c830f2f1974,887a6d006aac8099ec06a93ec184d085a034a1e69e569beca6b6cfd6a49678c7,e2b5337a4113feb3264ec68e0f55cbdb93732f81a6d25b2404ac76923c42655b,c3e9a533789f94f0831cdd773c0f0c0d7dabf0bac55bf9112313ec004ffb636a,7d28bae3dacf7b8d82a5f0e664afdfb48ad29f8d5d69200972b774935dbb2e34,7d28bae3dacf7b8d82a5f0e664afdfb48ad29f8d5d69200972b774935dbb2e34,7d28bae3dacf7b8d82a5f0e664afdfb48ad29f8d5d69200972b774935dbb2e34,39128f4c489c57c61675e097b9c45e5fe39511ce47ab14c0e2fe6beaa53efe33,direct_provider,deepseek,https://api.deepseek.com,deepseek-v4-pro,https://api.deepseek.com/chat/completions,deepseek-v4-pro,d9102514b5e2faa30f57f404991f95b09ba2d2ad37cfdd73f3d1f753a62a6425,2c4dd0c6c5ff02722c25948a9dff956605b4658af78362cf2148e45742a2ee82,d914cfc97d9b99822a2b1313c16850fd7be529b097eb356dc8e8e7408a7a00a8,explicit,0,4096,omitted,,omitted,,omitted,,omitted,,omitted,,omitted,,omitted,,omitted,,omitted,,False,thinking.type=disabled,ffe557f53c63f7d0f7e35f80c03f61d8b3548db9e4f51e8dda020b28a920d875,provider_not_exposed,provider_not_exposed,False,,False,False,False,disabled,,,,0,0,0,0,0,0,none,,,,,,,,,,0,,0,"[""REQ_01_T7CERAGQ"", ""LOCK_01_QGARE"", ""SCOPE_01_CERAG"", ""CHECK_01_7CERA"", ""ANCHOR_01_GAREC"", ""EDGE_01_ERAGQ"", ""FRONTIER_01_QGAREC"", ""MERGE_01_T7CQGA"", ""VERIFY_01_ERAGQ"", ""PLAN_01_REC7T"", ""CONTRACT_01_T7CER"", ""FINAL_01_QGARGQ""]",[],0,[],0,[],0,[],0,1,URLError: <urlopen error [Errno 1] Operation not permitted>,rerun_required,backend_error,24fd908d5ae679761dcacf2d7c4f2b0ceb0def31eb7f62e84e62459549a7fba4,7c077ca2308714493d07163e1033c4282bd869ff6d477b3e77408587f95e2930,7c077ca2308714493d07163e1033c4282bd869ff6d477b3e77408587f95e2930,78b9c6a3aacba408617f72ae758c3638598dbade3a6cbb06098ca77fc0251e8c,5247fdeb2261a0bcfbb45a6f1029d327c78dae925074799c6b25c2004bd43a04,released_raw_outputs/model_outputs/_probe_ecvs_deepseek_v4pro_harder_stress_v1_visiblecarry_vs_maturessrloop_15task_2method_3budget_1run/deepseek/rolling_visible_carry_forward__harder_stress_v1_frontierpp_01_parser_error_taxonomy__run_1__budget_300.jsonl,1,f5e9307c0682c1edf3f93c08f4fe9e766e7708177d07e65e82644a3acd70921a,815048b16155f9cd85c5f576fa24d9736598d0d5983f5324fdf012f39da27449,6dc5f32a18fa19c68aec788dc300bc10293e6615007a2f17b3e4cf41406474ec,_probe_ecvs_deepseek_v4pro_harder_stress_v1_visiblecarry_vs_maturessrloop_15task_2method_3budget_1run,rolling_visible_carry_forward,d239781121d1d6a6cd4cbcab5e859463831be69b2bcfc1a1884a2ada2c1ef299,91fccf8709cab6d0076dd63a4fd5792772fdf6737a0abe9276906059747a534c,"{""boundary_constraint_count"": 5, ""budgets_supported"": [300, 600, 1200], ""conditional_constraint_count"": 4, ""decoy_count"": 10, ""difficulty_factors"": [""decoy_overload"", ""overwrite_update"", ""conditional_allowed_state"", ""forbidden_boundary_pressure"", ""multi_file_component_consistency"", ""distractor_segment"", ""budget_pressure""], ""files_touched_estimate"": 3, ""method_specific_selection_used"": false, ""model_outcomes_used"": false, ""required_output_size"": 12, ""segment_count"": 16, ""source_candidate_id"": ""frontier_candidate_parser_error_taxonomy"", ""strict_json_contract"": true, ""update_count"": 4}",649fa93b196242a19e144bd5297cf90abac45ad4aab2596921bacaa4f809894a,1,rolling_visible_identifier_carry_forward_v1_ecvs_safe_visible_only,rolling_visible_identifier_carry_forward_v1_ecvs_safe_visible_only,0,0,0,0,0,0,
_probe_ecvs_deepseek_v4pro_harder_stress_v1_visiblecarry_vs_maturessrloop_15task_2method_3budget_1run:deepseek_v4pro:rolling_visible_carry_forward:harder_stress_v1_frontierpp_01_parser_error_taxonomy:budget_600:run_1,deepseek_v4pro,harder_stress_v1_frontierpp_01_parser_error_taxonomy,semi_real_repo_style_controlled_frontier_plus,frontier_plus,parser_error_contract,,rolling_visible_carry_forward,rolling_visible_carry_forward,600,1,2026-06-19T08:58:36.340543+00:00,2026-06-19T08:58:38.417724+00:00,2026-06-19T08:58:36.340625+00:00,2026-06-19T08:58:38.400655+00:00,0.049,33146312feffa160a32e762c32a2b0a3b61464eaaeb147e93bec4f257a858730,4aa390d28bc8bd4dc50656884aac36d674a455975664a49da7dbf0e6f9205236,24c2aa4fdaf72321ee311eeeb023714d65b6477b681b763519a40c830f2f1974,887a6d006aac8099ec06a93ec184d085a034a1e69e569beca6b6cfd6a49678c7,b3ab5d71c8b1eabe5a0ae5436a0477b84cca652623c352ab071ebfa7570cdda0,c3e9a533789f94f0831cdd773c0f0c0d7dabf0bac55bf9112313ec004ffb636a,7d28bae3dacf7b8d82a5f0e664afdfb48ad29f8d5d69200972b774935dbb2e34,7d28bae3dacf7b8d82a5f0e664afdfb48ad29f8d5d69200972b774935dbb2e34,7d28bae3dacf7b8d82a5f0e664afdfb48ad29f8d5d69200972b774935dbb2e34,39128f4c489c57c61675e097b9c45e5fe39511ce47ab14c0e2fe6beaa53efe33,direct_provider,deepseek,https://api.deepseek.com,deepseek-v4-pro,https://api.deepseek.com/chat/completions,deepseek-v4-pro,d9102514b5e2faa30f57f404991f95b09ba2d2ad37cfdd73f3d1f753a62a6425,2c4dd0c6c5ff02722c25948a9dff956605b4658af78362cf2148e45742a2ee82,d914cfc97d9b99822a2b1313c16850fd7be529b097eb356dc8e8e7408a7a00a8,explicit,0,4096,omitted,,omitted,,omitted,,omitted,,omitted,,omitted,,omitted,,omitted,,omitted,,False,thinking.type=disabled,ffe557f53c63f7d0f7e35f80c03f61d8b3548db9e4f51e8dda020b28a920d875,provider_not_exposed,provider_not_exposed,False,,False,False,False,disabled,,,,0,0,0,0,0,0,none,,,,,,,,,,0,,0,"[""REQ_01_T7CERAGQ"", ""LOCK_01_QGARE"", ""SCOPE_01_CERAG"", ""CHECK_01_7CERA"", ""ANCHOR_01_GAREC"", ""EDGE_01_ERAGQ"", ""FRONTIER_01_QGAREC"", ""MERGE_01_T7CQGA"", ""VERIFY_01_ERAGQ"", ""PLAN_01_REC7T"", ""CONTRACT_01_T7CER"", ""FINAL_01_QGARGQ""]",[],0,[],0,[],0,[],0,1,URLError: <urlopen error [Errno 1] Operation not permitted>,rerun_required,backend_error,d525c3f57464422e3755a4c18ee9d896a669a8d8a9b03155e7fc5d21837f233d,7c077ca2308714493d07163e1033c4282bd869ff6d477b3e77408587f95e2930,7c077ca2308714493d07163e1033c4282bd869ff6d477b3e77408587f95e2930,78b9c6a3aacba408617f72ae758c3638598dbade3a6cbb06098ca77fc0251e8c,8e49ec4d46747fd77f0c4bb87cb1a529bd5cd135fdda0c3a5ce77834861bd460,released_raw_outputs/model_outputs/_probe_ecvs_deepseek_v4pro_harder_stress_v1_visiblecarry_vs_maturessrloop_15task_2method_3budget_1run/deepseek/rolling_visible_carry_forward__harder_stress_v1_frontierpp_01_parser_error_taxonomy__run_1__budget_600.jsonl,1,bee4598c020f8d6aeadcee96abee0e647d042421a5a398de1cf946801df3a1d7,f98d04b0c256add15325c5f62590dcf27f489383f4e14935785de893e57f98a9,dc5034c5aa1b2049fd094c4138b7308dd7f44b69f33308331b4dcb8c0bded39c,_probe_ecvs_deepseek_v4pro_harder_stress_v1_visiblecarry_vs_maturessrloop_15task_2method_3budget_1run,rolling_visible_carry_forward,d239781121d1d6a6cd4cbcab5e859463831be69b2bcfc1a1884a2ada2c1ef299,91fccf8709cab6d0076dd63a4fd5792772fdf6737a0abe9276906059747a534c,"{""boundary_constraint_count"": 5, ""budgets_supported"": [300, 600, 1200], ""conditional_constraint_count"": 4, ""decoy_count"": 10, ""difficulty_factors"": [""decoy_overload"", ""overwrite_update"", ""conditional_allowed_state"", ""forbidden_boundary_pressure"", ""multi_file_component_consistency"", ""distractor_segment"", ""budget_pressure""], ""files_touched_estimate"": 3, ""method_specific_selection_used"": false, ""model_outcomes_used"": false, ""required_output_size"": 12, ""segment_count"": 16, ""source_candidate_id"": ""frontier_candidate_parser_error_taxonomy"", ""strict_json_contract"": true, ""update_count"": 4}",649fa93b196242a19e144bd5297cf90abac45ad4aab2596921bacaa4f809894a,1,rolling_visible_identifier_carry_forward_v1_ecvs_safe_visible_only,rolling_visible_identifier_carry_forward_v1_ecvs_safe_visible_only,0,0,0,0,0,0,
_probe_ecvs_deepseek_v4pro_harder_stress_v1_visiblecarry_vs_maturessrloop_15task_2method_3budget_1run:deepseek_v4pro:rolling_visible_carry_forward:harder_stress_v1_frontierpp_02_staged_schema_migration:budget_1200:run_1,deepseek_v4pro,harder_stress_v1_frontierpp_02_staged_schema_migration,semi_real_repo_style_controlled_frontier_plus,frontier_plus,schema_json_contract,,rolling_visible_carry_forward,rolling_visible_carry_forward,1200,1,2026-06-19T08:58:36.343379+00:00,2026-06-19T08:58:38.414534+00:00,2026-06-19T08:58:36.343412+00:00,2026-06-19T08:58:38.392636+00:00,0.045,33146312feffa160a32e762c32a2b0a3b61464eaaeb147e93bec4f257a858730,2380c738ee1071f43dc5dc77fba7ca4b6a87e81ed8c4f04f3c913ea410498706,24c2aa4fdaf72321ee311eeeb023714d65b6477b681b763519a40c830f2f1974,2f06c9884c6cbe4e071b63932c3b6b7747cbd986e8849025d5b8a181203c267b,a938e96bede0a51e111d2dc8fb1e2cbbaa2f5fb9eaac6b9f0a886afbfd2aec55,c3e9a533789f94f0831cdd773c0f0c0d7dabf0bac55bf9112313ec004ffb636a,7d28bae3dacf7b8d82a5f0e664afdfb48ad29f8d5d69200972b774935dbb2e34,7d28bae3dacf7b8d82a5f0e664afdfb48ad29f8d5d69200972b774935dbb2e34,7d28bae3dacf7b8d82a5f0e664afdfb48ad29f8d5d69200972b774935dbb2e34,39128f4c489c57c61675e097b9c45e5fe39511ce47ab14c0e2fe6beaa53efe33,direct_provider,deepseek,https://api.deepseek.com,deepseek-v4-pro,https://api.deepseek.com/chat/completions,deepseek-v4-pro,d9102514b5e2faa30f57f404991f95b09ba2d2ad37cfdd73f3d1f753a62a6425,2c4dd0c6c5ff02722c25948a9dff956605b4658af78362cf2148e45742a2ee82,d914cfc97d9b99822a2b1313c16850fd7be529b097eb356dc8e8e7408a7a00a8,explicit,0,4096,omitted,,omitted,,omitted,,omitted,,omitted,,omitted,,omitted,,omitted,,omitted,,False,thinking.type=disabled,ffe557f53c63f7d0f7e35f80c03f61d8b3548db9e4f51e8dda020b28a920d875,provider_not_exposed,provider_not_exposed,False,,False,False,False,disabled,,,,0,0,0,0,0,0,none,,,,,,,,,,0,,0,"[""REQ_02_UFR6Y4P4"", ""LOCK_02_4P4Y6"", ""SCOPE_02_R6Y4P"", ""CHECK_02_FR6Y4"", ""ANCHOR_02_P4Y6R"", ""EDGE_02_6Y4P4"", ""FRONTIER_02_4P4Y6R"", ""MERGE_02_UFR4P4"", ""VERIFY_02_6Y4P4"", ""PLAN_02_Y6RFU"", ""CONTRACT_02_UFR6Y"", ""FINAL_02_4P4YP4""]",[],0,[],0,[],0,[],0,1,URLError: <urlopen error [Errno 1] Operation not permitted>,rerun_required,backend_error,3e03509a2e92b8663d99eab49a85a4a416d7987b7fe43dd8bd883d6172e89093,7c077ca2308714493d07163e1033c4282bd869ff6d477b3e77408587f95e2930,7c077ca2308714493d07163e1033c4282bd869ff6d477b3e77408587f95e2930,78b9c6a3aacba408617f72ae758c3638598dbade3a6cbb06098ca77fc0251e8c,bb1a9cbc1b83ea70c9dad74dc8f13c38021e1c7891b483bd1c9dcce205eec347,released_raw_outputs/model_outputs/_probe_ecvs_deepseek_v4pro_harder_stress_v1_visiblecarry_vs_maturessrloop_15task_2method_3budget_1run/deepseek/rolling_visible_carry_forward__harder_stress_v1_frontierpp_02_staged_schema_migration__run_1__budget_1200.jsonl,1,d0ed69e8f4f3907c2989aa3812703b0810e5e169332326078c3f51fcbdcddb9c,32f99904078e24437abdeedb98f1874433e2153cf952eeb462e9a4a73143cfd2,442e431674572439940eb7e15e7dca5d8e177eb51210bd23974d21c428602c85,_probe_ecvs_deepseek_v4pro_harder_stress_v1_visiblecarry_vs_maturessrloop_15task_2method_3budget_1run,rolling_visible_carry_forward,d239781121d1d6a6cd4cbcab5e859463831be69b2bcfc1a1884a2ada2c1ef299,ae3dac738762ac8af97a865afb767ba00d9230deba706ad1f8103ca6e7d28918,"{""boundary_constraint_count"": 3, ""budgets_supported"": [300, 600, 1200], ""conditional_constraint_count"": 3, ""decoy_count"": 8, ""difficulty_factors"": [""decoy_overload"", ""overwrite_update"", ""conditional_allowed_state"", ""multi_file_component_consistency"", ""final_output_contract_pressure"", ""distractor_segment"", ""budget_pressure""], ""files_touched_estimate"": 3, ""method_specific_selection_used"": false, ""model_outcomes_used"": false, ""required_output_size"": 11, ""segment_count"": 14, ""source_candidate_id"": ""frontier_candidate_staged_schema_migration"", ""strict_json_contract"": true, ""update_count"": 3}",649fa93b196242a19e144bd5297cf90abac45ad4aab2596921bacaa4f809894a,1,rolling_visible_identifier_carry_forward_v1_ecvs_safe_visible_only,rolling_visible_identifier_carry_forward_v1_ecvs_safe_visible_only,0,0,0,0,0,0,
_probe_ecvs_deepseek_v4pro_harder_stress_v1_visiblecarry_vs_maturessrloop_15task_2method_3budget_1run:deepseek_v4pro:rolling_visible_carry_forward:harder_stress_v1_frontierpp_02_staged_schema_migration:budget_300:run_1,deepseek_v4pro,harder_stress_v1_frontierpp_02_staged_schema_migration,semi_real_repo_style_controlled_frontier_plus,frontier_plus,schema_json_contract,,rolling_visible_carry_forward,rolling_visible_carry_forward,300,1,2026-06-19T08:58:36.342785+00:00,2026-06-19T08:58:38.398667+00:00,2026-06-19T08:58:36.342833+00:00,2026-06-19T08:58:38.387865+00:00,0.044,33146312feffa160a32e762c32a2b0a3b61464eaaeb147e93bec4f257a858730,2380c738ee1071f43dc5dc77fba7ca4b6a87e81ed8c4f04f3c913ea410498706,24c2aa4fdaf72321ee311eeeb023714d65b6477b681b763519a40c830f2f1974,2f06c9884c6cbe4e071b63932c3b6b7747cbd986e8849025d5b8a181203c267b,cdf168ea5b1956a8d9d7f1f45f024c19fe34729b6c291b613585dd78a76fa99d,c3e9a533789f94f0831cdd773c0f0c0d7dabf0bac55bf9112313ec004ffb636a,7d28bae3dacf7b8d82a5f0e664afdfb48ad29f8d5d69200972b774935dbb2e34,7d28bae3dacf7b8d82a5f0e664afdfb48ad29f8d5d69200972b774935dbb2e34,7d28bae3dacf7b8d82a5f0e664afdfb48ad29f8d5d69200972b774935dbb2e34,39128f4c489c57c61675e097b9c45e5fe39511ce47ab14c0e2fe6beaa53efe33,direct_provider,deepseek,https://api.deepseek.com,deepseek-v4-pro,https://api.deepseek.com/chat/completions,deepseek-v4-pro,d9102514b5e2faa30f57f404991f95b09ba2d2ad37cfdd73f3d1f753a62a6425,2c4dd0c6c5ff02722c25948a9dff956605b4658af78362cf2148e45742a2ee82,d914cfc97d9b99822a2b1313c16850fd7be529b097eb356dc8e8e7408a7a00a8,explicit,0,4096,omitted,,omitted,,omitted,,omitted,,omitted,,omitted,,omitted,,omitted,,omitted,,False,thinking.type=disabled,ffe557f53c63f7d0f7e35f80c03f61d8b3548db9e4f51e8dda020b28a920d875,provider_not_exposed,provider_not_exposed,False,,False,False,False,disabled,,,,0,0,0,0,0,0,none,,,,,,,,,,0,,0,"[""REQ_02_UFR6Y4P4"", ""LOCK_02_4P4Y6"", ""SCOPE_02_R6Y4P"", ""CHECK_02_FR6Y4"", ""ANCHOR_02_P4Y6R"", ""EDGE_02_6Y4P4"", ""FRONTIER_02_4P4Y6R"", ""MERGE_02_UFR4P4"", ""VERIFY_02_6Y4P4"", ""PLAN_02_Y6RFU"", ""CONTRACT_02_UFR6Y"", ""FINAL_02_4P4YP4""]",[],0,[],0,[],0,[],0,1,URLError: <urlopen error [Errno 1] Operation not permitted>,rerun_required,backend_error,54ef548c0fcb23998e2f7a564880a548edcd68137d6df097385557b222d9f785,7c077ca2308714493d07163e1033c4282bd869ff6d477b3e77408587f95e2930,7c077ca2308714493d07163e1033c4282bd869ff6d477b3e77408587f95e2930,78b9c6a3aacba408617f72ae758c3638598dbade3a6cbb06098ca77fc0251e8c,05a06d6defaaa663389ed2002b660532c0633279f5f97914696ca8b5c7841f94,released_raw_outputs/model_outputs/_probe_ecvs_deepseek_v4pro_harder_stress_v1_visiblecarry_vs_maturessrloop_15task_2method_3budget_1run/deepseek/rolling_visible_carry_forward__harder_stress_v1_frontierpp_02_staged_schema_migration__run_1__budget_300.jsonl,1,6347ad2ce1867843ff53a4730b3ed0715c39ad1383d6b6e6b8f2b2f1517596ee,164269a1504a09d679e003ce4a4810836dd9ed3058cc99e63ee8211e1566a2fe,a395e7da1abc8951c6f146f4b6f7df8644ce4a6c61893e885ea6a3075e394f46,_probe_ecvs_deepseek_v4pro_harder_stress_v1_visiblecarry_vs_maturessrloop_15task_2method_3budget_1run,rolling_visible_carry_forward,d239781121d1d6a6cd4cbcab5e859463831be69b2bcfc1a1884a2ada2c1ef299,ae3dac738762ac8af97a865afb767ba00d9230deba706ad1f8103ca6e7d28918,"{""boundary_constraint_count"": 3, ""budgets_supported"": [300, 600, 1200], ""conditional_constraint_count"": 3, ""decoy_count"": 8, ""difficulty_factors"": [""decoy_overload"", ""overwrite_update"", ""conditional_allowed_state"", ""multi_file_component_consistency"", ""final_output_contract_pressure"", ""distractor_segment"", ""budget_pressure""], ""files_touched_estimate"": 3, ""method_specific_selection_used"": false, ""model_outcomes_used"": false, ""required_output_size"": 11, ""segment_count"": 14, ""source_candidate_id"": ""frontier_candidate_staged_schema_migration"", ""strict_json_contract"": true, ""update_count"": 3}",649fa93b196242a19e144bd5297cf90abac45ad4aab2596921bacaa4f809894a,1,rolling_visible_identifier_carry_forward_v1_ecvs_safe_visible_only,rolling_visible_identifier_carry_forward_v1_ecvs_safe_visible_only,0,0,0,0,0,0,
_probe_ecvs_deepseek_v4pro_harder_stress_v1_visiblecarry_vs_maturessrloop_15task_2method_3budget_1run:deepseek_v4pro:rolling_visible_carry_forward:harder_stress_v1_frontierpp_02_staged_schema_migration:budget_600:run_1,deepseek_v4pro,harder_stress_v1_frontierpp_02_staged_schema_migration,semi_real_repo_style_controlled_frontier_plus,frontier_plus,schema_json_contract,,rolling_visible_carry_forward,rolling_visible_carry_forward,600,1,2026-06-19T08:58:36.343070+00:00,2026-06-19T08:58:38.407031+00:00,2026-06-19T08:58:36.343105+00:00,2026-06-19T08:58:38.388239+00:00,0.04,33146312feffa160a32e762c32a2b0a3b61464eaaeb147e93bec4f257a858730,2380c738ee1071f43dc5dc77fba7ca4b6a87e81ed8c4f04f3c913ea410498706,24c2aa4fdaf72321ee311eeeb023714d65b6477b681b763519a40c830f2f1974,2f06c9884c6cbe4e071b63932c3b6b7747cbd986e8849025d5b8a181203c267b,d847caf2238c1b93374491b69218af52dfd9c11f51b2cfff22ab2677a696a7de,c3e9a533789f94f0831cdd773c0f0c0d7dabf0bac55bf9112313ec004ffb636a,7d28bae3dacf7b8d82a5f0e664afdfb48ad29f8d5d69200972b774935dbb2e34,7d28bae3dacf7b8d82a5f0e664afdfb48ad29f8d5d69200972b774935dbb2e34,7d28bae3dacf7b8d82a5f0e664afdfb48ad29f8d5d69200972b774935dbb2e34,39128f4c489c57c61675e097b9c45e5fe39511ce47ab14c0e2fe6beaa53efe33,direct_provider,deepseek,https://api.deepseek.com,deepseek-v4-pro,https://api.deepseek.com/chat/completions,deepseek-v4-pro,d9102514b5e2faa30f57f404991f95b09ba2d2ad37cfdd73f3d1f753a62a6425,2c4dd0c6c5ff02722c25948a9dff956605b4658af78362cf2148e45742a2ee82,d914cfc97d9b99822a2b1313c16850fd7be529b097eb356dc8e8e7408a7a00a8,explicit,0,4096,omitted,,omitted,,omitted,,omitted,,omitted,,omitted,,omitted,,omitted,,omitted,,False,thinking.type=disabled,ffe557f53c63f7d0f7e35f80c03f61d8b3548db9e4f51e8dda020b28a920d875,provider_not_exposed,provider_not_exposed,False,,False,False,False,disabled,,,,0,0,0,0,0,0,none,,,,,,,,,,0,,0,"[""REQ_02_UFR6Y4P4"", ""LOCK_02_4P4Y6"", ""SCOPE_02_R6Y4P"", ""CHECK_02_FR6Y4"", ""ANCHOR_02_P4Y6R"", ""EDGE_02_6Y4P4"", ""FRONTIER_02_4P4Y6R"", ""MERGE_02_UFR4P4"", ""VERIFY_02_6Y4P4"", ""PLAN_02_Y6RFU"", ""CONTRACT_02_UFR6Y"", ""FINAL_02_4P4YP4""]",[],0,[],0,[],0,[],0,1,URLError: <urlopen error [Errno 1] Operation not permitted>,rerun_required,backend_error,61eda2bf59d7c55c45df6101d762bedb4eea7cb0450455e2e3ca8e05749b3162,7c077ca2308714493d07163e1033c4282bd869ff6d477b3e77408587f95e2930,7c077ca2308714493d07163e1033c4282bd869ff6d477b3e77408587f95e2930,78b9c6a3aacba408617f72ae758c3638598dbade3a6cbb06098ca77fc0251e8c,00214cd39c092536b2cecec1b3e609172e065ec21114bd212ec31d565fc12670,released_raw_outputs/model_outputs/_probe_ecvs_deepseek_v4pro_harder_stress_v1_visiblecarry_vs_maturessrloop_15task_2method_3budget_1run/deepseek/rolling_visible_carry_forward__harder_stress_v1_frontierpp_02_staged_schema_migration__run_1__budget_600.jsonl,1,4e4c1c2d7e78753d27ca536f60abaa953eba24650c9e366954217a4f51bb50f7,f313854b4369261627560b9666fcd9de01a58bdc055d0411f648b2c2f7620928,7a60eb1b3baed2d476fe7f76e00e1f938e342b1c62fa6cacdfb760860c94b442,_probe_ecvs_deepseek_v4pro_harder_stress_v1_visiblecarry_vs_maturessrloop_15task_2method_3budget_1run,rolling_visible_carry_forward,d239781121d1d6a6cd4cbcab5e859463831be69b2bcfc1a1884a2ada2c1ef299,ae3dac738762ac8af97a865afb767ba00d9230deba706ad1f8103ca6e7d28918,"{""boundary_constraint_count"": 3, ""budgets_supported"": [300, 600, 1200], ""conditional_constraint_count"": 3, ""decoy_count"": 8, ""difficulty_factors"": [""decoy_overload"", ""overwrite_update"", ""conditional_allowed_state"", ""multi_file_component_consistency"", ""final_output_contract_pressure"", ""distractor_segment"", ""budget_pressure""], ""files_touched_estimate"": 3, ""method_specific_selection_used"": false, ""model_outcomes_used"": false, ""required_output_size"": 11, ""segment_count"": 14, ""source_candidate_id"": ""frontier_candidate_staged_schema_migration"", ""strict_json_contract"": true, ""update_count"": 3}",649fa93b196242a19e144bd5297cf90abac45ad4aab2596921bacaa4f809894a,1,rolling_visible_identifier_carry_forward_v1_ecvs_safe_visible_only,rolling_visible_identifier_carry_forward_v1_ecvs_safe_visible_only,0,0,0,0,0,0,
_probe_ecvs_deepseek_v4pro_harder_stress_v1_visiblecarry_vs_maturessrloop_15task_2method_3budget_1run:deepseek_v4pro:rolling_visible_carry_forward:harder_stress_v1_frontierpp_03_policy_alias_cascade:budget_1200:run_1,deepseek_v4pro,harder_stress_v1_frontierpp_03_policy_alias_cascade,diagnostic_controlled_frontier_plus,frontier_plus,policy_alias_binding,,rolling_visible_carry_forward,rolling_visible_carry_forward,1200,1,2026-06-19T08:58:36.346975+00:00,2026-06-19T08:58:38.418546+00:00,2026-06-19T08:58:36.347013+00:00,2026-06-19T08:58:38.401429+00:00,0.043,33146312feffa160a32e762c32a2b0a3b61464eaaeb147e93bec4f257a858730,845b40a5ccd3a43048dea7ae2c42e35b95c020808d8cb3dd945b43f0b736e95c,24c2aa4fdaf72321ee311eeeb023714d65b6477b681b763519a40c830f2f1974,b594f110c1c3bc5cb57d5ddd948b9ab79fc1ec71fe218d92920e97ed5472ad7b,4f748eeb5a9ee7f144cb7e9a41b57faf716044bb896f010e9d5880a9d38b7462,c3e9a533789f94f0831cdd773c0f0c0d7dabf0bac55bf9112313ec004ffb636a,7d28bae3dacf7b8d82a5f0e664afdfb48ad29f8d5d69200972b774935dbb2e34,7d28bae3dacf7b8d82a5f0e664afdfb48ad29f8d5d69200972b774935dbb2e34,7d28bae3dacf7b8d82a5f0e664afdfb48ad29f8d5d69200972b774935dbb2e34,39128f4c489c57c61675e097b9c45e5fe39511ce47ab14c0e2fe6beaa53efe33,direct_provider,deepseek,https://api.deepseek.com,deepseek-v4-pro,https://api.deepseek.com/chat/completions,deepseek-v4-pro,d9102514b5e2faa30f57f404991f95b09ba2d2ad37cfdd73f3d1f753a62a6425,2c4dd0c6c5ff02722c25948a9dff956605b4658af78362cf2148e45742a2ee82,d914cfc97d9b99822a2b1313c16850fd7be529b097eb356dc8e8e7408a7a00a8,explicit,0,4096,omitted,,omitted,,omitted,,omitted,,omitted,,omitted,,omitted,,omitted,,omitted,,False,thinking.type=disabled,ffe557f53c63f7d0f7e35f80c03f61d8b3548db9e4f51e8dda020b28a920d875,provider_not_exposed,provider_not_exposed,False,,False,False,False,disabled,,,,0,0,0,0,0,0,none,,,,,,,,,,0,,0,"[""REQ_03_DKX4J4UR"", ""LOCK_03_RU4J4"", ""SCOPE_03_X4J4U"", ""CHECK_03_KX4J4"", ""ANCHOR_03_U4J4X"", ""EDGE_03_4J4UR"", ""FRONTIER_03_RU4J4X"", ""MERGE_03_DKXRU4"", ""VERIFY_03_4J4UR"", ""PLAN_03_J4XKD"", ""CONTRACT_03_DKX4J"", ""FINAL_03_RU4JUR""]",[],0,[],0,[],0,[],0,1,URLError: <urlopen error [Errno 1] Operation not permitted>,rerun_required,backend_error,8fcc440e15d62da4e5f489a7fa15868487bd7f4ba8dfcf7b288a10cf1c004705,7c077ca2308714493d07163e1033c4282bd869ff6d477b3e77408587f95e2930,7c077ca2308714493d07163e1033c4282bd869ff6d477b3e77408587f95e2930,78b9c6a3aacba408617f72ae758c3638598dbade3a6cbb06098ca77fc0251e8c,52dc026b81d00001c568c7977a83e38ab44f2dd672d784b950cf6205cf37652b,released_raw_outputs/model_outputs/_probe_ecvs_deepseek_v4pro_harder_stress_v1_visiblecarry_vs_maturessrloop_15task_2method_3budget_1run/deepseek/rolling_visible_carry_forward__harder_stress_v1_frontierpp_03_policy_alias_cascade__run_1__budget_1200.jsonl,1,7ba45f6e1e4617dc3d2d01de205a628de6e6b28d44ec3335e437bd00af0389de,bd7ffe7af5544ccefcbff05b27d13b8bf03068db8da48b0bd364732925040c0c,c8dc74268ee9718257df9fcf5acbeeb9896d016b990cd84f1973207569a14540,_probe_ecvs_deepseek_v4pro_harder_stress_v1_visiblecarry_vs_maturessrloop_15task_2method_3budget_1run,rolling_visible_carry_forward,d239781121d1d6a6cd4cbcab5e859463831be69b2bcfc1a1884a2ada2c1ef299,43215e9b88bd006bc5c3b5a9badbe1cde279eec840123cd1239ba938d210cce2,"{""boundary_constraint_count"": 4, ""budgets_supported"": [300, 600, 1200], ""conditional_constraint_count"": 3, ""decoy_count"": 9, ""difficulty_factors"": [""decoy_overload"", ""overwrite_update"", ""conditional_allowed_state"", ""forbidden_boundary_pressure"", ""plan_consistency"", ""delayed_critical_constraint"", ""budget_pressure""], ""files_touched_estimate"": 2, ""method_specific_selection_used"": false, ""model_outcomes_used"": false, ""required_output_size"": 12, ""segment_count"": 15, ""source_candidate_id"": ""frontier_candidate_policy_alias_cascade"", ""strict_json_contract"": true, ""update_count"": 4}",649fa93b196242a19e144bd5297cf90abac45ad4aab2596921bacaa4f809894a,1,rolling_visible_identifier_carry_forward_v1_ecvs_safe_visible_only,rolling_visible_identifier_carry_forward_v1_ecvs_safe_visible_only,0,0,0,0,0,0,
_probe_ecvs_deepseek_v4pro_harder_stress_v1_visiblecarry_vs_maturessrloop_15task_2method_3budget_1run:deepseek_v4pro:rolling_visible_carry_forward:harder_stress_v1_frontierpp_03_policy_alias_cascade:budget_300:run_1,deepseek_v4pro,harder_stress_v1_frontierpp_03_policy_alias_cascade,diagnostic_controlled_frontier_plus,frontier_plus,policy_alias_binding,,rolling_visible_carry_forward,rolling_visible_carry_forward,300,1,2026-06-19T08:58:36.344690+00:00,2026-06-19T08:58:38.399285+00:00,2026-06-19T08:58:36.344726+00:00,2026-06-19T08:58:38.387004+00:00,0.036,33146312feffa160a32e762c32a2b0a3b61464eaaeb147e93bec4f257a858730,845b40a5ccd3a43048dea7ae2c42e35b95c020808d8cb3dd945b43f0b736e95c,24c2aa4fdaf72321ee311eeeb023714d65b6477b681b763519a40c830f2f1974,b594f110c1c3bc5cb57d5ddd948b9ab79fc1ec71fe218d92920e97ed5472ad7b,4ab0c53a60ce2226b3fd1d6f935e1a992ae0828ff9502644cff7f95483117081,c3e9a533789f94f0831cdd773c0f0c0d7dabf0bac55bf9112313ec004ffb636a,7d28bae3dacf7b8d82a5f0e664afdfb48ad29f8d5d69200972b774935dbb2e34,7d28bae3dacf7b8d82a5f0e664afdfb48ad29f8d5d69200972b774935dbb2e34,7d28bae3dacf7b8d82a5f0e664afdfb48ad29f8d5d69200972b774935dbb2e34,39128f4c489c57c61675e097b9c45e5fe39511ce47ab14c0e2fe6beaa53efe33,direct_provider,deepseek,https://api.deepseek.com,deepseek-v4-pro,https://api.deepseek.com/chat/completions,deepseek-v4-pro,d9102514b5e2faa30f57f404991f95b09ba2d2ad37cfdd73f3d1f753a62a6425,2c4dd0c6c5ff02722c25948a9dff956605b4658af78362cf2148e45742a2ee82,d914cfc97d9b99822a2b1313c16850fd7be529b097eb356dc8e8e7408a7a00a8,explicit,0,4096,omitted,,omitted,,omitted,,omitted,,omitted,,omitted,,omitted,,omitted,,omitted,,False,thinking.type=disabled,ffe557f53c63f7d0f7e35f80c03f61d8b3548db9e4f51e8dda020b28a920d875,provider_not_exposed,provider_not_exposed,False,,False,False,False,disabled,,,,0,0,0,0,0,0,none,,,,,,,,,,0,,0,"[""REQ_03_DKX4J4UR"", ""LOCK_03_RU4J4"", ""SCOPE_03_X4J4U"", ""CHECK_03_KX4J4"", ""ANCHOR_03_U4J4X"", ""EDGE_03_4J4UR"", ""FRONTIER_03_RU4J4X"", ""MERGE_03_DKXRU4"", ""VERIFY_03_4J4UR"", ""PLAN_03_J4XKD"", ""CONTRACT_03_DKX4J"", ""FINAL_03_RU4JUR""]",[],0,[],0,[],0,[],0,1,URLError: <urlopen error [Errno 1] Operation not permitted>,rerun_required,backend_error,460877fb13d82293ad6ead510c0461f499f1d19b9d6b316e3749231f8a591024,7c077ca2308714493d07163e1033c4282bd869ff6d477b3e77408587f95e2930,7c077ca2308714493d07163e1033c4282bd869ff6d477b3e77408587f95e2930,78b9c6a3aacba408617f72ae758c3638598dbade3a6cbb06098ca77fc0251e8c,663758232e5675c03621a7b57c5bb27b5e66cdcf57adafd8a3a7e96efbf5ea65,released_raw_outputs/model_outputs/_probe_ecvs_deepseek_v4pro_harder_stress_v1_visiblecarry_vs_maturessrloop_15task_2method_3budget_1run/deepseek/rolling_visible_carry_forward__harder_stress_v1_frontierpp_03_policy_alias_cascade__run_1__budget_300.jsonl,1,6a02db8bc1a5d6cc52c6d4b0fa3f315e79f6961063ed33998b377c1486ed327b,d03a94c8605281ab05d38d6523086027b3f7f66146f0d5772207bca2f62ca10a,e68841ad9e30fa52165a126a91f2e14686661c3bcb978372a582f651180c42ba,_probe_ecvs_deepseek_v4pro_harder_stress_v1_visiblecarry_vs_maturessrloop_15task_2method_3budget_1run,rolling_visible_carry_forward,d239781121d1d6a6cd4cbcab5e859463831be69b2bcfc1a1884a2ada2c1ef299,43215e9b88bd006bc5c3b5a9badbe1cde279eec840123cd1239ba938d210cce2,"{""boundary_constraint_count"": 4, ""budgets_supported"": [300, 600, 1200], ""conditional_constraint_count"": 3, ""decoy_count"": 9, ""difficulty_factors"": [""decoy_overload"", ""overwrite_update"", ""conditional_allowed_state"", ""forbidden_boundary_pressure"", ""plan_consistency"", ""delayed_critical_constraint"", ""budget_pressure""], ""files_touched_estimate"": 2, ""method_specific_selection_used"": false, ""model_outcomes_used"": false, ""required_output_size"": 12, ""segment_count"": 15, ""source_candidate_id"": ""frontier_candidate_policy_alias_cascade"", ""strict_json_contract"": true, ""update_count"": 4}",649fa93b196242a19e144bd5297cf90abac45ad4aab2596921bacaa4f809894a,1,rolling_visible_identifier_carry_forward_v1_ecvs_safe_visible_only,rolling_visible_identifier_carry_forward_v1_ecvs_safe_visible_only,0,0,0,0,0,0,
_probe_ecvs_deepseek_v4pro_harder_stress_v1_visiblecarry_vs_maturessrloop_15task_2method_3budget_1run:deepseek_v4pro:rolling_visible_carry_forward:harder_stress_v1_frontierpp_03_policy_alias_cascade:budget_600:run_1,deepseek_v4pro,harder_stress_v1_frontierpp_03_policy_alias_cascade,diagnostic_controlled_frontier_plus,frontier_plus,policy_alias_binding,,rolling_visible_carry_forward,rolling_visible_carry_forward,600,1,2026-06-19T08:58:36.344972+00:00,2026-06-19T08:58:38.427458+00:00,2026-06-19T08:58:36.345030+00:00,2026-06-19T08:58:38.400751+00:00,0.047,33146312feffa160a32e762c32a2b0a3b61464eaaeb147e93bec4f257a858730,845b40a5ccd3a43048dea7ae2c42e35b95c020808d8cb3dd945b43f0b736e95c,24c2aa4fdaf72321ee311eeeb023714d65b6477b681b763519a40c830f2f1974,b594f110c1c3bc5cb57d5ddd948b9ab79fc1ec71fe218d92920e97ed5472ad7b,9246258db89e8ce793648643cc044b24ebc4dc39f828bd4f9312e62c26c34676,c3e9a533789f94f0831cdd773c0f0c0d7dabf0bac55bf9112313ec004ffb636a,7d28bae3dacf7b8d82a5f0e664afdfb48ad29f8d5d69200972b774935dbb2e34,7d28bae3dacf7b8d82a5f0e664afdfb48ad29f8d5d69200972b774935dbb2e34,7d28bae3dacf7b8d82a5f0e664afdfb48ad29f8d5d69200972b774935dbb2e34,39128f4c489c57c61675e097b9c45e5fe39511ce47ab14c0e2fe6beaa53efe33,direct_provider,deepseek,https://api.deepseek.com,deepseek-v4-pro,https://api.deepseek.com/chat/completions,deepseek-v4-pro,d9102514b5e2faa30f57f404991f95b09ba2d2ad37cfdd73f3d1f753a62a6425,2c4dd0c6c5ff02722c25948a9dff956605b4658af78362cf2148e45742a2ee82,d914cfc97d9b99822a2b1313c16850fd7be529b097eb356dc8e8e7408a7a00a8,explicit,0,4096,omitted,,omitted,,omitted,,omitted,,omitted,,omitted,,omitted,,omitted,,omitted,,False,thinking.type=disabled,ffe557f53c63f7d0f7e35f80c03f61d8b3548db9e4f51e8dda020b28a920d875,provider_not_exposed,provider_not_exposed,False,,False,False,False,disabled,,,,0,0,0,0,0,0,none,,,,,,,,,,0,,0,"[""REQ_03_DKX4J4UR"", ""LOCK_03_RU4J4"", ""SCOPE_03_X4J4U"", ""CHECK_03_KX4J4"", ""ANCHOR_03_U4J4X"", ""EDGE_03_4J4UR"", ""FRONTIER_03_RU4J4X"", ""MERGE_03_DKXRU4"", ""VERIFY_03_4J4UR"", ""PLAN_03_J4XKD"", ""CONTRACT_03_DKX4J"", ""FINAL_03_RU4JUR""]",[],0,[],0,[],0,[],0,1,URLError: <urlopen error [Errno 1] Operation not permitted>,rerun_required,backend_error,77f6e063f3e83913d50fd6f8f5b1f1410772801a97036dd8f8623451d5b0db67,7c077ca2308714493d07163e1033c4282bd869ff6d477b3e77408587f95e2930,7c077ca2308714493d07163e1033c4282bd869ff6d477b3e77408587f95e2930,78b9c6a3aacba408617f72ae758c3638598dbade3a6cbb06098ca77fc0251e8c,7299847b995fddf4f4d018f5645bcfd7dd1db760c0ea6725839b074920bc9c3a,released_raw_outputs/model_outputs/_probe_ecvs_deepseek_v4pro_harder_stress_v1_visiblecarry_vs_maturessrloop_15task_2method_3budget_1run/deepseek/rolling_visible_carry_forward__harder_stress_v1_frontierpp_03_policy_alias_cascade__run_1__budget_600.jsonl,1,01beb777dcbb56481aaff35a2b4ec1e50070742d89304dae0e9c58333ad0632a,900cff6ee4d07f55b0a1227de8ac81fc795519a2472218648e224fee94a4c5ed,4ebe2ac3d761c84d0e530cd32bc3b75d55885d16a9f456e5f3dd1e9632929c87,_probe_ecvs_deepseek_v4pro_harder_stress_v1_visiblecarry_vs_maturessrloop_15task_2method_3budget_1run,rolling_visible_carry_forward,d239781121d1d6a6cd4cbcab5e859463831be69b2bcfc1a1884a2ada2c1ef299,43215e9b88bd006bc5c3b5a9badbe1cde279eec840123cd1239ba938d210cce2,"{""boundary_constraint_count"": 4, ""budgets_supported"": [300, 600, 1200], ""conditional_constraint_count"": 3, ""decoy_count"": 9, ""difficulty_factors"": [""decoy_overload"", ""overwrite_update"", ""conditional_allowed_state"", ""forbidden_boundary_pressure"", ""plan_consistency"", ""delayed_critical_constraint"", ""budget_pressure""], ""files_touched_estimate"": 2, ""method_specific_selection_used"": false, ""model_outcomes_used"": false, ""required_output_size"": 12, ""segment_count"": 15, ""source_candidate_id"": ""frontier_candidate_policy_alias_cascade"", ""strict_json_contract"": true, ""update_count"": 4}",649fa93b196242a19e144bd5297cf90abac45ad4aab2596921bacaa4f809894a,1,rolling_visible_identifier_carry_forward_v1_ecvs_safe_visible_only,rolling_visible_identifier_carry_forward_v1_ecvs_safe_visible_only,0,0,0,0,0,0,
_probe_ecvs_deepseek_v4pro_harder_stress_v1_visiblecarry_vs_maturessrloop_15task_2method_3budget_1run:deepseek_v4pro:rolling_visible_carry_forward:harder_stress_v1_frontierpp_04_export_retention_window:budget_1200:run_1,deepseek_v4pro,harder_stress_v1_frontierpp_04_export_retention_window,diagnostic_controlled_frontier_plus,frontier_plus,data_export_retention,,rolling_visible_carry_forward,rolling_visible_carry_forward,1200,1,2026-06-19T08:58:36.349463+00:00,2026-06-19T08:58:38.400803+00:00,2026-06-19T08:58:36.349513+00:00,2026-06-19T08:58:38.390864+00:00,0.036,33146312feffa160a32e762c32a2b0a3b61464eaaeb147e93bec4f257a858730,dfcad272c2813c709c37e6d994119ece9987e5095caeb996afe26649a02c87b4,24c2aa4fdaf72321ee311eeeb023714d65b6477b681b763519a40c830f2f1974,27ad11c73cb4b091af35050d306e237e1caf7a44b33ce239e27ce40d49de9045,ababb07f7518469279ef4397114f6bcb66627873bf877f16f6104efa2e5ecb99,c3e9a533789f94f0831cdd773c0f0c0d7dabf0bac55bf9112313ec004ffb636a,7d28bae3dacf7b8d82a5f0e664afdfb48ad29f8d5d69200972b774935dbb2e34,7d28bae3dacf7b8d82a5f0e664afdfb48ad29f8d5d69200972b774935dbb2e34,7d28bae3dacf7b8d82a5f0e664afdfb48ad29f8d5d69200972b774935dbb2e34,39128f4c489c57c61675e097b9c45e5fe39511ce47ab14c0e2fe6beaa53efe33,direct_provider,deepseek,https://api.deepseek.com,deepseek-v4-pro,https://api.deepseek.com/chat/completions,deepseek-v4-pro,d9102514b5e2faa30f57f404991f95b09ba2d2ad37cfdd73f3d1f753a62a6425,2c4dd0c6c5ff02722c25948a9dff956605b4658af78362cf2148e45742a2ee82,d914cfc97d9b99822a2b1313c16850fd7be529b097eb356dc8e8e7408a7a00a8,explicit,0,4096,omitted,,omitted,,omitted,,omitted,,omitted,,omitted,,omitted,,omitted,,omitted,,False,thinking.type=disabled,ffe557f53c63f7d0f7e35f80c03f61d8b3548db9e4f51e8dda020b28a920d875,provider_not_exposed,provider_not_exposed,False,,False,False,False,disabled,,,,0,0,0,0,0,0,none,,,,,,,,,,0,,0,"[""REQ_04_KMDM3RZJ"", ""LOCK_04_JZR3M"", ""SCOPE_04_DM3RZ"", ""CHECK_04_MDM3R"", ""ANCHOR_04_ZR3MD"", ""EDGE_04_M3RZJ"", ""FRONTIER_04_JZR3MD"", ""MERGE_04_KMDJZR"", ""VERIFY_04_M3RZJ"", ""PLAN_04_3MDMK"", ""CONTRACT_04_KMDM3"", ""FINAL_04_JZR3ZJ""]",[],0,[],0,[],0,[],0,1,URLError: <urlopen error [Errno 1] Operation not permitted>,rerun_required,backend_error,44e15f74e69d0972b8120203267f207799e27f4d46bab91c4a8be8071295a242,7c077ca2308714493d07163e1033c4282bd869ff6d477b3e77408587f95e2930,7c077ca2308714493d07163e1033c4282bd869ff6d477b3e77408587f95e2930,78b9c6a3aacba408617f72ae758c3638598dbade3a6cbb06098ca77fc0251e8c,0f876a83ef8e5961c79c924cbf1e7bcea1d16cfca298b30258eb1b87d7a37ca9,released_raw_outputs/model_outputs/_probe_ecvs_deepseek_v4pro_harder_stress_v1_visiblecarry_vs_maturessrloop_15task_2method_3budget_1run/deepseek/rolling_visible_carry_forward__harder_stress_v1_frontierpp_04_export_retention_window__run_1__budget_1200.jsonl,1,3f49c4ec675f312d670f7650ba8bb6f48a95330bb738efa7c528e13480da99d9,9484d3a9ac0be5e2a4f99f26303d1bf32f5544cf30c3136f7e3683d2fe20c8f4,c04814fee3c655e6f4f5b05e3dfd725f5626a9dc23bfe1b5be990f0da10e5a9a,_probe_ecvs_deepseek_v4pro_harder_stress_v1_visiblecarry_vs_maturessrloop_15task_2method_3budget_1run,rolling_visible_carry_forward,d239781121d1d6a6cd4cbcab5e859463831be69b2bcfc1a1884a2ada2c1ef299,49f67b0d9ee6664926a59c59d7f03291c4428ad22afa5cdd731d87f14c126097,"{""boundary_constraint_count"": 5, ""budgets_supported"": [300, 600, 1200], ""conditional_constraint_count"": 3, ""decoy_count"": 9, ""difficulty_factors"": [""decoy_overload"", ""overwrite_update"", ""conditional_allowed_state"", ""forbidden_boundary_pressure"", ""multi_file_component_consistency"", ""final_output_contract_pressure"", ""budget_pressure""], ""files_touched_estimate"": 3, ""method_specific_selection_used"": false, ""model_outcomes_used"": false, ""required_output_size"": 12, ""segment_count"": 15, ""source_candidate_id"": ""frontier_candidate_export_retention_window"", ""strict_json_contract"": true, ""update_count"": 4}",649fa93b196242a19e144bd5297cf90abac45ad4aab2596921bacaa4f809894a,1,rolling_visible_identifier_carry_forward_v1_ecvs_safe_visible_only,rolling_visible_identifier_carry_forward_v1_ecvs_safe_visible_only,0,0,0,0,0,0,
_probe_ecvs_deepseek_v4pro_harder_stress_v1_visiblecarry_vs_maturessrloop_15task_2method_3budget_1run:deepseek_v4pro:rolling_visible_carry_forward:harder_stress_v1_frontierpp_04_export_retention_window:budget_300:run_1,deepseek_v4pro,harder_stress_v1_frontierpp_04_export_retention_window,diagnostic_controlled_frontier_plus,frontier_plus,data_export_retention,,rolling_visible_carry_forward,rolling_visible_carry_forward,300,1,2026-06-19T08:58:36.348938+00:00,2026-06-19T08:58:38.419776+00:00,2026-06-19T08:58:36.348974+00:00,2026-06-19T08:58:38.402084+00:00,0.046,33146312feffa160a32e762c32a2b0a3b61464eaaeb147e93bec4f257a858730,dfcad272c2813c709c37e6d994119ece9987e5095caeb996afe26649a02c87b4,24c2aa4fdaf72321ee311eeeb023714d65b6477b681b763519a40c830f2f1974,27ad11c73cb4b091af35050d306e237e1caf7a44b33ce239e27ce40d49de9045,11fac9614830ddb58cc62326fe3eccac9d3723f76922db0ff1453064c4bddeca,c3e9a533789f94f0831cdd773c0f0c0d7dabf0bac55bf9112313ec004ffb636a,7d28bae3dacf7b8d82a5f0e664afdfb48ad29f8d5d69200972b774935dbb2e34,7d28bae3dacf7b8d82a5f0e664afdfb48ad29f8d5d69200972b774935dbb2e34,7d28bae3dacf7b8d82a5f0e664afdfb48ad29f8d5d69200972b774935dbb2e34,39128f4c489c57c61675e097b9c45e5fe39511ce47ab14c0e2fe6beaa53efe33,direct_provider,deepseek,https://api.deepseek.com,deepseek-v4-pro,https://api.deepseek.com/chat/completions,deepseek-v4-pro,d9102514b5e2faa30f57f404991f95b09ba2d2ad37cfdd73f3d1f753a62a6425,2c4dd0c6c5ff02722c25948a9dff956605b4658af78362cf2148e45742a2ee82,d914cfc97d9b99822a2b1313c16850fd7be529b097eb356dc8e8e7408a7a00a8,explicit,0,4096,omitted,,omitted,,omitted,,omitted,,omitted,,omitted,,omitted,,omitted,,omitted,,False,thinking.type=disabled,ffe557f53c63f7d0f7e35f80c03f61d8b3548db9e4f51e8dda020b28a920d875,provider_not_exposed,provider_not_exposed,False,,False,False,False,disabled,,,,0,0,0,0,0,0,none,,,,,,,,,,0,,0,"[""REQ_04_KMDM3RZJ"", ""LOCK_04_JZR3M"", ""SCOPE_04_DM3RZ"", ""CHECK_04_MDM3R"", ""ANCHOR_04_ZR3MD"", ""EDGE_04_M3RZJ"", ""FRONTIER_04_JZR3MD"", ""MERGE_04_KMDJZR"", ""VERIFY_04_M3RZJ"", ""PLAN_04_3MDMK"", ""CONTRACT_04_KMDM3"", ""FINAL_04_JZR3ZJ""]",[],0,[],0,[],0,[],0,1,URLError: <urlopen error [Errno 1] Operation not permitted>,rerun_required,backend_error,d370624137aa3d937f9e6198c06df25b50be1cbb4d4765c4554739fa53645a6b,7c077ca2308714493d07163e1033c4282bd869ff6d477b3e77408587f95e2930,7c077ca2308714493d07163e1033c4282bd869ff6d477b3e77408587f95e2930,78b9c6a3aacba408617f72ae758c3638598dbade3a6cbb06098ca77fc0251e8c,a7ab5be2e76ffc721a7b916dc735db55e2e240432f3cb08874f583e1a85c5b00,released_raw_outputs/model_outputs/_probe_ecvs_deepseek_v4pro_harder_stress_v1_visiblecarry_vs_maturessrloop_15task_2method_3budget_1run/deepseek/rolling_visible_carry_forward__harder_stress_v1_frontierpp_04_export_retention_window__run_1__budget_300.jsonl,1,5197f6c1f3c177c36dcdb5dc80f7e89f014c2b48a8e210ee0e9dce1c54a99491,f58086d5538c499c30a04c0fb7dc78cf850a37ae7bb01d4034a52a87891a41e1,b10f950725bbf5943569f37f0da967b61054a0f1fa089342d3da47a5fa0a78c6,_probe_ecvs_deepseek_v4pro_harder_stress_v1_visiblecarry_vs_maturessrloop_15task_2method_3budget_1run,rolling_visible_carry_forward,d239781121d1d6a6cd4cbcab5e859463831be69b2bcfc1a1884a2ada2c1ef299,49f67b0d9ee6664926a59c59d7f03291c4428ad22afa5cdd731d87f14c126097,"{""boundary_constraint_count"": 5, ""budgets_supported"": [300, 600, 1200], ""conditional_constraint_count"": 3, ""decoy_count"": 9, ""difficulty_factors"": [""decoy_overload"", ""overwrite_update"", ""conditional_allowed_state"", ""forbidden_boundary_pressure"", ""multi_file_component_consistency"", ""final_output_contract_pressure"", ""budget_pressure""], ""files_touched_estimate"": 3, ""method_specific_selection_used"": false, ""model_outcomes_used"": false, ""required_output_size"": 12, ""segment_count"": 15, ""source_candidate_id"": ""frontier_candidate_export_retention_window"", ""strict_json_contract"": true, ""update_count"": 4}",649fa93b196242a19e144bd5297cf90abac45ad4aab2596921bacaa4f809894a,1,rolling_visible_identifier_carry_forward_v1_ecvs_safe_visible_only,rolling_visible_identifier_carry_forward_v1_ecvs_safe_visible_only,0,0,0,0,0,0,
_probe_ecvs_deepseek_v4pro_harder_stress_v1_visiblecarry_vs_maturessrloop_15task_2method_3budget_1run:deepseek_v4pro:rolling_visible_carry_forward:harder_stress_v1_frontierpp_04_export_retention_window:budget_600:run_1,deepseek_v4pro,harder_stress_v1_frontierpp_04_export_retention_window,diagnostic_controlled_frontier_plus,frontier_plus,data_export_retention,,rolling_visible_carry_forward,rolling_visible_carry_forward,600,1,2026-06-19T08:58:36.348453+00:00,2026-06-19T08:58:38.405794+00:00,2026-06-19T08:58:36.348509+00:00,2026-06-19T08:58:38.391948+00:00,0.038,33146312feffa160a32e762c32a2b0a3b61464eaaeb147e93bec4f257a858730,dfcad272c2813c709c37e6d994119ece9987e5095caeb996afe26649a02c87b4,24c2aa4fdaf72321ee311eeeb023714d65b6477b681b763519a40c830f2f1974,27ad11c73cb4b091af35050d306e237e1caf7a44b33ce239e27ce40d49de9045,61d02b55102dc8c54cfd01f10883c92f71c02920b242f9a229a301bfa7931680,c3e9a533789f94f0831cdd773c0f0c0d7dabf0bac55bf9112313ec004ffb636a,7d28bae3dacf7b8d82a5f0e664afdfb48ad29f8d5d69200972b774935dbb2e34,7d28bae3dacf7b8d82a5f0e664afdfb48ad29f8d5d69200972b774935dbb2e34,7d28bae3dacf7b8d82a5f0e664afdfb48ad29f8d5d69200972b774935dbb2e34,39128f4c489c57c61675e097b9c45e5fe39511ce47ab14c0e2fe6beaa53efe33,direct_provider,deepseek,https://api.deepseek.com,deepseek-v4-pro,https://api.deepseek.com/chat/completions,deepseek-v4-pro,d9102514b5e2faa30f57f404991f95b09ba2d2ad37cfdd73f3d1f753a62a6425,2c4dd0c6c5ff02722c25948a9dff956605b4658af78362cf2148e45742a2ee82,d914cfc97d9b99822a2b1313c16850fd7be529b097eb356dc8e8e7408a7a00a8,explicit,0,4096,omitted,,omitted,,omitted,,omitted,,omitted,,omitted,,omitted,,omitted,,omitted,,False,thinking.type=disabled,ffe557f53c63f7d0f7e35f80c03f61d8b3548db9e4f51e8dda020b28a920d875,provider_not_exposed,provider_not_exposed,False,,False,False,False,disabled,,,,0,0,0,0,0,0,none,,,,,,,,,,0,,0,"[""REQ_04_KMDM3RZJ"", ""LOCK_04_JZR3M"", ""SCOPE_04_DM3RZ"", ""CHECK_04_MDM3R"", ""ANCHOR_04_ZR3MD"", ""EDGE_04_M3RZJ"", ""FRONTIER_04_JZR3MD"", ""MERGE_04_KMDJZR"", ""VERIFY_04_M3RZJ"", ""PLAN_04_3MDMK"", ""CONTRACT_04_KMDM3"", ""FINAL_04_JZR3ZJ""]",[],0,[],0,[],0,[],0,1,URLError: <urlopen error [Errno 1] Operation not permitted>,rerun_required,backend_error,38aff56d09ebe4cf773fee870d8407e01b39091e73717cf9bf057259f77f9502,7c077ca2308714493d07163e1033c4282bd869ff6d477b3e77408587f95e2930,7c077ca2308714493d07163e1033c4282bd869ff6d477b3e77408587f95e2930,78b9c6a3aacba408617f72ae758c3638598dbade3a6cbb06098ca77fc0251e8c,ab77d85d60298eb9c7ae9144fb9aeb3cc2986226bb0fe11c4e6554f9a7d34878,released_raw_outputs/model_outputs/_probe_ecvs_deepseek_v4pro_harder_stress_v1_visiblecarry_vs_maturessrloop_15task_2method_3budget_1run/deepseek/rolling_visible_carry_forward__harder_stress_v1_frontierpp_04_export_retention_window__run_1__budget_600.jsonl,1,7fa920b7f2db972341ce716baba35a18d148f572d7f16f18ba2cfb24bdd594e1,96fc2464533ceefbef0ac249d1a2631b5133f357de35d3c7aae01b158c98d1d4,c72b32d1d8fc3afe38f681ce9827c91d7c403dea0a0dfb2e30489b045d7d6f01,_probe_ecvs_deepseek_v4pro_harder_stress_v1_visiblecarry_vs_maturessrloop_15task_2method_3budget_1run,rolling_visible_carry_forward,d239781121d1d6a6cd4cbcab5e859463831be69b2bcfc1a1884a2ada2c1ef299,49f67b0d9ee6664926a59c59d7f03291c4428ad22afa5cdd731d87f14c126097,"{""boundary_constraint_count"": 5, ""budgets_supported"": [300, 600, 1200], ""conditional_constraint_count"": 3, ""decoy_count"": 9, ""difficulty_factors"": [""decoy_overload"", ""overwrite_update"", ""conditional_allowed_state"", ""forbidden_boundary_pressure"", ""multi_file_component_consistency"", ""final_output_contract_pressure"", ""budget_pressure""], ""files_touched_estimate"": 3, ""method_specific_selection_used"": false, ""model_outcomes_used"": false, ""required_output_size"": 12, ""segment_count"": 15, ""source_candidate_id"": ""frontier_candidate_export_retention_window"", ""strict_json_contract"": true, ""update_count"": 4}",649fa93b196242a19e144bd5297cf90abac45ad4aab2596921bacaa4f809894a,1,rolling_visible_identifier_carry_forward_v1_ecvs_safe_visible_only,rolling_visible_identifier_carry_forward_v1_ecvs_safe_visible_only,0,0,0,0,0,0,
_probe_ecvs_deepseek_v4pro_harder_stress_v1_visiblecarry_vs_maturessrloop_15task_2method_3budget_1run:deepseek_v4pro:rolling_visible_carry_forward:harder_stress_v1_frontierpp_05_telemetry_redaction_contract:budget_1200:run_1,deepseek_v4pro,harder_stress_v1_frontierpp_05_telemetry_redaction_contract,diagnostic_controlled_frontier_plus,frontier_plus,telemetry_redaction,,rolling_visible_carry_forward,rolling_visible_carry_forward,1200,1,2026-06-19T08:58:36.376742+00:00,2026-06-19T08:58:38.398084+00:00,2026-06-19T08:58:36.376801+00:00,2026-06-19T08:58:38.385741+00:00,0.004,33146312feffa160a32e762c32a2b0a3b61464eaaeb147e93bec4f257a858730,f965325b583ede54ed427a7918ac3a249995541cdc943e16053d462217d5b663,24c2aa4fdaf72321ee311eeeb023714d65b6477b681b763519a40c830f2f1974,7cd1793139610562c40bfcbc61b02070ed36273bf01796fd75b7b37f9c1e2624,62c59eef060409dc2631e24b749e1e3c8d574253e3d0caaec75fb05abee61c73,c3e9a533789f94f0831cdd773c0f0c0d7dabf0bac55bf9112313ec004ffb636a,7d28bae3dacf7b8d82a5f0e664afdfb48ad29f8d5d69200972b774935dbb2e34,7d28bae3dacf7b8d82a5f0e664afdfb48ad29f8d5d69200972b774935dbb2e34,7d28bae3dacf7b8d82a5f0e664afdfb48ad29f8d5d69200972b774935dbb2e34,39128f4c489c57c61675e097b9c45e5fe39511ce47ab14c0e2fe6beaa53efe33,direct_provider,deepseek,https://api.deepseek.com,deepseek-v4-pro,https://api.deepseek.com/chat/completions,deepseek-v4-pro,d9102514b5e2faa30f57f404991f95b09ba2d2ad37cfdd73f3d1f753a62a6425,2c4dd0c6c5ff02722c25948a9dff956605b4658af78362cf2148e45742a2ee82,d914cfc97d9b99822a2b1313c16850fd7be529b097eb356dc8e8e7408a7a00a8,explicit,0,4096,omitted,,omitted,,omitted,,omitted,,omitted,,omitted,,omitted,,omitted,,omitted,,False,thinking.type=disabled,ffe557f53c63f7d0f7e35f80c03f61d8b3548db9e4f51e8dda020b28a920d875,provider_not_exposed,provider_not_exposed,False,,False,False,False,disabled,,,,0,0,0,0,0,0,none,,,,,,,,,,0,,0,"[""REQ_05_39GLLQGQ"", ""LOCK_05_QGQLL"", ""SCOPE_05_GLLQG"", ""CHECK_05_9GLLQ"", ""ANCHOR_05_GQLLG"", ""EDGE_05_LLQGQ"", ""FRONTIER_05_QGQLLG"", ""MERGE_05_39GQGQ"", ""VERIFY_05_LLQGQ"", ""PLAN_05_LLG93"", ""CONTRACT_05_39GLL"", ""FINAL_05_QGQLGQ""]",[],0,[],0,[],0,[],0,1,URLError: <urlopen error [Errno 1] Operation not permitted>,rerun_required,backend_error,360269bfc706726107e5e984a8f3c901ae1a849b5c06b487c90c5c983e5dc94a,7c077ca2308714493d07163e1033c4282bd869ff6d477b3e77408587f95e2930,7c077ca2308714493d07163e1033c4282bd869ff6d477b3e77408587f95e2930,78b9c6a3aacba408617f72ae758c3638598dbade3a6cbb06098ca77fc0251e8c,c29c023d6876f0e91dc412f1d8115265d3f984512186d4fbc133595fe0600962,released_raw_outputs/model_outputs/_probe_ecvs_deepseek_v4pro_harder_stress_v1_visiblecarry_vs_maturessrloop_15task_2method_3budget_1run/deepseek/rolling_visible_carry_forward__harder_stress_v1_frontierpp_05_telemetry_redaction_contract__run_1__budget_1200.jsonl,1,79b57f3e9c8a2744b5aefd76fdac84a7027cd2ad490c1f52510b4ecfcbf7b3eb,5c779b32a36ccfc3f1ad78637b61ea66d44f9fb4d94f8db28cbe69d12e51832c,7d3ea02382dbc86b8d17d611593208cf82c45ee4820fb58cb15751c093752d33,_probe_ecvs_deepseek_v4pro_harder_stress_v1_visiblecarry_vs_maturessrloop_15task_2method_3budget_1run,rolling_visible_carry_forward,d239781121d1d6a6cd4cbcab5e859463831be69b2bcfc1a1884a2ada2c1ef299,b6d2f7a793eeef90f26127696b8808792e0f4a2cdbffdb2547e0cfa18850f30e,"{""boundary_constraint_count"": 6, ""budgets_supported"": [300, 600, 1200], ""conditional_constraint_count"": 4, ""decoy_count"": 10, ""difficulty_factors"": [""decoy_overload"", ""overwrite_update"", ""conditional_allowed_state"", ""forbidden_boundary_pressure"", ""multi_file_component_consistency"", ""plan_consistency"", ""budget_pressure""], ""files_touched_estimate"": 2, ""method_specific_selection_used"": false, ""model_outcomes_used"": false, ""required_output_size"": 12, ""segment_count"": 16, ""source_candidate_id"": ""frontier_candidate_telemetry_redaction_contract"", ""strict_json_contract"": true, ""update_count"": 4}",649fa93b196242a19e144bd5297cf90abac45ad4aab2596921bacaa4f809894a,1,rolling_visible_identifier_carry_forward_v1_ecvs_safe_visible_only,rolling_visible_identifier_carry_forward_v1_ecvs_safe_visible_only,0,0,0,0,0,0,
_probe_ecvs_deepseek_v4pro_harder_stress_v1_visiblecarry_vs_maturessrloop_15task_2method_3budget_1run:deepseek_v4pro:rolling_visible_carry_forward:harder_stress_v1_frontierpp_05_telemetry_redaction_contract:budget_300:run_1,deepseek_v4pro,harder_stress_v1_frontierpp_05_telemetry_redaction_contract,diagnostic_controlled_frontier_plus,frontier_plus,telemetry_redaction,,rolling_visible_carry_forward,rolling_visible_carry_forward,300,1,2026-06-19T08:58:36.371101+00:00,2026-06-19T08:58:38.420428+00:00,2026-06-19T08:58:36.371162+00:00,2026-06-19T08:58:38.400702+00:00,0.022,33146312feffa160a32e762c32a2b0a3b61464eaaeb147e93bec4f257a858730,f965325b583ede54ed427a7918ac3a249995541cdc943e16053d462217d5b663,24c2aa4fdaf72321ee311eeeb023714d65b6477b681b763519a40c830f2f1974,7cd1793139610562c40bfcbc61b02070ed36273bf01796fd75b7b37f9c1e2624,618bcf993120bbb2e94b92b1354c54c4a68a3f528e3f01b85e0d36dbf4dd2aa8,c3e9a533789f94f0831cdd773c0f0c0d7dabf0bac55bf9112313ec004ffb636a,7d28bae3dacf7b8d82a5f0e664afdfb48ad29f8d5d69200972b774935dbb2e34,7d28bae3dacf7b8d82a5f0e664afdfb48ad29f8d5d69200972b774935dbb2e34,7d28bae3dacf7b8d82a5f0e664afdfb48ad29f8d5d69200972b774935dbb2e34,39128f4c489c57c61675e097b9c45e5fe39511ce47ab14c0e2fe6beaa53efe33,direct_provider,deepseek,https://api.deepseek.com,deepseek-v4-pro,https://api.deepseek.com/chat/completions,deepseek-v4-pro,d9102514b5e2faa30f57f404991f95b09ba2d2ad37cfdd73f3d1f753a62a6425,2c4dd0c6c5ff02722c25948a9dff956605b4658af78362cf2148e45742a2ee82,d914cfc97d9b99822a2b1313c16850fd7be529b097eb356dc8e8e7408a7a00a8,explicit,0,4096,omitted,,omitted,,omitted,,omitted,,omitted,,omitted,,omitted,,omitted,,omitted,,False,thinking.type=disabled,ffe557f53c63f7d0f7e35f80c03f61d8b3548db9e4f51e8dda020b28a920d875,provider_not_exposed,provider_not_exposed,False,,False,False,False,disabled,,,,0,0,0,0,0,0,none,,,,,,,,,,0,,0,"[""REQ_05_39GLLQGQ"", ""LOCK_05_QGQLL"", ""SCOPE_05_GLLQG"", ""CHECK_05_9GLLQ"", ""ANCHOR_05_GQLLG"", ""EDGE_05_LLQGQ"", ""FRONTIER_05_QGQLLG"", ""MERGE_05_39GQGQ"", ""VERIFY_05_LLQGQ"", ""PLAN_05_LLG93"", ""CONTRACT_05_39GLL"", ""FINAL_05_QGQLGQ""]",[],0,[],0,[],0,[],0,1,URLError: <urlopen error [Errno 1] Operation not permitted>,rerun_required,backend_error,5e65a821be37f1879fc570b01b89434fdc5cf7c3bda2dd1f818d4cedd2a96d9a,7c077ca2308714493d07163e1033c4282bd869ff6d477b3e77408587f95e2930,7c077ca2308714493d07163e1033c4282bd869ff6d477b3e77408587f95e2930,78b9c6a3aacba408617f72ae758c3638598dbade3a6cbb06098ca77fc0251e8c,dd809cea3bb5cb955d2d4cff90a5a63794052ea4a058e8c83a7f298d0fe900e2,released_raw_outputs/model_outputs/_probe_ecvs_deepseek_v4pro_harder_stress_v1_visiblecarry_vs_maturessrloop_15task_2method_3budget_1run/deepseek/rolling_visible_carry_forward__harder_stress_v1_frontierpp_05_telemetry_redaction_contract__run_1__budget_300.jsonl,1,c6a76665abd05a897c9eba56aa2382ad29c38edc503fe2d99152adea2e6b1f3b,353aba29978f5802051da42e5b3e422adb77db4a8cf2f944ec99c69b59040b4e,3251290c5a7c10d96f8d5eb75a6b416f46613c53c8c9ddca4b561275cad0e769,_probe_ecvs_deepseek_v4pro_harder_stress_v1_visiblecarry_vs_maturessrloop_15task_2method_3budget_1run,rolling_visible_carry_forward,d239781121d1d6a6cd4cbcab5e859463831be69b2bcfc1a1884a2ada2c1ef299,b6d2f7a793eeef90f26127696b8808792e0f4a2cdbffdb2547e0cfa18850f30e,"{""boundary_constraint_count"": 6, ""budgets_supported"": [300, 600, 1200], ""conditional_constraint_count"": 4, ""decoy_count"": 10, ""difficulty_factors"": [""decoy_overload"", ""overwrite_update"", ""conditional_allowed_state"", ""forbidden_boundary_pressure"", ""multi_file_component_consistency"", ""plan_consistency"", ""budget_pressure""], ""files_touched_estimate"": 2, ""method_specific_selection_used"": false, ""model_outcomes_used"": false, ""required_output_size"": 12, ""segment_count"": 16, ""source_candidate_id"": ""frontier_candidate_telemetry_redaction_contract"", ""strict_json_contract"": true, ""update_count"": 4}",649fa93b196242a19e144bd5297cf90abac45ad4aab2596921bacaa4f809894a,1,rolling_visible_identifier_carry_forward_v1_ecvs_safe_visible_only,rolling_visible_identifier_carry_forward_v1_ecvs_safe_visible_only,0,0,0,0,0,0,
_probe_ecvs_deepseek_v4pro_harder_stress_v1_visiblecarry_vs_maturessrloop_15task_2method_3budget_1run:deepseek_v4pro:rolling_visible_carry_forward:harder_stress_v1_frontierpp_05_telemetry_redaction_contract:budget_600:run_1,deepseek_v4pro,harder_stress_v1_frontierpp_05_telemetry_redaction_contract,diagnostic_controlled_frontier_plus,frontier_plus,telemetry_redaction,,rolling_visible_carry_forward,rolling_visible_carry_forward,600,1,2026-06-19T08:58:36.376970+00:00,2026-06-19T08:58:38.404319+00:00,2026-06-19T08:58:36.377014+00:00,2026-06-19T08:58:38.387476+00:00,0.002,33146312feffa160a32e762c32a2b0a3b61464eaaeb147e93bec4f257a858730,f965325b583ede54ed427a7918ac3a249995541cdc943e16053d462217d5b663,24c2aa4fdaf72321ee311eeeb023714d65b6477b681b763519a40c830f2f1974,7cd1793139610562c40bfcbc61b02070ed36273bf01796fd75b7b37f9c1e2624,d3e5b6e5dd47f7fa776484b4f523e3c144a4edfe28324e0d019c02f75da8d47c,c3e9a533789f94f0831cdd773c0f0c0d7dabf0bac55bf9112313ec004ffb636a,7d28bae3dacf7b8d82a5f0e664afdfb48ad29f8d5d69200972b774935dbb2e34,7d28bae3dacf7b8d82a5f0e664afdfb48ad29f8d5d69200972b774935dbb2e34,7d28bae3dacf7b8d82a5f0e664afdfb48ad29f8d5d69200972b774935dbb2e34,39128f4c489c57c61675e097b9c45e5fe39511ce47ab14c0e2fe6beaa53efe33,direct_provider,deepseek,https://api.deepseek.com,deepseek-v4-pro,https://api.deepseek.com/chat/completions,deepseek-v4-pro,d9102514b5e2faa30f57f404991f95b09ba2d2ad37cfdd73f3d1f753a62a6425,2c4dd0c6c5ff02722c25948a9dff956605b4658af78362cf2148e45742a2ee82,d914cfc97d9b99822a2b1313c16850fd7be529b097eb356dc8e8e7408a7a00a8,explicit,0,4096,omitted,,omitted,,omitted,,omitted,,omitted,,omitted,,omitted,,omitted,,omitted,,False,thinking.type=disabled,ffe557f53c63f7d0f7e35f80c03f61d8b3548db9e4f51e8dda020b28a920d875,provider_not_exposed,provider_not_exposed,False,,False,False,False,disabled,,,,0,0,0,0,0,0,none,,,,,,,,,,0,,0,"[""REQ_05_39GLLQGQ"", ""LOCK_05_QGQLL"", ""SCOPE_05_GLLQG"", ""CHECK_05_9GLLQ"", ""ANCHOR_05_GQLLG"", ""EDGE_05_LLQGQ"", ""FRONTIER_05_QGQLLG"", ""MERGE_05_39GQGQ"", ""VERIFY_05_LLQGQ"", ""PLAN_05_LLG93"", ""CONTRACT_05_39GLL"", ""FINAL_05_QGQLGQ""]",[],0,[],0,[],0,[],0,1,URLError: <urlopen error [Errno 1] Operation not permitted>,rerun_required,backend_error,9f7e2ff96c581d2fca533df4c45776d22252c2f2e7d78a1dab94cd4061174190,7c077ca2308714493d07163e1033c4282bd869ff6d477b3e77408587f95e2930,7c077ca2308714493d07163e1033c4282bd869ff6d477b3e77408587f95e2930,78b9c6a3aacba408617f72ae758c3638598dbade3a6cbb06098ca77fc0251e8c,619dff6bf9f2a0248fd3d2bcc3d12c5c6621da2b4c91b2e8fc5576a24eff6d48,released_raw_outputs/model_outputs/_probe_ecvs_deepseek_v4pro_harder_stress_v1_visiblecarry_vs_maturessrloop_15task_2method_3budget_1run/deepseek/rolling_visible_carry_forward__harder_stress_v1_frontierpp_05_telemetry_redaction_contract__run_1__budget_600.jsonl,1,971cc2bd1e058da3b31ad8cb0aaf552994290446850f60765b121c9c60d93329,d1d076460de40f4b31a2b5e6eeec579acb74c59ca712768614f60ef82cfffb94,3005f7d7be7377ad41b9e0e745cd4c10accbdcb52c79518722638973fd417e14,_probe_ecvs_deepseek_v4pro_harder_stress_v1_visiblecarry_vs_maturessrloop_15task_2method_3budget_1run,rolling_visible_carry_forward,d239781121d1d6a6cd4cbcab5e859463831be69b2bcfc1a1884a2ada2c1ef299,b6d2f7a793eeef90f26127696b8808792e0f4a2cdbffdb2547e0cfa18850f30e,"{""boundary_constraint_count"": 6, ""budgets_supported"": [300, 600, 1200], ""conditional_constraint_count"": 4, ""decoy_count"": 10, ""difficulty_factors"": [""decoy_overload"", ""overwrite_update"", ""conditional_allowed_state"", ""forbidden_boundary_pressure"", ""multi_file_component_consistency"", ""plan_consistency"", ""budget_pressure""], ""files_touched_estimate"": 2, ""method_specific_selection_used"": false, ""model_outcomes_used"": false, ""required_output_size"": 12, ""segment_count"": 16, ""source_candidate_id"": ""frontier_candidate_telemetry_redaction_contract"", ""strict_json_contract"": true, ""update_count"": 4}",649fa93b196242a19e144bd5297cf90abac45ad4aab2596921bacaa4f809894a,1,rolling_visible_identifier_carry_forward_v1_ecvs_safe_visible_only,rolling_visible_identifier_carry_forward_v1_ecvs_safe_visible_only,0,0,0,0,0,0,
_probe_ecvs_deepseek_v4pro_harder_stress_v1_visiblecarry_vs_maturessrloop_15task_2method_3budget_1run:deepseek_v4pro:rolling_visible_carry_forward:harder_stress_v1_frontierpp_06_cache_invalidation_mesh:budget_1200:run_1,deepseek_v4pro,harder_stress_v1_frontierpp_06_cache_invalidation_mesh,semi_real_repo_style_controlled_frontier_plus,frontier_plus,multi_store_cache_invalidation,,rolling_visible_carry_forward,rolling_visible_carry_forward,1200,1,2026-06-19T08:58:36.379663+00:00,2026-06-19T08:58:38.418974+00:00,2026-06-19T08:58:36.379706+00:00,2026-06-19T08:58:38.401757+00:00,0.018,33146312feffa160a32e762c32a2b0a3b61464eaaeb147e93bec4f257a858730,fa4b3b010acb2188cd1cfe43babf0aad1df3f23504836440edc4a40a44198158,24c2aa4fdaf72321ee311eeeb023714d65b6477b681b763519a40c830f2f1974,8eed7a82c3da83720b48c2dd49ec5e06093874a55f185d766484ba71bb7869cd,85544c96eefdafb8626afe3af98e0dca09eb958b31c958018c3c1ea99aa4bf24,c3e9a533789f94f0831cdd773c0f0c0d7dabf0bac55bf9112313ec004ffb636a,7d28bae3dacf7b8d82a5f0e664afdfb48ad29f8d5d69200972b774935dbb2e34,7d28bae3dacf7b8d82a5f0e664afdfb48ad29f8d5d69200972b774935dbb2e34,7d28bae3dacf7b8d82a5f0e664afdfb48ad29f8d5d69200972b774935dbb2e34,39128f4c489c57c61675e097b9c45e5fe39511ce47ab14c0e2fe6beaa53efe33,direct_provider,deepseek,https://api.deepseek.com,deepseek-v4-pro,https://api.deepseek.com/chat/completions,deepseek-v4-pro,d9102514b5e2faa30f57f404991f95b09ba2d2ad37cfdd73f3d1f753a62a6425,2c4dd0c6c5ff02722c25948a9dff956605b4658af78362cf2148e45742a2ee82,d914cfc97d9b99822a2b1313c16850fd7be529b097eb356dc8e8e7408a7a00a8,explicit,0,4096,omitted,,omitted,,omitted,,omitted,,omitted,,omitted,,omitted,,omitted,,omitted,,False,thinking.type=disabled,ffe557f53c63f7d0f7e35f80c03f61d8b3548db9e4f51e8dda020b28a920d875,provider_not_exposed,provider_not_exposed,False,,False,False,False,disabled,,,,0,0,0,0,0,0,none,,,,,,,,,,0,,0,"[""REQ_06_JEG3S4CK"", ""LOCK_06_KC4S3"", ""SCOPE_06_G3S4C"", ""CHECK_06_EG3S4"", ""ANCHOR_06_C4S3G"", ""EDGE_06_3S4CK"", ""FRONTIER_06_KC4S3G"", ""MERGE_06_JEGKC4"", ""VERIFY_06_3S4CK"", ""PLAN_06_S3GEJ"", ""CONTRACT_06_JEG3S"", ""FINAL_06_KC4SCK""]",[],0,[],0,[],0,[],0,1,URLError: <urlopen error [Errno 1] Operation not permitted>,rerun_required,backend_error,65fb7587c75cdbf24569ef31178788003e4264bd55e4a8b54e9b9cbc23b20710,7c077ca2308714493d07163e1033c4282bd869ff6d477b3e77408587f95e2930,7c077ca2308714493d07163e1033c4282bd869ff6d477b3e77408587f95e2930,78b9c6a3aacba408617f72ae758c3638598dbade3a6cbb06098ca77fc0251e8c,872630bad72028d63c6f4a710da47363baf01f453aa6f6fbbcb5de16a98f5d2c,released_raw_outputs/model_outputs/_probe_ecvs_deepseek_v4pro_harder_stress_v1_visiblecarry_vs_maturessrloop_15task_2method_3budget_1run/deepseek/rolling_visible_carry_forward__harder_stress_v1_frontierpp_06_cache_invalidation_mesh__run_1__budget_1200.jsonl,1,61d6aacc98406facc98db47493add4dc88644a6654dce8ae4d40daa332e5bd8b,6b18a8b44abb02269cf7be6a69dd3e54db282abdf3a0ee5abf2bb0d4edc295cb,887d077906dd2628fa800907bc34bd38bb39e63d1b9187db70946e118cc75c59,_probe_ecvs_deepseek_v4pro_harder_stress_v1_visiblecarry_vs_maturessrloop_15task_2method_3budget_1run,rolling_visible_carry_forward,d239781121d1d6a6cd4cbcab5e859463831be69b2bcfc1a1884a2ada2c1ef299,2f0d3f4869fc42756bd1ce16c89b28b4562e66fe5f908181d2ef06b766037a1b,"{""boundary_constraint_count"": 5, ""budgets_supported"": [300, 600, 1200], ""conditional_constraint_count"": 4, ""decoy_count"": 10, ""difficulty_factors"": [""decoy_overload"", ""overwrite_update"", ""conditional_allowed_state"", ""forbidden_boundary_pressure"", ""multi_file_component_consistency"", ""plan_consistency"", ""budget_pressure""], ""files_touched_estimate"": 2, ""method_specific_selection_used"": false, ""model_outcomes_used"": false, ""required_output_size"": 12, ""segment_count"": 16, ""source_candidate_id"": ""frontier_candidate_cache_invalidation_mesh"", ""strict_json_contract"": true, ""update_count"": 4}",649fa93b196242a19e144bd5297cf90abac45ad4aab2596921bacaa4f809894a,1,rolling_visible_identifier_carry_forward_v1_ecvs_safe_visible_only,rolling_visible_identifier_carry_forward_v1_ecvs_safe_visible_only,0,0,0,0,0,0,
_probe_ecvs_deepseek_v4pro_harder_stress_v1_visiblecarry_vs_maturessrloop_15task_2method_3budget_1run:deepseek_v4pro:rolling_visible_carry_forward:harder_stress_v1_frontierpp_06_cache_invalidation_mesh:budget_300:run_1,deepseek_v4pro,harder_stress_v1_frontierpp_06_cache_invalidation_mesh,semi_real_repo_style_controlled_frontier_plus,frontier_plus,multi_store_cache_invalidation,,rolling_visible_carry_forward,rolling_visible_carry_forward,300,1,2026-06-19T08:58:36.378905+00:00,2026-06-19T08:58:38.403915+00:00,2026-06-19T08:58:36.378936+00:00,2026-06-19T08:58:38.392701+00:00,0.008,33146312feffa160a32e762c32a2b0a3b61464eaaeb147e93bec4f257a858730,fa4b3b010acb2188cd1cfe43babf0aad1df3f23504836440edc4a40a44198158,24c2aa4fdaf72321ee311eeeb023714d65b6477b681b763519a40c830f2f1974,8eed7a82c3da83720b48c2dd49ec5e06093874a55f185d766484ba71bb7869cd,53395ed3895124d5e0a89174f629ab8c55e7db5cbd205fe99183cc93cce2efaa,c3e9a533789f94f0831cdd773c0f0c0d7dabf0bac55bf9112313ec004ffb636a,7d28bae3dacf7b8d82a5f0e664afdfb48ad29f8d5d69200972b774935dbb2e34,7d28bae3dacf7b8d82a5f0e664afdfb48ad29f8d5d69200972b774935dbb2e34,7d28bae3dacf7b8d82a5f0e664afdfb48ad29f8d5d69200972b774935dbb2e34,39128f4c489c57c61675e097b9c45e5fe39511ce47ab14c0e2fe6beaa53efe33,direct_provider,deepseek,https://api.deepseek.com,deepseek-v4-pro,https://api.deepseek.com/chat/completions,deepseek-v4-pro,d9102514b5e2faa30f57f404991f95b09ba2d2ad37cfdd73f3d1f753a62a6425,2c4dd0c6c5ff02722c25948a9dff956605b4658af78362cf2148e45742a2ee82,d914cfc97d9b99822a2b1313c16850fd7be529b097eb356dc8e8e7408a7a00a8,explicit,0,4096,omitted,,omitted,,omitted,,omitted,,omitted,,omitted,,omitted,,omitted,,omitted,,False,thinking.type=disabled,ffe557f53c63f7d0f7e35f80c03f61d8b3548db9e4f51e8dda020b28a920d875,provider_not_exposed,provider_not_exposed,False,,False,False,False,disabled,,,,0,0,0,0,0,0,none,,,,,,,,,,0,,0,"[""REQ_06_JEG3S4CK"", ""LOCK_06_KC4S3"", ""SCOPE_06_G3S4C"", ""CHECK_06_EG3S4"", ""ANCHOR_06_C4S3G"", ""EDGE_06_3S4CK"", ""FRONTIER_06_KC4S3G"", ""MERGE_06_JEGKC4"", ""VERIFY_06_3S4CK"", ""PLAN_06_S3GEJ"", ""CONTRACT_06_JEG3S"", ""FINAL_06_KC4SCK""]",[],0,[],0,[],0,[],0,1,URLError: <urlopen error [Errno 1] Operation not permitted>,rerun_required,backend_error,26ec8133533a91e564009971ae6511f862e0fe219f2c0f6d3155ab2cf99f6d22,7c077ca2308714493d07163e1033c4282bd869ff6d477b3e77408587f95e2930,7c077ca2308714493d07163e1033c4282bd869ff6d477b3e77408587f95e2930,78b9c6a3aacba408617f72ae758c3638598dbade3a6cbb06098ca77fc0251e8c,bb86220d8bf633ca124fdb963f344e44b77d6cbc851b5de03af18c811bb8d880,released_raw_outputs/model_outputs/_probe_ecvs_deepseek_v4pro_harder_stress_v1_visiblecarry_vs_maturessrloop_15task_2method_3budget_1run/deepseek/rolling_visible_carry_forward__harder_stress_v1_frontierpp_06_cache_invalidation_mesh__run_1__budget_300.jsonl,1,67919f713174a0f5fba411602564b5f90172cb39791f5665a025fca5477e4859,d56553a1995341bf187c6b6f9c05fa40a3dce8ffed8c2c049607998dd1e5068e,9ffcb13a6ce5e6228f38e89a0e7949ebef23a80d5f8f2c481f224a18f2beee28,_probe_ecvs_deepseek_v4pro_harder_stress_v1_visiblecarry_vs_maturessrloop_15task_2method_3budget_1run,rolling_visible_carry_forward,d239781121d1d6a6cd4cbcab5e859463831be69b2bcfc1a1884a2ada2c1ef299,2f0d3f4869fc42756bd1ce16c89b28b4562e66fe5f908181d2ef06b766037a1b,"{""boundary_constraint_count"": 5, ""budgets_supported"": [300, 600, 1200], ""conditional_constraint_count"": 4, ""decoy_count"": 10, ""difficulty_factors"": [""decoy_overload"", ""overwrite_update"", ""conditional_allowed_state"", ""forbidden_boundary_pressure"", ""multi_file_component_consistency"", ""plan_consistency"", ""budget_pressure""], ""files_touched_estimate"": 2, ""method_specific_selection_used"": false, ""model_outcomes_used"": false, ""required_output_size"": 12, ""segment_count"": 16, ""source_candidate_id"": ""frontier_candidate_cache_invalidation_mesh"", ""strict_json_contract"": true, ""update_count"": 4}",649fa93b196242a19e144bd5297cf90abac45ad4aab2596921bacaa4f809894a,1,rolling_visible_identifier_carry_forward_v1_ecvs_safe_visible_only,rolling_visible_identifier_carry_forward_v1_ecvs_safe_visible_only,0,0,0,0,0,0,
_probe_ecvs_deepseek_v4pro_harder_stress_v1_visiblecarry_vs_maturessrloop_15task_2method_3budget_1run:deepseek_v4pro:rolling_visible_carry_forward:harder_stress_v1_frontierpp_06_cache_invalidation_mesh:budget_600:run_1,deepseek_v4pro,harder_stress_v1_frontierpp_06_cache_invalidation_mesh,semi_real_repo_style_controlled_frontier_plus,frontier_plus,multi_store_cache_invalidation,,rolling_visible_carry_forward,rolling_visible_carry_forward,600,1,2026-06-19T08:58:36.378675+00:00,2026-06-19T08:58:38.422286+00:00,2026-06-19T08:58:36.378716+00:00,2026-06-19T08:58:38.397006+00:00,0.01,33146312feffa160a32e762c32a2b0a3b61464eaaeb147e93bec4f257a858730,fa4b3b010acb2188cd1cfe43babf0aad1df3f23504836440edc4a40a44198158,24c2aa4fdaf72321ee311eeeb023714d65b6477b681b763519a40c830f2f1974,8eed7a82c3da83720b48c2dd49ec5e06093874a55f185d766484ba71bb7869cd,20a5bf7b89813b51a27838c096b4d411f454683a9e838b1ba8d8657dfa9b1101,c3e9a533789f94f0831cdd773c0f0c0d7dabf0bac55bf9112313ec004ffb636a,7d28bae3dacf7b8d82a5f0e664afdfb48ad29f8d5d69200972b774935dbb2e34,7d28bae3dacf7b8d82a5f0e664afdfb48ad29f8d5d69200972b774935dbb2e34,7d28bae3dacf7b8d82a5f0e664afdfb48ad29f8d5d69200972b774935dbb2e34,39128f4c489c57c61675e097b9c45e5fe39511ce47ab14c0e2fe6beaa53efe33,direct_provider,deepseek,https://api.deepseek.com,deepseek-v4-pro,https://api.deepseek.com/chat/completions,deepseek-v4-pro,d9102514b5e2faa30f57f404991f95b09ba2d2ad37cfdd73f3d1f753a62a6425,2c4dd0c6c5ff02722c25948a9dff956605b4658af78362cf2148e45742a2ee82,d914cfc97d9b99822a2b1313c16850fd7be529b097eb356dc8e8e7408a7a00a8,explicit,0,4096,omitted,,omitted,,omitted,,omitted,,omitted,,omitted,,omitted,,omitted,,omitted,,False,thinking.type=disabled,ffe557f53c63f7d0f7e35f80c03f61d8b3548db9e4f51e8dda020b28a920d875,provider_not_exposed,provider_not_exposed,False,,False,False,False,disabled,,,,0,0,0,0,0,0,none,,,,,,,,,,0,,0,"[""REQ_06_JEG3S4CK"", ""LOCK_06_KC4S3"", ""SCOPE_06_G3S4C"", ""CHECK_06_EG3S4"", ""ANCHOR_06_C4S3G"", ""EDGE_06_3S4CK"", ""FRONTIER_06_KC4S3G"", ""MERGE_06_JEGKC4"", ""VERIFY_06_3S4CK"", ""PLAN_06_S3GEJ"", ""CONTRACT_06_JEG3S"", ""FINAL_06_KC4SCK""]",[],0,[],0,[],0,[],0,1,URLError: <urlopen error [Errno 1] Operation not permitted>,rerun_required,backend_error,299fd5c0063d69d1c63a6726905bcfa7992b01bd10c5bc28d6f6aaaf3079dc56,7c077ca2308714493d07163e1033c4282bd869ff6d477b3e77408587f95e2930,7c077ca2308714493d07163e1033c4282bd869ff6d477b3e77408587f95e2930,78b9c6a3aacba408617f72ae758c3638598dbade3a6cbb06098ca77fc0251e8c,80999e9b3cd89f39ab8322b5389db5555d19c0043416783592437e58217e45b2,released_raw_outputs/model_outputs/_probe_ecvs_deepseek_v4pro_harder_stress_v1_visiblecarry_vs_maturessrloop_15task_2method_3budget_1run/deepseek/rolling_visible_carry_forward__harder_stress_v1_frontierpp_06_cache_invalidation_mesh__run_1__budget_600.jsonl,1,ee1bbc9b823884683984c2eff573cd811ed31ce948667a8ab17fde7fa0b5c744,47af2c0d6f78257a42ce848765d1ed75f953d1fc6c2a8bd932339fb2e1be2f41,1b758e0f3e37f2b0fc7969d7db59d93be906ba764e972d2003420881cc581950,_probe_ecvs_deepseek_v4pro_harder_stress_v1_visiblecarry_vs_maturessrloop_15task_2method_3budget_1run,rolling_visible_carry_forward,d239781121d1d6a6cd4cbcab5e859463831be69b2bcfc1a1884a2ada2c1ef299,2f0d3f4869fc42756bd1ce16c89b28b4562e66fe5f908181d2ef06b766037a1b,"{""boundary_constraint_count"": 5, ""budgets_supported"": [300, 600, 1200], ""conditional_constraint_count"": 4, ""decoy_count"": 10, ""difficulty_factors"": [""decoy_overload"", ""overwrite_update"", ""conditional_allowed_state"", ""forbidden_boundary_pressure"", ""multi_file_component_consistency"", ""plan_consistency"", ""budget_pressure""], ""files_touched_estimate"": 2, ""method_specific_selection_used"": false, ""model_outcomes_used"": false, ""required_output_size"": 12, ""segment_count"": 16, ""source_candidate_id"": ""frontier_candidate_cache_invalidation_mesh"", ""strict_json_contract"": true, ""update_count"": 4}",649fa93b196242a19e144bd5297cf90abac45ad4aab2596921bacaa4f809894a,1,rolling_visible_identifier_carry_forward_v1_ecvs_safe_visible_only,rolling_visible_identifier_carry_forward_v1_ecvs_safe_visible_only,0,0,0,0,0,0,
_probe_ecvs_deepseek_v4pro_harder_stress_v1_visiblecarry_vs_maturessrloop_15task_2method_3budget_1run:deepseek_v4pro:rolling_visible_carry_forward:harder_stress_v1_frontierpp_07_plugin_registry_resolution:budget_1200:run_1,deepseek_v4pro,harder_stress_v1_frontierpp_07_plugin_registry_resolution,semi_real_repo_style_controlled_frontier_plus,frontier_plus,plugin_registry,,rolling_visible_carry_forward,rolling_visible_carry_forward,1200,1,2026-06-19T08:58:36.383303+00:00,2026-06-19T08:58:38.418202+00:00,2026-06-19T08:58:36.383348+00:00,2026-06-19T08:58:38.401171+00:00,0.013,33146312feffa160a32e762c32a2b0a3b61464eaaeb147e93bec4f257a858730,7b25a266621d2d1685aa651509acd4926f65cbd2e27ff04b5a6c851edfae2d5b,24c2aa4fdaf72321ee311eeeb023714d65b6477b681b763519a40c830f2f1974,85dc46dff30e8f8e6eaac220ab166ed58e5923ffa31e648046ba74d6eb9662fd,f29e8252bdb39aed9fe5c1dcebd80c1950710fc19c3f06330a0f9dd7da9c2958,c3e9a533789f94f0831cdd773c0f0c0d7dabf0bac55bf9112313ec004ffb636a,7d28bae3dacf7b8d82a5f0e664afdfb48ad29f8d5d69200972b774935dbb2e34,7d28bae3dacf7b8d82a5f0e664afdfb48ad29f8d5d69200972b774935dbb2e34,7d28bae3dacf7b8d82a5f0e664afdfb48ad29f8d5d69200972b774935dbb2e34,39128f4c489c57c61675e097b9c45e5fe39511ce47ab14c0e2fe6beaa53efe33,direct_provider,deepseek,https://api.deepseek.com,deepseek-v4-pro,https://api.deepseek.com/chat/completions,deepseek-v4-pro,d9102514b5e2faa30f57f404991f95b09ba2d2ad37cfdd73f3d1f753a62a6425,2c4dd0c6c5ff02722c25948a9dff956605b4658af78362cf2148e45742a2ee82,d914cfc97d9b99822a2b1313c16850fd7be529b097eb356dc8e8e7408a7a00a8,explicit,0,4096,omitted,,omitted,,omitted,,omitted,,omitted,,omitted,,omitted,,omitted,,omitted,,False,thinking.type=disabled,ffe557f53c63f7d0f7e35f80c03f61d8b3548db9e4f51e8dda020b28a920d875,provider_not_exposed,provider_not_exposed,False,,False,False,False,disabled,,,,0,0,0,0,0,0,none,,,,,,,,,,0,,0,"[""REQ_07_JWSQFLK3"", ""LOCK_07_3KLFQ"", ""SCOPE_07_SQFLK"", ""CHECK_07_WSQFL"", ""ANCHOR_07_KLFQS"", ""EDGE_07_QFLK3"", ""FRONTIER_07_3KLFQS"", ""MERGE_07_JWS3KL"", ""VERIFY_07_QFLK3"", ""PLAN_07_FQSWJ"", ""CONTRACT_07_JWSQF"", ""FINAL_07_3KLFK3""]",[],0,[],0,[],0,[],0,1,URLError: <urlopen error [Errno 1] Operation not permitted>,rerun_required,backend_error,c2dbce92b1f1e8b9e133c71899b2e6fe0c8d5b4278d5124d5b61f47ee3ed2ada,7c077ca2308714493d07163e1033c4282bd869ff6d477b3e77408587f95e2930,7c077ca2308714493d07163e1033c4282bd869ff6d477b3e77408587f95e2930,78b9c6a3aacba408617f72ae758c3638598dbade3a6cbb06098ca77fc0251e8c,1c2c26788a6b003e6002e12b9ef2570945e6fa075a0da12900c698b6b056d8da,released_raw_outputs/model_outputs/_probe_ecvs_deepseek_v4pro_harder_stress_v1_visiblecarry_vs_maturessrloop_15task_2method_3budget_1run/deepseek/rolling_visible_carry_forward__harder_stress_v1_frontierpp_07_plugin_registry_resolution__run_1__budget_1200.jsonl,1,82ba3f7be9bd76d65e5af24acea6405fdb46238556705a09c1201ec9a103438c,8c921ecc32f88c213433c41baf53b9d08218dc58d4de23861f6da63ffb8259ae,e259dab6153cebad7565e5fc413c271ce183c31d4f50aa415c81661b824fa4f5,_probe_ecvs_deepseek_v4pro_harder_stress_v1_visiblecarry_vs_maturessrloop_15task_2method_3budget_1run,rolling_visible_carry_forward,d239781121d1d6a6cd4cbcab5e859463831be69b2bcfc1a1884a2ada2c1ef299,dcd305f3cbd79b636cdaf7134f1f50ff54fbf33bc17d4a59fbb7174e4eefb60c,"{""boundary_constraint_count"": 5, ""budgets_supported"": [300, 600, 1200], ""conditional_constraint_count"": 4, ""decoy_count"": 9, ""difficulty_factors"": [""decoy_overload"", ""overwrite_update"", ""conditional_allowed_state"", ""forbidden_boundary_pressure"", ""plan_consistency"", ""delayed_critical_constraint"", ""budget_pressure""], ""files_touched_estimate"": 2, ""method_specific_selection_used"": false, ""model_outcomes_used"": false, ""required_output_size"": 12, ""segment_count"": 15, ""source_candidate_id"": ""frontier_candidate_plugin_registry_resolution"", ""strict_json_contract"": true, ""update_count"": 4}",649fa93b196242a19e144bd5297cf90abac45ad4aab2596921bacaa4f809894a,1,rolling_visible_identifier_carry_forward_v1_ecvs_safe_visible_only,rolling_visible_identifier_carry_forward_v1_ecvs_safe_visible_only,0,0,0,0,0,0,
_probe_ecvs_deepseek_v4pro_harder_stress_v1_visiblecarry_vs_maturessrloop_15task_2method_3budget_1run:deepseek_v4pro:rolling_visible_carry_forward:harder_stress_v1_frontierpp_07_plugin_registry_resolution:budget_300:run_1,deepseek_v4pro,harder_stress_v1_frontierpp_07_plugin_registry_resolution,semi_real_repo_style_controlled_frontier_plus,frontier_plus,plugin_registry,,rolling_visible_carry_forward,rolling_visible_carry_forward,300,1,2026-06-19T08:58:36.382095+00:00,2026-06-19T08:58:38.418378+00:00,2026-06-19T08:58:36.382142+00:00,2026-06-19T08:58:38.402964+00:00,0.016,33146312feffa160a32e762c32a2b0a3b61464eaaeb147e93bec4f257a858730,7b25a266621d2d1685aa651509acd4926f65cbd2e27ff04b5a6c851edfae2d5b,24c2aa4fdaf72321ee311eeeb023714d65b6477b681b763519a40c830f2f1974,85dc46dff30e8f8e6eaac220ab166ed58e5923ffa31e648046ba74d6eb9662fd,358a44a0649d02e1e25d659d9a982463eac4efbcbc8406b90ced4e5aaac6b7be,c3e9a533789f94f0831cdd773c0f0c0d7dabf0bac55bf9112313ec004ffb636a,7d28bae3dacf7b8d82a5f0e664afdfb48ad29f8d5d69200972b774935dbb2e34,7d28bae3dacf7b8d82a5f0e664afdfb48ad29f8d5d69200972b774935dbb2e34,7d28bae3dacf7b8d82a5f0e664afdfb48ad29f8d5d69200972b774935dbb2e34,39128f4c489c57c61675e097b9c45e5fe39511ce47ab14c0e2fe6beaa53efe33,direct_provider,deepseek,https://api.deepseek.com,deepseek-v4-pro,https://api.deepseek.com/chat/completions,deepseek-v4-pro,d9102514b5e2faa30f57f404991f95b09ba2d2ad37cfdd73f3d1f753a62a6425,2c4dd0c6c5ff02722c25948a9dff956605b4658af78362cf2148e45742a2ee82,d914cfc97d9b99822a2b1313c16850fd7be529b097eb356dc8e8e7408a7a00a8,explicit,0,4096,omitted,,omitted,,omitted,,omitted,,omitted,,omitted,,omitted,,omitted,,omitted,,False,thinking.type=disabled,ffe557f53c63f7d0f7e35f80c03f61d8b3548db9e4f51e8dda020b28a920d875,provider_not_exposed,provider_not_exposed,False,,False,False,False,disabled,,,,0,0,0,0,0,0,none,,,,,,,,,,0,,0,"[""REQ_07_JWSQFLK3"", ""LOCK_07_3KLFQ"", ""SCOPE_07_SQFLK"", ""CHECK_07_WSQFL"", ""ANCHOR_07_KLFQS"", ""EDGE_07_QFLK3"", ""FRONTIER_07_3KLFQS"", ""MERGE_07_JWS3KL"", ""VERIFY_07_QFLK3"", ""PLAN_07_FQSWJ"", ""CONTRACT_07_JWSQF"", ""FINAL_07_3KLFK3""]",[],0,[],0,[],0,[],0,1,URLError: <urlopen error [Errno 1] Operation not permitted>,rerun_required,backend_error,3d7ee8e3aad21a6cc3d80e0ea477a73653f0e9a928caf97b5dee7a6c950a6fdf,7c077ca2308714493d07163e1033c4282bd869ff6d477b3e77408587f95e2930,7c077ca2308714493d07163e1033c4282bd869ff6d477b3e77408587f95e2930,78b9c6a3aacba408617f72ae758c3638598dbade3a6cbb06098ca77fc0251e8c,48d07017a607784f4e281469f54dbc5e9fd285d1a01374dd4e644200ab1305a5,released_raw_outputs/model_outputs/_probe_ecvs_deepseek_v4pro_harder_stress_v1_visiblecarry_vs_maturessrloop_15task_2method_3budget_1run/deepseek/rolling_visible_carry_forward__harder_stress_v1_frontierpp_07_plugin_registry_resolution__run_1__budget_300.jsonl,1,8863b128d82e8b6bc05703aa0fbc588a8093941d0cc7e6887778018209f49528,fc00e74b3d9e9a948db684d4ca4f4a5fdf094ffea3af577df3f31dd5dbee5097,f2ba60d12f68335938c48a64e29bf40bae004314e0c9e00f31d5ade393e95a86,_probe_ecvs_deepseek_v4pro_harder_stress_v1_visiblecarry_vs_maturessrloop_15task_2method_3budget_1run,rolling_visible_carry_forward,d239781121d1d6a6cd4cbcab5e859463831be69b2bcfc1a1884a2ada2c1ef299,dcd305f3cbd79b636cdaf7134f1f50ff54fbf33bc17d4a59fbb7174e4eefb60c,"{""boundary_constraint_count"": 5, ""budgets_supported"": [300, 600, 1200], ""conditional_constraint_count"": 4, ""decoy_count"": 9, ""difficulty_factors"": [""decoy_overload"", ""overwrite_update"", ""conditional_allowed_state"", ""forbidden_boundary_pressure"", ""plan_consistency"", ""delayed_critical_constraint"", ""budget_pressure""], ""files_touched_estimate"": 2, ""method_specific_selection_used"": false, ""model_outcomes_used"": false, ""required_output_size"": 12, ""segment_count"": 15, ""source_candidate_id"": ""frontier_candidate_plugin_registry_resolution"", ""strict_json_contract"": true, ""update_count"": 4}",649fa93b196242a19e144bd5297cf90abac45ad4aab2596921bacaa4f809894a,1,rolling_visible_identifier_carry_forward_v1_ecvs_safe_visible_only,rolling_visible_identifier_carry_forward_v1_ecvs_safe_visible_only,0,0,0,0,0,0,
_probe_ecvs_deepseek_v4pro_harder_stress_v1_visiblecarry_vs_maturessrloop_15task_2method_3budget_1run:deepseek_v4pro:rolling_visible_carry_forward:harder_stress_v1_frontierpp_07_plugin_registry_resolution:budget_600:run_1,deepseek_v4pro,harder_stress_v1_frontierpp_07_plugin_registry_resolution,semi_real_repo_style_controlled_frontier_plus,frontier_plus,plugin_registry,,rolling_visible_carry_forward,rolling_visible_carry_forward,600,1,2026-06-19T08:58:36.383031+00:00,2026-06-19T08:58:38.424512+00:00,2026-06-19T08:58:36.383084+00:00,2026-06-19T08:58:38.402897+00:00,0.014,33146312feffa160a32e762c32a2b0a3b61464eaaeb147e93bec4f257a858730,7b25a266621d2d1685aa651509acd4926f65cbd2e27ff04b5a6c851edfae2d5b,24c2aa4fdaf72321ee311eeeb023714d65b6477b681b763519a40c830f2f1974,85dc46dff30e8f8e6eaac220ab166ed58e5923ffa31e648046ba74d6eb9662fd,9c9a5411e25e5c05823502faa9dae23055892f2a230c25fc73101e769701a0cd,c3e9a533789f94f0831cdd773c0f0c0d7dabf0bac55bf9112313ec004ffb636a,7d28bae3dacf7b8d82a5f0e664afdfb48ad29f8d5d69200972b774935dbb2e34,7d28bae3dacf7b8d82a5f0e664afdfb48ad29f8d5d69200972b774935dbb2e34,7d28bae3dacf7b8d82a5f0e664afdfb48ad29f8d5d69200972b774935dbb2e34,39128f4c489c57c61675e097b9c45e5fe39511ce47ab14c0e2fe6beaa53efe33,direct_provider,deepseek,https://api.deepseek.com,deepseek-v4-pro,https://api.deepseek.com/chat/completions,deepseek-v4-pro,d9102514b5e2faa30f57f404991f95b09ba2d2ad37cfdd73f3d1f753a62a6425,2c4dd0c6c5ff02722c25948a9dff956605b4658af78362cf2148e45742a2ee82,d914cfc97d9b99822a2b1313c16850fd7be529b097eb356dc8e8e7408a7a00a8,explicit,0,4096,omitted,,omitted,,omitted,,omitted,,omitted,,omitted,,omitted,,omitted,,omitted,,False,thinking.type=disabled,ffe557f53c63f7d0f7e35f80c03f61d8b3548db9e4f51e8dda020b28a920d875,provider_not_exposed,provider_not_exposed,False,,False,False,False,disabled,,,,0,0,0,0,0,0,none,,,,,,,,,,0,,0,"[""REQ_07_JWSQFLK3"", ""LOCK_07_3KLFQ"", ""SCOPE_07_SQFLK"", ""CHECK_07_WSQFL"", ""ANCHOR_07_KLFQS"", ""EDGE_07_QFLK3"", ""FRONTIER_07_3KLFQS"", ""MERGE_07_JWS3KL"", ""VERIFY_07_QFLK3"", ""PLAN_07_FQSWJ"", ""CONTRACT_07_JWSQF"", ""FINAL_07_3KLFK3""]",[],0,[],0,[],0,[],0,1,URLError: <urlopen error [Errno 1] Operation not permitted>,rerun_required,backend_error,7d42562cd55f32ab8ff2240ef9bb7cab5a7270560dcb4b9dc619102268f3e9f5,7c077ca2308714493d07163e1033c4282bd869ff6d477b3e77408587f95e2930,7c077ca2308714493d07163e1033c4282bd869ff6d477b3e77408587f95e2930,78b9c6a3aacba408617f72ae758c3638598dbade3a6cbb06098ca77fc0251e8c,c8ba9031de43e730a19e29e2559f5d5a0caefc1c01f11ce541fcef53c866a529,released_raw_outputs/model_outputs/_probe_ecvs_deepseek_v4pro_harder_stress_v1_visiblecarry_vs_maturessrloop_15task_2method_3budget_1run/deepseek/rolling_visible_carry_forward__harder_stress_v1_frontierpp_07_plugin_registry_resolution__run_1__budget_600.jsonl,1,317bd6ef9edbaa1856822cc13690ffc9466b96a083b1d9a043d187664fd1c139,fa5037cc3592ba72240343457f6cb66882c2fc57ccb469d7fa1578f4b6b8c0d5,e87f2703775167da41aa5f032f437057ebc6ea6d7106529c487665efcb29c437,_probe_ecvs_deepseek_v4pro_harder_stress_v1_visiblecarry_vs_maturessrloop_15task_2method_3budget_1run,rolling_visible_carry_forward,d239781121d1d6a6cd4cbcab5e859463831be69b2bcfc1a1884a2ada2c1ef299,dcd305f3cbd79b636cdaf7134f1f50ff54fbf33bc17d4a59fbb7174e4eefb60c,"{""boundary_constraint_count"": 5, ""budgets_supported"": [300, 600, 1200], ""conditional_constraint_count"": 4, ""decoy_count"": 9, ""difficulty_factors"": [""decoy_overload"", ""overwrite_update"", ""conditional_allowed_state"", ""forbidden_boundary_pressure"", ""plan_consistency"", ""delayed_critical_constraint"", ""budget_pressure""], ""files_touched_estimate"": 2, ""method_specific_selection_used"": false, ""model_outcomes_used"": false, ""required_output_size"": 12, ""segment_count"": 15, ""source_candidate_id"": ""frontier_candidate_plugin_registry_resolution"", ""strict_json_contract"": true, ""update_count"": 4}",649fa93b196242a19e144bd5297cf90abac45ad4aab2596921bacaa4f809894a,1,rolling_visible_identifier_carry_forward_v1_ecvs_safe_visible_only,rolling_visible_identifier_carry_forward_v1_ecvs_safe_visible_only,0,0,0,0,0,0,
_probe_ecvs_deepseek_v4pro_harder_stress_v1_visiblecarry_vs_maturessrloop_15task_2method_3budget_1run:deepseek_v4pro:rolling_visible_carry_forward:harder_stress_v1_frontierpp_08_retry_route_matrix:budget_1200:run_1,deepseek_v4pro,harder_stress_v1_frontierpp_08_retry_route_matrix,semi_real_repo_style_controlled_frontier_plus,frontier_plus,workflow_retry_routing,,rolling_visible_carry_forward,rolling_visible_carry_forward,1200,1,2026-06-19T08:58:36.384522+00:00,2026-06-19T08:58:38.413919+00:00,2026-06-19T08:58:36.384555+00:00,2026-06-19T08:58:38.399233+00:00,0.006,33146312feffa160a32e762c32a2b0a3b61464eaaeb147e93bec4f257a858730,27ec429399550d324d651260d526f9abb8bd5213ab8f24bfcdae1fbf88759859,24c2aa4fdaf72321ee311eeeb023714d65b6477b681b763519a40c830f2f1974,192d989af232bca96cacb28ec2c010bec154fec1d62df199a00ed923a7331a0d,7077bc32b764b769fb30ec44a6fdaf1676841700c880d37b81f77fdc0ebe9202,c3e9a533789f94f0831cdd773c0f0c0d7dabf0bac55bf9112313ec004ffb636a,7d28bae3dacf7b8d82a5f0e664afdfb48ad29f8d5d69200972b774935dbb2e34,7d28bae3dacf7b8d82a5f0e664afdfb48ad29f8d5d69200972b774935dbb2e34,7d28bae3dacf7b8d82a5f0e664afdfb48ad29f8d5d69200972b774935dbb2e34,39128f4c489c57c61675e097b9c45e5fe39511ce47ab14c0e2fe6beaa53efe33,direct_provider,deepseek,https://api.deepseek.com,deepseek-v4-pro,https://api.deepseek.com/chat/completions,deepseek-v4-pro,d9102514b5e2faa30f57f404991f95b09ba2d2ad37cfdd73f3d1f753a62a6425,2c4dd0c6c5ff02722c25948a9dff956605b4658af78362cf2148e45742a2ee82,d914cfc97d9b99822a2b1313c16850fd7be529b097eb356dc8e8e7408a7a00a8,explicit,0,4096,omitted,,omitted,,omitted,,omitted,,omitted,,omitted,,omitted,,omitted,,omitted,,False,thinking.type=disabled,ffe557f53c63f7d0f7e35f80c03f61d8b3548db9e4f51e8dda020b28a920d875,provider_not_exposed,provider_not_exposed,False,,False,False,False,disabled,,,,0,0,0,0,0,0,none,,,,,,,,,,0,,0,"[""REQ_08_XYCZRKRB"", ""LOCK_08_BRKRZ"", ""SCOPE_08_CZRKR"", ""CHECK_08_YCZRK"", ""ANCHOR_08_RKRZC"", ""EDGE_08_ZRKRB"", ""FRONTIER_08_BRKRZC"", ""MERGE_08_XYCBRK"", ""VERIFY_08_ZRKRB"", ""PLAN_08_RZCYX"", ""CONTRACT_08_XYCZR"", ""FINAL_08_BRKRRB""]",[],0,[],0,[],0,[],0,1,URLError: <urlopen error [Errno 1] Operation not permitted>,rerun_required,backend_error,fd45f8cd9be900f0a29c26401661b333c3c0b4bae12d02c5cf44f29ba56192bf,7c077ca2308714493d07163e1033c4282bd869ff6d477b3e77408587f95e2930,7c077ca2308714493d07163e1033c4282bd869ff6d477b3e77408587f95e2930,78b9c6a3aacba408617f72ae758c3638598dbade3a6cbb06098ca77fc0251e8c,a9cef270702775086523691b0cb4ebc350c61d09faea1c2334f8c850149911b0,released_raw_outputs/model_outputs/_probe_ecvs_deepseek_v4pro_harder_stress_v1_visiblecarry_vs_maturessrloop_15task_2method_3budget_1run/deepseek/rolling_visible_carry_forward__harder_stress_v1_frontierpp_08_retry_route_matrix__run_1__budget_1200.jsonl,1,3fffdf501d9336a1930e2b40304fe39510f49ef15f371d1361036340ecb7722f,6f8d89ce47bade28a831db5f6c0f1ae94a10fd7d1a8dfc12cd0ef3876f04e9fc,3f235b300086d6ef7753cfae3284f71e8f7b05f1df7a316620c13404f7e63820,_probe_ecvs_deepseek_v4pro_harder_stress_v1_visiblecarry_vs_maturessrloop_15task_2method_3budget_1run,rolling_visible_carry_forward,d239781121d1d6a6cd4cbcab5e859463831be69b2bcfc1a1884a2ada2c1ef299,54d98abb596036bf8c4d06485bc4f3581005033da98384b71d83c31bcb2e7316,"{""boundary_constraint_count"": 3, ""budgets_supported"": [300, 600, 1200], ""conditional_constraint_count"": 3, ""decoy_count"": 8, ""difficulty_factors"": [""decoy_overload"", ""overwrite_update"", ""conditional_allowed_state"", ""multi_file_component_consistency"", ""plan_consistency"", ""final_output_contract_pressure"", ""budget_pressure""], ""files_touched_estimate"": 3, ""method_specific_selection_used"": false, ""model_outcomes_used"": false, ""required_output_size"": 12, ""segment_count"": 15, ""source_candidate_id"": ""frontier_candidate_retry_route_matrix"", ""strict_json_contract"": true, ""update_count"": 4}",649fa93b196242a19e144bd5297cf90abac45ad4aab2596921bacaa4f809894a,1,rolling_visible_identifier_carry_forward_v1_ecvs_safe_visible_only,rolling_visible_identifier_carry_forward_v1_ecvs_safe_visible_only,0,0,0,0,0,0,
_probe_ecvs_deepseek_v4pro_harder_stress_v1_visiblecarry_vs_maturessrloop_15task_2method_3budget_1run:deepseek_v4pro:rolling_visible_carry_forward:harder_stress_v1_frontierpp_08_retry_route_matrix:budget_300:run_1,deepseek_v4pro,harder_stress_v1_frontierpp_08_retry_route_matrix,semi_real_repo_style_controlled_frontier_plus,frontier_plus,workflow_retry_routing,,rolling_visible_carry_forward,rolling_visible_carry_forward,300,1,2026-06-19T08:58:36.384802+00:00,2026-06-19T08:58:38.412148+00:00,2026-06-19T08:58:36.384834+00:00,2026-06-19T08:58:38.399519+00:00,0.009,33146312feffa160a32e762c32a2b0a3b61464eaaeb147e93bec4f257a858730,27ec429399550d324d651260d526f9abb8bd5213ab8f24bfcdae1fbf88759859,24c2aa4fdaf72321ee311eeeb023714d65b6477b681b763519a40c830f2f1974,192d989af232bca96cacb28ec2c010bec154fec1d62df199a00ed923a7331a0d,d1efa64486134b40ca37b5121a6f3cbf47df43eacf7e5e1789b47e96ba4ddc93,c3e9a533789f94f0831cdd773c0f0c0d7dabf0bac55bf9112313ec004ffb636a,7d28bae3dacf7b8d82a5f0e664afdfb48ad29f8d5d69200972b774935dbb2e34,7d28bae3dacf7b8d82a5f0e664afdfb48ad29f8d5d69200972b774935dbb2e34,7d28bae3dacf7b8d82a5f0e664afdfb48ad29f8d5d69200972b774935dbb2e34,39128f4c489c57c61675e097b9c45e5fe39511ce47ab14c0e2fe6beaa53efe33,direct_provider,deepseek,https://api.deepseek.com,deepseek-v4-pro,https://api.deepseek.com/chat/completions,deepseek-v4-pro,d9102514b5e2faa30f57f404991f95b09ba2d2ad37cfdd73f3d1f753a62a6425,2c4dd0c6c5ff02722c25948a9dff956605b4658af78362cf2148e45742a2ee82,d914cfc97d9b99822a2b1313c16850fd7be529b097eb356dc8e8e7408a7a00a8,explicit,0,4096,omitted,,omitted,,omitted,,omitted,,omitted,,omitted,,omitted,,omitted,,omitted,,False,thinking.type=disabled,ffe557f53c63f7d0f7e35f80c03f61d8b3548db9e4f51e8dda020b28a920d875,provider_not_exposed,provider_not_exposed,False,,False,False,False,disabled,,,,0,0,0,0,0,0,none,,,,,,,,,,0,,0,"[""REQ_08_XYCZRKRB"", ""LOCK_08_BRKRZ"", ""SCOPE_08_CZRKR"", ""CHECK_08_YCZRK"", ""ANCHOR_08_RKRZC"", ""EDGE_08_ZRKRB"", ""FRONTIER_08_BRKRZC"", ""MERGE_08_XYCBRK"", ""VERIFY_08_ZRKRB"", ""PLAN_08_RZCYX"", ""CONTRACT_08_XYCZR"", ""FINAL_08_BRKRRB""]",[],0,[],0,[],0,[],0,1,URLError: <urlopen error [Errno 1] Operation not permitted>,rerun_required,backend_error,7e22626dc36d7b4a66f4ec3767017183ec6f57b79019f537c702ba47c2c22052,7c077ca2308714493d07163e1033c4282bd869ff6d477b3e77408587f95e2930,7c077ca2308714493d07163e1033c4282bd869ff6d477b3e77408587f95e2930,78b9c6a3aacba408617f72ae758c3638598dbade3a6cbb06098ca77fc0251e8c,dfd791ddc17cfd8ddc533e2824e7f1bd5f7db2c623d5f900c8348e88569947d3,released_raw_outputs/model_outputs/_probe_ecvs_deepseek_v4pro_harder_stress_v1_visiblecarry_vs_maturessrloop_15task_2method_3budget_1run/deepseek/rolling_visible_carry_forward__harder_stress_v1_frontierpp_08_retry_route_matrix__run_1__budget_300.jsonl,1,4a04b532b9e23ce09a703f67bb37e16751433c5ab426e8c27ecc1fdcf98181a7,2f1872ba88071ca237bf8cf53790f4c5fc31c300dbcac02aa48e1ee837692a2f,8d5fd65cfc95ceec9eab5648f9c2fa09b6ea075e34849cbeba2a6825e2cd5089,_probe_ecvs_deepseek_v4pro_harder_stress_v1_visiblecarry_vs_maturessrloop_15task_2method_3budget_1run,rolling_visible_carry_forward,d239781121d1d6a6cd4cbcab5e859463831be69b2bcfc1a1884a2ada2c1ef299,54d98abb596036bf8c4d06485bc4f3581005033da98384b71d83c31bcb2e7316,"{""boundary_constraint_count"": 3, ""budgets_supported"": [300, 600, 1200], ""conditional_constraint_count"": 3, ""decoy_count"": 8, ""difficulty_factors"": [""decoy_overload"", ""overwrite_update"", ""conditional_allowed_state"", ""multi_file_component_consistency"", ""plan_consistency"", ""final_output_contract_pressure"", ""budget_pressure""], ""files_touched_estimate"": 3, ""method_specific_selection_used"": false, ""model_outcomes_used"": false, ""required_output_size"": 12, ""segment_count"": 15, ""source_candidate_id"": ""frontier_candidate_retry_route_matrix"", ""strict_json_contract"": true, ""update_count"": 4}",649fa93b196242a19e144bd5297cf90abac45ad4aab2596921bacaa4f809894a,1,rolling_visible_identifier_carry_forward_v1_ecvs_safe_visible_only,rolling_visible_identifier_carry_forward_v1_ecvs_safe_visible_only,0,0,0,0,0,0,
_probe_ecvs_deepseek_v4pro_harder_stress_v1_visiblecarry_vs_maturessrloop_15task_2method_3budget_1run:deepseek_v4pro:rolling_visible_carry_forward:harder_stress_v1_frontierpp_08_retry_route_matrix:budget_600:run_1,deepseek_v4pro,harder_stress_v1_frontierpp_08_retry_route_matrix,semi_real_repo_style_controlled_frontier_plus,frontier_plus,workflow_retry_routing,,rolling_visible_carry_forward,rolling_visible_carry_forward,600,1,2026-06-19T08:58:36.384968+00:00,2026-06-19T08:58:38.416331+00:00,2026-06-19T08:58:36.385000+00:00,2026-06-19T08:58:38.401829+00:00,0.01,33146312feffa160a32e762c32a2b0a3b61464eaaeb147e93bec4f257a858730,27ec429399550d324d651260d526f9abb8bd5213ab8f24bfcdae1fbf88759859,24c2aa4fdaf72321ee311eeeb023714d65b6477b681b763519a40c830f2f1974,192d989af232bca96cacb28ec2c010bec154fec1d62df199a00ed923a7331a0d,46c93841d2c2fc625207779c8c7e994437b6a4ab037a5fe81d18f3e8979dc54f,c3e9a533789f94f0831cdd773c0f0c0d7dabf0bac55bf9112313ec004ffb636a,7d28bae3dacf7b8d82a5f0e664afdfb48ad29f8d5d69200972b774935dbb2e34,7d28bae3dacf7b8d82a5f0e664afdfb48ad29f8d5d69200972b774935dbb2e34,7d28bae3dacf7b8d82a5f0e664afdfb48ad29f8d5d69200972b774935dbb2e34,39128f4c489c57c61675e097b9c45e5fe39511ce47ab14c0e2fe6beaa53efe33,direct_provider,deepseek,https://api.deepseek.com,deepseek-v4-pro,https://api.deepseek.com/chat/completions,deepseek-v4-pro,d9102514b5e2faa30f57f404991f95b09ba2d2ad37cfdd73f3d1f753a62a6425,2c4dd0c6c5ff02722c25948a9dff956605b4658af78362cf2148e45742a2ee82,d914cfc97d9b99822a2b1313c16850fd7be529b097eb356dc8e8e7408a7a00a8,explicit,0,4096,omitted,,omitted,,omitted,,omitted,,omitted,,omitted,,omitted,,omitted,,omitted,,False,thinking.type=disabled,ffe557f53c63f7d0f7e35f80c03f61d8b3548db9e4f51e8dda020b28a920d875,provider_not_exposed,provider_not_exposed,False,,False,False,False,disabled,,,,0,0,0,0,0,0,none,,,,,,,,,,0,,0,"[""REQ_08_XYCZRKRB"", ""LOCK_08_BRKRZ"", ""SCOPE_08_CZRKR"", ""CHECK_08_YCZRK"", ""ANCHOR_08_RKRZC"", ""EDGE_08_ZRKRB"", ""FRONTIER_08_BRKRZC"", ""MERGE_08_XYCBRK"", ""VERIFY_08_ZRKRB"", ""PLAN_08_RZCYX"", ""CONTRACT_08_XYCZR"", ""FINAL_08_BRKRRB""]",[],0,[],0,[],0,[],0,1,URLError: <urlopen error [Errno 1] Operation not permitted>,rerun_required,backend_error,4df54744fec32826227e568f3d983e5992f6da44cc8264620f5254cd7060568a,7c077ca2308714493d07163e1033c4282bd869ff6d477b3e77408587f95e2930,7c077ca2308714493d07163e1033c4282bd869ff6d477b3e77408587f95e2930,78b9c6a3aacba408617f72ae758c3638598dbade3a6cbb06098ca77fc0251e8c,dbc9b58decce9e93d974ac1bc9f4c4875c37bf094a807c3deb3ac33093c8f75b,released_raw_outputs/model_outputs/_probe_ecvs_deepseek_v4pro_harder_stress_v1_visiblecarry_vs_maturessrloop_15task_2method_3budget_1run/deepseek/rolling_visible_carry_forward__harder_stress_v1_frontierpp_08_retry_route_matrix__run_1__budget_600.jsonl,1,874e206b6b101cbf61f92e1fae7311a9f8ef061329d39776ab7f5d618da10996,074eafe4bf68cdb057c6f3c968b22daceec2b0da27f5248f99a5e6b4a4d494a2,e27978bb7a8c7ea7e5f8da767bd7cd020383bb12ea6bae8e0c47639717f61ce5,_probe_ecvs_deepseek_v4pro_harder_stress_v1_visiblecarry_vs_maturessrloop_15task_2method_3budget_1run,rolling_visible_carry_forward,d239781121d1d6a6cd4cbcab5e859463831be69b2bcfc1a1884a2ada2c1ef299,54d98abb596036bf8c4d06485bc4f3581005033da98384b71d83c31bcb2e7316,"{""boundary_constraint_count"": 3, ""budgets_supported"": [300, 600, 1200], ""conditional_constraint_count"": 3, ""decoy_count"": 8, ""difficulty_factors"": [""decoy_overload"", ""overwrite_update"", ""conditional_allowed_state"", ""multi_file_component_consistency"", ""plan_consistency"", ""final_output_contract_pressure"", ""budget_pressure""], ""files_touched_estimate"": 3, ""method_specific_selection_used"": false, ""model_outcomes_used"": false, ""required_output_size"": 12, ""segment_count"": 15, ""source_candidate_id"": ""frontier_candidate_retry_route_matrix"", ""strict_json_contract"": true, ""update_count"": 4}",649fa93b196242a19e144bd5297cf90abac45ad4aab2596921bacaa4f809894a,1,rolling_visible_identifier_carry_forward_v1_ecvs_safe_visible_only,rolling_visible_identifier_carry_forward_v1_ecvs_safe_visible_only,0,0,0,0,0,0,
_probe_ecvs_deepseek_v4pro_harder_stress_v1_visiblecarry_vs_maturessrloop_15task_2method_3budget_1run:deepseek_v4pro:rolling_visible_carry_forward:harder_stress_v1_frontierpp_09_auth_claim_boundary:budget_1200:run_1,deepseek_v4pro,harder_stress_v1_frontierpp_09_auth_claim_boundary,diagnostic_controlled_frontier_plus,frontier_plus,security_boundary,,rolling_visible_carry_forward,rolling_visible_carry_forward,1200,1,2026-06-19T08:58:36.385975+00:00,2026-06-19T08:58:38.417218+00:00,2026-06-19T08:58:36.386012+00:00,2026-06-19T08:58:38.406052+00:00,0.013,33146312feffa160a32e762c32a2b0a3b61464eaaeb147e93bec4f257a858730,34b5814df6e66aa1097f49aec048f68274466f91ea738505588277dc88f1cd4b,24c2aa4fdaf72321ee311eeeb023714d65b6477b681b763519a40c830f2f1974,ad15b2efd317279f59d37769669c2799bdb5464c6f465c36a4510ca09c6b87a3,3a7ea8442b283e2a44db19706132bac181f22741f4e921a76536d879cf7d8137,c3e9a533789f94f0831cdd773c0f0c0d7dabf0bac55bf9112313ec004ffb636a,7d28bae3dacf7b8d82a5f0e664afdfb48ad29f8d5d69200972b774935dbb2e34,7d28bae3dacf7b8d82a5f0e664afdfb48ad29f8d5d69200972b774935dbb2e34,7d28bae3dacf7b8d82a5f0e664afdfb48ad29f8d5d69200972b774935dbb2e34,39128f4c489c57c61675e097b9c45e5fe39511ce47ab14c0e2fe6beaa53efe33,direct_provider,deepseek,https://api.deepseek.com,deepseek-v4-pro,https://api.deepseek.com/chat/completions,deepseek-v4-pro,d9102514b5e2faa30f57f404991f95b09ba2d2ad37cfdd73f3d1f753a62a6425,2c4dd0c6c5ff02722c25948a9dff956605b4658af78362cf2148e45742a2ee82,d914cfc97d9b99822a2b1313c16850fd7be529b097eb356dc8e8e7408a7a00a8,explicit,0,4096,omitted,,omitted,,omitted,,omitted,,omitted,,omitted,,omitted,,omitted,,omitted,,False,thinking.type=disabled,ffe557f53c63f7d0f7e35f80c03f61d8b3548db9e4f51e8dda020b28a920d875,provider_not_exposed,provider_not_exposed,False,,False,False,False,disabled,,,,0,0,0,0,0,0,none,,,,,,,,,,0,,0,"[""REQ_09_RMCZ4BDV"", ""LOCK_09_VDB4Z"", ""SCOPE_09_CZ4BD"", ""CHECK_09_MCZ4B"", ""ANCHOR_09_DB4ZC"", ""EDGE_09_Z4BDV"", ""FRONTIER_09_VDB4ZC"", ""MERGE_09_RMCVDB"", ""VERIFY_09_Z4BDV"", ""PLAN_09_4ZCMR"", ""CONTRACT_09_RMCZ4"", ""FINAL_09_VDB4DV""]",[],0,[],0,[],0,[],0,1,URLError: <urlopen error [Errno 1] Operation not permitted>,rerun_required,backend_error,4c641f30f25627ed38a8ee20c25dda8db705b80c773a4412b063063a78392945,7c077ca2308714493d07163e1033c4282bd869ff6d477b3e77408587f95e2930,7c077ca2308714493d07163e1033c4282bd869ff6d477b3e77408587f95e2930,78b9c6a3aacba408617f72ae758c3638598dbade3a6cbb06098ca77fc0251e8c,f2baca0968af6dbdd278d1e55b3b4a53ba72d7e8a14311ec67100d125c425e9e,released_raw_outputs/model_outputs/_probe_ecvs_deepseek_v4pro_harder_stress_v1_visiblecarry_vs_maturessrloop_15task_2method_3budget_1run/deepseek/rolling_visible_carry_forward__harder_stress_v1_frontierpp_09_auth_claim_boundary__run_1__budget_1200.jsonl,1,5c57f2e03572a78e196c2d20357b29a4dc72518d18c123684bffcc3b18957382,17e909118d3625de70adc5c32fc6ab4bc903ebfba7f148df48efb29f18dfa253,23663715ed5fc51ca6a040ea4cc9e29784d0d07d162f8cb4861392887ed97657,_probe_ecvs_deepseek_v4pro_harder_stress_v1_visiblecarry_vs_maturessrloop_15task_2method_3budget_1run,rolling_visible_carry_forward,d239781121d1d6a6cd4cbcab5e859463831be69b2bcfc1a1884a2ada2c1ef299,f1670223cdb18cbebe5670181c127a5dc490184cc50ed55bb49cae0dd6b81125,"{""boundary_constraint_count"": 5, ""budgets_supported"": [300, 600, 1200], ""conditional_constraint_count"": 4, ""decoy_count"": 9, ""difficulty_factors"": [""decoy_overload"", ""overwrite_update"", ""conditional_allowed_state"", ""forbidden_boundary_pressure"", ""final_output_contract_pressure"", ""delayed_critical_constraint"", ""budget_pressure""], ""files_touched_estimate"": 2, ""method_specific_selection_used"": false, ""model_outcomes_used"": false, ""required_output_size"": 12, ""segment_count"": 15, ""source_candidate_id"": ""frontier_candidate_auth_claim_boundary"", ""strict_json_contract"": true, ""update_count"": 4}",649fa93b196242a19e144bd5297cf90abac45ad4aab2596921bacaa4f809894a,1,rolling_visible_identifier_carry_forward_v1_ecvs_safe_visible_only,rolling_visible_identifier_carry_forward_v1_ecvs_safe_visible_only,0,0,0,0,0,0,
_probe_ecvs_deepseek_v4pro_harder_stress_v1_visiblecarry_vs_maturessrloop_15task_2method_3budget_1run:deepseek_v4pro:rolling_visible_carry_forward:harder_stress_v1_frontierpp_09_auth_claim_boundary:budget_300:run_1,deepseek_v4pro,harder_stress_v1_frontierpp_09_auth_claim_boundary,diagnostic_controlled_frontier_plus,frontier_plus,security_boundary,,rolling_visible_carry_forward,rolling_visible_carry_forward,300,1,2026-06-19T08:58:36.385342+00:00,2026-06-19T08:58:38.427275+00:00,2026-06-19T08:58:36.385371+00:00,2026-06-19T08:58:38.406440+00:00,0.012,33146312feffa160a32e762c32a2b0a3b61464eaaeb147e93bec4f257a858730,34b5814df6e66aa1097f49aec048f68274466f91ea738505588277dc88f1cd4b,24c2aa4fdaf72321ee311eeeb023714d65b6477b681b763519a40c830f2f1974,ad15b2efd317279f59d37769669c2799bdb5464c6f465c36a4510ca09c6b87a3,3fa9cbd18b05349f3cb18342c3c006b8644f184517aa3e1cb9ca9cf275aa66d4,c3e9a533789f94f0831cdd773c0f0c0d7dabf0bac55bf9112313ec004ffb636a,7d28bae3dacf7b8d82a5f0e664afdfb48ad29f8d5d69200972b774935dbb2e34,7d28bae3dacf7b8d82a5f0e664afdfb48ad29f8d5d69200972b774935dbb2e34,7d28bae3dacf7b8d82a5f0e664afdfb48ad29f8d5d69200972b774935dbb2e34,39128f4c489c57c61675e097b9c45e5fe39511ce47ab14c0e2fe6beaa53efe33,direct_provider,deepseek,https://api.deepseek.com,deepseek-v4-pro,https://api.deepseek.com/chat/completions,deepseek-v4-pro,d9102514b5e2faa30f57f404991f95b09ba2d2ad37cfdd73f3d1f753a62a6425,2c4dd0c6c5ff02722c25948a9dff956605b4658af78362cf2148e45742a2ee82,d914cfc97d9b99822a2b1313c16850fd7be529b097eb356dc8e8e7408a7a00a8,explicit,0,4096,omitted,,omitted,,omitted,,omitted,,omitted,,omitted,,omitted,,omitted,,omitted,,False,thinking.type=disabled,ffe557f53c63f7d0f7e35f80c03f61d8b3548db9e4f51e8dda020b28a920d875,provider_not_exposed,provider_not_exposed,False,,False,False,False,disabled,,,,0,0,0,0,0,0,none,,,,,,,,,,0,,0,"[""REQ_09_RMCZ4BDV"", ""LOCK_09_VDB4Z"", ""SCOPE_09_CZ4BD"", ""CHECK_09_MCZ4B"", ""ANCHOR_09_DB4ZC"", ""EDGE_09_Z4BDV"", ""FRONTIER_09_VDB4ZC"", ""MERGE_09_RMCVDB"", ""VERIFY_09_Z4BDV"", ""PLAN_09_4ZCMR"", ""CONTRACT_09_RMCZ4"", ""FINAL_09_VDB4DV""]",[],0,[],0,[],0,[],0,1,URLError: <urlopen error [Errno 1] Operation not permitted>,rerun_required,backend_error,ab2379dad7c4765d3b76331317a00cfc0fad128de981c7385a8e0e702342fe9e,7c077ca2308714493d07163e1033c4282bd869ff6d477b3e77408587f95e2930,7c077ca2308714493d07163e1033c4282bd869ff6d477b3e77408587f95e2930,78b9c6a3aacba408617f72ae758c3638598dbade3a6cbb06098ca77fc0251e8c,3f6bb038975f78594caf7b65273591a57634a314301180671c10176b39b884d2,released_raw_outputs/model_outputs/_probe_ecvs_deepseek_v4pro_harder_stress_v1_visiblecarry_vs_maturessrloop_15task_2method_3budget_1run/deepseek/rolling_visible_carry_forward__harder_stress_v1_frontierpp_09_auth_claim_boundary__run_1__budget_300.jsonl,1,ca08659859678944b42fbc8ca5cc83fa016a5db221e93987d80cae680d9f4286,dc7a62a6b61ebc7e91a4ac3675ef61a639e8a5c4c73b442307294d99c2218bde,e4e942ef72ac9a517074761a8089c41933249af948a37aeebbef81fc4568e864,_probe_ecvs_deepseek_v4pro_harder_stress_v1_visiblecarry_vs_maturessrloop_15task_2method_3budget_1run,rolling_visible_carry_forward,d239781121d1d6a6cd4cbcab5e859463831be69b2bcfc1a1884a2ada2c1ef299,f1670223cdb18cbebe5670181c127a5dc490184cc50ed55bb49cae0dd6b81125,"{""boundary_constraint_count"": 5, ""budgets_supported"": [300, 600, 1200], ""conditional_constraint_count"": 4, ""decoy_count"": 9, ""difficulty_factors"": [""decoy_overload"", ""overwrite_update"", ""conditional_allowed_state"", ""forbidden_boundary_pressure"", ""final_output_contract_pressure"", ""delayed_critical_constraint"", ""budget_pressure""], ""files_touched_estimate"": 2, ""method_specific_selection_used"": false, ""model_outcomes_used"": false, ""required_output_size"": 12, ""segment_count"": 15, ""source_candidate_id"": ""frontier_candidate_auth_claim_boundary"", ""strict_json_contract"": true, ""update_count"": 4}",649fa93b196242a19e144bd5297cf90abac45ad4aab2596921bacaa4f809894a,1,rolling_visible_identifier_carry_forward_v1_ecvs_safe_visible_only,rolling_visible_identifier_carry_forward_v1_ecvs_safe_visible_only,0,0,0,0,0,0,
_probe_ecvs_deepseek_v4pro_harder_stress_v1_visiblecarry_vs_maturessrloop_15task_2method_3budget_1run:deepseek_v4pro:rolling_visible_carry_forward:harder_stress_v1_frontierpp_09_auth_claim_boundary:budget_600:run_1,deepseek_v4pro,harder_stress_v1_frontierpp_09_auth_claim_boundary,diagnostic_controlled_frontier_plus,frontier_plus,security_boundary,,rolling_visible_carry_forward,rolling_visible_carry_forward,600,1,2026-06-19T08:58:36.385672+00:00,2026-06-19T08:58:38.415251+00:00,2026-06-19T08:58:36.385701+00:00,2026-06-19T08:58:38.406530+00:00,0.01,33146312feffa160a32e762c32a2b0a3b61464eaaeb147e93bec4f257a858730,34b5814df6e66aa1097f49aec048f68274466f91ea738505588277dc88f1cd4b,24c2aa4fdaf72321ee311eeeb023714d65b6477b681b763519a40c830f2f1974,ad15b2efd317279f59d37769669c2799bdb5464c6f465c36a4510ca09c6b87a3,e66e45f11fa421f6c18e083073cf502f84db429bb86eb29c6554fb366751e589,c3e9a533789f94f0831cdd773c0f0c0d7dabf0bac55bf9112313ec004ffb636a,7d28bae3dacf7b8d82a5f0e664afdfb48ad29f8d5d69200972b774935dbb2e34,7d28bae3dacf7b8d82a5f0e664afdfb48ad29f8d5d69200972b774935dbb2e34,7d28bae3dacf7b8d82a5f0e664afdfb48ad29f8d5d69200972b774935dbb2e34,39128f4c489c57c61675e097b9c45e5fe39511ce47ab14c0e2fe6beaa53efe33,direct_provider,deepseek,https://api.deepseek.com,deepseek-v4-pro,https://api.deepseek.com/chat/completions,deepseek-v4-pro,d9102514b5e2faa30f57f404991f95b09ba2d2ad37cfdd73f3d1f753a62a6425,2c4dd0c6c5ff02722c25948a9dff956605b4658af78362cf2148e45742a2ee82,d914cfc97d9b99822a2b1313c16850fd7be529b097eb356dc8e8e7408a7a00a8,explicit,0,4096,omitted,,omitted,,omitted,,omitted,,omitted,,omitted,,omitted,,omitted,,omitted,,False,thinking.type=disabled,ffe557f53c63f7d0f7e35f80c03f61d8b3548db9e4f51e8dda020b28a920d875,provider_not_exposed,provider_not_exposed,False,,False,False,False,disabled,,,,0,0,0,0,0,0,none,,,,,,,,,,0,,0,"[""REQ_09_RMCZ4BDV"", ""LOCK_09_VDB4Z"", ""SCOPE_09_CZ4BD"", ""CHECK_09_MCZ4B"", ""ANCHOR_09_DB4ZC"", ""EDGE_09_Z4BDV"", ""FRONTIER_09_VDB4ZC"", ""MERGE_09_RMCVDB"", ""VERIFY_09_Z4BDV"", ""PLAN_09_4ZCMR"", ""CONTRACT_09_RMCZ4"", ""FINAL_09_VDB4DV""]",[],0,[],0,[],0,[],0,1,URLError: <urlopen error [Errno 1] Operation not permitted>,rerun_required,backend_error,f7a554eec08aec147f3011babdf9a80579e91bb3a60aaf2a3bd8c57e8ba50e03,7c077ca2308714493d07163e1033c4282bd869ff6d477b3e77408587f95e2930,7c077ca2308714493d07163e1033c4282bd869ff6d477b3e77408587f95e2930,78b9c6a3aacba408617f72ae758c3638598dbade3a6cbb06098ca77fc0251e8c,9455a554d7f304bbac8bf900d2047af91518c7e627e01f6a4949796fee5915cf,released_raw_outputs/model_outputs/_probe_ecvs_deepseek_v4pro_harder_stress_v1_visiblecarry_vs_maturessrloop_15task_2method_3budget_1run/deepseek/rolling_visible_carry_forward__harder_stress_v1_frontierpp_09_auth_claim_boundary__run_1__budget_600.jsonl,1,834b1671c26b430d4749652557c313c398d11f121c6bc17f3c6df315a689795d,c5aa4993d0aabb21efdaf1516f527c3173a4f009dba34a7d1f94436a7e29b0ec,e64f816ab6ae299ba7e70f44c25e67e0e0a6c80048e7842fb68820034d259012,_probe_ecvs_deepseek_v4pro_harder_stress_v1_visiblecarry_vs_maturessrloop_15task_2method_3budget_1run,rolling_visible_carry_forward,d239781121d1d6a6cd4cbcab5e859463831be69b2bcfc1a1884a2ada2c1ef299,f1670223cdb18cbebe5670181c127a5dc490184cc50ed55bb49cae0dd6b81125,"{""boundary_constraint_count"": 5, ""budgets_supported"": [300, 600, 1200], ""conditional_constraint_count"": 4, ""decoy_count"": 9, ""difficulty_factors"": [""decoy_overload"", ""overwrite_update"", ""conditional_allowed_state"", ""forbidden_boundary_pressure"", ""final_output_contract_pressure"", ""delayed_critical_constraint"", ""budget_pressure""], ""files_touched_estimate"": 2, ""method_specific_selection_used"": false, ""model_outcomes_used"": false, ""required_output_size"": 12, ""segment_count"": 15, ""source_candidate_id"": ""frontier_candidate_auth_claim_boundary"", ""strict_json_contract"": true, ""update_count"": 4}",649fa93b196242a19e144bd5297cf90abac45ad4aab2596921bacaa4f809894a,1,rolling_visible_identifier_carry_forward_v1_ecvs_safe_visible_only,rolling_visible_identifier_carry_forward_v1_ecvs_safe_visible_only,0,0,0,0,0,0,
_probe_ecvs_deepseek_v4pro_harder_stress_v1_visiblecarry_vs_maturessrloop_15task_2method_3budget_1run:deepseek_v4pro:rolling_visible_carry_forward:harder_stress_v1_frontierpp_10_build_matrix_compat:budget_1200:run_1,deepseek_v4pro,harder_stress_v1_frontierpp_10_build_matrix_compat,semi_real_repo_style_controlled_frontier_plus,frontier_plus,build_config_matrix,,rolling_visible_carry_forward,rolling_visible_carry_forward,1200,1,2026-06-19T08:58:36.387219+00:00,2026-06-19T08:58:38.424919+00:00,2026-06-19T08:58:36.387248+00:00,2026-06-19T08:58:38.403305+00:00,0.011,33146312feffa160a32e762c32a2b0a3b61464eaaeb147e93bec4f257a858730,238585ceb733650a4958514902e2934768c400f5690b5fe38d85f5d363ef93b4,24c2aa4fdaf72321ee311eeeb023714d65b6477b681b763519a40c830f2f1974,229fcfcd7cd6174d7ea6eb9097e6e2f750b5a5aa4ac798d333d166b4de7d961a,f2166b4b90821f8994e351b248ed8811ef2a72a5af0620342cac0d6b5995f542,c3e9a533789f94f0831cdd773c0f0c0d7dabf0bac55bf9112313ec004ffb636a,7d28bae3dacf7b8d82a5f0e664afdfb48ad29f8d5d69200972b774935dbb2e34,7d28bae3dacf7b8d82a5f0e664afdfb48ad29f8d5d69200972b774935dbb2e34,7d28bae3dacf7b8d82a5f0e664afdfb48ad29f8d5d69200972b774935dbb2e34,39128f4c489c57c61675e097b9c45e5fe39511ce47ab14c0e2fe6beaa53efe33,direct_provider,deepseek,https://api.deepseek.com,deepseek-v4-pro,https://api.deepseek.com/chat/completions,deepseek-v4-pro,d9102514b5e2faa30f57f404991f95b09ba2d2ad37cfdd73f3d1f753a62a6425,2c4dd0c6c5ff02722c25948a9dff956605b4658af78362cf2148e45742a2ee82,d914cfc97d9b99822a2b1313c16850fd7be529b097eb356dc8e8e7408a7a00a8,explicit,0,4096,omitted,,omitted,,omitted,,omitted,,omitted,,omitted,,omitted,,omitted,,omitted,,False,thinking.type=disabled,ffe557f53c63f7d0f7e35f80c03f61d8b3548db9e4f51e8dda020b28a920d875,provider_not_exposed,provider_not_exposed,False,,False,False,False,disabled,,,,0,0,0,0,0,0,none,,,,,,,,,,0,,0,"[""REQ_10_BD5YAL7M"", ""LOCK_10_M7LAY"", ""SCOPE_10_5YAL7"", ""CHECK_10_D5YAL"", ""ANCHOR_10_7LAY5"", ""EDGE_10_YAL7M"", ""FRONTIER_10_M7LAY5"", ""MERGE_10_BD5M7L"", ""VERIFY_10_YAL7M"", ""PLAN_10_AY5DB"", ""CONTRACT_10_BD5YA"", ""FINAL_10_M7LA7M""]",[],0,[],0,[],0,[],0,1,URLError: <urlopen error [Errno 1] Operation not permitted>,rerun_required,backend_error,042d7fecdb2dc958de95fc46d2d8c68254e97585da0a68fd0ac51fc4f73f29fb,7c077ca2308714493d07163e1033c4282bd869ff6d477b3e77408587f95e2930,7c077ca2308714493d07163e1033c4282bd869ff6d477b3e77408587f95e2930,78b9c6a3aacba408617f72ae758c3638598dbade3a6cbb06098ca77fc0251e8c,bf5ae0f0e45877a7433ac41c9839642b22792a0e4a68bceb794e1a7bd112e692,released_raw_outputs/model_outputs/_probe_ecvs_deepseek_v4pro_harder_stress_v1_visiblecarry_vs_maturessrloop_15task_2method_3budget_1run/deepseek/rolling_visible_carry_forward__harder_stress_v1_frontierpp_10_build_matrix_compat__run_1__budget_1200.jsonl,1,08aee233af094d868c4b378f53d7a8131ea99be44d77bf4e08bf46b5191cf609,6c4cc41f13288d9bf9ea7ffbadac947d19b96c1dde0abee58a305f051311bdc0,a097265f8a737bc7df1c0628682b7593d345504a687c40d79947d8dd479dba5b,_probe_ecvs_deepseek_v4pro_harder_stress_v1_visiblecarry_vs_maturessrloop_15task_2method_3budget_1run,rolling_visible_carry_forward,d239781121d1d6a6cd4cbcab5e859463831be69b2bcfc1a1884a2ada2c1ef299,6468b2a1c3b53d84d153cfb23e17eb49b760ad82da5267c303d090717ca7400d,"{""boundary_constraint_count"": 3, ""budgets_supported"": [300, 600, 1200], ""conditional_constraint_count"": 3, ""decoy_count"": 8, ""difficulty_factors"": [""decoy_overload"", ""overwrite_update"", ""conditional_allowed_state"", ""multi_file_component_consistency"", ""distractor_segment"", ""final_output_contract_pressure"", ""budget_pressure""], ""files_touched_estimate"": 3, ""method_specific_selection_used"": false, ""model_outcomes_used"": false, ""required_output_size"": 11, ""segment_count"": 14, ""source_candidate_id"": ""frontier_candidate_build_matrix_compat"", ""strict_json_contract"": true, ""update_count"": 3}",649fa93b196242a19e144bd5297cf90abac45ad4aab2596921bacaa4f809894a,1,rolling_visible_identifier_carry_forward_v1_ecvs_safe_visible_only,rolling_visible_identifier_carry_forward_v1_ecvs_safe_visible_only,0,0,0,0,0,0,
_probe_ecvs_deepseek_v4pro_harder_stress_v1_visiblecarry_vs_maturessrloop_15task_2method_3budget_1run:deepseek_v4pro:rolling_visible_carry_forward:harder_stress_v1_frontierpp_10_build_matrix_compat:budget_300:run_1,deepseek_v4pro,harder_stress_v1_frontierpp_10_build_matrix_compat,semi_real_repo_style_controlled_frontier_plus,frontier_plus,build_config_matrix,,rolling_visible_carry_forward,rolling_visible_carry_forward,300,1,2026-06-19T08:58:36.386815+00:00,2026-06-19T08:58:38.409415+00:00,2026-06-19T08:58:36.386849+00:00,2026-06-19T08:58:38.395726+00:00,0.006,33146312feffa160a32e762c32a2b0a3b61464eaaeb147e93bec4f257a858730,238585ceb733650a4958514902e2934768c400f5690b5fe38d85f5d363ef93b4,24c2aa4fdaf72321ee311eeeb023714d65b6477b681b763519a40c830f2f1974,229fcfcd7cd6174d7ea6eb9097e6e2f750b5a5aa4ac798d333d166b4de7d961a,8c3cbf55d149a62a6503633c9e32581a2ab4290368e53e711915d549e9884574,c3e9a533789f94f0831cdd773c0f0c0d7dabf0bac55bf9112313ec004ffb636a,7d28bae3dacf7b8d82a5f0e664afdfb48ad29f8d5d69200972b774935dbb2e34,7d28bae3dacf7b8d82a5f0e664afdfb48ad29f8d5d69200972b774935dbb2e34,7d28bae3dacf7b8d82a5f0e664afdfb48ad29f8d5d69200972b774935dbb2e34,39128f4c489c57c61675e097b9c45e5fe39511ce47ab14c0e2fe6beaa53efe33,direct_provider,deepseek,https://api.deepseek.com,deepseek-v4-pro,https://api.deepseek.com/chat/completions,deepseek-v4-pro,d9102514b5e2faa30f57f404991f95b09ba2d2ad37cfdd73f3d1f753a62a6425,2c4dd0c6c5ff02722c25948a9dff956605b4658af78362cf2148e45742a2ee82,d914cfc97d9b99822a2b1313c16850fd7be529b097eb356dc8e8e7408a7a00a8,explicit,0,4096,omitted,,omitted,,omitted,,omitted,,omitted,,omitted,,omitted,,omitted,,omitted,,False,thinking.type=disabled,ffe557f53c63f7d0f7e35f80c03f61d8b3548db9e4f51e8dda020b28a920d875,provider_not_exposed,provider_not_exposed,False,,False,False,False,disabled,,,,0,0,0,0,0,0,none,,,,,,,,,,0,,0,"[""REQ_10_BD5YAL7M"", ""LOCK_10_M7LAY"", ""SCOPE_10_5YAL7"", ""CHECK_10_D5YAL"", ""ANCHOR_10_7LAY5"", ""EDGE_10_YAL7M"", ""FRONTIER_10_M7LAY5"", ""MERGE_10_BD5M7L"", ""VERIFY_10_YAL7M"", ""PLAN_10_AY5DB"", ""CONTRACT_10_BD5YA"", ""FINAL_10_M7LA7M""]",[],0,[],0,[],0,[],0,1,URLError: <urlopen error [Errno 1] Operation not permitted>,rerun_required,backend_error,6b81f8fcd200ee95ac23b001bd9719611172efc42909e5b090c40847c478dc8d,7c077ca2308714493d07163e1033c4282bd869ff6d477b3e77408587f95e2930,7c077ca2308714493d07163e1033c4282bd869ff6d477b3e77408587f95e2930,78b9c6a3aacba408617f72ae758c3638598dbade3a6cbb06098ca77fc0251e8c,51728e99297730d5977f98e55328e2663c6ec8d8a739fe4bca94212ec23f9f63,released_raw_outputs/model_outputs/_probe_ecvs_deepseek_v4pro_harder_stress_v1_visiblecarry_vs_maturessrloop_15task_2method_3budget_1run/deepseek/rolling_visible_carry_forward__harder_stress_v1_frontierpp_10_build_matrix_compat__run_1__budget_300.jsonl,1,0e6ea6ecc55e041933a030a3a1c4c544e44b8c65f02bdce5a710e9651a459d76,45201068e112000ad9f865696f4173d0d9a145f7f7c3ab3e653be6eb4c173d23,4aa1b1f0c042324bc1ee8959f2c723bd237d7b88e0577fb37f642293cc8c5438,_probe_ecvs_deepseek_v4pro_harder_stress_v1_visiblecarry_vs_maturessrloop_15task_2method_3budget_1run,rolling_visible_carry_forward,d239781121d1d6a6cd4cbcab5e859463831be69b2bcfc1a1884a2ada2c1ef299,6468b2a1c3b53d84d153cfb23e17eb49b760ad82da5267c303d090717ca7400d,"{""boundary_constraint_count"": 3, ""budgets_supported"": [300, 600, 1200], ""conditional_constraint_count"": 3, ""decoy_count"": 8, ""difficulty_factors"": [""decoy_overload"", ""overwrite_update"", ""conditional_allowed_state"", ""multi_file_component_consistency"", ""distractor_segment"", ""final_output_contract_pressure"", ""budget_pressure""], ""files_touched_estimate"": 3, ""method_specific_selection_used"": false, ""model_outcomes_used"": false, ""required_output_size"": 11, ""segment_count"": 14, ""source_candidate_id"": ""frontier_candidate_build_matrix_compat"", ""strict_json_contract"": true, ""update_count"": 3}",649fa93b196242a19e144bd5297cf90abac45ad4aab2596921bacaa4f809894a,1,rolling_visible_identifier_carry_forward_v1_ecvs_safe_visible_only,rolling_visible_identifier_carry_forward_v1_ecvs_safe_visible_only,0,0,0,0,0,0,
_probe_ecvs_deepseek_v4pro_harder_stress_v1_visiblecarry_vs_maturessrloop_15task_2method_3budget_1run:deepseek_v4pro:rolling_visible_carry_forward:harder_stress_v1_frontierpp_10_build_matrix_compat:budget_600:run_1,deepseek_v4pro,harder_stress_v1_frontierpp_10_build_matrix_compat,semi_real_repo_style_controlled_frontier_plus,frontier_plus,build_config_matrix,,rolling_visible_carry_forward,rolling_visible_carry_forward,600,1,2026-06-19T08:58:36.387056+00:00,2026-06-19T08:58:38.416738+00:00,2026-06-19T08:58:36.387090+00:00,2026-06-19T08:58:38.399793+00:00,0.007,33146312feffa160a32e762c32a2b0a3b61464eaaeb147e93bec4f257a858730,238585ceb733650a4958514902e2934768c400f5690b5fe38d85f5d363ef93b4,24c2aa4fdaf72321ee311eeeb023714d65b6477b681b763519a40c830f2f1974,229fcfcd7cd6174d7ea6eb9097e6e2f750b5a5aa4ac798d333d166b4de7d961a,7785f849109d01b5fa617b6f3ad815ffaa4bff34476cde40f0bcfcef6c9d00a1,c3e9a533789f94f0831cdd773c0f0c0d7dabf0bac55bf9112313ec004ffb636a,7d28bae3dacf7b8d82a5f0e664afdfb48ad29f8d5d69200972b774935dbb2e34,7d28bae3dacf7b8d82a5f0e664afdfb48ad29f8d5d69200972b774935dbb2e34,7d28bae3dacf7b8d82a5f0e664afdfb48ad29f8d5d69200972b774935dbb2e34,39128f4c489c57c61675e097b9c45e5fe39511ce47ab14c0e2fe6beaa53efe33,direct_provider,deepseek,https://api.deepseek.com,deepseek-v4-pro,https://api.deepseek.com/chat/completions,deepseek-v4-pro,d9102514b5e2faa30f57f404991f95b09ba2d2ad37cfdd73f3d1f753a62a6425,2c4dd0c6c5ff02722c25948a9dff956605b4658af78362cf2148e45742a2ee82,d914cfc97d9b99822a2b1313c16850fd7be529b097eb356dc8e8e7408a7a00a8,explicit,0,4096,omitted,,omitted,,omitted,,omitted,,omitted,,omitted,,omitted,,omitted,,omitted,,False,thinking.type=disabled,ffe557f53c63f7d0f7e35f80c03f61d8b3548db9e4f51e8dda020b28a920d875,provider_not_exposed,provider_not_exposed,False,,False,False,False,disabled,,,,0,0,0,0,0,0,none,,,,,,,,,,0,,0,"[""REQ_10_BD5YAL7M"", ""LOCK_10_M7LAY"", ""SCOPE_10_5YAL7"", ""CHECK_10_D5YAL"", ""ANCHOR_10_7LAY5"", ""EDGE_10_YAL7M"", ""FRONTIER_10_M7LAY5"", ""MERGE_10_BD5M7L"", ""VERIFY_10_YAL7M"", ""PLAN_10_AY5DB"", ""CONTRACT_10_BD5YA"", ""FINAL_10_M7LA7M""]",[],0,[],0,[],0,[],0,1,URLError: <urlopen error [Errno 1] Operation not permitted>,rerun_required,backend_error,2310f7c5def60a6b5b8f15c8eba49420e838bce19635f86d1794f02b012e7616,7c077ca2308714493d07163e1033c4282bd869ff6d477b3e77408587f95e2930,7c077ca2308714493d07163e1033c4282bd869ff6d477b3e77408587f95e2930,78b9c6a3aacba408617f72ae758c3638598dbade3a6cbb06098ca77fc0251e8c,b6215dd5ec42d82598928b5a6583d97a20236b06361d508256ff46632c99b229,released_raw_outputs/model_outputs/_probe_ecvs_deepseek_v4pro_harder_stress_v1_visiblecarry_vs_maturessrloop_15task_2method_3budget_1run/deepseek/rolling_visible_carry_forward__harder_stress_v1_frontierpp_10_build_matrix_compat__run_1__budget_600.jsonl,1,b83bc3a02d726606721483d023007373db142c228a48dbf54c9ced0dec645091,c2907d1ef5789b4ec97fce9ade7dbd69268bfbaf5257932948d30afeb6c43faf,999fab87207689fb8d52eb24579a44392960848666bfd0603d8fc56c605d0451,_probe_ecvs_deepseek_v4pro_harder_stress_v1_visiblecarry_vs_maturessrloop_15task_2method_3budget_1run,rolling_visible_carry_forward,d239781121d1d6a6cd4cbcab5e859463831be69b2bcfc1a1884a2ada2c1ef299,6468b2a1c3b53d84d153cfb23e17eb49b760ad82da5267c303d090717ca7400d,"{""boundary_constraint_count"": 3, ""budgets_supported"": [300, 600, 1200], ""conditional_constraint_count"": 3, ""decoy_count"": 8, ""difficulty_factors"": [""decoy_overload"", ""overwrite_update"", ""conditional_allowed_state"", ""multi_file_component_consistency"", ""distractor_segment"", ""final_output_contract_pressure"", ""budget_pressure""], ""files_touched_estimate"": 3, ""method_specific_selection_used"": false, ""model_outcomes_used"": false, ""required_output_size"": 11, ""segment_count"": 14, ""source_candidate_id"": ""frontier_candidate_build_matrix_compat"", ""strict_json_contract"": true, ""update_count"": 3}",649fa93b196242a19e144bd5297cf90abac45ad4aab2596921bacaa4f809894a,1,rolling_visible_identifier_carry_forward_v1_ecvs_safe_visible_only,rolling_visible_identifier_carry_forward_v1_ecvs_safe_visible_only,0,0,0,0,0,0,
_probe_ecvs_deepseek_v4pro_harder_stress_v1_visiblecarry_vs_maturessrloop_15task_2method_3budget_1run:deepseek_v4pro:rolling_visible_carry_forward:harder_stress_v1_realswe_01_django_upload_path_boundary:budget_1200:run_1,deepseek_v4pro,harder_stress_v1_realswe_01_django_upload_path_boundary,real_swe_style_controlled_plus,real_swe_plus,path_security_boundary,,rolling_visible_carry_forward,rolling_visible_carry_forward,1200,1,2026-06-19T08:58:36.388501+00:00,2026-06-19T08:58:38.422799+00:00,2026-06-19T08:58:36.388531+00:00,2026-06-19T08:58:38.408506+00:00,0.012,33146312feffa160a32e762c32a2b0a3b61464eaaeb147e93bec4f257a858730,1db73a038b8f80cba85f08968de0630f60078867fac02d2f124363411d4e6152,24c2aa4fdaf72321ee311eeeb023714d65b6477b681b763519a40c830f2f1974,c0e6ab9c861e910895a812ca0f38f41dd2e0ca2dc6fcba2fea6708f45fa4ba85,96fe95c9b0696a789a3e12e2547ff441a092ea1b44b523399dd80b07a56ce163,c3e9a533789f94f0831cdd773c0f0c0d7dabf0bac55bf9112313ec004ffb636a,7d28bae3dacf7b8d82a5f0e664afdfb48ad29f8d5d69200972b774935dbb2e34,7d28bae3dacf7b8d82a5f0e664afdfb48ad29f8d5d69200972b774935dbb2e34,7d28bae3dacf7b8d82a5f0e664afdfb48ad29f8d5d69200972b774935dbb2e34,39128f4c489c57c61675e097b9c45e5fe39511ce47ab14c0e2fe6beaa53efe33,direct_provider,deepseek,https://api.deepseek.com,deepseek-v4-pro,https://api.deepseek.com/chat/completions,deepseek-v4-pro,d9102514b5e2faa30f57f404991f95b09ba2d2ad37cfdd73f3d1f753a62a6425,2c4dd0c6c5ff02722c25948a9dff956605b4658af78362cf2148e45742a2ee82,d914cfc97d9b99822a2b1313c16850fd7be529b097eb356dc8e8e7408a7a00a8,explicit,0,4096,omitted,,omitted,,omitted,,omitted,,omitted,,omitted,,omitted,,omitted,,omitted,,False,thinking.type=disabled,ffe557f53c63f7d0f7e35f80c03f61d8b3548db9e4f51e8dda020b28a920d875,provider_not_exposed,provider_not_exposed,False,,False,False,False,disabled,,,,0,0,0,0,0,0,none,,,,,,,,,,0,,0,"[""REQ_01_YA4SS7TE"", ""LOCK_01_ET7SS"", ""SCOPE_01_4SS7T"", ""CHECK_01_A4SS7"", ""ANCHOR_01_T7SS4"", ""EDGE_01_SS7TE"", ""FRONTIER_01_ET7SS4"", ""MERGE_01_YA4ET7"", ""VERIFY_01_SS7TE"", ""PLAN_01_SS4AY"", ""CONTRACT_01_YA4SS"", ""FINAL_01_ET7STE""]",[],0,[],0,[],0,[],0,1,URLError: <urlopen error [Errno 1] Operation not permitted>,rerun_required,backend_error,5663d27d3c2a36b91a9798dd6a3019d55e30f5f4a2ad2993075108ae82f9b4c2,7c077ca2308714493d07163e1033c4282bd869ff6d477b3e77408587f95e2930,7c077ca2308714493d07163e1033c4282bd869ff6d477b3e77408587f95e2930,78b9c6a3aacba408617f72ae758c3638598dbade3a6cbb06098ca77fc0251e8c,59fe060bb03e26b616f56e5e7b10da32006f3884b03db5f34f0ecb5e3f348b2e,released_raw_outputs/model_outputs/_probe_ecvs_deepseek_v4pro_harder_stress_v1_visiblecarry_vs_maturessrloop_15task_2method_3budget_1run/deepseek/rolling_visible_carry_forward__harder_stress_v1_realswe_01_django_upload_path_boundary__run_1__budget_1200.jsonl,1,6f1066c0087a4bfba65245affdd37cf2fbf3bdbd5c1b880009cd95b3388a972b,23b447e6e957961250e73144ff68d0981b0afa93a0127260313266fbd8eebdd3,fc6fa7628875300691dd2d6f12d41e17471d74be8fa6e32416d37b40826a4c91,_probe_ecvs_deepseek_v4pro_harder_stress_v1_visiblecarry_vs_maturessrloop_15task_2method_3budget_1run,rolling_visible_carry_forward,d239781121d1d6a6cd4cbcab5e859463831be69b2bcfc1a1884a2ada2c1ef299,2cc56050dca06d1a174ba1c389a479223fb92b93b30bc99f265984a6f142509c,"{""boundary_constraint_count"": 5, ""budgets_supported"": [300, 600, 1200], ""conditional_constraint_count"": 3, ""config_path_sensitivity"": 5, ""decoy_count"": 8, ""difficulty_factors"": [""decoy_overload"", ""overwrite_update"", ""conditional_allowed_state"", ""forbidden_boundary_pressure"", ""multi_file_component_consistency"", ""budget_pressure""], ""files_touched_estimate"": 2, ""method_specific_selection_used"": false, ""model_outcomes_used"": false, ""required_output_size"": 11, ""segment_count"": 14, ""source_candidate_id"": ""realstyle_candidate_django_upload_path_boundary"", ""strict_json_contract"": true, ""test_contract_complexity"": 4, ""update_count"": 3}",649fa93b196242a19e144bd5297cf90abac45ad4aab2596921bacaa4f809894a,1,rolling_visible_identifier_carry_forward_v1_ecvs_safe_visible_only,rolling_visible_identifier_carry_forward_v1_ecvs_safe_visible_only,0,0,0,0,0,0,
_probe_ecvs_deepseek_v4pro_harder_stress_v1_visiblecarry_vs_maturessrloop_15task_2method_3budget_1run:deepseek_v4pro:rolling_visible_carry_forward:harder_stress_v1_realswe_01_django_upload_path_boundary:budget_300:run_1,deepseek_v4pro,harder_stress_v1_realswe_01_django_upload_path_boundary,real_swe_style_controlled_plus,real_swe_plus,path_security_boundary,,rolling_visible_carry_forward,rolling_visible_carry_forward,300,1,2026-06-19T08:58:36.387912+00:00,2026-06-19T08:58:38.429649+00:00,2026-06-19T08:58:36.387945+00:00,2026-06-19T08:58:38.414804+00:00,0.017,33146312feffa160a32e762c32a2b0a3b61464eaaeb147e93bec4f257a858730,1db73a038b8f80cba85f08968de0630f60078867fac02d2f124363411d4e6152,24c2aa4fdaf72321ee311eeeb023714d65b6477b681b763519a40c830f2f1974,c0e6ab9c861e910895a812ca0f38f41dd2e0ca2dc6fcba2fea6708f45fa4ba85,bd7fd8c0cd87e533cb4e023eddac8c4c83fce714c9d261fb0ee6f7e065a5ccff,c3e9a533789f94f0831cdd773c0f0c0d7dabf0bac55bf9112313ec004ffb636a,7d28bae3dacf7b8d82a5f0e664afdfb48ad29f8d5d69200972b774935dbb2e34,7d28bae3dacf7b8d82a5f0e664afdfb48ad29f8d5d69200972b774935dbb2e34,7d28bae3dacf7b8d82a5f0e664afdfb48ad29f8d5d69200972b774935dbb2e34,39128f4c489c57c61675e097b9c45e5fe39511ce47ab14c0e2fe6beaa53efe33,direct_provider,deepseek,https://api.deepseek.com,deepseek-v4-pro,https://api.deepseek.com/chat/completions,deepseek-v4-pro,d9102514b5e2faa30f57f404991f95b09ba2d2ad37cfdd73f3d1f753a62a6425,2c4dd0c6c5ff02722c25948a9dff956605b4658af78362cf2148e45742a2ee82,d914cfc97d9b99822a2b1313c16850fd7be529b097eb356dc8e8e7408a7a00a8,explicit,0,4096,omitted,,omitted,,omitted,,omitted,,omitted,,omitted,,omitted,,omitted,,omitted,,False,thinking.type=disabled,ffe557f53c63f7d0f7e35f80c03f61d8b3548db9e4f51e8dda020b28a920d875,provider_not_exposed,provider_not_exposed,False,,False,False,False,disabled,,,,0,0,0,0,0,0,none,,,,,,,,,,0,,0,"[""REQ_01_YA4SS7TE"", ""LOCK_01_ET7SS"", ""SCOPE_01_4SS7T"", ""CHECK_01_A4SS7"", ""ANCHOR_01_T7SS4"", ""EDGE_01_SS7TE"", ""FRONTIER_01_ET7SS4"", ""MERGE_01_YA4ET7"", ""VERIFY_01_SS7TE"", ""PLAN_01_SS4AY"", ""CONTRACT_01_YA4SS"", ""FINAL_01_ET7STE""]",[],0,[],0,[],0,[],0,1,URLError: <urlopen error [Errno 1] Operation not permitted>,rerun_required,backend_error,d575dc0122885b6f0a5afed819cea4a4dafc75839fef2b2351f452b92b6f73c8,7c077ca2308714493d07163e1033c4282bd869ff6d477b3e77408587f95e2930,7c077ca2308714493d07163e1033c4282bd869ff6d477b3e77408587f95e2930,78b9c6a3aacba408617f72ae758c3638598dbade3a6cbb06098ca77fc0251e8c,e5901cf6797752b3313648791683dca1ee9324942c76564819d4edd9f2815ab4,released_raw_outputs/model_outputs/_probe_ecvs_deepseek_v4pro_harder_stress_v1_visiblecarry_vs_maturessrloop_15task_2method_3budget_1run/deepseek/rolling_visible_carry_forward__harder_stress_v1_realswe_01_django_upload_path_boundary__run_1__budget_300.jsonl,1,df4cc2d2a7e56f3f39c13a6a1bf10b4f771b8474597a187f904a7bb4872101df,c97db3a18145550a9c3e175487c32d82cac8bd4c774dd75ae8dad34f53964ebc,0c9e6a03172a7bb906d6bf30f73c04d83f6b54b59ca10575a059c6c05265c790,_probe_ecvs_deepseek_v4pro_harder_stress_v1_visiblecarry_vs_maturessrloop_15task_2method_3budget_1run,rolling_visible_carry_forward,d239781121d1d6a6cd4cbcab5e859463831be69b2bcfc1a1884a2ada2c1ef299,2cc56050dca06d1a174ba1c389a479223fb92b93b30bc99f265984a6f142509c,"{""boundary_constraint_count"": 5, ""budgets_supported"": [300, 600, 1200], ""conditional_constraint_count"": 3, ""config_path_sensitivity"": 5, ""decoy_count"": 8, ""difficulty_factors"": [""decoy_overload"", ""overwrite_update"", ""conditional_allowed_state"", ""forbidden_boundary_pressure"", ""multi_file_component_consistency"", ""budget_pressure""], ""files_touched_estimate"": 2, ""method_specific_selection_used"": false, ""model_outcomes_used"": false, ""required_output_size"": 11, ""segment_count"": 14, ""source_candidate_id"": ""realstyle_candidate_django_upload_path_boundary"", ""strict_json_contract"": true, ""test_contract_complexity"": 4, ""update_count"": 3}",649fa93b196242a19e144bd5297cf90abac45ad4aab2596921bacaa4f809894a,1,rolling_visible_identifier_carry_forward_v1_ecvs_safe_visible_only,rolling_visible_identifier_carry_forward_v1_ecvs_safe_visible_only,0,0,0,0,0,0,
_probe_ecvs_deepseek_v4pro_harder_stress_v1_visiblecarry_vs_maturessrloop_15task_2method_3budget_1run:deepseek_v4pro:rolling_visible_carry_forward:harder_stress_v1_realswe_01_django_upload_path_boundary:budget_600:run_1,deepseek_v4pro,harder_stress_v1_realswe_01_django_upload_path_boundary,real_swe_style_controlled_plus,real_swe_plus,path_security_boundary,,rolling_visible_carry_forward,rolling_visible_carry_forward,600,1,2026-06-19T08:58:36.388138+00:00,2026-06-19T08:58:38.427679+00:00,2026-06-19T08:58:36.388171+00:00,2026-06-19T08:58:38.406791+00:00,0.007,33146312feffa160a32e762c32a2b0a3b61464eaaeb147e93bec4f257a858730,1db73a038b8f80cba85f08968de0630f60078867fac02d2f124363411d4e6152,24c2aa4fdaf72321ee311eeeb023714d65b6477b681b763519a40c830f2f1974,c0e6ab9c861e910895a812ca0f38f41dd2e0ca2dc6fcba2fea6708f45fa4ba85,cb6ba7b608709dc10ae53e4e15b0d468a3c1906e7bc4eeced8444a3902218f11,c3e9a533789f94f0831cdd773c0f0c0d7dabf0bac55bf9112313ec004ffb636a,7d28bae3dacf7b8d82a5f0e664afdfb48ad29f8d5d69200972b774935dbb2e34,7d28bae3dacf7b8d82a5f0e664afdfb48ad29f8d5d69200972b774935dbb2e34,7d28bae3dacf7b8d82a5f0e664afdfb48ad29f8d5d69200972b774935dbb2e34,39128f4c489c57c61675e097b9c45e5fe39511ce47ab14c0e2fe6beaa53efe33,direct_provider,deepseek,https://api.deepseek.com,deepseek-v4-pro,https://api.deepseek.com/chat/completions,deepseek-v4-pro,d9102514b5e2faa30f57f404991f95b09ba2d2ad37cfdd73f3d1f753a62a6425,2c4dd0c6c5ff02722c25948a9dff956605b4658af78362cf2148e45742a2ee82,d914cfc97d9b99822a2b1313c16850fd7be529b097eb356dc8e8e7408a7a00a8,explicit,0,4096,omitted,,omitted,,omitted,,omitted,,omitted,,omitted,,omitted,,omitted,,omitted,,False,thinking.type=disabled,ffe557f53c63f7d0f7e35f80c03f61d8b3548db9e4f51e8dda020b28a920d875,provider_not_exposed,provider_not_exposed,False,,False,False,False,disabled,,,,0,0,0,0,0,0,none,,,,,,,,,,0,,0,"[""REQ_01_YA4SS7TE"", ""LOCK_01_ET7SS"", ""SCOPE_01_4SS7T"", ""CHECK_01_A4SS7"", ""ANCHOR_01_T7SS4"", ""EDGE_01_SS7TE"", ""FRONTIER_01_ET7SS4"", ""MERGE_01_YA4ET7"", ""VERIFY_01_SS7TE"", ""PLAN_01_SS4AY"", ""CONTRACT_01_YA4SS"", ""FINAL_01_ET7STE""]",[],0,[],0,[],0,[],0,1,URLError: <urlopen error [Errno 1] Operation not permitted>,rerun_required,backend_error,f96e26466f626f95c5e6b2b47c489a9bd1bed033ceef5948188845306b9564b0,7c077ca2308714493d07163e1033c4282bd869ff6d477b3e77408587f95e2930,7c077ca2308714493d07163e1033c4282bd869ff6d477b3e77408587f95e2930,78b9c6a3aacba408617f72ae758c3638598dbade3a6cbb06098ca77fc0251e8c,a622e9fbda7a79e197e7057bcf73bc1c49953af7e7a48e29d10a557c76ca7b5a,released_raw_outputs/model_outputs/_probe_ecvs_deepseek_v4pro_harder_stress_v1_visiblecarry_vs_maturessrloop_15task_2method_3budget_1run/deepseek/rolling_visible_carry_forward__harder_stress_v1_realswe_01_django_upload_path_boundary__run_1__budget_600.jsonl,1,3769b3cdb179955768d82b0b98b096775554b669458e54bbd465f5a4ca8f3d85,b4c2feb861442216009e6c373a14d98216040d2807280b2e9373efd8909ed1b9,387a9e02c966fd3d870533c78a18354acd4730c4e5f735b1a7d573b2f772c40c,_probe_ecvs_deepseek_v4pro_harder_stress_v1_visiblecarry_vs_maturessrloop_15task_2method_3budget_1run,rolling_visible_carry_forward,d239781121d1d6a6cd4cbcab5e859463831be69b2bcfc1a1884a2ada2c1ef299,2cc56050dca06d1a174ba1c389a479223fb92b93b30bc99f265984a6f142509c,"{""boundary_constraint_count"": 5, ""budgets_supported"": [300, 600, 1200], ""conditional_constraint_count"": 3, ""config_path_sensitivity"": 5, ""decoy_count"": 8, ""difficulty_factors"": [""decoy_overload"", ""overwrite_update"", ""conditional_allowed_state"", ""forbidden_boundary_pressure"", ""multi_file_component_consistency"", ""budget_pressure""], ""files_touched_estimate"": 2, ""method_specific_selection_used"": false, ""model_outcomes_used"": false, ""required_output_size"": 11, ""segment_count"": 14, ""source_candidate_id"": ""realstyle_candidate_django_upload_path_boundary"", ""strict_json_contract"": true, ""test_contract_complexity"": 4, ""update_count"": 3}",649fa93b196242a19e144bd5297cf90abac45ad4aab2596921bacaa4f809894a,1,rolling_visible_identifier_carry_forward_v1_ecvs_safe_visible_only,rolling_visible_identifier_carry_forward_v1_ecvs_safe_visible_only,0,0,0,0,0,0,
_probe_ecvs_deepseek_v4pro_harder_stress_v1_visiblecarry_vs_maturessrloop_15task_2method_3budget_1run:deepseek_v4pro:rolling_visible_carry_forward:harder_stress_v1_realswe_02_requests_proxy_redirect_auth:budget_1200:run_1,deepseek_v4pro,harder_stress_v1_realswe_02_requests_proxy_redirect_auth,real_swe_style_controlled_plus,real_swe_plus,network_auth_boundary,,rolling_visible_carry_forward,rolling_visible_carry_forward,1200,1,2026-06-19T08:58:36.389885+00:00,2026-06-19T08:58:38.429341+00:00,2026-06-19T08:58:36.389926+00:00,2026-06-19T08:58:38.410138+00:00,0.01,33146312feffa160a32e762c32a2b0a3b61464eaaeb147e93bec4f257a858730,788201e978ef8757927f19ca9f6786fb0c7034e9c2464e97b9a2c390f754a1db,24c2aa4fdaf72321ee311eeeb023714d65b6477b681b763519a40c830f2f1974,a88a608eac743207085093b331252567a461c4ed62aca3f571cc614054237a6a,ec16aeb0941a1b22b3b0ff7d36f1d662a3026649560e36076f2288ead77d1480,c3e9a533789f94f0831cdd773c0f0c0d7dabf0bac55bf9112313ec004ffb636a,7d28bae3dacf7b8d82a5f0e664afdfb48ad29f8d5d69200972b774935dbb2e34,7d28bae3dacf7b8d82a5f0e664afdfb48ad29f8d5d69200972b774935dbb2e34,7d28bae3dacf7b8d82a5f0e664afdfb48ad29f8d5d69200972b774935dbb2e34,39128f4c489c57c61675e097b9c45e5fe39511ce47ab14c0e2fe6beaa53efe33,direct_provider,deepseek,https://api.deepseek.com,deepseek-v4-pro,https://api.deepseek.com/chat/completions,deepseek-v4-pro,d9102514b5e2faa30f57f404991f95b09ba2d2ad37cfdd73f3d1f753a62a6425,2c4dd0c6c5ff02722c25948a9dff956605b4658af78362cf2148e45742a2ee82,d914cfc97d9b99822a2b1313c16850fd7be529b097eb356dc8e8e7408a7a00a8,explicit,0,4096,omitted,,omitted,,omitted,,omitted,,omitted,,omitted,,omitted,,omitted,,omitted,,False,thinking.type=disabled,ffe557f53c63f7d0f7e35f80c03f61d8b3548db9e4f51e8dda020b28a920d875,provider_not_exposed,provider_not_exposed,False,,False,False,False,disabled,,,,0,0,0,0,0,0,none,,,,,,,,,,0,,0,"[""REQ_02_NYX5B9NF"", ""LOCK_02_FN9B5"", ""SCOPE_02_X5B9N"", ""CHECK_02_YX5B9"", ""ANCHOR_02_N9B5X"", ""EDGE_02_5B9NF"", ""FRONTIER_02_FN9B5X"", ""MERGE_02_NYXFN9"", ""VERIFY_02_5B9NF"", ""PLAN_02_B5XYN"", ""CONTRACT_02_NYX5B"", ""FINAL_02_FN9BNF""]",[],0,[],0,[],0,[],0,1,URLError: <urlopen error [Errno 1] Operation not permitted>,rerun_required,backend_error,3f3720d8dd827c70c1002c8f673859c686e46fc7ba43fbd4601d12133d210957,7c077ca2308714493d07163e1033c4282bd869ff6d477b3e77408587f95e2930,7c077ca2308714493d07163e1033c4282bd869ff6d477b3e77408587f95e2930,78b9c6a3aacba408617f72ae758c3638598dbade3a6cbb06098ca77fc0251e8c,babdf2a84360b39416ec05acb05c192c028d8c1bb79b4a42598264fd61e76330,released_raw_outputs/model_outputs/_probe_ecvs_deepseek_v4pro_harder_stress_v1_visiblecarry_vs_maturessrloop_15task_2method_3budget_1run/deepseek/rolling_visible_carry_forward__harder_stress_v1_realswe_02_requests_proxy_redirect_auth__run_1__budget_1200.jsonl,1,262d4374b514858e8c49a3ea5517189f32edb049dac8ac11b01a1c7a400c42f8,80c3edb2e4f5e4eafa0e38d38ec2f620d6ac61670da0a1fb329acf5c9ae80511,ab2e91e2b0aef3f92e7e7acebc5e7b390b065ca096f61815b16ca6ea1fc83ae1,_probe_ecvs_deepseek_v4pro_harder_stress_v1_visiblecarry_vs_maturessrloop_15task_2method_3budget_1run,rolling_visible_carry_forward,d239781121d1d6a6cd4cbcab5e859463831be69b2bcfc1a1884a2ada2c1ef299,5a9f5ac7be50f19bb9bc52f18619bb9ec8b5bd964116d6ca4a3fa9e027a7dd08,"{""boundary_constraint_count"": 6, ""budgets_supported"": [300, 600, 1200], ""conditional_constraint_count"": 4, ""conflicting_deprecated_api_mentions"": 4, ""decoy_count"": 9, ""difficulty_factors"": [""decoy_overload"", ""overwrite_update"", ""conditional_allowed_state"", ""forbidden_boundary_pressure"", ""multi_file_component_consistency"", ""plan_consistency"", ""budget_pressure""], ""files_touched_estimate"": 2, ""method_specific_selection_used"": false, ""model_outcomes_used"": false, ""required_output_size"": 12, ""security_boundary_relevance"": 5, ""segment_count"": 15, ""source_candidate_id"": ""realstyle_candidate_requests_proxy_redirect_auth"", ""strict_json_contract"": true, ""update_count"": 4}",649fa93b196242a19e144bd5297cf90abac45ad4aab2596921bacaa4f809894a,1,rolling_visible_identifier_carry_forward_v1_ecvs_safe_visible_only,rolling_visible_identifier_carry_forward_v1_ecvs_safe_visible_only,0,0,0,0,0,0,
_probe_ecvs_deepseek_v4pro_harder_stress_v1_visiblecarry_vs_maturessrloop_15task_2method_3budget_1run:deepseek_v4pro:rolling_visible_carry_forward:harder_stress_v1_realswe_02_requests_proxy_redirect_auth:budget_300:run_1,deepseek_v4pro,harder_stress_v1_realswe_02_requests_proxy_redirect_auth,real_swe_style_controlled_plus,real_swe_plus,network_auth_boundary,,rolling_visible_carry_forward,rolling_visible_carry_forward,300,1,2026-06-19T08:58:36.389319+00:00,2026-06-19T08:58:38.431170+00:00,2026-06-19T08:58:36.389353+00:00,2026-06-19T08:58:38.419302+00:00,0.016,33146312feffa160a32e762c32a2b0a3b61464eaaeb147e93bec4f257a858730,788201e978ef8757927f19ca9f6786fb0c7034e9c2464e97b9a2c390f754a1db,24c2aa4fdaf72321ee311eeeb023714d65b6477b681b763519a40c830f2f1974,a88a608eac743207085093b331252567a461c4ed62aca3f571cc614054237a6a,87474bbe7091eeb24acd0cd43be88622a4046ae7fd27bfa9d2d346cf099b110b,c3e9a533789f94f0831cdd773c0f0c0d7dabf0bac55bf9112313ec004ffb636a,7d28bae3dacf7b8d82a5f0e664afdfb48ad29f8d5d69200972b774935dbb2e34,7d28bae3dacf7b8d82a5f0e664afdfb48ad29f8d5d69200972b774935dbb2e34,7d28bae3dacf7b8d82a5f0e664afdfb48ad29f8d5d69200972b774935dbb2e34,39128f4c489c57c61675e097b9c45e5fe39511ce47ab14c0e2fe6beaa53efe33,direct_provider,deepseek,https://api.deepseek.com,deepseek-v4-pro,https://api.deepseek.com/chat/completions,deepseek-v4-pro,d9102514b5e2faa30f57f404991f95b09ba2d2ad37cfdd73f3d1f753a62a6425,2c4dd0c6c5ff02722c25948a9dff956605b4658af78362cf2148e45742a2ee82,d914cfc97d9b99822a2b1313c16850fd7be529b097eb356dc8e8e7408a7a00a8,explicit,0,4096,omitted,,omitted,,omitted,,omitted,,omitted,,omitted,,omitted,,omitted,,omitted,,False,thinking.type=disabled,ffe557f53c63f7d0f7e35f80c03f61d8b3548db9e4f51e8dda020b28a920d875,provider_not_exposed,provider_not_exposed,False,,False,False,False,disabled,,,,0,0,0,0,0,0,none,,,,,,,,,,0,,0,"[""REQ_02_NYX5B9NF"", ""LOCK_02_FN9B5"", ""SCOPE_02_X5B9N"", ""CHECK_02_YX5B9"", ""ANCHOR_02_N9B5X"", ""EDGE_02_5B9NF"", ""FRONTIER_02_FN9B5X"", ""MERGE_02_NYXFN9"", ""VERIFY_02_5B9NF"", ""PLAN_02_B5XYN"", ""CONTRACT_02_NYX5B"", ""FINAL_02_FN9BNF""]",[],0,[],0,[],0,[],0,1,URLError: <urlopen error [Errno 1] Operation not permitted>,rerun_required,backend_error,76a8a98d210ec95bcd5fb7dba4c78edce0e4e51dc6a1d260db5bc7cf98e3a379,7c077ca2308714493d07163e1033c4282bd869ff6d477b3e77408587f95e2930,7c077ca2308714493d07163e1033c4282bd869ff6d477b3e77408587f95e2930,78b9c6a3aacba408617f72ae758c3638598dbade3a6cbb06098ca77fc0251e8c,b98c89056de51a9c81966f9b1a34760860b954095d5d3e67e83aeb88fd383fe1,released_raw_outputs/model_outputs/_probe_ecvs_deepseek_v4pro_harder_stress_v1_visiblecarry_vs_maturessrloop_15task_2method_3budget_1run/deepseek/rolling_visible_carry_forward__harder_stress_v1_realswe_02_requests_proxy_redirect_auth__run_1__budget_300.jsonl,1,9e8db6d1e4a21c780a487e1e7a8a95a925d3b9c8c3f89a4b9896f6b29de4b065,6a3b7c02f90eff286a538c6dcc10883f95f0ad83ce259ca7a9a9596ef7a9a5cc,4261f5cfb347ae860bd92f28bc0e086ece09e78d05843d1e3423b9b365bd9d16,_probe_ecvs_deepseek_v4pro_harder_stress_v1_visiblecarry_vs_maturessrloop_15task_2method_3budget_1run,rolling_visible_carry_forward,d239781121d1d6a6cd4cbcab5e859463831be69b2bcfc1a1884a2ada2c1ef299,5a9f5ac7be50f19bb9bc52f18619bb9ec8b5bd964116d6ca4a3fa9e027a7dd08,"{""boundary_constraint_count"": 6, ""budgets_supported"": [300, 600, 1200], ""conditional_constraint_count"": 4, ""conflicting_deprecated_api_mentions"": 4, ""decoy_count"": 9, ""difficulty_factors"": [""decoy_overload"", ""overwrite_update"", ""conditional_allowed_state"", ""forbidden_boundary_pressure"", ""multi_file_component_consistency"", ""plan_consistency"", ""budget_pressure""], ""files_touched_estimate"": 2, ""method_specific_selection_used"": false, ""model_outcomes_used"": false, ""required_output_size"": 12, ""security_boundary_relevance"": 5, ""segment_count"": 15, ""source_candidate_id"": ""realstyle_candidate_requests_proxy_redirect_auth"", ""strict_json_contract"": true, ""update_count"": 4}",649fa93b196242a19e144bd5297cf90abac45ad4aab2596921bacaa4f809894a,1,rolling_visible_identifier_carry_forward_v1_ecvs_safe_visible_only,rolling_visible_identifier_carry_forward_v1_ecvs_safe_visible_only,0,0,0,0,0,0,
_probe_ecvs_deepseek_v4pro_harder_stress_v1_visiblecarry_vs_maturessrloop_15task_2method_3budget_1run:deepseek_v4pro:rolling_visible_carry_forward:harder_stress_v1_realswe_02_requests_proxy_redirect_auth:budget_600:run_1,deepseek_v4pro,harder_stress_v1_realswe_02_requests_proxy_redirect_auth,real_swe_style_controlled_plus,real_swe_plus,network_auth_boundary,,rolling_visible_carry_forward,rolling_visible_carry_forward,600,1,2026-06-19T08:58:36.389475+00:00,2026-06-19T08:58:38.422012+00:00,2026-06-19T08:58:36.389506+00:00,2026-06-19T08:58:38.412345+00:00,0.018,33146312feffa160a32e762c32a2b0a3b61464eaaeb147e93bec4f257a858730,788201e978ef8757927f19ca9f6786fb0c7034e9c2464e97b9a2c390f754a1db,24c2aa4fdaf72321ee311eeeb023714d65b6477b681b763519a40c830f2f1974,a88a608eac743207085093b331252567a461c4ed62aca3f571cc614054237a6a,2526eb3cbef5f8daea0db84df0b45ec9306a4a240b97b0a6469947cc6bee806c,c3e9a533789f94f0831cdd773c0f0c0d7dabf0bac55bf9112313ec004ffb636a,7d28bae3dacf7b8d82a5f0e664afdfb48ad29f8d5d69200972b774935dbb2e34,7d28bae3dacf7b8d82a5f0e664afdfb48ad29f8d5d69200972b774935dbb2e34,7d28bae3dacf7b8d82a5f0e664afdfb48ad29f8d5d69200972b774935dbb2e34,39128f4c489c57c61675e097b9c45e5fe39511ce47ab14c0e2fe6beaa53efe33,direct_provider,deepseek,https://api.deepseek.com,deepseek-v4-pro,https://api.deepseek.com/chat/completions,deepseek-v4-pro,d9102514b5e2faa30f57f404991f95b09ba2d2ad37cfdd73f3d1f753a62a6425,2c4dd0c6c5ff02722c25948a9dff956605b4658af78362cf2148e45742a2ee82,d914cfc97d9b99822a2b1313c16850fd7be529b097eb356dc8e8e7408a7a00a8,explicit,0,4096,omitted,,omitted,,omitted,,omitted,,omitted,,omitted,,omitted,,omitted,,omitted,,False,thinking.type=disabled,ffe557f53c63f7d0f7e35f80c03f61d8b3548db9e4f51e8dda020b28a920d875,provider_not_exposed,provider_not_exposed,False,,False,False,False,disabled,,,,0,0,0,0,0,0,none,,,,,,,,,,0,,0,"[""REQ_02_NYX5B9NF"", ""LOCK_02_FN9B5"", ""SCOPE_02_X5B9N"", ""CHECK_02_YX5B9"", ""ANCHOR_02_N9B5X"", ""EDGE_02_5B9NF"", ""FRONTIER_02_FN9B5X"", ""MERGE_02_NYXFN9"", ""VERIFY_02_5B9NF"", ""PLAN_02_B5XYN"", ""CONTRACT_02_NYX5B"", ""FINAL_02_FN9BNF""]",[],0,[],0,[],0,[],0,1,URLError: <urlopen error [Errno 1] Operation not permitted>,rerun_required,backend_error,f2253d9a266c3c0473e7960da9b02dec3db422eb7174b07505aa2d24879889af,7c077ca2308714493d07163e1033c4282bd869ff6d477b3e77408587f95e2930,7c077ca2308714493d07163e1033c4282bd869ff6d477b3e77408587f95e2930,78b9c6a3aacba408617f72ae758c3638598dbade3a6cbb06098ca77fc0251e8c,86a1a7b68d30977538c30e0da10e779c32136dfe5736b8d6337a791c444f57c9,released_raw_outputs/model_outputs/_probe_ecvs_deepseek_v4pro_harder_stress_v1_visiblecarry_vs_maturessrloop_15task_2method_3budget_1run/deepseek/rolling_visible_carry_forward__harder_stress_v1_realswe_02_requests_proxy_redirect_auth__run_1__budget_600.jsonl,1,77003cee335cede4130fda222ea51ab4954e470bddd5b721f35bb89636b176e9,1b1b31c2496318cc424e7d156368397ade8e7096fadb66f66e4ff7706d0e90eb,3528f2aa0af8c06d9fd906179f5f6b69cb64bd86c61b67b01a3f6aa12851c929,_probe_ecvs_deepseek_v4pro_harder_stress_v1_visiblecarry_vs_maturessrloop_15task_2method_3budget_1run,rolling_visible_carry_forward,d239781121d1d6a6cd4cbcab5e859463831be69b2bcfc1a1884a2ada2c1ef299,5a9f5ac7be50f19bb9bc52f18619bb9ec8b5bd964116d6ca4a3fa9e027a7dd08,"{""boundary_constraint_count"": 6, ""budgets_supported"": [300, 600, 1200], ""conditional_constraint_count"": 4, ""conflicting_deprecated_api_mentions"": 4, ""decoy_count"": 9, ""difficulty_factors"": [""decoy_overload"", ""overwrite_update"", ""conditional_allowed_state"", ""forbidden_boundary_pressure"", ""multi_file_component_consistency"", ""plan_consistency"", ""budget_pressure""], ""files_touched_estimate"": 2, ""method_specific_selection_used"": false, ""model_outcomes_used"": false, ""required_output_size"": 12, ""security_boundary_relevance"": 5, ""segment_count"": 15, ""source_candidate_id"": ""realstyle_candidate_requests_proxy_redirect_auth"", ""strict_json_contract"": true, ""update_count"": 4}",649fa93b196242a19e144bd5297cf90abac45ad4aab2596921bacaa4f809894a,1,rolling_visible_identifier_carry_forward_v1_ecvs_safe_visible_only,rolling_visible_identifier_carry_forward_v1_ecvs_safe_visible_only,0,0,0,0,0,0,
_probe_ecvs_deepseek_v4pro_harder_stress_v1_visiblecarry_vs_maturessrloop_15task_2method_3budget_1run:deepseek_v4pro:rolling_visible_carry_forward:harder_stress_v1_realswe_03_pandas_tz_csv_roundtrip:budget_1200:run_1,deepseek_v4pro,harder_stress_v1_realswe_03_pandas_tz_csv_roundtrip,real_swe_style_controlled_plus,real_swe_plus,timezone_serialization_contract,,rolling_visible_carry_forward,rolling_visible_carry_forward,1200,1,2026-06-19T08:58:36.390920+00:00,2026-06-19T08:58:38.430441+00:00,2026-06-19T08:58:36.391246+00:00,2026-06-19T08:58:38.423547+00:00,0.021,33146312feffa160a32e762c32a2b0a3b61464eaaeb147e93bec4f257a858730,0a4a0c98ac37ff27a1737fe8dff4840f7ccadec2658dd81d92ddc03cac1d0cb2,24c2aa4fdaf72321ee311eeeb023714d65b6477b681b763519a40c830f2f1974,d266cccdd567f5319d2fe5e0462477c9873b7898080a48c143cb00423c8fc80a,8bd343cab1477b684db71d72e120db9848e3459dbb30d345a0b136b8d080672f,c3e9a533789f94f0831cdd773c0f0c0d7dabf0bac55bf9112313ec004ffb636a,7d28bae3dacf7b8d82a5f0e664afdfb48ad29f8d5d69200972b774935dbb2e34,7d28bae3dacf7b8d82a5f0e664afdfb48ad29f8d5d69200972b774935dbb2e34,7d28bae3dacf7b8d82a5f0e664afdfb48ad29f8d5d69200972b774935dbb2e34,39128f4c489c57c61675e097b9c45e5fe39511ce47ab14c0e2fe6beaa53efe33,direct_provider,deepseek,https://api.deepseek.com,deepseek-v4-pro,https://api.deepseek.com/chat/completions,deepseek-v4-pro,d9102514b5e2faa30f57f404991f95b09ba2d2ad37cfdd73f3d1f753a62a6425,2c4dd0c6c5ff02722c25948a9dff956605b4658af78362cf2148e45742a2ee82,d914cfc97d9b99822a2b1313c16850fd7be529b097eb356dc8e8e7408a7a00a8,explicit,0,4096,omitted,,omitted,,omitted,,omitted,,omitted,,omitted,,omitted,,omitted,,omitted,,False,thinking.type=disabled,ffe557f53c63f7d0f7e35f80c03f61d8b3548db9e4f51e8dda020b28a920d875,provider_not_exposed,provider_not_exposed,False,,False,False,False,disabled,,,,0,0,0,0,0,0,none,,,,,,,,,,0,,0,"[""REQ_03_XLQZ4LRA"", ""LOCK_03_ARL4Z"", ""SCOPE_03_QZ4LR"", ""CHECK_03_LQZ4L"", ""ANCHOR_03_RL4ZQ"", ""EDGE_03_Z4LRA"", ""FRONTIER_03_ARL4ZQ"", ""MERGE_03_XLQARL"", ""VERIFY_03_Z4LRA"", ""PLAN_03_4ZQLX"", ""CONTRACT_03_XLQZ4"", ""FINAL_03_ARL4RA""]",[],0,[],0,[],0,[],0,1,URLError: <urlopen error [Errno 1] Operation not permitted>,rerun_required,backend_error,866ac0ce099dd65b20790a39bff7115cc4b5905291cf7fab1243bfb78fb80334,7c077ca2308714493d07163e1033c4282bd869ff6d477b3e77408587f95e2930,7c077ca2308714493d07163e1033c4282bd869ff6d477b3e77408587f95e2930,78b9c6a3aacba408617f72ae758c3638598dbade3a6cbb06098ca77fc0251e8c,9907f5fe5ea359be72712d3448b2c84964f7e58f6027b8dabd58e112ddb2052c,released_raw_outputs/model_outputs/_probe_ecvs_deepseek_v4pro_harder_stress_v1_visiblecarry_vs_maturessrloop_15task_2method_3budget_1run/deepseek/rolling_visible_carry_forward__harder_stress_v1_realswe_03_pandas_tz_csv_roundtrip__run_1__budget_1200.jsonl,1,3f522854ab029014fcccfac5423c27b0d07780a661742a24ff3a824bc3bf0877,e7ee4d5d765427a48343e7742760c497c4deeda81e792c44cd4195c6776729a1,419af72b227ff64cd97651cbf1c43fbced8c41e121a8906364b218fe74ab2c51,_probe_ecvs_deepseek_v4pro_harder_stress_v1_visiblecarry_vs_maturessrloop_15task_2method_3budget_1run,rolling_visible_carry_forward,d239781121d1d6a6cd4cbcab5e859463831be69b2bcfc1a1884a2ada2c1ef299,86a076235c0bae8c15aa2505d93ff9992c0c2c9962f05262267159d4930939c1,"{""boundary_constraint_count"": 4, ""budgets_supported"": [300, 600, 1200], ""conditional_constraint_count"": 3, ""decoy_count"": 8, ""dependency_import_interaction"": 4, ""difficulty_factors"": [""decoy_overload"", ""overwrite_update"", ""conditional_allowed_state"", ""multi_file_component_consistency"", ""final_output_contract_pressure"", ""budget_pressure""], ""files_touched_estimate"": 3, ""method_specific_selection_used"": false, ""model_outcomes_used"": false, ""required_output_size"": 11, ""segment_count"": 15, ""source_candidate_id"": ""realstyle_candidate_pandas_tz_csv_roundtrip"", ""strict_json_contract"": true, ""test_contract_complexity"": 5, ""update_count"": 4}",649fa93b196242a19e144bd5297cf90abac45ad4aab2596921bacaa4f809894a,1,rolling_visible_identifier_carry_forward_v1_ecvs_safe_visible_only,rolling_visible_identifier_carry_forward_v1_ecvs_safe_visible_only,0,0,0,0,0,0,
_probe_ecvs_deepseek_v4pro_harder_stress_v1_visiblecarry_vs_maturessrloop_15task_2method_3budget_1run:deepseek_v4pro:rolling_visible_carry_forward:harder_stress_v1_realswe_03_pandas_tz_csv_roundtrip:budget_300:run_1,deepseek_v4pro,harder_stress_v1_realswe_03_pandas_tz_csv_roundtrip,real_swe_style_controlled_plus,real_swe_plus,timezone_serialization_contract,,rolling_visible_carry_forward,rolling_visible_carry_forward,300,1,2026-06-19T08:58:36.390434+00:00,2026-06-19T08:58:38.417415+00:00,2026-06-19T08:58:36.390461+00:00,2026-06-19T08:58:38.404285+00:00,0.01,33146312feffa160a32e762c32a2b0a3b61464eaaeb147e93bec4f257a858730,0a4a0c98ac37ff27a1737fe8dff4840f7ccadec2658dd81d92ddc03cac1d0cb2,24c2aa4fdaf72321ee311eeeb023714d65b6477b681b763519a40c830f2f1974,d266cccdd567f5319d2fe5e0462477c9873b7898080a48c143cb00423c8fc80a,3182e5d415e8858f22bc706e067b3d245d217e18b9809d5a517fc72fcc8f3d5b,c3e9a533789f94f0831cdd773c0f0c0d7dabf0bac55bf9112313ec004ffb636a,7d28bae3dacf7b8d82a5f0e664afdfb48ad29f8d5d69200972b774935dbb2e34,7d28bae3dacf7b8d82a5f0e664afdfb48ad29f8d5d69200972b774935dbb2e34,7d28bae3dacf7b8d82a5f0e664afdfb48ad29f8d5d69200972b774935dbb2e34,39128f4c489c57c61675e097b9c45e5fe39511ce47ab14c0e2fe6beaa53efe33,direct_provider,deepseek,https://api.deepseek.com,deepseek-v4-pro,https://api.deepseek.com/chat/completions,deepseek-v4-pro,d9102514b5e2faa30f57f404991f95b09ba2d2ad37cfdd73f3d1f753a62a6425,2c4dd0c6c5ff02722c25948a9dff956605b4658af78362cf2148e45742a2ee82,d914cfc97d9b99822a2b1313c16850fd7be529b097eb356dc8e8e7408a7a00a8,explicit,0,4096,omitted,,omitted,,omitted,,omitted,,omitted,,omitted,,omitted,,omitted,,omitted,,False,thinking.type=disabled,ffe557f53c63f7d0f7e35f80c03f61d8b3548db9e4f51e8dda020b28a920d875,provider_not_exposed,provider_not_exposed,False,,False,False,False,disabled,,,,0,0,0,0,0,0,none,,,,,,,,,,0,,0,"[""REQ_03_XLQZ4LRA"", ""LOCK_03_ARL4Z"", ""SCOPE_03_QZ4LR"", ""CHECK_03_LQZ4L"", ""ANCHOR_03_RL4ZQ"", ""EDGE_03_Z4LRA"", ""FRONTIER_03_ARL4ZQ"", ""MERGE_03_XLQARL"", ""VERIFY_03_Z4LRA"", ""PLAN_03_4ZQLX"", ""CONTRACT_03_XLQZ4"", ""FINAL_03_ARL4RA""]",[],0,[],0,[],0,[],0,1,URLError: <urlopen error [Errno 1] Operation not permitted>,rerun_required,backend_error,48655160f7fc0f3432fe554a3d9d6da5730a2555cf977ffc5ce3ea5bb2a4af3c,7c077ca2308714493d07163e1033c4282bd869ff6d477b3e77408587f95e2930,7c077ca2308714493d07163e1033c4282bd869ff6d477b3e77408587f95e2930,78b9c6a3aacba408617f72ae758c3638598dbade3a6cbb06098ca77fc0251e8c,7aded7f6795c32bd52d7292a4f91515ddb772870b42994b693585fb4bf483be5,released_raw_outputs/model_outputs/_probe_ecvs_deepseek_v4pro_harder_stress_v1_visiblecarry_vs_maturessrloop_15task_2method_3budget_1run/deepseek/rolling_visible_carry_forward__harder_stress_v1_realswe_03_pandas_tz_csv_roundtrip__run_1__budget_300.jsonl,1,d124647f7afc352acfd24688ae1d4d2b830256f103bbbc36c89ed5f0952b8c9b,0937b70fb7164e882d28b133186246e98bd8b96dfc19939f9359a73b1aab5943,50b9876710bfd72acd830a6a7af4b64baa7abcd66278afe37f998893f8515e1b,_probe_ecvs_deepseek_v4pro_harder_stress_v1_visiblecarry_vs_maturessrloop_15task_2method_3budget_1run,rolling_visible_carry_forward,d239781121d1d6a6cd4cbcab5e859463831be69b2bcfc1a1884a2ada2c1ef299,86a076235c0bae8c15aa2505d93ff9992c0c2c9962f05262267159d4930939c1,"{""boundary_constraint_count"": 4, ""budgets_supported"": [300, 600, 1200], ""conditional_constraint_count"": 3, ""decoy_count"": 8, ""dependency_import_interaction"": 4, ""difficulty_factors"": [""decoy_overload"", ""overwrite_update"", ""conditional_allowed_state"", ""multi_file_component_consistency"", ""final_output_contract_pressure"", ""budget_pressure""], ""files_touched_estimate"": 3, ""method_specific_selection_used"": false, ""model_outcomes_used"": false, ""required_output_size"": 11, ""segment_count"": 15, ""source_candidate_id"": ""realstyle_candidate_pandas_tz_csv_roundtrip"", ""strict_json_contract"": true, ""test_contract_complexity"": 5, ""update_count"": 4}",649fa93b196242a19e144bd5297cf90abac45ad4aab2596921bacaa4f809894a,1,rolling_visible_identifier_carry_forward_v1_ecvs_safe_visible_only,rolling_visible_identifier_carry_forward_v1_ecvs_safe_visible_only,0,0,0,0,0,0,
_probe_ecvs_deepseek_v4pro_harder_stress_v1_visiblecarry_vs_maturessrloop_15task_2method_3budget_1run:deepseek_v4pro:rolling_visible_carry_forward:harder_stress_v1_realswe_03_pandas_tz_csv_roundtrip:budget_600:run_1,deepseek_v4pro,harder_stress_v1_realswe_03_pandas_tz_csv_roundtrip,real_swe_style_controlled_plus,real_swe_plus,timezone_serialization_contract,,rolling_visible_carry_forward,rolling_visible_carry_forward,600,1,2026-06-19T08:58:36.390627+00:00,2026-06-19T08:58:38.428178+00:00,2026-06-19T08:58:36.390665+00:00,2026-06-19T08:58:38.404903+00:00,0.004,33146312feffa160a32e762c32a2b0a3b61464eaaeb147e93bec4f257a858730,0a4a0c98ac37ff27a1737fe8dff4840f7ccadec2658dd81d92ddc03cac1d0cb2,24c2aa4fdaf72321ee311eeeb023714d65b6477b681b763519a40c830f2f1974,d266cccdd567f5319d2fe5e0462477c9873b7898080a48c143cb00423c8fc80a,e8b408ed3b2fb759b91585647b1f0d04988a53ab9221a686506a34cf5278441b,c3e9a533789f94f0831cdd773c0f0c0d7dabf0bac55bf9112313ec004ffb636a,7d28bae3dacf7b8d82a5f0e664afdfb48ad29f8d5d69200972b774935dbb2e34,7d28bae3dacf7b8d82a5f0e664afdfb48ad29f8d5d69200972b774935dbb2e34,7d28bae3dacf7b8d82a5f0e664afdfb48ad29f8d5d69200972b774935dbb2e34,39128f4c489c57c61675e097b9c45e5fe39511ce47ab14c0e2fe6beaa53efe33,direct_provider,deepseek,https://api.deepseek.com,deepseek-v4-pro,https://api.deepseek.com/chat/completions,deepseek-v4-pro,d9102514b5e2faa30f57f404991f95b09ba2d2ad37cfdd73f3d1f753a62a6425,2c4dd0c6c5ff02722c25948a9dff956605b4658af78362cf2148e45742a2ee82,d914cfc97d9b99822a2b1313c16850fd7be529b097eb356dc8e8e7408a7a00a8,explicit,0,4096,omitted,,omitted,,omitted,,omitted,,omitted,,omitted,,omitted,,omitted,,omitted,,False,thinking.type=disabled,ffe557f53c63f7d0f7e35f80c03f61d8b3548db9e4f51e8dda020b28a920d875,provider_not_exposed,provider_not_exposed,False,,False,False,False,disabled,,,,0,0,0,0,0,0,none,,,,,,,,,,0,,0,"[""REQ_03_XLQZ4LRA"", ""LOCK_03_ARL4Z"", ""SCOPE_03_QZ4LR"", ""CHECK_03_LQZ4L"", ""ANCHOR_03_RL4ZQ"", ""EDGE_03_Z4LRA"", ""FRONTIER_03_ARL4ZQ"", ""MERGE_03_XLQARL"", ""VERIFY_03_Z4LRA"", ""PLAN_03_4ZQLX"", ""CONTRACT_03_XLQZ4"", ""FINAL_03_ARL4RA""]",[],0,[],0,[],0,[],0,1,URLError: <urlopen error [Errno 1] Operation not permitted>,rerun_required,backend_error,d3ebc666e8dcb8f1b82f16e867a99a32e55379bb91e7616dba019714361e823f,7c077ca2308714493d07163e1033c4282bd869ff6d477b3e77408587f95e2930,7c077ca2308714493d07163e1033c4282bd869ff6d477b3e77408587f95e2930,78b9c6a3aacba408617f72ae758c3638598dbade3a6cbb06098ca77fc0251e8c,357ed7faf7fd55276ec4806391f2de3a8eba5c43a0be29e6d2d546fd884ed144,released_raw_outputs/model_outputs/_probe_ecvs_deepseek_v4pro_harder_stress_v1_visiblecarry_vs_maturessrloop_15task_2method_3budget_1run/deepseek/rolling_visible_carry_forward__harder_stress_v1_realswe_03_pandas_tz_csv_roundtrip__run_1__budget_600.jsonl,1,498c3f3b77dcd9959ea20bfbdc7ebc3b5c0b7f6564920e5e2b16ce9281dec730,0d16717ff8111790739e423d8c374ec90ca6435610c6bc7740a3be596aa040b0,975329d3aa891abf8d6ec9cd32a636b468c8863c57957d475cee7d3259795c96,_probe_ecvs_deepseek_v4pro_harder_stress_v1_visiblecarry_vs_maturessrloop_15task_2method_3budget_1run,rolling_visible_carry_forward,d239781121d1d6a6cd4cbcab5e859463831be69b2bcfc1a1884a2ada2c1ef299,86a076235c0bae8c15aa2505d93ff9992c0c2c9962f05262267159d4930939c1,"{""boundary_constraint_count"": 4, ""budgets_supported"": [300, 600, 1200], ""conditional_constraint_count"": 3, ""decoy_count"": 8, ""dependency_import_interaction"": 4, ""difficulty_factors"": [""decoy_overload"", ""overwrite_update"", ""conditional_allowed_state"", ""multi_file_component_consistency"", ""final_output_contract_pressure"", ""budget_pressure""], ""files_touched_estimate"": 3, ""method_specific_selection_used"": false, ""model_outcomes_used"": false, ""required_output_size"": 11, ""segment_count"": 15, ""source_candidate_id"": ""realstyle_candidate_pandas_tz_csv_roundtrip"", ""strict_json_contract"": true, ""test_contract_complexity"": 5, ""update_count"": 4}",649fa93b196242a19e144bd5297cf90abac45ad4aab2596921bacaa4f809894a,1,rolling_visible_identifier_carry_forward_v1_ecvs_safe_visible_only,rolling_visible_identifier_carry_forward_v1_ecvs_safe_visible_only,0,0,0,0,0,0,
_probe_ecvs_deepseek_v4pro_harder_stress_v1_visiblecarry_vs_maturessrloop_15task_2method_3budget_1run:deepseek_v4pro:rolling_visible_carry_forward:harder_stress_v1_realswe_04_pytest_nodeid_stability:budget_1200:run_1,deepseek_v4pro,harder_stress_v1_realswe_04_pytest_nodeid_stability,real_swe_style_controlled_plus,real_swe_plus,test_nodeid_contract,,rolling_visible_carry_forward,rolling_visible_carry_forward,1200,1,2026-06-19T08:58:36.394683+00:00,2026-06-19T08:58:38.426597+00:00,2026-06-19T08:58:36.394736+00:00,2026-06-19T08:58:38.410847+00:00,0.01,33146312feffa160a32e762c32a2b0a3b61464eaaeb147e93bec4f257a858730,370f14611458b94f4e183ca79c06877ad477670da8cc63b9ba4e4b5949ea36f7,24c2aa4fdaf72321ee311eeeb023714d65b6477b681b763519a40c830f2f1974,e901244984964694be3a2552404ff41ddacda4f86461f199a1959272a7006b9b,470f9ce4e03f5d3e5d5dce02574cf449d2f0b60b60b4d17c2b2aea972a95f48b,c3e9a533789f94f0831cdd773c0f0c0d7dabf0bac55bf9112313ec004ffb636a,7d28bae3dacf7b8d82a5f0e664afdfb48ad29f8d5d69200972b774935dbb2e34,7d28bae3dacf7b8d82a5f0e664afdfb48ad29f8d5d69200972b774935dbb2e34,7d28bae3dacf7b8d82a5f0e664afdfb48ad29f8d5d69200972b774935dbb2e34,39128f4c489c57c61675e097b9c45e5fe39511ce47ab14c0e2fe6beaa53efe33,direct_provider,deepseek,https://api.deepseek.com,deepseek-v4-pro,https://api.deepseek.com/chat/completions,deepseek-v4-pro,d9102514b5e2faa30f57f404991f95b09ba2d2ad37cfdd73f3d1f753a62a6425,2c4dd0c6c5ff02722c25948a9dff956605b4658af78362cf2148e45742a2ee82,d914cfc97d9b99822a2b1313c16850fd7be529b097eb356dc8e8e7408a7a00a8,explicit,0,4096,omitted,,omitted,,omitted,,omitted,,omitted,,omitted,,omitted,,omitted,,omitted,,False,thinking.type=disabled,ffe557f53c63f7d0f7e35f80c03f61d8b3548db9e4f51e8dda020b28a920d875,provider_not_exposed,provider_not_exposed,False,,False,False,False,disabled,,,,0,0,0,0,0,0,none,,,,,,,,,,0,,0,"[""REQ_04_ZXN9QHWJ"", ""LOCK_04_JWHQ9"", ""SCOPE_04_N9QHW"", ""CHECK_04_XN9QH"", ""ANCHOR_04_WHQ9N"", ""EDGE_04_9QHWJ"", ""FRONTIER_04_JWHQ9N"", ""MERGE_04_ZXNJWH"", ""VERIFY_04_9QHWJ"", ""PLAN_04_Q9NXZ"", ""CONTRACT_04_ZXN9Q"", ""FINAL_04_JWHQWJ""]",[],0,[],0,[],0,[],0,1,URLError: <urlopen error [Errno 1] Operation not permitted>,rerun_required,backend_error,d910c434843dbdf6498a0109bb52431039efa078aa5803b39fc86df7de10a6a2,7c077ca2308714493d07163e1033c4282bd869ff6d477b3e77408587f95e2930,7c077ca2308714493d07163e1033c4282bd869ff6d477b3e77408587f95e2930,78b9c6a3aacba408617f72ae758c3638598dbade3a6cbb06098ca77fc0251e8c,617e176242f17fa1c911fac37e1ed41513b354aa947b3da3472d7910023dc06b,released_raw_outputs/model_outputs/_probe_ecvs_deepseek_v4pro_harder_stress_v1_visiblecarry_vs_maturessrloop_15task_2method_3budget_1run/deepseek/rolling_visible_carry_forward__harder_stress_v1_realswe_04_pytest_nodeid_stability__run_1__budget_1200.jsonl,1,16be30694cf8ec53f20527f231ffaaf483407658ac165915bef8e6be9c974359,658ff02ede2d11dd55e386b450e43c91623f02957ef1d0074644b70376a4dc9f,eefb012f51f92c1803ddd6430351db64d369a099c9ac7e998be2cbcd66064222,_probe_ecvs_deepseek_v4pro_harder_stress_v1_visiblecarry_vs_maturessrloop_15task_2method_3budget_1run,rolling_visible_carry_forward,d239781121d1d6a6cd4cbcab5e859463831be69b2bcfc1a1884a2ada2c1ef299,43d516f27aeb301203ff4cedfff5c1ba5667ca5b2e803069c79c8cba129ae1fb,"{""boundary_constraint_count"": 4, ""budgets_supported"": [300, 600, 1200], ""conditional_constraint_count"": 4, ""decoy_count"": 10, ""difficulty_factors"": [""decoy_overload"", ""overwrite_update"", ""conditional_allowed_state"", ""multi_file_component_consistency"", ""distractor_segment"", ""final_output_contract_pressure"", ""budget_pressure""], ""files_touched_estimate"": 3, ""method_specific_selection_used"": false, ""model_outcomes_used"": false, ""patch_location_ambiguity"": 4, ""required_output_size"": 12, ""segment_count"": 16, ""source_candidate_id"": ""realstyle_candidate_pytest_nodeid_stability"", ""strict_json_contract"": true, ""test_contract_complexity"": 5, ""update_count"": 4}",649fa93b196242a19e144bd5297cf90abac45ad4aab2596921bacaa4f809894a,1,rolling_visible_identifier_carry_forward_v1_ecvs_safe_visible_only,rolling_visible_identifier_carry_forward_v1_ecvs_safe_visible_only,0,0,0,0,0,0,
_probe_ecvs_deepseek_v4pro_harder_stress_v1_visiblecarry_vs_maturessrloop_15task_2method_3budget_1run:deepseek_v4pro:rolling_visible_carry_forward:harder_stress_v1_realswe_04_pytest_nodeid_stability:budget_300:run_1,deepseek_v4pro,harder_stress_v1_realswe_04_pytest_nodeid_stability,real_swe_style_controlled_plus,real_swe_plus,test_nodeid_contract,,rolling_visible_carry_forward,rolling_visible_carry_forward,300,1,2026-06-19T08:58:36.392572+00:00,2026-06-19T08:58:38.431616+00:00,2026-06-19T08:58:36.392618+00:00,2026-06-19T08:58:38.425167+00:00,0.021,33146312feffa160a32e762c32a2b0a3b61464eaaeb147e93bec4f257a858730,370f14611458b94f4e183ca79c06877ad477670da8cc63b9ba4e4b5949ea36f7,24c2aa4fdaf72321ee311eeeb023714d65b6477b681b763519a40c830f2f1974,e901244984964694be3a2552404ff41ddacda4f86461f199a1959272a7006b9b,bfa39ed13605251713f6428b4dc8a1aa78fe7a5e024121b11f0e66a294f15030,c3e9a533789f94f0831cdd773c0f0c0d7dabf0bac55bf9112313ec004ffb636a,7d28bae3dacf7b8d82a5f0e664afdfb48ad29f8d5d69200972b774935dbb2e34,7d28bae3dacf7b8d82a5f0e664afdfb48ad29f8d5d69200972b774935dbb2e34,7d28bae3dacf7b8d82a5f0e664afdfb48ad29f8d5d69200972b774935dbb2e34,39128f4c489c57c61675e097b9c45e5fe39511ce47ab14c0e2fe6beaa53efe33,direct_provider,deepseek,https://api.deepseek.com,deepseek-v4-pro,https://api.deepseek.com/chat/completions,deepseek-v4-pro,d9102514b5e2faa30f57f404991f95b09ba2d2ad37cfdd73f3d1f753a62a6425,2c4dd0c6c5ff02722c25948a9dff956605b4658af78362cf2148e45742a2ee82,d914cfc97d9b99822a2b1313c16850fd7be529b097eb356dc8e8e7408a7a00a8,explicit,0,4096,omitted,,omitted,,omitted,,omitted,,omitted,,omitted,,omitted,,omitted,,omitted,,False,thinking.type=disabled,ffe557f53c63f7d0f7e35f80c03f61d8b3548db9e4f51e8dda020b28a920d875,provider_not_exposed,provider_not_exposed,False,,False,False,False,disabled,,,,0,0,0,0,0,0,none,,,,,,,,,,0,,0,"[""REQ_04_ZXN9QHWJ"", ""LOCK_04_JWHQ9"", ""SCOPE_04_N9QHW"", ""CHECK_04_XN9QH"", ""ANCHOR_04_WHQ9N"", ""EDGE_04_9QHWJ"", ""FRONTIER_04_JWHQ9N"", ""MERGE_04_ZXNJWH"", ""VERIFY_04_9QHWJ"", ""PLAN_04_Q9NXZ"", ""CONTRACT_04_ZXN9Q"", ""FINAL_04_JWHQWJ""]",[],0,[],0,[],0,[],0,1,URLError: <urlopen error [Errno 1] Operation not permitted>,rerun_required,backend_error,36cc385bd1d10e5b9005182ce1e447c6b0eba7303bb083fb3dcfad46e974a5be,7c077ca2308714493d07163e1033c4282bd869ff6d477b3e77408587f95e2930,7c077ca2308714493d07163e1033c4282bd869ff6d477b3e77408587f95e2930,78b9c6a3aacba408617f72ae758c3638598dbade3a6cbb06098ca77fc0251e8c,aa253298474e796c65df00a4a51f157d5b80abc28d39a5ff42bd723c0b755cb8,released_raw_outputs/model_outputs/_probe_ecvs_deepseek_v4pro_harder_stress_v1_visiblecarry_vs_maturessrloop_15task_2method_3budget_1run/deepseek/rolling_visible_carry_forward__harder_stress_v1_realswe_04_pytest_nodeid_stability__run_1__budget_300.jsonl,1,6f285c738950e8401a91e97dee0444992d22cd689b7bb73219f45c02f5eee93f,796dcc71716a93d0217b6c2e0870bf76c96312b056f73b909a90b977f7141892,bc2be7ec7abfb79d61bdb400b6bbdd0986a9ce64cbd84aa9ee4676849ba2a920,_probe_ecvs_deepseek_v4pro_harder_stress_v1_visiblecarry_vs_maturessrloop_15task_2method_3budget_1run,rolling_visible_carry_forward,d239781121d1d6a6cd4cbcab5e859463831be69b2bcfc1a1884a2ada2c1ef299,43d516f27aeb301203ff4cedfff5c1ba5667ca5b2e803069c79c8cba129ae1fb,"{""boundary_constraint_count"": 4, ""budgets_supported"": [300, 600, 1200], ""conditional_constraint_count"": 4, ""decoy_count"": 10, ""difficulty_factors"": [""decoy_overload"", ""overwrite_update"", ""conditional_allowed_state"", ""multi_file_component_consistency"", ""distractor_segment"", ""final_output_contract_pressure"", ""budget_pressure""], ""files_touched_estimate"": 3, ""method_specific_selection_used"": false, ""model_outcomes_used"": false, ""patch_location_ambiguity"": 4, ""required_output_size"": 12, ""segment_count"": 16, ""source_candidate_id"": ""realstyle_candidate_pytest_nodeid_stability"", ""strict_json_contract"": true, ""test_contract_complexity"": 5, ""update_count"": 4}",649fa93b196242a19e144bd5297cf90abac45ad4aab2596921bacaa4f809894a,1,rolling_visible_identifier_carry_forward_v1_ecvs_safe_visible_only,rolling_visible_identifier_carry_forward_v1_ecvs_safe_visible_only,0,0,0,0,0,0,
_probe_ecvs_deepseek_v4pro_harder_stress_v1_visiblecarry_vs_maturessrloop_15task_2method_3budget_1run:deepseek_v4pro:rolling_visible_carry_forward:harder_stress_v1_realswe_04_pytest_nodeid_stability:budget_600:run_1,deepseek_v4pro,harder_stress_v1_realswe_04_pytest_nodeid_stability,real_swe_style_controlled_plus,real_swe_plus,test_nodeid_contract,,rolling_visible_carry_forward,rolling_visible_carry_forward,600,1,2026-06-19T08:58:36.394228+00:00,2026-06-19T08:58:38.424768+00:00,2026-06-19T08:58:36.394282+00:00,2026-06-19T08:58:38.407361+00:00,0.009,33146312feffa160a32e762c32a2b0a3b61464eaaeb147e93bec4f257a858730,370f14611458b94f4e183ca79c06877ad477670da8cc63b9ba4e4b5949ea36f7,24c2aa4fdaf72321ee311eeeb023714d65b6477b681b763519a40c830f2f1974,e901244984964694be3a2552404ff41ddacda4f86461f199a1959272a7006b9b,fafe61f7f5c6308a17be83ce6a9a09dd26c8f68816d136e79f3e24b7f4d71b57,c3e9a533789f94f0831cdd773c0f0c0d7dabf0bac55bf9112313ec004ffb636a,7d28bae3dacf7b8d82a5f0e664afdfb48ad29f8d5d69200972b774935dbb2e34,7d28bae3dacf7b8d82a5f0e664afdfb48ad29f8d5d69200972b774935dbb2e34,7d28bae3dacf7b8d82a5f0e664afdfb48ad29f8d5d69200972b774935dbb2e34,39128f4c489c57c61675e097b9c45e5fe39511ce47ab14c0e2fe6beaa53efe33,direct_provider,deepseek,https://api.deepseek.com,deepseek-v4-pro,https://api.deepseek.com/chat/completions,deepseek-v4-pro,d9102514b5e2faa30f57f404991f95b09ba2d2ad37cfdd73f3d1f753a62a6425,2c4dd0c6c5ff02722c25948a9dff956605b4658af78362cf2148e45742a2ee82,d914cfc97d9b99822a2b1313c16850fd7be529b097eb356dc8e8e7408a7a00a8,explicit,0,4096,omitted,,omitted,,omitted,,omitted,,omitted,,omitted,,omitted,,omitted,,omitted,,False,thinking.type=disabled,ffe557f53c63f7d0f7e35f80c03f61d8b3548db9e4f51e8dda020b28a920d875,provider_not_exposed,provider_not_exposed,False,,False,False,False,disabled,,,,0,0,0,0,0,0,none,,,,,,,,,,0,,0,"[""REQ_04_ZXN9QHWJ"", ""LOCK_04_JWHQ9"", ""SCOPE_04_N9QHW"", ""CHECK_04_XN9QH"", ""ANCHOR_04_WHQ9N"", ""EDGE_04_9QHWJ"", ""FRONTIER_04_JWHQ9N"", ""MERGE_04_ZXNJWH"", ""VERIFY_04_9QHWJ"", ""PLAN_04_Q9NXZ"", ""CONTRACT_04_ZXN9Q"", ""FINAL_04_JWHQWJ""]",[],0,[],0,[],0,[],0,1,URLError: <urlopen error [Errno 1] Operation not permitted>,rerun_required,backend_error,e84d41fd7be435b8986e848e13037c29f19e320b5e65e3981839461dee5ba95d,7c077ca2308714493d07163e1033c4282bd869ff6d477b3e77408587f95e2930,7c077ca2308714493d07163e1033c4282bd869ff6d477b3e77408587f95e2930,78b9c6a3aacba408617f72ae758c3638598dbade3a6cbb06098ca77fc0251e8c,5e365665881296e34eea1bdbda99681d2bd5953416d67c70786d5fa77d1fcb3a,released_raw_outputs/model_outputs/_probe_ecvs_deepseek_v4pro_harder_stress_v1_visiblecarry_vs_maturessrloop_15task_2method_3budget_1run/deepseek/rolling_visible_carry_forward__harder_stress_v1_realswe_04_pytest_nodeid_stability__run_1__budget_600.jsonl,1,9a59c5903e8825ae157caaabdf4c4e45fc5fd6b6d3e6147f11ebff675e5555a0,5711ec3cbec287457d49d42c8b6f4129a06405d5a555c1b98264a25fda5fb4a8,e656de0739b6e1cd8eddf5d34b48906cfb25a358fccd7e56a65223f1878992b0,_probe_ecvs_deepseek_v4pro_harder_stress_v1_visiblecarry_vs_maturessrloop_15task_2method_3budget_1run,rolling_visible_carry_forward,d239781121d1d6a6cd4cbcab5e859463831be69b2bcfc1a1884a2ada2c1ef299,43d516f27aeb301203ff4cedfff5c1ba5667ca5b2e803069c79c8cba129ae1fb,"{""boundary_constraint_count"": 4, ""budgets_supported"": [300, 600, 1200], ""conditional_constraint_count"": 4, ""decoy_count"": 10, ""difficulty_factors"": [""decoy_overload"", ""overwrite_update"", ""conditional_allowed_state"", ""multi_file_component_consistency"", ""distractor_segment"", ""final_output_contract_pressure"", ""budget_pressure""], ""files_touched_estimate"": 3, ""method_specific_selection_used"": false, ""model_outcomes_used"": false, ""patch_location_ambiguity"": 4, ""required_output_size"": 12, ""segment_count"": 16, ""source_candidate_id"": ""realstyle_candidate_pytest_nodeid_stability"", ""strict_json_contract"": true, ""test_contract_complexity"": 5, ""update_count"": 4}",649fa93b196242a19e144bd5297cf90abac45ad4aab2596921bacaa4f809894a,1,rolling_visible_identifier_carry_forward_v1_ecvs_safe_visible_only,rolling_visible_identifier_carry_forward_v1_ecvs_safe_visible_only,0,0,0,0,0,0,
_probe_ecvs_deepseek_v4pro_harder_stress_v1_visiblecarry_vs_maturessrloop_15task_2method_3budget_1run:deepseek_v4pro:rolling_visible_carry_forward:harder_stress_v1_realswe_05_fastapi_dependency_precedence:budget_1200:run_1,deepseek_v4pro,harder_stress_v1_realswe_05_fastapi_dependency_precedence,real_swe_style_controlled_plus,real_swe_plus,dependency_resolution_order,,rolling_visible_carry_forward,rolling_visible_carry_forward,1200,1,2026-06-19T08:58:36.397092+00:00,2026-06-19T08:58:38.426130+00:00,2026-06-19T08:58:36.397128+00:00,2026-06-19T08:58:38.406691+00:00,0.002,33146312feffa160a32e762c32a2b0a3b61464eaaeb147e93bec4f257a858730,f067d263f2cd1558aabd2a817f0c25c27b716831c6e929f4ed0e9b02db7efe9e,24c2aa4fdaf72321ee311eeeb023714d65b6477b681b763519a40c830f2f1974,f16ce65d656bc7396f4bdd1ec70e171f2cc4d0cc0fe1e22ac77149e9eac14906,6ba56bb3de6807d3d371f75f541fa3999009cc6e6269fa0277ffe7d533c6bda4,c3e9a533789f94f0831cdd773c0f0c0d7dabf0bac55bf9112313ec004ffb636a,7d28bae3dacf7b8d82a5f0e664afdfb48ad29f8d5d69200972b774935dbb2e34,7d28bae3dacf7b8d82a5f0e664afdfb48ad29f8d5d69200972b774935dbb2e34,7d28bae3dacf7b8d82a5f0e664afdfb48ad29f8d5d69200972b774935dbb2e34,39128f4c489c57c61675e097b9c45e5fe39511ce47ab14c0e2fe6beaa53efe33,direct_provider,deepseek,https://api.deepseek.com,deepseek-v4-pro,https://api.deepseek.com/chat/completions,deepseek-v4-pro,d9102514b5e2faa30f57f404991f95b09ba2d2ad37cfdd73f3d1f753a62a6425,2c4dd0c6c5ff02722c25948a9dff956605b4658af78362cf2148e45742a2ee82,d914cfc97d9b99822a2b1313c16850fd7be529b097eb356dc8e8e7408a7a00a8,explicit,0,4096,omitted,,omitted,,omitted,,omitted,,omitted,,omitted,,omitted,,omitted,,omitted,,False,thinking.type=disabled,ffe557f53c63f7d0f7e35f80c03f61d8b3548db9e4f51e8dda020b28a920d875,provider_not_exposed,provider_not_exposed,False,,False,False,False,disabled,,,,0,0,0,0,0,0,none,,,,,,,,,,0,,0,"[""REQ_05_K2P4S7S7"", ""LOCK_05_7S7S4"", ""SCOPE_05_P4S7S"", ""CHECK_05_2P4S7"", ""ANCHOR_05_S7S4P"", ""EDGE_05_4S7S7"", ""FRONTIER_05_7S7S4P"", ""MERGE_05_K2P7S7"", ""VERIFY_05_4S7S7"", ""PLAN_05_S4P2K"", ""CONTRACT_05_K2P4S"", ""FINAL_05_7S7SS7""]",[],0,[],0,[],0,[],0,1,URLError: <urlopen error [Errno 1] Operation not permitted>,rerun_required,backend_error,8a8b1c6e9554d316a30bf8c71b4279763342f1c6827fc8245e7d6f4183acc89c,7c077ca2308714493d07163e1033c4282bd869ff6d477b3e77408587f95e2930,7c077ca2308714493d07163e1033c4282bd869ff6d477b3e77408587f95e2930,78b9c6a3aacba408617f72ae758c3638598dbade3a6cbb06098ca77fc0251e8c,b91f8131c075c14edcad312bf693135e676a0fb82907641b6195e2a6683a3e5e,released_raw_outputs/model_outputs/_probe_ecvs_deepseek_v4pro_harder_stress_v1_visiblecarry_vs_maturessrloop_15task_2method_3budget_1run/deepseek/rolling_visible_carry_forward__harder_stress_v1_realswe_05_fastapi_dependency_precedence__run_1__budget_1200.jsonl,1,92c69d56de3ecc480864b88565c110ef0ffe5f0aa167a220e09bacff437ca3bd,3f60e174daa95d364f76c469fa6828c23cf57243607e0a9ddbe4a891d0544c93,208722c88b79a68d6f986f0f70d8d3e5bab6b0db4f613c56691b053b2417596e,_probe_ecvs_deepseek_v4pro_harder_stress_v1_visiblecarry_vs_maturessrloop_15task_2method_3budget_1run,rolling_visible_carry_forward,d239781121d1d6a6cd4cbcab5e859463831be69b2bcfc1a1884a2ada2c1ef299,230906266a8d0bfd20dba4e335d7806984724850f46b25559b45eddc827152d6,"{""boundary_constraint_count"": 5, ""budgets_supported"": [300, 600, 1200], ""conditional_constraint_count"": 4, ""decoy_count"": 9, ""difficulty_factors"": [""decoy_overload"", ""overwrite_update"", ""conditional_allowed_state"", ""forbidden_boundary_pressure"", ""multi_file_component_consistency"", ""plan_consistency"", ""budget_pressure""], ""files_touched_estimate"": 2, ""method_specific_selection_used"": false, ""model_outcomes_used"": false, ""number_of_relevant_symbols"": 7, ""patch_location_ambiguity"": 5, ""required_output_size"": 12, ""segment_count"": 15, ""source_candidate_id"": ""realstyle_candidate_fastapi_dependency_precedence"", ""strict_json_contract"": true, ""update_count"": 4}",649fa93b196242a19e144bd5297cf90abac45ad4aab2596921bacaa4f809894a,1,rolling_visible_identifier_carry_forward_v1_ecvs_safe_visible_only,rolling_visible_identifier_carry_forward_v1_ecvs_safe_visible_only,0,0,0,0,0,0,
_probe_ecvs_deepseek_v4pro_harder_stress_v1_visiblecarry_vs_maturessrloop_15task_2method_3budget_1run:deepseek_v4pro:rolling_visible_carry_forward:harder_stress_v1_realswe_05_fastapi_dependency_precedence:budget_300:run_1,deepseek_v4pro,harder_stress_v1_realswe_05_fastapi_dependency_precedence,real_swe_style_controlled_plus,real_swe_plus,dependency_resolution_order,,rolling_visible_carry_forward,rolling_visible_carry_forward,300,1,2026-06-19T08:58:36.396484+00:00,2026-06-19T08:58:38.427074+00:00,2026-06-19T08:58:36.396531+00:00,2026-06-19T08:58:38.407863+00:00,0.005,33146312feffa160a32e762c32a2b0a3b61464eaaeb147e93bec4f257a858730,f067d263f2cd1558aabd2a817f0c25c27b716831c6e929f4ed0e9b02db7efe9e,24c2aa4fdaf72321ee311eeeb023714d65b6477b681b763519a40c830f2f1974,f16ce65d656bc7396f4bdd1ec70e171f2cc4d0cc0fe1e22ac77149e9eac14906,13dab4caa6b00cc6bb8b0d50365cf86ca00face2afa2f0dd7790cc1ab12e5447,c3e9a533789f94f0831cdd773c0f0c0d7dabf0bac55bf9112313ec004ffb636a,7d28bae3dacf7b8d82a5f0e664afdfb48ad29f8d5d69200972b774935dbb2e34,7d28bae3dacf7b8d82a5f0e664afdfb48ad29f8d5d69200972b774935dbb2e34,7d28bae3dacf7b8d82a5f0e664afdfb48ad29f8d5d69200972b774935dbb2e34,39128f4c489c57c61675e097b9c45e5fe39511ce47ab14c0e2fe6beaa53efe33,direct_provider,deepseek,https://api.deepseek.com,deepseek-v4-pro,https://api.deepseek.com/chat/completions,deepseek-v4-pro,d9102514b5e2faa30f57f404991f95b09ba2d2ad37cfdd73f3d1f753a62a6425,2c4dd0c6c5ff02722c25948a9dff956605b4658af78362cf2148e45742a2ee82,d914cfc97d9b99822a2b1313c16850fd7be529b097eb356dc8e8e7408a7a00a8,explicit,0,4096,omitted,,omitted,,omitted,,omitted,,omitted,,omitted,,omitted,,omitted,,omitted,,False,thinking.type=disabled,ffe557f53c63f7d0f7e35f80c03f61d8b3548db9e4f51e8dda020b28a920d875,provider_not_exposed,provider_not_exposed,False,,False,False,False,disabled,,,,0,0,0,0,0,0,none,,,,,,,,,,0,,0,"[""REQ_05_K2P4S7S7"", ""LOCK_05_7S7S4"", ""SCOPE_05_P4S7S"", ""CHECK_05_2P4S7"", ""ANCHOR_05_S7S4P"", ""EDGE_05_4S7S7"", ""FRONTIER_05_7S7S4P"", ""MERGE_05_K2P7S7"", ""VERIFY_05_4S7S7"", ""PLAN_05_S4P2K"", ""CONTRACT_05_K2P4S"", ""FINAL_05_7S7SS7""]",[],0,[],0,[],0,[],0,1,URLError: <urlopen error [Errno 1] Operation not permitted>,rerun_required,backend_error,547284f6e9f5f9d48aea8d886bd9c75d8fda26f61fb056266fef76501a793cb2,7c077ca2308714493d07163e1033c4282bd869ff6d477b3e77408587f95e2930,7c077ca2308714493d07163e1033c4282bd869ff6d477b3e77408587f95e2930,78b9c6a3aacba408617f72ae758c3638598dbade3a6cbb06098ca77fc0251e8c,fbf790666e654c566d08bcad3f98c58db41dff67369ba79eb382259141088495,released_raw_outputs/model_outputs/_probe_ecvs_deepseek_v4pro_harder_stress_v1_visiblecarry_vs_maturessrloop_15task_2method_3budget_1run/deepseek/rolling_visible_carry_forward__harder_stress_v1_realswe_05_fastapi_dependency_precedence__run_1__budget_300.jsonl,1,f907ca44f93bc1df8b856eca483e76ff415ae6eefe315f9f3a5004d7e785dc77,8939daae19222fa9bd469beb39cfe84388f89784ee341d18d989f1c06b45a2f5,07162669f5a18d2693a4ed50ebe43aaa6dc4a078c44b17c7376039d63c4a3def,_probe_ecvs_deepseek_v4pro_harder_stress_v1_visiblecarry_vs_maturessrloop_15task_2method_3budget_1run,rolling_visible_carry_forward,d239781121d1d6a6cd4cbcab5e859463831be69b2bcfc1a1884a2ada2c1ef299,230906266a8d0bfd20dba4e335d7806984724850f46b25559b45eddc827152d6,"{""boundary_constraint_count"": 5, ""budgets_supported"": [300, 600, 1200], ""conditional_constraint_count"": 4, ""decoy_count"": 9, ""difficulty_factors"": [""decoy_overload"", ""overwrite_update"", ""conditional_allowed_state"", ""forbidden_boundary_pressure"", ""multi_file_component_consistency"", ""plan_consistency"", ""budget_pressure""], ""files_touched_estimate"": 2, ""method_specific_selection_used"": false, ""model_outcomes_used"": false, ""number_of_relevant_symbols"": 7, ""patch_location_ambiguity"": 5, ""required_output_size"": 12, ""segment_count"": 15, ""source_candidate_id"": ""realstyle_candidate_fastapi_dependency_precedence"", ""strict_json_contract"": true, ""update_count"": 4}",649fa93b196242a19e144bd5297cf90abac45ad4aab2596921bacaa4f809894a,1,rolling_visible_identifier_carry_forward_v1_ecvs_safe_visible_only,rolling_visible_identifier_carry_forward_v1_ecvs_safe_visible_only,0,0,0,0,0,0,
_probe_ecvs_deepseek_v4pro_harder_stress_v1_visiblecarry_vs_maturessrloop_15task_2method_3budget_1run:deepseek_v4pro:rolling_visible_carry_forward:harder_stress_v1_realswe_05_fastapi_dependency_precedence:budget_600:run_1,deepseek_v4pro,harder_stress_v1_realswe_05_fastapi_dependency_precedence,real_swe_style_controlled_plus,real_swe_plus,dependency_resolution_order,,rolling_visible_carry_forward,rolling_visible_carry_forward,600,1,2026-06-19T08:58:36.396795+00:00,2026-06-19T08:58:38.426307+00:00,2026-06-19T08:58:36.396844+00:00,2026-06-19T08:58:38.410454+00:00,0.009,33146312feffa160a32e762c32a2b0a3b61464eaaeb147e93bec4f257a858730,f067d263f2cd1558aabd2a817f0c25c27b716831c6e929f4ed0e9b02db7efe9e,24c2aa4fdaf72321ee311eeeb023714d65b6477b681b763519a40c830f2f1974,f16ce65d656bc7396f4bdd1ec70e171f2cc4d0cc0fe1e22ac77149e9eac14906,96f4bd0bcbfe1c9fd5c46684c8c4f46c3f7b5c92e496133352d933de00a96177,c3e9a533789f94f0831cdd773c0f0c0d7dabf0bac55bf9112313ec004ffb636a,7d28bae3dacf7b8d82a5f0e664afdfb48ad29f8d5d69200972b774935dbb2e34,7d28bae3dacf7b8d82a5f0e664afdfb48ad29f8d5d69200972b774935dbb2e34,7d28bae3dacf7b8d82a5f0e664afdfb48ad29f8d5d69200972b774935dbb2e34,39128f4c489c57c61675e097b9c45e5fe39511ce47ab14c0e2fe6beaa53efe33,direct_provider,deepseek,https://api.deepseek.com,deepseek-v4-pro,https://api.deepseek.com/chat/completions,deepseek-v4-pro,d9102514b5e2faa30f57f404991f95b09ba2d2ad37cfdd73f3d1f753a62a6425,2c4dd0c6c5ff02722c25948a9dff956605b4658af78362cf2148e45742a2ee82,d914cfc97d9b99822a2b1313c16850fd7be529b097eb356dc8e8e7408a7a00a8,explicit,0,4096,omitted,,omitted,,omitted,,omitted,,omitted,,omitted,,omitted,,omitted,,omitted,,False,thinking.type=disabled,ffe557f53c63f7d0f7e35f80c03f61d8b3548db9e4f51e8dda020b28a920d875,provider_not_exposed,provider_not_exposed,False,,False,False,False,disabled,,,,0,0,0,0,0,0,none,,,,,,,,,,0,,0,"[""REQ_05_K2P4S7S7"", ""LOCK_05_7S7S4"", ""SCOPE_05_P4S7S"", ""CHECK_05_2P4S7"", ""ANCHOR_05_S7S4P"", ""EDGE_05_4S7S7"", ""FRONTIER_05_7S7S4P"", ""MERGE_05_K2P7S7"", ""VERIFY_05_4S7S7"", ""PLAN_05_S4P2K"", ""CONTRACT_05_K2P4S"", ""FINAL_05_7S7SS7""]",[],0,[],0,[],0,[],0,1,URLError: <urlopen error [Errno 1] Operation not permitted>,rerun_required,backend_error,f5026d765dcfe8feb99a9cad8e3e19ba7a0e11c19a10961734ba8abbb6497c61,7c077ca2308714493d07163e1033c4282bd869ff6d477b3e77408587f95e2930,7c077ca2308714493d07163e1033c4282bd869ff6d477b3e77408587f95e2930,78b9c6a3aacba408617f72ae758c3638598dbade3a6cbb06098ca77fc0251e8c,beccdd967bb7f86a1c525807508067774c0f312bb6613b264ab4ea17ff29e547,released_raw_outputs/model_outputs/_probe_ecvs_deepseek_v4pro_harder_stress_v1_visiblecarry_vs_maturessrloop_15task_2method_3budget_1run/deepseek/rolling_visible_carry_forward__harder_stress_v1_realswe_05_fastapi_dependency_precedence__run_1__budget_600.jsonl,1,9a3595f3fa6b1523cede825c517f330a1a129e5c179a61f158f89ba22e935b6a,14427ac7d3bf3b68b19b3c85bd0bdfb69e11d5156e1a886d70ff0409eb3a644a,44aef3ed723c83d37f4a54286d8f2de7d8c980535b6350e76107b083452e4902,_probe_ecvs_deepseek_v4pro_harder_stress_v1_visiblecarry_vs_maturessrloop_15task_2method_3budget_1run,rolling_visible_carry_forward,d239781121d1d6a6cd4cbcab5e859463831be69b2bcfc1a1884a2ada2c1ef299,230906266a8d0bfd20dba4e335d7806984724850f46b25559b45eddc827152d6,"{""boundary_constraint_count"": 5, ""budgets_supported"": [300, 600, 1200], ""conditional_constraint_count"": 4, ""decoy_count"": 9, ""difficulty_factors"": [""decoy_overload"", ""overwrite_update"", ""conditional_allowed_state"", ""forbidden_boundary_pressure"", ""multi_file_component_consistency"", ""plan_consistency"", ""budget_pressure""], ""files_touched_estimate"": 2, ""method_specific_selection_used"": false, ""model_outcomes_used"": false, ""number_of_relevant_symbols"": 7, ""patch_location_ambiguity"": 5, ""required_output_size"": 12, ""segment_count"": 15, ""source_candidate_id"": ""realstyle_candidate_fastapi_dependency_precedence"", ""strict_json_contract"": true, ""update_count"": 4}",649fa93b196242a19e144bd5297cf90abac45ad4aab2596921bacaa4f809894a,1,rolling_visible_identifier_carry_forward_v1_ecvs_safe_visible_only,rolling_visible_identifier_carry_forward_v1_ecvs_safe_visible_only,0,0,0,0,0,0,
