global_artifact_id,condition_id,task_id,source_type,difficulty_tier,task_family,selection_group,method,method_label,state_budget,run_index,run_started_at_utc,run_finished_at_utc,request_started_at_utc,request_finished_at_utc,latency_seconds,task_manifest_sha256,task_entry_sha256,scorer_oracle_manifest_sha256,scorer_oracle_sha256,prompt_hash,config_sha256,runner_sha256,parser_sha256,eval_harness_sha256,environment_hash_or_commit,requested_provider_or_access_path,provider,base_url,requested_model,selected_provider_or_endpoint,selected_model_or_returned_model,supported_parameter_snapshot_sha256,model_snapshot_proxy_sha256,decoding_parameter_freeze_sha256,temperature_send_mode,temperature_value,max_tokens,top_p_send_mode,top_p_value,top_k_send_mode,top_k_value,min_p_send_mode,min_p_value,top_a_send_mode,top_a_value,frequency_penalty_send_mode,frequency_penalty_value,presence_penalty_send_mode,presence_penalty_value,repetition_penalty_send_mode,repetition_penalty_value,stop_send_mode,stop_value_sha256,seed_send_mode,seed_value,stream,reasoning_disable_mode,reasoning_control_request_sha256,reasoning_tokens_observed,reasoning_tokens_source,reasoning_content_present,reasoning_content_sha256,fallback_enabled,tools_enabled,web_enabled,cache_policy,provider_not_exposed_fields,finish_reason,native_finish_reason,input_tokens,output_tokens,state_hard_cap_used,state_chars_before_budget,state_chars_after_budget,state_budget_violation,state_compaction_strategy,ssr_protocol_version,ssr_budget_native_compaction_used,ssr_priority_compaction_used,ssr_visible_allowed_candidates,ssr_out_tokens_before_compaction,ssr_out_tokens_after_compaction,ssr_visible_candidates_preserved_in_state,ssr_visible_candidates_missing_from_state,compiled_ssr_fields_sha256,schema_aware_compiler_enabled,schema_aware_compiler_version,schema_parse_success,schema_missing_fields,schema_recovered_aliases,schema_normalized_state_sha256,visible_identifier_candidates_count,visible_identifier_candidates_sha256,compiler_input_visible_text_sha256,compiler_input_raw_state_sha256,compiler_output_state_sha256,compiler_forbidden_source_check,compiler_forbidden_source_hits,state_len_before_schema_compile,state_len_after_schema_compile,state_budget_fit_success,final_json_parse_success,final_json_parse_error,final_exact_success,missing_exact_tokens,present_exact_tokens,forbidden_token_leakage,forbidden_token_hits,forbidden_action_violation,forbidden_action_hits,boundary_violation,boundary_violation_hits,reliable_success,backend_error,backend_error_brief,gate_status,gate_reason,request_hash,response_metadata_sha256,usage_metadata_sha256,raw_response_sha256,parsed_output_sha256,private_raw_ref,private_raw_line_count,compiler_audit_ref,compiler_audit_line_count,compiler_audit_sha256,metric_record_sha256,manifest_entry_hash,h5_chain_hash,experiment_id,internal_method,task_provenance_manifest_sha256,task_provenance_entry_sha256,static_difficulty_features,task_selection_csv_sha256,call_count,method_protocol_version,carry_forward_protocol_version,visible_carry_forward_used,visible_allowed_candidates,visible_candidates_before_compaction,visible_candidates_after_compaction,visible_candidates_preserved_in_state,visible_candidates_missing_from_state,compiled_carry_forward_fields_sha256,visible_reader_enabled,visible_reader_version,visible_reader_parse_success,visible_reader_missing_fields,visible_reader_recovered_aliases,visible_reader_normalized_state_sha256,reader_input_visible_text_sha256,reader_input_raw_state_sha256,reader_output_state_sha256,reader_forbidden_source_check,reader_forbidden_source_hits,state_len_before_visible_reader,state_len_after_visible_reader,reader_audit_ref,reader_audit_line_count,reader_audit_sha256
_probe_ecvs_deepseek_v4pro_pcg_dynamic_state_v1_e3_m4_h4_visiblecarry_vs_maturessrloop_11task_2method_2budget_1run:deepseek_v4pro:mature_ssr_loop:pcgds_v1_00001_api_migration_easy:budget_1200:run_1,deepseek_v4pro,pcgds_v1_00001_api_migration_easy,pcg_dynamic_state_synthetic,easy,api_migration,pcg_easy,mature_ssr_loop,mature_ssr_loop,1200,1,2026-06-20T05:50:35.942463+00:00,2026-06-20T05:50:53.861877+00:00,2026-06-20T05:50:35.942520+00:00,2026-06-20T05:50:53.861093+00:00,17.91,1564687749c350d1f7bf81b656a728d3a441d2f49f17544a8d34cec04ec5766d,70469448dae0f34b9b442c737d72d7d8415eaaa1104da20a882a6df0ab6097e3,3318d3247ea911325a8a90d7fb52e51fc024f29ca086ec0d109d0234e43b84f9,221324052117d6bad5210b1c3bce185bd670a127656237053cb639b9eeef0c8b,492b1929492c5746570f036a6f9db9c38cd8a311e1cd96430176d87f1c9f998e,665bfe62467601050cda1d9acd4a98554dc5d8e84f7704f3c893f3c55385e7ec,49b6dd2d11093d24488a5317eb052dbbdf7f5d202403c58eed5651bbe5ac4c57,49b6dd2d11093d24488a5317eb052dbbdf7f5d202403c58eed5651bbe5ac4c57,49b6dd2d11093d24488a5317eb052dbbdf7f5d202403c58eed5651bbe5ac4c57,d5082fce8dd5fc2ffa71bbd4219f78890248b0b1b4793128165a7fbce06a2a2b,direct_provider,deepseek,https://api.deepseek.com,deepseek-v4-pro,https://api.deepseek.com/chat/completions,deepseek-v4-pro,caabb4409a46c31ba63803dd43f0cd53791328e6bdb08afe5d9cc7354307cfc7,6088d46151391cb51050f9f1f4c6e07dc0dc10827a3f31ae3d284004a9088eb7,d914cfc97d9b99822a2b1313c16850fd7be529b097eb356dc8e8e7408a7a00a8,explicit,0,4096,omitted,,omitted,,omitted,,omitted,,omitted,,omitted,,omitted,,omitted,,omitted,,False,thinking.type=disabled,ffe557f53c63f7d0f7e35f80c03f61d8b3548db9e4f51e8dda020b28a920d875,provider_not_exposed,provider_not_exposed,False,,False,False,False,disabled,,stop;stop;stop;stop;stop;stop,stop;stop;stop;stop;stop;stop,4207,1219,0,663,213,0,ssr_priority_compactor,mature_ssr_loop_protocol_v1_ecvs_safe_visible_only,1,1,3,3,3,3,0,be93cfadfffd343fde93845948cf7a8179886c288412a3544c94308271646b1e,0,,0,[],[],,0,,,,,not_schema_aware,[],0,0,0,1,,1,[],"[""REQ_01_8E6C2367"", ""LOCK_01_2C49B3AB"", ""SCOPE_01_B327FF03""]",0,[],0,[],0,[],1,0,,clean,,4e87f8710100a4d842795aa6fdc1c416c5417446bd1b1dec0f1ccb674f609fed,ad8ff2ac89fe20cfec3ff89a4287b3dc2e74896c4c371785ffe80491ca0cb14a,5a001d402c3cc9ea43e4a4ce58e101e8da398d5e33d08e8d09830b14ba38ceaa,e50d09df869305ab3358ed9f9370ec9d1d4f2e163e820147f265c81cb695640a,f63532e235c23db8eb2091a2cf382ccb9f3588e41f2ea0716bd855101f330472,released_raw_outputs/model_outputs/_probe_ecvs_deepseek_v4pro_pcg_dynamic_state_v1_e3_m4_h4_visiblecarry_vs_maturessrloop_11task_2method_2budget_1run/deepseek/mature_ssr_loop__pcgds_v1_00001_api_migration_easy__run_1__budget_1200.jsonl,6,results/_probe_ecvs_deepseek_v4pro_pcg_dynamic_state_v1_e3_m4_h4_visiblecarry_vs_maturessrloop_11task_2method_2budget_1run/compiler_audit/ssr_loop__pcgds_v1_00001_api_migration_easy__run_1__budget_1200.jsonl,5,533fb481d6cebc7b8b694656fc70aa2232454fd13605fb6a1d84d08f497c5389,14c5bd4737bcff8801b964196bb0d6bffc2f5a5110a48155b28fccebe7f4060d,f86e94a7c358ea2fdd4a021cdd26ae221101e8d6c77b0947a3f2c2538cc0fcdc,534eb0fe5d5d5225eba51cdde09bc37313f26b4f94dd15e4d609a346cf741f55,_probe_ecvs_deepseek_v4pro_pcg_dynamic_state_v1_e3_m4_h4_visiblecarry_vs_maturessrloop_11task_2method_2budget_1run,ssr_loop,276568f4f908f36e65d560b050b98c4a566b709a9c5c9db9d3f6161da9f66c01,aa0d592512ee44472c28cddf13739abbbb1b904213cb4d99d7b373550be2f6ae,"{""allowed_path_count"": 2, ""budgets_supported"": [600, 1200], ""forbidden_path_count"": 2, ""forbidden_token_count"": 2, ""method_specific_selection_used"": false, ""model_outcomes_used"": false, ""required_output_size"": 3, ""segment_count"": 5, ""stale_token_count"": 2}",debe52b540b08baafdca14de1aa40e1627a39be9a2d96f5970a576488a341be3,6,mature_ssr_loop_protocol_v1_ecvs_safe_visible_only,,,,,,,,,,,,,,,,,,,,,,,,
_probe_ecvs_deepseek_v4pro_pcg_dynamic_state_v1_e3_m4_h4_visiblecarry_vs_maturessrloop_11task_2method_2budget_1run:deepseek_v4pro:mature_ssr_loop:pcgds_v1_00001_api_migration_easy:budget_600:run_1,deepseek_v4pro,pcgds_v1_00001_api_migration_easy,pcg_dynamic_state_synthetic,easy,api_migration,pcg_easy,mature_ssr_loop,mature_ssr_loop,600,1,2026-06-20T05:50:35.942001+00:00,2026-06-20T05:50:53.339713+00:00,2026-06-20T05:50:35.942058+00:00,2026-06-20T05:50:53.338829+00:00,17.388,1564687749c350d1f7bf81b656a728d3a441d2f49f17544a8d34cec04ec5766d,70469448dae0f34b9b442c737d72d7d8415eaaa1104da20a882a6df0ab6097e3,3318d3247ea911325a8a90d7fb52e51fc024f29ca086ec0d109d0234e43b84f9,221324052117d6bad5210b1c3bce185bd670a127656237053cb639b9eeef0c8b,79a5e48bbae89493de05d68930aa26d5084384fd2d5527b13d3531aeb56e325f,665bfe62467601050cda1d9acd4a98554dc5d8e84f7704f3c893f3c55385e7ec,49b6dd2d11093d24488a5317eb052dbbdf7f5d202403c58eed5651bbe5ac4c57,49b6dd2d11093d24488a5317eb052dbbdf7f5d202403c58eed5651bbe5ac4c57,49b6dd2d11093d24488a5317eb052dbbdf7f5d202403c58eed5651bbe5ac4c57,d5082fce8dd5fc2ffa71bbd4219f78890248b0b1b4793128165a7fbce06a2a2b,direct_provider,deepseek,https://api.deepseek.com,deepseek-v4-pro,https://api.deepseek.com/chat/completions,deepseek-v4-pro,caabb4409a46c31ba63803dd43f0cd53791328e6bdb08afe5d9cc7354307cfc7,6088d46151391cb51050f9f1f4c6e07dc0dc10827a3f31ae3d284004a9088eb7,d914cfc97d9b99822a2b1313c16850fd7be529b097eb356dc8e8e7408a7a00a8,explicit,0,4096,omitted,,omitted,,omitted,,omitted,,omitted,,omitted,,omitted,,omitted,,omitted,,False,thinking.type=disabled,ffe557f53c63f7d0f7e35f80c03f61d8b3548db9e4f51e8dda020b28a920d875,provider_not_exposed,provider_not_exposed,False,,False,False,False,disabled,,stop;stop;stop;stop;stop;stop,stop;stop;stop;stop;stop;stop,4196,1199,0,604,213,1,ssr_priority_compactor,mature_ssr_loop_protocol_v1_ecvs_safe_visible_only,1,1,3,3,3,3,0,f6bf8c55f9204852db317fc833f306248b8f29b04d93f8f8b91ab3124737519c,0,,0,[],[],,0,,,,,not_schema_aware,[],0,0,0,1,,1,[],"[""REQ_01_8E6C2367"", ""LOCK_01_2C49B3AB"", ""SCOPE_01_B327FF03""]",0,[],0,[],0,[],1,0,,clean,,97650f7a55301d631bd90c763a8fafc44c576d8a03c9e71610feb1059bba606a,905ff109ff5d9a5dcf4950e1ef6769d4dbb53e80b9b9b1aaa4a62e1590285f13,d5ad5bdc80cd7fc1039bdc8404e6d7f6bc0ee20b033ba8c6097974a86f327d4f,834a521953323234fe0ed4d0d6c187f92db4ea884bb93a40685c86a070da44e7,12f85cddbe7fc445dda4104887839a14df7bf29319cb22b3634c628eb31d3880,released_raw_outputs/model_outputs/_probe_ecvs_deepseek_v4pro_pcg_dynamic_state_v1_e3_m4_h4_visiblecarry_vs_maturessrloop_11task_2method_2budget_1run/deepseek/mature_ssr_loop__pcgds_v1_00001_api_migration_easy__run_1__budget_600.jsonl,6,results/_probe_ecvs_deepseek_v4pro_pcg_dynamic_state_v1_e3_m4_h4_visiblecarry_vs_maturessrloop_11task_2method_2budget_1run/compiler_audit/ssr_loop__pcgds_v1_00001_api_migration_easy__run_1__budget_600.jsonl,5,437fb1c3ad2cbe07f946043d8a4c3092cdce0a6f732eb41b6b80de45106e4602,3794c141e3f1248b28eb9fd8b6c6a907d303bb37e0919b3048c41950f54824b0,e0d1804d2540397e8b06749375f7d034a6e94efed6944eb88293d36a4d777094,87498957457c6c9c58abcbb193f891f9f5f003ee67697a1564b1075f4c8a5515,_probe_ecvs_deepseek_v4pro_pcg_dynamic_state_v1_e3_m4_h4_visiblecarry_vs_maturessrloop_11task_2method_2budget_1run,ssr_loop,276568f4f908f36e65d560b050b98c4a566b709a9c5c9db9d3f6161da9f66c01,aa0d592512ee44472c28cddf13739abbbb1b904213cb4d99d7b373550be2f6ae,"{""allowed_path_count"": 2, ""budgets_supported"": [600, 1200], ""forbidden_path_count"": 2, ""forbidden_token_count"": 2, ""method_specific_selection_used"": false, ""model_outcomes_used"": false, ""required_output_size"": 3, ""segment_count"": 5, ""stale_token_count"": 2}",debe52b540b08baafdca14de1aa40e1627a39be9a2d96f5970a576488a341be3,6,mature_ssr_loop_protocol_v1_ecvs_safe_visible_only,,,,,,,,,,,,,,,,,,,,,,,,
_probe_ecvs_deepseek_v4pro_pcg_dynamic_state_v1_e3_m4_h4_visiblecarry_vs_maturessrloop_11task_2method_2budget_1run:deepseek_v4pro:mature_ssr_loop:pcgds_v1_00002_permission_boundary_easy:budget_1200:run_1,deepseek_v4pro,pcgds_v1_00002_permission_boundary_easy,pcg_dynamic_state_synthetic,easy,permission_boundary,pcg_easy,mature_ssr_loop,mature_ssr_loop,1200,1,2026-06-20T05:50:35.943900+00:00,2026-06-20T05:50:51.822286+00:00,2026-06-20T05:50:35.943939+00:00,2026-06-20T05:50:51.820447+00:00,15.869,1564687749c350d1f7bf81b656a728d3a441d2f49f17544a8d34cec04ec5766d,7590839c7c743b1d2b2a62a82a41d765de20e397fe010f7bc89b631b4b100cf8,3318d3247ea911325a8a90d7fb52e51fc024f29ca086ec0d109d0234e43b84f9,72476dec493d71bd520ccda6b63b2bf8b31301d40d6764e9b428f0ecb1955404,e5b2a2251cfff0daab3834b06cfcbd721f3018064adaafbae74b57f72569f087,665bfe62467601050cda1d9acd4a98554dc5d8e84f7704f3c893f3c55385e7ec,49b6dd2d11093d24488a5317eb052dbbdf7f5d202403c58eed5651bbe5ac4c57,49b6dd2d11093d24488a5317eb052dbbdf7f5d202403c58eed5651bbe5ac4c57,49b6dd2d11093d24488a5317eb052dbbdf7f5d202403c58eed5651bbe5ac4c57,d5082fce8dd5fc2ffa71bbd4219f78890248b0b1b4793128165a7fbce06a2a2b,direct_provider,deepseek,https://api.deepseek.com,deepseek-v4-pro,https://api.deepseek.com/chat/completions,deepseek-v4-pro,caabb4409a46c31ba63803dd43f0cd53791328e6bdb08afe5d9cc7354307cfc7,6088d46151391cb51050f9f1f4c6e07dc0dc10827a3f31ae3d284004a9088eb7,d914cfc97d9b99822a2b1313c16850fd7be529b097eb356dc8e8e7408a7a00a8,explicit,0,4096,omitted,,omitted,,omitted,,omitted,,omitted,,omitted,,omitted,,omitted,,omitted,,False,thinking.type=disabled,ffe557f53c63f7d0f7e35f80c03f61d8b3548db9e4f51e8dda020b28a920d875,provider_not_exposed,provider_not_exposed,False,,False,False,False,disabled,,stop;stop;stop;stop;stop;stop,stop;stop;stop;stop;stop;stop,4226,1003,0,213,213,0,ssr_priority_compactor,mature_ssr_loop_protocol_v1_ecvs_safe_visible_only,1,1,3,3,3,3,0,a97ef27d6d96aef271e871425b3877fa1e028d70b40f4081c952c288fbf7b51e,0,,0,[],[],,0,,,,,not_schema_aware,[],0,0,0,1,,1,[],"[""REQ_02_0C725825"", ""LOCK_02_55C2D3F5"", ""SCOPE_02_B79C0916""]",0,[],0,[],0,[],1,0,,clean,,18a4c29ff6cdd7677a2142300ef6ae423e809f4127734cd9f15470ae010ffbf6,81fbbae37715ea3aa8ae2f49ccb2bce07231cc853d1c0519394431da8ab77d4b,25e704f042ba5af3bf4c6f25476c9f0c502aa1b6d8f3ee07df90c00f10214d84,ae5418bd1b399c678bd0d25717092c6b5ae269eb96c63b135c82a85a20b40a33,36522bb135870ca6faf871bcbf9656a0d07f0ec4c375f326f9cf928fdc9ddb81,released_raw_outputs/model_outputs/_probe_ecvs_deepseek_v4pro_pcg_dynamic_state_v1_e3_m4_h4_visiblecarry_vs_maturessrloop_11task_2method_2budget_1run/deepseek/mature_ssr_loop__pcgds_v1_00002_permission_boundary_easy__run_1__budget_1200.jsonl,6,results/_probe_ecvs_deepseek_v4pro_pcg_dynamic_state_v1_e3_m4_h4_visiblecarry_vs_maturessrloop_11task_2method_2budget_1run/compiler_audit/ssr_loop__pcgds_v1_00002_permission_boundary_easy__run_1__budget_1200.jsonl,5,da82805cf8d5d25cd215c5e4488facfaf707dad8e05de22d6507f17915f90831,48e78b9644264dcfabed271d030fdb79d39c0d7d313884f74ceca0a388b3093c,5724610ff41d037f63adc30a367183af93752cf9816b5f2a0971f44c7e80556f,f182d42528e6fa2ee6232e6c374401825138aaa64d69ef1d8483f75eb8e8cc26,_probe_ecvs_deepseek_v4pro_pcg_dynamic_state_v1_e3_m4_h4_visiblecarry_vs_maturessrloop_11task_2method_2budget_1run,ssr_loop,276568f4f908f36e65d560b050b98c4a566b709a9c5c9db9d3f6161da9f66c01,86bc004b1790a7df41554215fa9401d9d593567c78b27a560e14f3bbc4c4743b,"{""allowed_path_count"": 2, ""budgets_supported"": [600, 1200], ""forbidden_path_count"": 2, ""forbidden_token_count"": 2, ""method_specific_selection_used"": false, ""model_outcomes_used"": false, ""required_output_size"": 3, ""segment_count"": 5, ""stale_token_count"": 2}",debe52b540b08baafdca14de1aa40e1627a39be9a2d96f5970a576488a341be3,6,mature_ssr_loop_protocol_v1_ecvs_safe_visible_only,,,,,,,,,,,,,,,,,,,,,,,,
_probe_ecvs_deepseek_v4pro_pcg_dynamic_state_v1_e3_m4_h4_visiblecarry_vs_maturessrloop_11task_2method_2budget_1run:deepseek_v4pro:mature_ssr_loop:pcgds_v1_00002_permission_boundary_easy:budget_600:run_1,deepseek_v4pro,pcgds_v1_00002_permission_boundary_easy,pcg_dynamic_state_synthetic,easy,permission_boundary,pcg_easy,mature_ssr_loop,mature_ssr_loop,600,1,2026-06-20T05:50:35.943617+00:00,2026-06-20T05:50:51.799551+00:00,2026-06-20T05:50:35.943658+00:00,2026-06-20T05:50:51.794428+00:00,15.84,1564687749c350d1f7bf81b656a728d3a441d2f49f17544a8d34cec04ec5766d,7590839c7c743b1d2b2a62a82a41d765de20e397fe010f7bc89b631b4b100cf8,3318d3247ea911325a8a90d7fb52e51fc024f29ca086ec0d109d0234e43b84f9,72476dec493d71bd520ccda6b63b2bf8b31301d40d6764e9b428f0ecb1955404,3ccddbf35469d2e4897e1df1778fbd5f70fbdcb417c4d24ae082258745c9e11b,665bfe62467601050cda1d9acd4a98554dc5d8e84f7704f3c893f3c55385e7ec,49b6dd2d11093d24488a5317eb052dbbdf7f5d202403c58eed5651bbe5ac4c57,49b6dd2d11093d24488a5317eb052dbbdf7f5d202403c58eed5651bbe5ac4c57,49b6dd2d11093d24488a5317eb052dbbdf7f5d202403c58eed5651bbe5ac4c57,d5082fce8dd5fc2ffa71bbd4219f78890248b0b1b4793128165a7fbce06a2a2b,direct_provider,deepseek,https://api.deepseek.com,deepseek-v4-pro,https://api.deepseek.com/chat/completions,deepseek-v4-pro,caabb4409a46c31ba63803dd43f0cd53791328e6bdb08afe5d9cc7354307cfc7,6088d46151391cb51050f9f1f4c6e07dc0dc10827a3f31ae3d284004a9088eb7,d914cfc97d9b99822a2b1313c16850fd7be529b097eb356dc8e8e7408a7a00a8,explicit,0,4096,omitted,,omitted,,omitted,,omitted,,omitted,,omitted,,omitted,,omitted,,omitted,,False,thinking.type=disabled,ffe557f53c63f7d0f7e35f80c03f61d8b3548db9e4f51e8dda020b28a920d875,provider_not_exposed,provider_not_exposed,False,,False,False,False,disabled,,stop;stop;stop;stop;stop;stop,stop;stop;stop;stop;stop;stop,4215,1015,0,499,213,0,ssr_priority_compactor,mature_ssr_loop_protocol_v1_ecvs_safe_visible_only,1,1,3,3,3,3,0,a97ef27d6d96aef271e871425b3877fa1e028d70b40f4081c952c288fbf7b51e,0,,0,[],[],,0,,,,,not_schema_aware,[],0,0,0,1,,1,[],"[""REQ_02_0C725825"", ""LOCK_02_55C2D3F5"", ""SCOPE_02_B79C0916""]",0,[],0,[],0,[],1,0,,clean,,fbe574acf8e2c78f1ac9a41b5532f3c58bafc1f590c241f54345786307727357,eae01bc88ae4432d7eb1ef532c2c25664b0a4f48e00ae4d8f9f51b2403405e92,501ea3a1393475ce23eb08bbbe8332e8772bc005b3245656d19c41f046b43a79,6edc4cfa0526f85acb197d84a4322df4660fa6b860b0c2802bf64420386d2418,d6d423af4666b71752afb6d31bdf7c8f014257bb19f8c2bcc66974b42e703420,released_raw_outputs/model_outputs/_probe_ecvs_deepseek_v4pro_pcg_dynamic_state_v1_e3_m4_h4_visiblecarry_vs_maturessrloop_11task_2method_2budget_1run/deepseek/mature_ssr_loop__pcgds_v1_00002_permission_boundary_easy__run_1__budget_600.jsonl,6,results/_probe_ecvs_deepseek_v4pro_pcg_dynamic_state_v1_e3_m4_h4_visiblecarry_vs_maturessrloop_11task_2method_2budget_1run/compiler_audit/ssr_loop__pcgds_v1_00002_permission_boundary_easy__run_1__budget_600.jsonl,5,a5d67c94963acff48cd736df3dce6ebd5649be1ae9b8bc03cd085001e48c9ac1,2de9e5a13af221923e2918d4440a0b8e519a42c630ed49c83b0906dfe37046be,026d0c2791e44d62ac118ba4951294b48cb2685be7d58009e9ab90b51deed698,13009cde4cd4f24255937c48331bd2937bff4f93082485762296f07489a42c02,_probe_ecvs_deepseek_v4pro_pcg_dynamic_state_v1_e3_m4_h4_visiblecarry_vs_maturessrloop_11task_2method_2budget_1run,ssr_loop,276568f4f908f36e65d560b050b98c4a566b709a9c5c9db9d3f6161da9f66c01,86bc004b1790a7df41554215fa9401d9d593567c78b27a560e14f3bbc4c4743b,"{""allowed_path_count"": 2, ""budgets_supported"": [600, 1200], ""forbidden_path_count"": 2, ""forbidden_token_count"": 2, ""method_specific_selection_used"": false, ""model_outcomes_used"": false, ""required_output_size"": 3, ""segment_count"": 5, ""stale_token_count"": 2}",debe52b540b08baafdca14de1aa40e1627a39be9a2d96f5970a576488a341be3,6,mature_ssr_loop_protocol_v1_ecvs_safe_visible_only,,,,,,,,,,,,,,,,,,,,,,,,
_probe_ecvs_deepseek_v4pro_pcg_dynamic_state_v1_e3_m4_h4_visiblecarry_vs_maturessrloop_11task_2method_2budget_1run:deepseek_v4pro:mature_ssr_loop:pcgds_v1_00003_requirement_overwrite_easy:budget_1200:run_1,deepseek_v4pro,pcgds_v1_00003_requirement_overwrite_easy,pcg_dynamic_state_synthetic,easy,requirement_overwrite,pcg_easy,mature_ssr_loop,mature_ssr_loop,1200,1,2026-06-20T05:50:35.944882+00:00,2026-06-20T05:50:53.983661+00:00,2026-06-20T05:50:35.944952+00:00,2026-06-20T05:50:53.982819+00:00,18.029,1564687749c350d1f7bf81b656a728d3a441d2f49f17544a8d34cec04ec5766d,c9d30bea3c89838ddcb134739729dda09678b9bb201336180c60f41696f8afc1,3318d3247ea911325a8a90d7fb52e51fc024f29ca086ec0d109d0234e43b84f9,9a0bc36c509d4431340ff2a6299e7b2710bb304276a12d8b9ce6dcfa1204888e,534418f8cb7103e607e892bb3aa46c7d677cbbc951c07bfaf33e6365e6b882bd,665bfe62467601050cda1d9acd4a98554dc5d8e84f7704f3c893f3c55385e7ec,49b6dd2d11093d24488a5317eb052dbbdf7f5d202403c58eed5651bbe5ac4c57,49b6dd2d11093d24488a5317eb052dbbdf7f5d202403c58eed5651bbe5ac4c57,49b6dd2d11093d24488a5317eb052dbbdf7f5d202403c58eed5651bbe5ac4c57,d5082fce8dd5fc2ffa71bbd4219f78890248b0b1b4793128165a7fbce06a2a2b,direct_provider,deepseek,https://api.deepseek.com,deepseek-v4-pro,https://api.deepseek.com/chat/completions,deepseek-v4-pro,caabb4409a46c31ba63803dd43f0cd53791328e6bdb08afe5d9cc7354307cfc7,6088d46151391cb51050f9f1f4c6e07dc0dc10827a3f31ae3d284004a9088eb7,d914cfc97d9b99822a2b1313c16850fd7be529b097eb356dc8e8e7408a7a00a8,explicit,0,4096,omitted,,omitted,,omitted,,omitted,,omitted,,omitted,,omitted,,omitted,,omitted,,False,thinking.type=disabled,ffe557f53c63f7d0f7e35f80c03f61d8b3548db9e4f51e8dda020b28a920d875,provider_not_exposed,provider_not_exposed,False,,False,False,False,disabled,,stop;stop;stop;stop;stop;stop,stop;stop;stop;stop;stop;stop,4225,1213,0,582,213,0,ssr_priority_compactor,mature_ssr_loop_protocol_v1_ecvs_safe_visible_only,1,1,3,3,3,3,0,fac755dfca4c4c81a78a00a4692ad9a72e3e42daedb7aafadcacb8497721c9c8,0,,0,[],[],,0,,,,,not_schema_aware,[],0,0,0,1,,1,[],"[""REQ_03_20816969"", ""LOCK_03_C77AB95A"", ""SCOPE_03_1D28BCF6""]",0,[],0,[],0,[],1,0,,clean,,22ad254ff6ff43a209f5981272080700a952758e010e10e92b118d19e66c39f6,aaa7525078ece8df63a7c5da333ceae9578994ac7fdb17b14b94cc61733c28d6,5574f5fd9d48113a7b5d90d91020fd4561e7b8c20d5abc6eaee69b331feae3fa,148ce7d7019ddf18fe181b21ac70d8ef132ea4e024878a0c7b02083af16905e9,b0d058f731ddbab4e4ee982a353e3aab482fd271adad31aeb4b735fe3372c046,released_raw_outputs/model_outputs/_probe_ecvs_deepseek_v4pro_pcg_dynamic_state_v1_e3_m4_h4_visiblecarry_vs_maturessrloop_11task_2method_2budget_1run/deepseek/mature_ssr_loop__pcgds_v1_00003_requirement_overwrite_easy__run_1__budget_1200.jsonl,6,results/_probe_ecvs_deepseek_v4pro_pcg_dynamic_state_v1_e3_m4_h4_visiblecarry_vs_maturessrloop_11task_2method_2budget_1run/compiler_audit/ssr_loop__pcgds_v1_00003_requirement_overwrite_easy__run_1__budget_1200.jsonl,5,ad46b47ffc74076876da401b782903adc9a3d43d81df155d6351d6791a7a87b8,6b6717961127045680e9afec900b82015e302fba2244221c2351365df97a73fb,33cb4806703a65ab2337d43ea6a917a63872f7d8cdc94aa27a37b679d5a0fe98,1c2c817d9a8346f7926bdc1609019975d1309a1506cce69ccf385285d9e16506,_probe_ecvs_deepseek_v4pro_pcg_dynamic_state_v1_e3_m4_h4_visiblecarry_vs_maturessrloop_11task_2method_2budget_1run,ssr_loop,276568f4f908f36e65d560b050b98c4a566b709a9c5c9db9d3f6161da9f66c01,adade7c97a4ef0aeea59b0fcbed73f3f56c27d76439e15c24b4d6ba3ca09c12d,"{""allowed_path_count"": 2, ""budgets_supported"": [600, 1200], ""forbidden_path_count"": 2, ""forbidden_token_count"": 2, ""method_specific_selection_used"": false, ""model_outcomes_used"": false, ""required_output_size"": 3, ""segment_count"": 5, ""stale_token_count"": 2}",debe52b540b08baafdca14de1aa40e1627a39be9a2d96f5970a576488a341be3,6,mature_ssr_loop_protocol_v1_ecvs_safe_visible_only,,,,,,,,,,,,,,,,,,,,,,,,
_probe_ecvs_deepseek_v4pro_pcg_dynamic_state_v1_e3_m4_h4_visiblecarry_vs_maturessrloop_11task_2method_2budget_1run:deepseek_v4pro:mature_ssr_loop:pcgds_v1_00003_requirement_overwrite_easy:budget_600:run_1,deepseek_v4pro,pcgds_v1_00003_requirement_overwrite_easy,pcg_dynamic_state_synthetic,easy,requirement_overwrite,pcg_easy,mature_ssr_loop,mature_ssr_loop,600,1,2026-06-20T05:50:35.945351+00:00,2026-06-20T05:50:51.420677+00:00,2026-06-20T05:50:35.945395+00:00,2026-06-20T05:50:51.416164+00:00,15.455,1564687749c350d1f7bf81b656a728d3a441d2f49f17544a8d34cec04ec5766d,c9d30bea3c89838ddcb134739729dda09678b9bb201336180c60f41696f8afc1,3318d3247ea911325a8a90d7fb52e51fc024f29ca086ec0d109d0234e43b84f9,9a0bc36c509d4431340ff2a6299e7b2710bb304276a12d8b9ce6dcfa1204888e,e577ea6478b53e76a3d0089106b6b0b66d92640b0fe031b73b558423a1c22186,665bfe62467601050cda1d9acd4a98554dc5d8e84f7704f3c893f3c55385e7ec,49b6dd2d11093d24488a5317eb052dbbdf7f5d202403c58eed5651bbe5ac4c57,49b6dd2d11093d24488a5317eb052dbbdf7f5d202403c58eed5651bbe5ac4c57,49b6dd2d11093d24488a5317eb052dbbdf7f5d202403c58eed5651bbe5ac4c57,d5082fce8dd5fc2ffa71bbd4219f78890248b0b1b4793128165a7fbce06a2a2b,direct_provider,deepseek,https://api.deepseek.com,deepseek-v4-pro,https://api.deepseek.com/chat/completions,deepseek-v4-pro,caabb4409a46c31ba63803dd43f0cd53791328e6bdb08afe5d9cc7354307cfc7,6088d46151391cb51050f9f1f4c6e07dc0dc10827a3f31ae3d284004a9088eb7,d914cfc97d9b99822a2b1313c16850fd7be529b097eb356dc8e8e7408a7a00a8,explicit,0,4096,omitted,,omitted,,omitted,,omitted,,omitted,,omitted,,omitted,,omitted,,omitted,,False,thinking.type=disabled,ffe557f53c63f7d0f7e35f80c03f61d8b3548db9e4f51e8dda020b28a920d875,provider_not_exposed,provider_not_exposed,False,,False,False,False,disabled,,stop;stop;stop;stop;stop;stop,stop;stop;stop;stop;stop;stop,4214,1013,0,316,213,0,ssr_priority_compactor,mature_ssr_loop_protocol_v1_ecvs_safe_visible_only,1,1,3,1,3,3,0,fc723c3a3b819017ca6018773b2635aae88880a5026e798c5c248824bad69e31,0,,0,[],[],,0,,,,,not_schema_aware,[],0,0,0,1,,1,[],"[""REQ_03_20816969"", ""LOCK_03_C77AB95A"", ""SCOPE_03_1D28BCF6""]",0,[],0,[],0,[],1,0,,clean,,2e2428ae6ca6bcdcfc7a6848d1e334e87371aa01d2e4a60e9ea5401c564b6f2a,ecdd33b495b14e44b0667c512da93c3503ed479329cf2ca97e906b223aae5edf,d12ad3a8c4e680c24c36ec31813414e85775f55e6c29d0d40cb4d1afda2bfa4d,a683ae6adc0febb10b407aa41a671801190850b55d588b385acffc0bf341f882,bc46a3a3fb6e0e0c4651aece98794d921736d080486bafe8f5e64009834ac3a7,released_raw_outputs/model_outputs/_probe_ecvs_deepseek_v4pro_pcg_dynamic_state_v1_e3_m4_h4_visiblecarry_vs_maturessrloop_11task_2method_2budget_1run/deepseek/mature_ssr_loop__pcgds_v1_00003_requirement_overwrite_easy__run_1__budget_600.jsonl,6,results/_probe_ecvs_deepseek_v4pro_pcg_dynamic_state_v1_e3_m4_h4_visiblecarry_vs_maturessrloop_11task_2method_2budget_1run/compiler_audit/ssr_loop__pcgds_v1_00003_requirement_overwrite_easy__run_1__budget_600.jsonl,5,af7162d427c55fbf6a6515f2b56ff1754682ed97bd4ff51ca8a00bade059ba87,a4eef685de58d8357b1e993cada21b450b149560265daf2ec4cdabc9a566aabe,1defbffcc322c52bd0592a6a1ff4fd49509e09f1182753a48d0cc3a4b05d57ca,9d9d01f089b299b6396f1c30a1e52cae6d44693204d8ac2c6d95d1cdeaa73b04,_probe_ecvs_deepseek_v4pro_pcg_dynamic_state_v1_e3_m4_h4_visiblecarry_vs_maturessrloop_11task_2method_2budget_1run,ssr_loop,276568f4f908f36e65d560b050b98c4a566b709a9c5c9db9d3f6161da9f66c01,adade7c97a4ef0aeea59b0fcbed73f3f56c27d76439e15c24b4d6ba3ca09c12d,"{""allowed_path_count"": 2, ""budgets_supported"": [600, 1200], ""forbidden_path_count"": 2, ""forbidden_token_count"": 2, ""method_specific_selection_used"": false, ""model_outcomes_used"": false, ""required_output_size"": 3, ""segment_count"": 5, ""stale_token_count"": 2}",debe52b540b08baafdca14de1aa40e1627a39be9a2d96f5970a576488a341be3,6,mature_ssr_loop_protocol_v1_ecvs_safe_visible_only,,,,,,,,,,,,,,,,,,,,,,,,
_probe_ecvs_deepseek_v4pro_pcg_dynamic_state_v1_e3_m4_h4_visiblecarry_vs_maturessrloop_11task_2method_2budget_1run:deepseek_v4pro:mature_ssr_loop:pcgds_v1_00004_decoy_heavy_config_medium:budget_1200:run_1,deepseek_v4pro,pcgds_v1_00004_decoy_heavy_config_medium,pcg_dynamic_state_synthetic,medium,decoy_heavy_config,pcg_medium,mature_ssr_loop,mature_ssr_loop,1200,1,2026-06-20T05:50:35.948095+00:00,2026-06-20T05:51:01.599142+00:00,2026-06-20T05:50:35.948232+00:00,2026-06-20T05:51:01.596022+00:00,25.636,1564687749c350d1f7bf81b656a728d3a441d2f49f17544a8d34cec04ec5766d,2840c1a4698d76b8f8a842ff920efc21ef04d6d811a8daa42bceb44c6fc5ca14,3318d3247ea911325a8a90d7fb52e51fc024f29ca086ec0d109d0234e43b84f9,40ce62467640de89a2fc2198003d2b56e917ff97904bddd4fedbcff726943fa2,1fe1cd32ed9157eeff90c43284f03a22192642edbdc241d43de948c060c828da,665bfe62467601050cda1d9acd4a98554dc5d8e84f7704f3c893f3c55385e7ec,49b6dd2d11093d24488a5317eb052dbbdf7f5d202403c58eed5651bbe5ac4c57,49b6dd2d11093d24488a5317eb052dbbdf7f5d202403c58eed5651bbe5ac4c57,49b6dd2d11093d24488a5317eb052dbbdf7f5d202403c58eed5651bbe5ac4c57,d5082fce8dd5fc2ffa71bbd4219f78890248b0b1b4793128165a7fbce06a2a2b,direct_provider,deepseek,https://api.deepseek.com,deepseek-v4-pro,https://api.deepseek.com/chat/completions,deepseek-v4-pro,caabb4409a46c31ba63803dd43f0cd53791328e6bdb08afe5d9cc7354307cfc7,6088d46151391cb51050f9f1f4c6e07dc0dc10827a3f31ae3d284004a9088eb7,d914cfc97d9b99822a2b1313c16850fd7be529b097eb356dc8e8e7408a7a00a8,explicit,0,4096,omitted,,omitted,,omitted,,omitted,,omitted,,omitted,,omitted,,omitted,,omitted,,False,thinking.type=disabled,ffe557f53c63f7d0f7e35f80c03f61d8b3548db9e4f51e8dda020b28a920d875,provider_not_exposed,provider_not_exposed,False,,False,False,False,disabled,,stop;stop;stop;stop;stop;stop;stop;stop,stop;stop;stop;stop;stop;stop;stop;stop,5795,1718,0,701,231,0,ssr_priority_compactor,mature_ssr_loop_protocol_v1_ecvs_safe_visible_only,1,1,4,4,4,4,0,35d60010819d57e3a01226401324fb41de6a2fadeb39c5239574c951062b7482,0,,0,[],[],,0,,,,,not_schema_aware,[],0,0,0,1,,1,[],"[""REQ_04_B835337B"", ""LOCK_04_175E4F11"", ""SCOPE_04_83344E7E"", ""CHECK_04_EE289F31""]",0,[],0,[],0,[],1,0,,clean,,360ce334fcfefe123da4744b44b45941f5c3e30eec873b16c15f5542d92b51dd,fc1996fc43042f34a209e4e755e39f693f9af257c939448c12a26a6477599ade,6741589b181caf826cb2234ae8c3095fb48a1f49416e96549c7c0e2150eded8e,e4ca5e3d3ac745dde243cd86622424869c177cdc1c98324f731e7eeb746e7cdd,666868a7965196425acca4261d9aac2c28223fd7d912092601f6c45750319cce,released_raw_outputs/model_outputs/_probe_ecvs_deepseek_v4pro_pcg_dynamic_state_v1_e3_m4_h4_visiblecarry_vs_maturessrloop_11task_2method_2budget_1run/deepseek/mature_ssr_loop__pcgds_v1_00004_decoy_heavy_config_medium__run_1__budget_1200.jsonl,8,results/_probe_ecvs_deepseek_v4pro_pcg_dynamic_state_v1_e3_m4_h4_visiblecarry_vs_maturessrloop_11task_2method_2budget_1run/compiler_audit/ssr_loop__pcgds_v1_00004_decoy_heavy_config_medium__run_1__budget_1200.jsonl,7,e64bbfd1f51c0d0ded370e4b4b3eb283faca3970b4833a5a474cac2f95393a42,4bab3f996de9cb447699552c76343721cdf87d117c1bf17645a31b15eed5ec0f,6a47170bad41c080a8ecb36bd68b81f63c8257c2bdd4f92d6996bfe0ed3cd95a,960d6d01463b64bc661a67e03ef29dea581b9d3732589992cfa1e5b237ad0aad,_probe_ecvs_deepseek_v4pro_pcg_dynamic_state_v1_e3_m4_h4_visiblecarry_vs_maturessrloop_11task_2method_2budget_1run,ssr_loop,276568f4f908f36e65d560b050b98c4a566b709a9c5c9db9d3f6161da9f66c01,b64839ccd632c698528c9d17c280f790cf608f05354521ce5e23ba65e949ad02,"{""allowed_path_count"": 2, ""budgets_supported"": [600, 1200], ""forbidden_path_count"": 3, ""forbidden_token_count"": 3, ""method_specific_selection_used"": false, ""model_outcomes_used"": false, ""required_output_size"": 4, ""segment_count"": 7, ""stale_token_count"": 3}",debe52b540b08baafdca14de1aa40e1627a39be9a2d96f5970a576488a341be3,8,mature_ssr_loop_protocol_v1_ecvs_safe_visible_only,,,,,,,,,,,,,,,,,,,,,,,,
_probe_ecvs_deepseek_v4pro_pcg_dynamic_state_v1_e3_m4_h4_visiblecarry_vs_maturessrloop_11task_2method_2budget_1run:deepseek_v4pro:mature_ssr_loop:pcgds_v1_00004_decoy_heavy_config_medium:budget_600:run_1,deepseek_v4pro,pcgds_v1_00004_decoy_heavy_config_medium,pcg_dynamic_state_synthetic,medium,decoy_heavy_config,pcg_medium,mature_ssr_loop,mature_ssr_loop,600,1,2026-06-20T05:50:35.949634+00:00,2026-06-20T05:50:59.923275+00:00,2026-06-20T05:50:35.949704+00:00,2026-06-20T05:50:59.917952+00:00,23.956,1564687749c350d1f7bf81b656a728d3a441d2f49f17544a8d34cec04ec5766d,2840c1a4698d76b8f8a842ff920efc21ef04d6d811a8daa42bceb44c6fc5ca14,3318d3247ea911325a8a90d7fb52e51fc024f29ca086ec0d109d0234e43b84f9,40ce62467640de89a2fc2198003d2b56e917ff97904bddd4fedbcff726943fa2,7e042756aeba2c90a9231b67bf766d61e7e662bbb1cafc17e8027d8c04a1abd6,665bfe62467601050cda1d9acd4a98554dc5d8e84f7704f3c893f3c55385e7ec,49b6dd2d11093d24488a5317eb052dbbdf7f5d202403c58eed5651bbe5ac4c57,49b6dd2d11093d24488a5317eb052dbbdf7f5d202403c58eed5651bbe5ac4c57,49b6dd2d11093d24488a5317eb052dbbdf7f5d202403c58eed5651bbe5ac4c57,d5082fce8dd5fc2ffa71bbd4219f78890248b0b1b4793128165a7fbce06a2a2b,direct_provider,deepseek,https://api.deepseek.com,deepseek-v4-pro,https://api.deepseek.com/chat/completions,deepseek-v4-pro,caabb4409a46c31ba63803dd43f0cd53791328e6bdb08afe5d9cc7354307cfc7,6088d46151391cb51050f9f1f4c6e07dc0dc10827a3f31ae3d284004a9088eb7,d914cfc97d9b99822a2b1313c16850fd7be529b097eb356dc8e8e7408a7a00a8,explicit,0,4096,omitted,,omitted,,omitted,,omitted,,omitted,,omitted,,omitted,,omitted,,omitted,,False,thinking.type=disabled,ffe557f53c63f7d0f7e35f80c03f61d8b3548db9e4f51e8dda020b28a920d875,provider_not_exposed,provider_not_exposed,False,,False,False,False,disabled,,stop;stop;stop;stop;stop;stop;stop;stop,stop;stop;stop;stop;stop;stop;stop;stop,5781,1642,0,749,231,1,ssr_priority_compactor,mature_ssr_loop_protocol_v1_ecvs_safe_visible_only,1,1,4,4,4,4,0,9b52e8e14af270821adbe0d6145171c5c224477e2bfb32a6c3744df9a001070f,0,,0,[],[],,0,,,,,not_schema_aware,[],0,0,0,1,,1,[],"[""REQ_04_B835337B"", ""LOCK_04_175E4F11"", ""SCOPE_04_83344E7E"", ""CHECK_04_EE289F31""]",0,[],0,[],0,[],1,0,,clean,,ea512e5e607cde3e39cb32e120f2c4c140fb3dd78617c7b10dc049284b5a7208,0c55bf90ed3082cc14e1451eda959ec433cae1e70cd210b9df043ba090509e97,6a99097ca80d789ae5051e3cb156bba15309bd877e18e9b6bcd0bec74787e20f,21d452a6bac4057e4e7eb68fb81f243f463ac20dd04e1bb7bbe5a185e66b7605,e23824765a477edf54e2a97cc5476eed288e224b572d938618635fbe9b8c256d,released_raw_outputs/model_outputs/_probe_ecvs_deepseek_v4pro_pcg_dynamic_state_v1_e3_m4_h4_visiblecarry_vs_maturessrloop_11task_2method_2budget_1run/deepseek/mature_ssr_loop__pcgds_v1_00004_decoy_heavy_config_medium__run_1__budget_600.jsonl,8,results/_probe_ecvs_deepseek_v4pro_pcg_dynamic_state_v1_e3_m4_h4_visiblecarry_vs_maturessrloop_11task_2method_2budget_1run/compiler_audit/ssr_loop__pcgds_v1_00004_decoy_heavy_config_medium__run_1__budget_600.jsonl,7,db240ac25f4193f24be4db7d043a6517ee3e6efed70c7b9a31e05685f857b47c,e9f3d87a71afa3b4ead2fa53bc39a1b2d181ecb9ed897011288d1f2f8077b2a9,133f3758dffa04eb988c4d0689afcf94711c7d312f5628e9d6a8292634607a2f,464f5d4b77a9bbe59ca8151ebee8106294ba7af07e14816185b0ea331f5a7ca8,_probe_ecvs_deepseek_v4pro_pcg_dynamic_state_v1_e3_m4_h4_visiblecarry_vs_maturessrloop_11task_2method_2budget_1run,ssr_loop,276568f4f908f36e65d560b050b98c4a566b709a9c5c9db9d3f6161da9f66c01,b64839ccd632c698528c9d17c280f790cf608f05354521ce5e23ba65e949ad02,"{""allowed_path_count"": 2, ""budgets_supported"": [600, 1200], ""forbidden_path_count"": 3, ""forbidden_token_count"": 3, ""method_specific_selection_used"": false, ""model_outcomes_used"": false, ""required_output_size"": 4, ""segment_count"": 7, ""stale_token_count"": 3}",debe52b540b08baafdca14de1aa40e1627a39be9a2d96f5970a576488a341be3,8,mature_ssr_loop_protocol_v1_ecvs_safe_visible_only,,,,,,,,,,,,,,,,,,,,,,,,
_probe_ecvs_deepseek_v4pro_pcg_dynamic_state_v1_e3_m4_h4_visiblecarry_vs_maturessrloop_11task_2method_2budget_1run:deepseek_v4pro:mature_ssr_loop:pcgds_v1_00005_api_migration_medium:budget_1200:run_1,deepseek_v4pro,pcgds_v1_00005_api_migration_medium,pcg_dynamic_state_synthetic,medium,api_migration,pcg_medium,mature_ssr_loop,mature_ssr_loop,1200,1,2026-06-20T05:50:35.975658+00:00,2026-06-20T05:51:00.104828+00:00,2026-06-20T05:50:35.975722+00:00,2026-06-20T05:51:00.103445+00:00,24.118,1564687749c350d1f7bf81b656a728d3a441d2f49f17544a8d34cec04ec5766d,7282f94775686a4f53391f71fe9e7f08ce129eefd2158a7090436ca893e5e252,3318d3247ea911325a8a90d7fb52e51fc024f29ca086ec0d109d0234e43b84f9,8391694deb4ebc8f13097162aece443bbc7d306befb0c19646d091e803959dac,af746074960a91930bd48ef8799803f0f8854104688cfddf3ddca35b6a37b145,665bfe62467601050cda1d9acd4a98554dc5d8e84f7704f3c893f3c55385e7ec,49b6dd2d11093d24488a5317eb052dbbdf7f5d202403c58eed5651bbe5ac4c57,49b6dd2d11093d24488a5317eb052dbbdf7f5d202403c58eed5651bbe5ac4c57,49b6dd2d11093d24488a5317eb052dbbdf7f5d202403c58eed5651bbe5ac4c57,d5082fce8dd5fc2ffa71bbd4219f78890248b0b1b4793128165a7fbce06a2a2b,direct_provider,deepseek,https://api.deepseek.com,deepseek-v4-pro,https://api.deepseek.com/chat/completions,deepseek-v4-pro,caabb4409a46c31ba63803dd43f0cd53791328e6bdb08afe5d9cc7354307cfc7,6088d46151391cb51050f9f1f4c6e07dc0dc10827a3f31ae3d284004a9088eb7,d914cfc97d9b99822a2b1313c16850fd7be529b097eb356dc8e8e7408a7a00a8,explicit,0,4096,omitted,,omitted,,omitted,,omitted,,omitted,,omitted,,omitted,,omitted,,omitted,,False,thinking.type=disabled,ffe557f53c63f7d0f7e35f80c03f61d8b3548db9e4f51e8dda020b28a920d875,provider_not_exposed,provider_not_exposed,False,,False,False,False,disabled,,stop;stop;stop;stop;stop;stop;stop;stop,stop;stop;stop;stop;stop;stop;stop;stop,5771,1663,0,627,231,0,ssr_priority_compactor,mature_ssr_loop_protocol_v1_ecvs_safe_visible_only,1,1,4,1,4,4,0,0a64599692377d79628abbb819963bf058e9903422fef85246008108b674261f,0,,0,[],[],,0,,,,,not_schema_aware,[],0,0,0,1,,1,[],"[""REQ_05_1420B17F"", ""LOCK_05_952D6B84"", ""SCOPE_05_3A6BE092"", ""CHECK_05_00F23B44""]",0,[],0,[],0,[],1,0,,clean,,79b5709c8386082e07eff95cdc933cede0fa902e036fc725d85d1b9f4bf58737,7581403c066b88a6b592e47ca3e291f4465f8b466bd02f17303b649b704b6403,8dd2b369d6a7b9db639400f874f125ba7013e72312e6d4e9c6925b5d1c9cce09,59f453de4e7f1ed8b1cd9528ff83f6511a7185a78a4d43cffadf79cc9ae9f0af,32a9fa52977a055e0a14e705101b1d435956c58690cb487c6954f6082ae935cf,released_raw_outputs/model_outputs/_probe_ecvs_deepseek_v4pro_pcg_dynamic_state_v1_e3_m4_h4_visiblecarry_vs_maturessrloop_11task_2method_2budget_1run/deepseek/mature_ssr_loop__pcgds_v1_00005_api_migration_medium__run_1__budget_1200.jsonl,8,results/_probe_ecvs_deepseek_v4pro_pcg_dynamic_state_v1_e3_m4_h4_visiblecarry_vs_maturessrloop_11task_2method_2budget_1run/compiler_audit/ssr_loop__pcgds_v1_00005_api_migration_medium__run_1__budget_1200.jsonl,7,33e2269a4eefb640b1cf8b14e781a366cd94a423f5e26f05a99d49c4832489eb,63b8186d20e46635fec67c3a284cf13f5c654c3565fa55ad2dab0a204f4cbf6f,c94b2bd2355de70552ca7df2a62525a9b5128edaa65b9b27306d784a8375fa63,0605a6c6aabd3a7d96428c457b06e90c7b7f85df424546e2da93835f31797ac1,_probe_ecvs_deepseek_v4pro_pcg_dynamic_state_v1_e3_m4_h4_visiblecarry_vs_maturessrloop_11task_2method_2budget_1run,ssr_loop,276568f4f908f36e65d560b050b98c4a566b709a9c5c9db9d3f6161da9f66c01,b3318248333e4e1315fdf6e72fe2ec4d1ddbd95bc351806405a2e9269f1661ab,"{""allowed_path_count"": 2, ""budgets_supported"": [600, 1200], ""forbidden_path_count"": 3, ""forbidden_token_count"": 3, ""method_specific_selection_used"": false, ""model_outcomes_used"": false, ""required_output_size"": 4, ""segment_count"": 7, ""stale_token_count"": 3}",debe52b540b08baafdca14de1aa40e1627a39be9a2d96f5970a576488a341be3,8,mature_ssr_loop_protocol_v1_ecvs_safe_visible_only,,,,,,,,,,,,,,,,,,,,,,,,
_probe_ecvs_deepseek_v4pro_pcg_dynamic_state_v1_e3_m4_h4_visiblecarry_vs_maturessrloop_11task_2method_2budget_1run:deepseek_v4pro:mature_ssr_loop:pcgds_v1_00005_api_migration_medium:budget_600:run_1,deepseek_v4pro,pcgds_v1_00005_api_migration_medium,pcg_dynamic_state_synthetic,medium,api_migration,pcg_medium,mature_ssr_loop,mature_ssr_loop,600,1,2026-06-20T05:50:35.948947+00:00,2026-06-20T05:51:00.629600+00:00,2026-06-20T05:50:35.948995+00:00,2026-06-20T05:51:00.627934+00:00,24.669,1564687749c350d1f7bf81b656a728d3a441d2f49f17544a8d34cec04ec5766d,7282f94775686a4f53391f71fe9e7f08ce129eefd2158a7090436ca893e5e252,3318d3247ea911325a8a90d7fb52e51fc024f29ca086ec0d109d0234e43b84f9,8391694deb4ebc8f13097162aece443bbc7d306befb0c19646d091e803959dac,38ce463b112c5180e3661f922e57a26881f0dbaa2a9808a5197e6e74d271a510,665bfe62467601050cda1d9acd4a98554dc5d8e84f7704f3c893f3c55385e7ec,49b6dd2d11093d24488a5317eb052dbbdf7f5d202403c58eed5651bbe5ac4c57,49b6dd2d11093d24488a5317eb052dbbdf7f5d202403c58eed5651bbe5ac4c57,49b6dd2d11093d24488a5317eb052dbbdf7f5d202403c58eed5651bbe5ac4c57,d5082fce8dd5fc2ffa71bbd4219f78890248b0b1b4793128165a7fbce06a2a2b,direct_provider,deepseek,https://api.deepseek.com,deepseek-v4-pro,https://api.deepseek.com/chat/completions,deepseek-v4-pro,caabb4409a46c31ba63803dd43f0cd53791328e6bdb08afe5d9cc7354307cfc7,6088d46151391cb51050f9f1f4c6e07dc0dc10827a3f31ae3d284004a9088eb7,d914cfc97d9b99822a2b1313c16850fd7be529b097eb356dc8e8e7408a7a00a8,explicit,0,4096,omitted,,omitted,,omitted,,omitted,,omitted,,omitted,,omitted,,omitted,,omitted,,False,thinking.type=disabled,ffe557f53c63f7d0f7e35f80c03f61d8b3548db9e4f51e8dda020b28a920d875,provider_not_exposed,provider_not_exposed,False,,False,False,False,disabled,,stop;stop;stop;stop;stop;stop;stop;stop,stop;stop;stop;stop;stop;stop;stop;stop,5756,1526,0,558,231,0,ssr_priority_compactor,mature_ssr_loop_protocol_v1_ecvs_safe_visible_only,1,1,4,1,4,4,0,0a64599692377d79628abbb819963bf058e9903422fef85246008108b674261f,0,,0,[],[],,0,,,,,not_schema_aware,[],0,0,0,1,,1,[],"[""REQ_05_1420B17F"", ""LOCK_05_952D6B84"", ""SCOPE_05_3A6BE092"", ""CHECK_05_00F23B44""]",0,[],0,[],0,[],1,0,,clean,,695c52d69426ab5e85d22b434ae9ff0f07ebed93f5e3849350fd88b9767e696f,479497889d057e995548758106b4140874002efda211566bb23c821ee47de2f5,bae2d3bfff57305d18e51ca4fc81d49424ddd9da88f58f7c9bd76c9d444d19e1,69caf52146e7de31dfbd1cd3c478db28f9266efdc5be2f7633183f7f959fa9bd,78b5954864ace181d867668f592350e5c6956d2efb57a25150d4537579615de2,released_raw_outputs/model_outputs/_probe_ecvs_deepseek_v4pro_pcg_dynamic_state_v1_e3_m4_h4_visiblecarry_vs_maturessrloop_11task_2method_2budget_1run/deepseek/mature_ssr_loop__pcgds_v1_00005_api_migration_medium__run_1__budget_600.jsonl,8,results/_probe_ecvs_deepseek_v4pro_pcg_dynamic_state_v1_e3_m4_h4_visiblecarry_vs_maturessrloop_11task_2method_2budget_1run/compiler_audit/ssr_loop__pcgds_v1_00005_api_migration_medium__run_1__budget_600.jsonl,7,e88eb5729b9bdb02221ad705f9fd9cbaecb8780ec140d5a17bbd6651fb52aa2d,755dd61c39eda5823f742215ade443c79a0c34042bebcfcadd9dfb5b6a4b3b6f,d161c1d22e297840a0a3ae57d2f0b846106a9f43164541e52a3019a0ca0a7426,78a99031614f30c3a8dad4be2cd2093604968502f94525074b70ddcb6323f2dc,_probe_ecvs_deepseek_v4pro_pcg_dynamic_state_v1_e3_m4_h4_visiblecarry_vs_maturessrloop_11task_2method_2budget_1run,ssr_loop,276568f4f908f36e65d560b050b98c4a566b709a9c5c9db9d3f6161da9f66c01,b3318248333e4e1315fdf6e72fe2ec4d1ddbd95bc351806405a2e9269f1661ab,"{""allowed_path_count"": 2, ""budgets_supported"": [600, 1200], ""forbidden_path_count"": 3, ""forbidden_token_count"": 3, ""method_specific_selection_used"": false, ""model_outcomes_used"": false, ""required_output_size"": 4, ""segment_count"": 7, ""stale_token_count"": 3}",debe52b540b08baafdca14de1aa40e1627a39be9a2d96f5970a576488a341be3,8,mature_ssr_loop_protocol_v1_ecvs_safe_visible_only,,,,,,,,,,,,,,,,,,,,,,,,
_probe_ecvs_deepseek_v4pro_pcg_dynamic_state_v1_e3_m4_h4_visiblecarry_vs_maturessrloop_11task_2method_2budget_1run:deepseek_v4pro:mature_ssr_loop:pcgds_v1_00006_permission_boundary_medium:budget_1200:run_1,deepseek_v4pro,pcgds_v1_00006_permission_boundary_medium,pcg_dynamic_state_synthetic,medium,permission_boundary,pcg_medium,mature_ssr_loop,mature_ssr_loop,1200,1,2026-06-20T05:50:35.976521+00:00,2026-06-20T05:50:59.038255+00:00,2026-06-20T05:50:35.976559+00:00,2026-06-20T05:50:59.037280+00:00,23.049,1564687749c350d1f7bf81b656a728d3a441d2f49f17544a8d34cec04ec5766d,f29f86bbf5ed3d064872f832b1a6c0084d8fa7a5157ed94c3f9ed4b54f49c51a,3318d3247ea911325a8a90d7fb52e51fc024f29ca086ec0d109d0234e43b84f9,971b42a87063672edd75ebfa52551a4314a73da0211fe883e4075027cda5070b,e492743306a32095a818d211cc3167dd21333e3c8fa81ba4ef1f412991da060b,665bfe62467601050cda1d9acd4a98554dc5d8e84f7704f3c893f3c55385e7ec,49b6dd2d11093d24488a5317eb052dbbdf7f5d202403c58eed5651bbe5ac4c57,49b6dd2d11093d24488a5317eb052dbbdf7f5d202403c58eed5651bbe5ac4c57,49b6dd2d11093d24488a5317eb052dbbdf7f5d202403c58eed5651bbe5ac4c57,d5082fce8dd5fc2ffa71bbd4219f78890248b0b1b4793128165a7fbce06a2a2b,direct_provider,deepseek,https://api.deepseek.com,deepseek-v4-pro,https://api.deepseek.com/chat/completions,deepseek-v4-pro,caabb4409a46c31ba63803dd43f0cd53791328e6bdb08afe5d9cc7354307cfc7,6088d46151391cb51050f9f1f4c6e07dc0dc10827a3f31ae3d284004a9088eb7,d914cfc97d9b99822a2b1313c16850fd7be529b097eb356dc8e8e7408a7a00a8,explicit,0,4096,omitted,,omitted,,omitted,,omitted,,omitted,,omitted,,omitted,,omitted,,omitted,,False,thinking.type=disabled,ffe557f53c63f7d0f7e35f80c03f61d8b3548db9e4f51e8dda020b28a920d875,provider_not_exposed,provider_not_exposed,False,,False,False,False,disabled,,stop;stop;stop;stop;stop;stop;stop;stop,stop;stop;stop;stop;stop;stop;stop;stop,5730,1471,0,551,231,0,ssr_priority_compactor,mature_ssr_loop_protocol_v1_ecvs_safe_visible_only,1,1,4,4,4,4,0,f2dd0da6ba8b3135b39ff336df50791f0c0286b153dbda8ac294564683d06419,0,,0,[],[],,0,,,,,not_schema_aware,[],0,0,0,1,,1,[],"[""REQ_06_1791C152"", ""LOCK_06_E09F1DD5"", ""SCOPE_06_33D0905A"", ""CHECK_06_FAB900F1""]",0,[],0,[],0,[],1,0,,clean,,1552a51a52bd6eddeba8ef1199cfd744b0bd187d900b4f6d237e0650310f0616,9778b6b778335961f45d6cb8bf485083f0f90765426227f95723af0b8e4eb8f0,c7cd070137bf94f6349e137287dbf713e12a6e618a0415f1e7f288020964b575,5269ad60f46369cff9994d99bd76f4b7934104a1b2f91abb9883cb228d329768,791edcd0a70fc444d1e13319f338e80fa538ca6b4dbcba8bec061cc72aa181f3,released_raw_outputs/model_outputs/_probe_ecvs_deepseek_v4pro_pcg_dynamic_state_v1_e3_m4_h4_visiblecarry_vs_maturessrloop_11task_2method_2budget_1run/deepseek/mature_ssr_loop__pcgds_v1_00006_permission_boundary_medium__run_1__budget_1200.jsonl,8,results/_probe_ecvs_deepseek_v4pro_pcg_dynamic_state_v1_e3_m4_h4_visiblecarry_vs_maturessrloop_11task_2method_2budget_1run/compiler_audit/ssr_loop__pcgds_v1_00006_permission_boundary_medium__run_1__budget_1200.jsonl,7,852a7aecdb0a6ef31ab18951a763be8a5cbda1e76aaf8ddf11c94a9b25770a72,43dda220b8a47f4d8fd229c09f464d6ad957d2aa1902c170772458bad2ebeee5,d74561db7c6e785dc75db5153484e8eb5ff95663957a99d036401b2b6bea373d,252cf06a204c8ead02c9afb6b6d4fe4f9cfa55770e893edc6de3418e373c4162,_probe_ecvs_deepseek_v4pro_pcg_dynamic_state_v1_e3_m4_h4_visiblecarry_vs_maturessrloop_11task_2method_2budget_1run,ssr_loop,276568f4f908f36e65d560b050b98c4a566b709a9c5c9db9d3f6161da9f66c01,421f6e8e63881c1055382a7305f9d165d82d275305d563f1556f72465a4429b9,"{""allowed_path_count"": 2, ""budgets_supported"": [600, 1200], ""forbidden_path_count"": 3, ""forbidden_token_count"": 3, ""method_specific_selection_used"": false, ""model_outcomes_used"": false, ""required_output_size"": 4, ""segment_count"": 7, ""stale_token_count"": 3}",debe52b540b08baafdca14de1aa40e1627a39be9a2d96f5970a576488a341be3,8,mature_ssr_loop_protocol_v1_ecvs_safe_visible_only,,,,,,,,,,,,,,,,,,,,,,,,
_probe_ecvs_deepseek_v4pro_pcg_dynamic_state_v1_e3_m4_h4_visiblecarry_vs_maturessrloop_11task_2method_2budget_1run:deepseek_v4pro:mature_ssr_loop:pcgds_v1_00006_permission_boundary_medium:budget_600:run_1,deepseek_v4pro,pcgds_v1_00006_permission_boundary_medium,pcg_dynamic_state_synthetic,medium,permission_boundary,pcg_medium,mature_ssr_loop,mature_ssr_loop,600,1,2026-06-20T05:50:35.976811+00:00,2026-06-20T05:50:55.876576+00:00,2026-06-20T05:50:35.976862+00:00,2026-06-20T05:50:55.866406+00:00,19.881,1564687749c350d1f7bf81b656a728d3a441d2f49f17544a8d34cec04ec5766d,f29f86bbf5ed3d064872f832b1a6c0084d8fa7a5157ed94c3f9ed4b54f49c51a,3318d3247ea911325a8a90d7fb52e51fc024f29ca086ec0d109d0234e43b84f9,971b42a87063672edd75ebfa52551a4314a73da0211fe883e4075027cda5070b,cfcb9c6c84a3842ef23bfcd6a3e8376c396b36fc7f5c8e8df448603dfdfa192f,665bfe62467601050cda1d9acd4a98554dc5d8e84f7704f3c893f3c55385e7ec,49b6dd2d11093d24488a5317eb052dbbdf7f5d202403c58eed5651bbe5ac4c57,49b6dd2d11093d24488a5317eb052dbbdf7f5d202403c58eed5651bbe5ac4c57,49b6dd2d11093d24488a5317eb052dbbdf7f5d202403c58eed5651bbe5ac4c57,d5082fce8dd5fc2ffa71bbd4219f78890248b0b1b4793128165a7fbce06a2a2b,direct_provider,deepseek,https://api.deepseek.com,deepseek-v4-pro,https://api.deepseek.com/chat/completions,deepseek-v4-pro,caabb4409a46c31ba63803dd43f0cd53791328e6bdb08afe5d9cc7354307cfc7,6088d46151391cb51050f9f1f4c6e07dc0dc10827a3f31ae3d284004a9088eb7,d914cfc97d9b99822a2b1313c16850fd7be529b097eb356dc8e8e7408a7a00a8,explicit,0,4096,omitted,,omitted,,omitted,,omitted,,omitted,,omitted,,omitted,,omitted,,omitted,,False,thinking.type=disabled,ffe557f53c63f7d0f7e35f80c03f61d8b3548db9e4f51e8dda020b28a920d875,provider_not_exposed,provider_not_exposed,False,,False,False,False,disabled,,stop;stop;stop;stop;stop;stop;stop;stop,stop;stop;stop;stop;stop;stop;stop;stop,5715,1258,0,398,231,0,ssr_priority_compactor,mature_ssr_loop_protocol_v1_ecvs_safe_visible_only,1,1,4,4,4,4,0,456dfbc0d155fc5c37142d920deba4b20b65bd1973a38e9324887aa576fadd2f,0,,0,[],[],,0,,,,,not_schema_aware,[],0,0,0,1,,1,[],"[""REQ_06_1791C152"", ""LOCK_06_E09F1DD5"", ""SCOPE_06_33D0905A"", ""CHECK_06_FAB900F1""]",0,[],0,[],0,[],1,0,,clean,,46fc85ee117921118e59df529c41cdea7bfcb15312e31ce442ba08de9bea912f,05645a190d34b56ed758317624e825fbcaa4e16a6b30b0e6239bdf2d6fd7ec57,8eea0af3e14f2b9f8578a821663d3c93200176ab9a886e8b8337bd242853f48d,deefd97a0b66cfbe26124f4f2b0c18c6b6f6674a1404598d3b3d04ee1c77a889,714a73771594dbbe65fbaf11787df08f53285682e8b9a68009f36ce14bb02cb4,released_raw_outputs/model_outputs/_probe_ecvs_deepseek_v4pro_pcg_dynamic_state_v1_e3_m4_h4_visiblecarry_vs_maturessrloop_11task_2method_2budget_1run/deepseek/mature_ssr_loop__pcgds_v1_00006_permission_boundary_medium__run_1__budget_600.jsonl,8,results/_probe_ecvs_deepseek_v4pro_pcg_dynamic_state_v1_e3_m4_h4_visiblecarry_vs_maturessrloop_11task_2method_2budget_1run/compiler_audit/ssr_loop__pcgds_v1_00006_permission_boundary_medium__run_1__budget_600.jsonl,7,07edf158dbae4c9d2dafb15059abb470d17cc4e003b24bf058e28fd708c4cce3,54d08f79b7c28764cb19fa0ac8b7f53f574bbd17a08749b399735831c6c182ec,9ebcf3547dd99707face787f5bd4e8fc63646718138d95425e6383ddf9fd0b89,6d9ccb3dcd510cb15848efc98b5153c403c8dce783707905d02f245af5e08da5,_probe_ecvs_deepseek_v4pro_pcg_dynamic_state_v1_e3_m4_h4_visiblecarry_vs_maturessrloop_11task_2method_2budget_1run,ssr_loop,276568f4f908f36e65d560b050b98c4a566b709a9c5c9db9d3f6161da9f66c01,421f6e8e63881c1055382a7305f9d165d82d275305d563f1556f72465a4429b9,"{""allowed_path_count"": 2, ""budgets_supported"": [600, 1200], ""forbidden_path_count"": 3, ""forbidden_token_count"": 3, ""method_specific_selection_used"": false, ""model_outcomes_used"": false, ""required_output_size"": 4, ""segment_count"": 7, ""stale_token_count"": 3}",debe52b540b08baafdca14de1aa40e1627a39be9a2d96f5970a576488a341be3,8,mature_ssr_loop_protocol_v1_ecvs_safe_visible_only,,,,,,,,,,,,,,,,,,,,,,,,
_probe_ecvs_deepseek_v4pro_pcg_dynamic_state_v1_e3_m4_h4_visiblecarry_vs_maturessrloop_11task_2method_2budget_1run:deepseek_v4pro:mature_ssr_loop:pcgds_v1_00007_requirement_overwrite_medium:budget_1200:run_1,deepseek_v4pro,pcgds_v1_00007_requirement_overwrite_medium,pcg_dynamic_state_synthetic,medium,requirement_overwrite,pcg_medium,mature_ssr_loop,mature_ssr_loop,1200,1,2026-06-20T05:50:35.978229+00:00,2026-06-20T05:51:00.622929+00:00,2026-06-20T05:50:35.978298+00:00,2026-06-20T05:51:00.620491+00:00,24.626,1564687749c350d1f7bf81b656a728d3a441d2f49f17544a8d34cec04ec5766d,17785eb6654b7224662660e84076df85524a6d264f31fa137edb6f3e631b1da9,3318d3247ea911325a8a90d7fb52e51fc024f29ca086ec0d109d0234e43b84f9,e11c43259d7860d019dae586d6041081704d45b885e6af093d1ab08876a2c650,b3b13fd3cc403ce73040f3680642854752b0c768e8eb4788c417c3bbea31fa3b,665bfe62467601050cda1d9acd4a98554dc5d8e84f7704f3c893f3c55385e7ec,49b6dd2d11093d24488a5317eb052dbbdf7f5d202403c58eed5651bbe5ac4c57,49b6dd2d11093d24488a5317eb052dbbdf7f5d202403c58eed5651bbe5ac4c57,49b6dd2d11093d24488a5317eb052dbbdf7f5d202403c58eed5651bbe5ac4c57,d5082fce8dd5fc2ffa71bbd4219f78890248b0b1b4793128165a7fbce06a2a2b,direct_provider,deepseek,https://api.deepseek.com,deepseek-v4-pro,https://api.deepseek.com/chat/completions,deepseek-v4-pro,caabb4409a46c31ba63803dd43f0cd53791328e6bdb08afe5d9cc7354307cfc7,6088d46151391cb51050f9f1f4c6e07dc0dc10827a3f31ae3d284004a9088eb7,d914cfc97d9b99822a2b1313c16850fd7be529b097eb356dc8e8e7408a7a00a8,explicit,0,4096,omitted,,omitted,,omitted,,omitted,,omitted,,omitted,,omitted,,omitted,,omitted,,False,thinking.type=disabled,ffe557f53c63f7d0f7e35f80c03f61d8b3548db9e4f51e8dda020b28a920d875,provider_not_exposed,provider_not_exposed,False,,False,False,False,disabled,,stop;stop;stop;stop;stop;stop;stop;stop,stop;stop;stop;stop;stop;stop;stop;stop,5767,1661,0,637,231,0,ssr_priority_compactor,mature_ssr_loop_protocol_v1_ecvs_safe_visible_only,1,1,4,4,4,4,0,ea93b1084a1d07ed906dca703b5d95133e233657c05036a27c63f11b85c97a93,0,,0,[],[],,0,,,,,not_schema_aware,[],0,0,0,1,,1,[],"[""REQ_07_0EB3062F"", ""LOCK_07_EE1451A4"", ""SCOPE_07_34133BDD"", ""CHECK_07_79804848""]",0,[],0,[],0,[],1,0,,clean,,ab823ecc934469be67c0d55f133403417ba3c78967abf4c4b48cf007c2c9162e,4a4a71f092613e819824ba28988257d47a8627e866790e252d1aaf66d4c0833c,1185443552fc642bc0e5194d6bdc20c5862bf186f13f4ffa19b63c75eccf4f06,3024b76ab871a2bb115ab958ada7769892983bd9c8f88f087feffc8ae2845c0e,6f22f7dafc85a24c99d90398d40ac412a5c25e6c499554cf7700cddbdc803bac,released_raw_outputs/model_outputs/_probe_ecvs_deepseek_v4pro_pcg_dynamic_state_v1_e3_m4_h4_visiblecarry_vs_maturessrloop_11task_2method_2budget_1run/deepseek/mature_ssr_loop__pcgds_v1_00007_requirement_overwrite_medium__run_1__budget_1200.jsonl,8,results/_probe_ecvs_deepseek_v4pro_pcg_dynamic_state_v1_e3_m4_h4_visiblecarry_vs_maturessrloop_11task_2method_2budget_1run/compiler_audit/ssr_loop__pcgds_v1_00007_requirement_overwrite_medium__run_1__budget_1200.jsonl,7,b253b76f11a23cf45fb1cd4a8c7635adbcccad79f3696ad317d3d5a94cbcab1f,4dd161f0259192449623927cf58d6b4fc823a881bb2f3d6e0f00e034d02090a6,27fb6505e2ae1dcf8ef07b4d9ed5d874800a60295573d81c8b27ce4dbc0f6092,514b24bc4a46bcf9cc8fd62bae5fccae017ae81d94bf12cdc93670c298c0c6bd,_probe_ecvs_deepseek_v4pro_pcg_dynamic_state_v1_e3_m4_h4_visiblecarry_vs_maturessrloop_11task_2method_2budget_1run,ssr_loop,276568f4f908f36e65d560b050b98c4a566b709a9c5c9db9d3f6161da9f66c01,aabc0e2acd29ee9e4cd6de2b4b880b60da7b60152f9a96db68c40bd5ec9de9dd,"{""allowed_path_count"": 2, ""budgets_supported"": [600, 1200], ""forbidden_path_count"": 3, ""forbidden_token_count"": 3, ""method_specific_selection_used"": false, ""model_outcomes_used"": false, ""required_output_size"": 4, ""segment_count"": 7, ""stale_token_count"": 3}",debe52b540b08baafdca14de1aa40e1627a39be9a2d96f5970a576488a341be3,8,mature_ssr_loop_protocol_v1_ecvs_safe_visible_only,,,,,,,,,,,,,,,,,,,,,,,,
_probe_ecvs_deepseek_v4pro_pcg_dynamic_state_v1_e3_m4_h4_visiblecarry_vs_maturessrloop_11task_2method_2budget_1run:deepseek_v4pro:mature_ssr_loop:pcgds_v1_00007_requirement_overwrite_medium:budget_600:run_1,deepseek_v4pro,pcgds_v1_00007_requirement_overwrite_medium,pcg_dynamic_state_synthetic,medium,requirement_overwrite,pcg_medium,mature_ssr_loop,mature_ssr_loop,600,1,2026-06-20T05:50:35.978481+00:00,2026-06-20T05:50:57.467332+00:00,2026-06-20T05:50:35.978525+00:00,2026-06-20T05:50:57.464382+00:00,21.476,1564687749c350d1f7bf81b656a728d3a441d2f49f17544a8d34cec04ec5766d,17785eb6654b7224662660e84076df85524a6d264f31fa137edb6f3e631b1da9,3318d3247ea911325a8a90d7fb52e51fc024f29ca086ec0d109d0234e43b84f9,e11c43259d7860d019dae586d6041081704d45b885e6af093d1ab08876a2c650,ed4f8203ee9f058fc58dc8a7fe524dab2219a0dd82986bafef9e9950d6e959d5,665bfe62467601050cda1d9acd4a98554dc5d8e84f7704f3c893f3c55385e7ec,49b6dd2d11093d24488a5317eb052dbbdf7f5d202403c58eed5651bbe5ac4c57,49b6dd2d11093d24488a5317eb052dbbdf7f5d202403c58eed5651bbe5ac4c57,49b6dd2d11093d24488a5317eb052dbbdf7f5d202403c58eed5651bbe5ac4c57,d5082fce8dd5fc2ffa71bbd4219f78890248b0b1b4793128165a7fbce06a2a2b,direct_provider,deepseek,https://api.deepseek.com,deepseek-v4-pro,https://api.deepseek.com/chat/completions,deepseek-v4-pro,caabb4409a46c31ba63803dd43f0cd53791328e6bdb08afe5d9cc7354307cfc7,6088d46151391cb51050f9f1f4c6e07dc0dc10827a3f31ae3d284004a9088eb7,d914cfc97d9b99822a2b1313c16850fd7be529b097eb356dc8e8e7408a7a00a8,explicit,0,4096,omitted,,omitted,,omitted,,omitted,,omitted,,omitted,,omitted,,omitted,,omitted,,False,thinking.type=disabled,ffe557f53c63f7d0f7e35f80c03f61d8b3548db9e4f51e8dda020b28a920d875,provider_not_exposed,provider_not_exposed,False,,False,False,False,disabled,,stop;stop;stop;stop;stop;stop;stop;stop,stop;stop;stop;stop;stop;stop;stop;stop,5752,1426,0,348,231,0,ssr_priority_compactor,mature_ssr_loop_protocol_v1_ecvs_safe_visible_only,1,1,4,1,4,4,0,ea93b1084a1d07ed906dca703b5d95133e233657c05036a27c63f11b85c97a93,0,,0,[],[],,0,,,,,not_schema_aware,[],0,0,0,1,,1,[],"[""REQ_07_0EB3062F"", ""LOCK_07_EE1451A4"", ""SCOPE_07_34133BDD"", ""CHECK_07_79804848""]",0,[],0,[],0,[],1,0,,clean,,e1edd9475e86ae4fac5049617e6eb347d6fc9e03558ad0206f069ab6164599cc,ce2907db7c29f52cb83e3330efbc30237969ec287db0c73c1379fdeae46ae556,825727b30d23f3b3c2652a25dfe610d57e3f56bcf37792277bc5b0829ccd89c0,58ea042a8fa9f02b3d66ba2c32eff678095b751a3ecf404c7add75b62adce1a7,4ad9834ee8da466a92518061f4fa27a5335310cab89cbd6e84d2dfd25e5af700,released_raw_outputs/model_outputs/_probe_ecvs_deepseek_v4pro_pcg_dynamic_state_v1_e3_m4_h4_visiblecarry_vs_maturessrloop_11task_2method_2budget_1run/deepseek/mature_ssr_loop__pcgds_v1_00007_requirement_overwrite_medium__run_1__budget_600.jsonl,8,results/_probe_ecvs_deepseek_v4pro_pcg_dynamic_state_v1_e3_m4_h4_visiblecarry_vs_maturessrloop_11task_2method_2budget_1run/compiler_audit/ssr_loop__pcgds_v1_00007_requirement_overwrite_medium__run_1__budget_600.jsonl,7,69072aeee32be52f5e1bb3fc6a9e37910d7e32706b6f921e66a0858c7e23feac,c64012c494451fc4d68dbe513a53b4e304af252deb93a8df4c28a18929d8b83c,3061ec1a8e13f43fe5884e77597bb258541e7eebe4dc17cb34d46b4b1b3a08e3,dff249ebdedcbb0b7e42a5ebd311c66ec8fea4a9decb49ce856179065854e129,_probe_ecvs_deepseek_v4pro_pcg_dynamic_state_v1_e3_m4_h4_visiblecarry_vs_maturessrloop_11task_2method_2budget_1run,ssr_loop,276568f4f908f36e65d560b050b98c4a566b709a9c5c9db9d3f6161da9f66c01,aabc0e2acd29ee9e4cd6de2b4b880b60da7b60152f9a96db68c40bd5ec9de9dd,"{""allowed_path_count"": 2, ""budgets_supported"": [600, 1200], ""forbidden_path_count"": 3, ""forbidden_token_count"": 3, ""method_specific_selection_used"": false, ""model_outcomes_used"": false, ""required_output_size"": 4, ""segment_count"": 7, ""stale_token_count"": 3}",debe52b540b08baafdca14de1aa40e1627a39be9a2d96f5970a576488a341be3,8,mature_ssr_loop_protocol_v1_ecvs_safe_visible_only,,,,,,,,,,,,,,,,,,,,,,,,
_probe_ecvs_deepseek_v4pro_pcg_dynamic_state_v1_e3_m4_h4_visiblecarry_vs_maturessrloop_11task_2method_2budget_1run:deepseek_v4pro:mature_ssr_loop:pcgds_v1_00008_decoy_heavy_config_hard:budget_1200:run_1,deepseek_v4pro,pcgds_v1_00008_decoy_heavy_config_hard,pcg_dynamic_state_synthetic,hard,decoy_heavy_config,pcg_hard,mature_ssr_loop,mature_ssr_loop,1200,1,2026-06-20T05:50:35.979479+00:00,2026-06-20T05:51:09.310212+00:00,2026-06-20T05:50:35.979518+00:00,2026-06-20T05:51:09.309192+00:00,33.317,1564687749c350d1f7bf81b656a728d3a441d2f49f17544a8d34cec04ec5766d,2a4cd48bcf906e95ac430d10555bd6aa1668a98043e924fb27c3059e980e2463,3318d3247ea911325a8a90d7fb52e51fc024f29ca086ec0d109d0234e43b84f9,b9e9f8c720f01063432cf4cb70361aba36f78deb23bc886ec0f0f366e1e845c9,9e61936f2a698a55805011d6fe9f3f9bc1a4d7bd70fc3443b447c0729ea03bb2,665bfe62467601050cda1d9acd4a98554dc5d8e84f7704f3c893f3c55385e7ec,49b6dd2d11093d24488a5317eb052dbbdf7f5d202403c58eed5651bbe5ac4c57,49b6dd2d11093d24488a5317eb052dbbdf7f5d202403c58eed5651bbe5ac4c57,49b6dd2d11093d24488a5317eb052dbbdf7f5d202403c58eed5651bbe5ac4c57,d5082fce8dd5fc2ffa71bbd4219f78890248b0b1b4793128165a7fbce06a2a2b,direct_provider,deepseek,https://api.deepseek.com,deepseek-v4-pro,https://api.deepseek.com/chat/completions,deepseek-v4-pro,caabb4409a46c31ba63803dd43f0cd53791328e6bdb08afe5d9cc7354307cfc7,6088d46151391cb51050f9f1f4c6e07dc0dc10827a3f31ae3d284004a9088eb7,d914cfc97d9b99822a2b1313c16850fd7be529b097eb356dc8e8e7408a7a00a8,explicit,0,4096,omitted,,omitted,,omitted,,omitted,,omitted,,omitted,,omitted,,omitted,,omitted,,False,thinking.type=disabled,ffe557f53c63f7d0f7e35f80c03f61d8b3548db9e4f51e8dda020b28a920d875,provider_not_exposed,provider_not_exposed,False,,False,False,False,disabled,,stop;stop;stop;stop;stop;stop;stop;stop;stop;stop,stop;stop;stop;stop;stop;stop;stop;stop;stop;stop,7423,2277,0,698,250,0,ssr_priority_compactor,mature_ssr_loop_protocol_v1_ecvs_safe_visible_only,1,1,5,5,5,5,0,20b3a2d6bfd2d0bf16d7b6c492e5743806fa4f48669beb11ec7c864fded5d078,0,,0,[],[],,0,,,,,not_schema_aware,[],0,0,0,1,,1,[],"[""REQ_08_C5CDCC82"", ""LOCK_08_F0D5D0F6"", ""SCOPE_08_5BD66323"", ""CHECK_08_92ED8EFF"", ""ANCHOR_08_4F02E438""]",0,[],0,[],0,[],1,0,,clean,,85bb4a0e5cb6bd5b8b562c46c7ee3bb542bc328b4122de3181683fa7b4a7aa54,c7d41cc2395dfc3f5e2b519aad7b8d93001e314534ede129e884be7e1b760b7d,0482277ec3e4db5946302d090837f9c20c9f3497fa7c8ddb098ea37d5e4b84c3,506a9fe155d27ffb8f4c9be2ed64648a7803a40cb3c6f4db741e4c29a6c065ec,b6c28cd06d15de69ccde8ed77c01558bfb9e0e74a6489599710e6eae5f19e612,released_raw_outputs/model_outputs/_probe_ecvs_deepseek_v4pro_pcg_dynamic_state_v1_e3_m4_h4_visiblecarry_vs_maturessrloop_11task_2method_2budget_1run/deepseek/mature_ssr_loop__pcgds_v1_00008_decoy_heavy_config_hard__run_1__budget_1200.jsonl,10,results/_probe_ecvs_deepseek_v4pro_pcg_dynamic_state_v1_e3_m4_h4_visiblecarry_vs_maturessrloop_11task_2method_2budget_1run/compiler_audit/ssr_loop__pcgds_v1_00008_decoy_heavy_config_hard__run_1__budget_1200.jsonl,9,7f1192017da5ab278168af818701900f1cf2f17030adfa017ae989e3ab2e3672,55634780f99976237055f9cb0e9b32ccef7866b9ae6c08c32b9cf02bb773851a,2755b0372680ca6993ff32bcef72c39baaebb696ef8d14f01b61fbc42fc4c667,335bfa08271a42ec25706ef059e55e0bc2be7861b5bef2da65a8a69b446b83d6,_probe_ecvs_deepseek_v4pro_pcg_dynamic_state_v1_e3_m4_h4_visiblecarry_vs_maturessrloop_11task_2method_2budget_1run,ssr_loop,276568f4f908f36e65d560b050b98c4a566b709a9c5c9db9d3f6161da9f66c01,a6369098f951908866505faaa738bd66e4abff8cfaf2fa0ec311c11e1590bc63,"{""allowed_path_count"": 3, ""budgets_supported"": [600, 1200], ""forbidden_path_count"": 4, ""forbidden_token_count"": 4, ""method_specific_selection_used"": false, ""model_outcomes_used"": false, ""required_output_size"": 5, ""segment_count"": 9, ""stale_token_count"": 4}",debe52b540b08baafdca14de1aa40e1627a39be9a2d96f5970a576488a341be3,10,mature_ssr_loop_protocol_v1_ecvs_safe_visible_only,,,,,,,,,,,,,,,,,,,,,,,,
_probe_ecvs_deepseek_v4pro_pcg_dynamic_state_v1_e3_m4_h4_visiblecarry_vs_maturessrloop_11task_2method_2budget_1run:deepseek_v4pro:mature_ssr_loop:pcgds_v1_00008_decoy_heavy_config_hard:budget_600:run_1,deepseek_v4pro,pcgds_v1_00008_decoy_heavy_config_hard,pcg_dynamic_state_synthetic,hard,decoy_heavy_config,pcg_hard,mature_ssr_loop,mature_ssr_loop,600,1,2026-06-20T05:50:35.979945+00:00,2026-06-20T05:51:07.461400+00:00,2026-06-20T05:50:35.979997+00:00,2026-06-20T05:51:07.455227+00:00,31.46,1564687749c350d1f7bf81b656a728d3a441d2f49f17544a8d34cec04ec5766d,2a4cd48bcf906e95ac430d10555bd6aa1668a98043e924fb27c3059e980e2463,3318d3247ea911325a8a90d7fb52e51fc024f29ca086ec0d109d0234e43b84f9,b9e9f8c720f01063432cf4cb70361aba36f78deb23bc886ec0f0f366e1e845c9,43d834c5ef54f82a648fdfd43d04c98c28d8910da7b8110ee3963096d1544582,665bfe62467601050cda1d9acd4a98554dc5d8e84f7704f3c893f3c55385e7ec,49b6dd2d11093d24488a5317eb052dbbdf7f5d202403c58eed5651bbe5ac4c57,49b6dd2d11093d24488a5317eb052dbbdf7f5d202403c58eed5651bbe5ac4c57,49b6dd2d11093d24488a5317eb052dbbdf7f5d202403c58eed5651bbe5ac4c57,d5082fce8dd5fc2ffa71bbd4219f78890248b0b1b4793128165a7fbce06a2a2b,direct_provider,deepseek,https://api.deepseek.com,deepseek-v4-pro,https://api.deepseek.com/chat/completions,deepseek-v4-pro,caabb4409a46c31ba63803dd43f0cd53791328e6bdb08afe5d9cc7354307cfc7,6088d46151391cb51050f9f1f4c6e07dc0dc10827a3f31ae3d284004a9088eb7,d914cfc97d9b99822a2b1313c16850fd7be529b097eb356dc8e8e7408a7a00a8,explicit,0,4096,omitted,,omitted,,omitted,,omitted,,omitted,,omitted,,omitted,,omitted,,omitted,,False,thinking.type=disabled,ffe557f53c63f7d0f7e35f80c03f61d8b3548db9e4f51e8dda020b28a920d875,provider_not_exposed,provider_not_exposed,False,,False,False,False,disabled,,stop;stop;stop;stop;stop;stop;stop;stop;stop;stop,stop;stop;stop;stop;stop;stop;stop;stop;stop;stop,7404,2126,0,607,250,1,ssr_priority_compactor,mature_ssr_loop_protocol_v1_ecvs_safe_visible_only,1,1,5,5,5,5,0,20b3a2d6bfd2d0bf16d7b6c492e5743806fa4f48669beb11ec7c864fded5d078,0,,0,[],[],,0,,,,,not_schema_aware,[],0,0,0,1,,1,[],"[""REQ_08_C5CDCC82"", ""LOCK_08_F0D5D0F6"", ""SCOPE_08_5BD66323"", ""CHECK_08_92ED8EFF"", ""ANCHOR_08_4F02E438""]",0,[],0,[],0,[],1,0,,clean,,54529bbb022031342f00106f2c4c25f3fbcb16f92633f2046f27a680c6644015,3361a1acf1b7232e72bb19a2afb22677abe86f249c240094fe02311bd44210b2,576285f3fadefdf7137bfd87d2bc5f2034de32145f08131094ffe029fda13d23,605e0704bb20e48f204f310687a5a6a378ce88984fca845000da58f903c33a66,05e9b99d5b6034feaea1d1881a2e5b6f73498e14687b618284dacfeba74776a3,released_raw_outputs/model_outputs/_probe_ecvs_deepseek_v4pro_pcg_dynamic_state_v1_e3_m4_h4_visiblecarry_vs_maturessrloop_11task_2method_2budget_1run/deepseek/mature_ssr_loop__pcgds_v1_00008_decoy_heavy_config_hard__run_1__budget_600.jsonl,10,results/_probe_ecvs_deepseek_v4pro_pcg_dynamic_state_v1_e3_m4_h4_visiblecarry_vs_maturessrloop_11task_2method_2budget_1run/compiler_audit/ssr_loop__pcgds_v1_00008_decoy_heavy_config_hard__run_1__budget_600.jsonl,9,774cd6caaaf5f1f46a92a3e3feb4d7188e9f2385357547a629af15933e4f4422,824cb04ffd0d689c6cae755678dcccdd288ec27e56d7ae92b9f14cc33f89f4ba,c56ad9c4ae8ffa2b6fa767462bfc31ae46f8b2aebfbf16c30ddda0350e5dd09a,1329a296200fda86adbd80ebc70ed00242c02da62da4d59914898039ab96e4ee,_probe_ecvs_deepseek_v4pro_pcg_dynamic_state_v1_e3_m4_h4_visiblecarry_vs_maturessrloop_11task_2method_2budget_1run,ssr_loop,276568f4f908f36e65d560b050b98c4a566b709a9c5c9db9d3f6161da9f66c01,a6369098f951908866505faaa738bd66e4abff8cfaf2fa0ec311c11e1590bc63,"{""allowed_path_count"": 3, ""budgets_supported"": [600, 1200], ""forbidden_path_count"": 4, ""forbidden_token_count"": 4, ""method_specific_selection_used"": false, ""model_outcomes_used"": false, ""required_output_size"": 5, ""segment_count"": 9, ""stale_token_count"": 4}",debe52b540b08baafdca14de1aa40e1627a39be9a2d96f5970a576488a341be3,10,mature_ssr_loop_protocol_v1_ecvs_safe_visible_only,,,,,,,,,,,,,,,,,,,,,,,,
_probe_ecvs_deepseek_v4pro_pcg_dynamic_state_v1_e3_m4_h4_visiblecarry_vs_maturessrloop_11task_2method_2budget_1run:deepseek_v4pro:mature_ssr_loop:pcgds_v1_00009_api_migration_hard:budget_1200:run_1,deepseek_v4pro,pcgds_v1_00009_api_migration_hard,pcg_dynamic_state_synthetic,hard,api_migration,pcg_hard,mature_ssr_loop,mature_ssr_loop,1200,1,2026-06-20T05:50:35.980302+00:00,2026-06-20T05:51:09.611682+00:00,2026-06-20T05:50:35.980468+00:00,2026-06-20T05:51:09.606051+00:00,33.608,1564687749c350d1f7bf81b656a728d3a441d2f49f17544a8d34cec04ec5766d,27cf37301654a6c959ef33fda55f857813e8650710d663ba425bfa61ca94e816,3318d3247ea911325a8a90d7fb52e51fc024f29ca086ec0d109d0234e43b84f9,e398f14578611a2c399895e2f76c32cbfc7a92ebddf7ecb3fb24bb3ac3002168,c09d75c77a5dcd4cd22ce19dc81ceba9919b4133698860e8f84eec5b81a6bdf4,665bfe62467601050cda1d9acd4a98554dc5d8e84f7704f3c893f3c55385e7ec,49b6dd2d11093d24488a5317eb052dbbdf7f5d202403c58eed5651bbe5ac4c57,49b6dd2d11093d24488a5317eb052dbbdf7f5d202403c58eed5651bbe5ac4c57,49b6dd2d11093d24488a5317eb052dbbdf7f5d202403c58eed5651bbe5ac4c57,d5082fce8dd5fc2ffa71bbd4219f78890248b0b1b4793128165a7fbce06a2a2b,direct_provider,deepseek,https://api.deepseek.com,deepseek-v4-pro,https://api.deepseek.com/chat/completions,deepseek-v4-pro,caabb4409a46c31ba63803dd43f0cd53791328e6bdb08afe5d9cc7354307cfc7,6088d46151391cb51050f9f1f4c6e07dc0dc10827a3f31ae3d284004a9088eb7,d914cfc97d9b99822a2b1313c16850fd7be529b097eb356dc8e8e7408a7a00a8,explicit,0,4096,omitted,,omitted,,omitted,,omitted,,omitted,,omitted,,omitted,,omitted,,omitted,,False,thinking.type=disabled,ffe557f53c63f7d0f7e35f80c03f61d8b3548db9e4f51e8dda020b28a920d875,provider_not_exposed,provider_not_exposed,False,,False,False,False,disabled,,stop;stop;stop;stop;stop;stop;stop;stop;stop;stop,stop;stop;stop;stop;stop;stop;stop;stop;stop;stop,7319,2350,0,758,250,0,ssr_priority_compactor,mature_ssr_loop_protocol_v1_ecvs_safe_visible_only,1,1,5,1,5,5,0,205e9ad9a1fe5ae9855155ffb5138d0e97c40223f42e604a0ee9328cd452e1fc,0,,0,[],[],,0,,,,,not_schema_aware,[],0,0,0,1,,1,[],"[""REQ_09_73B292AA"", ""LOCK_09_B8FEDBF6"", ""SCOPE_09_F9CBE36B"", ""CHECK_09_284A4D68"", ""ANCHOR_09_5EE99998""]",0,[],0,[],0,[],1,0,,clean,,88078e8fb2c083249cacbaf32bbe84aca70a82ddc161b926be6d2ca218d2812d,07a50f32c817918bc36b14e286ea4719abf328b9b41da25286fdcec083b71076,913353de25065557f28d0802239792ad608786767111b1be1dfa962cfdc85d98,7c8bc6946d54b8af13c9d087d9045613752b93a5daf5c02b7aec4796e0c20cec,81d019da9c3037009595f88df9ad7a098070034ca69aa5c98080f0a2fcbe3219,released_raw_outputs/model_outputs/_probe_ecvs_deepseek_v4pro_pcg_dynamic_state_v1_e3_m4_h4_visiblecarry_vs_maturessrloop_11task_2method_2budget_1run/deepseek/mature_ssr_loop__pcgds_v1_00009_api_migration_hard__run_1__budget_1200.jsonl,10,results/_probe_ecvs_deepseek_v4pro_pcg_dynamic_state_v1_e3_m4_h4_visiblecarry_vs_maturessrloop_11task_2method_2budget_1run/compiler_audit/ssr_loop__pcgds_v1_00009_api_migration_hard__run_1__budget_1200.jsonl,9,515bcc36e7ac58ba6ca9defef3eb059c13592f07129701b70d43607f349581d8,90f2217fa7250a71fe6648c703522e77a0dbb352667030b6b4261b8630ecf7f2,b1cb9e775d0187f3386c0a9889c851253a0862aacfdc76f36292885381fcebf7,fb880118ec01ebb63cfc6c1cab16337c137fe62ff34168553ef16b2d01665c8a,_probe_ecvs_deepseek_v4pro_pcg_dynamic_state_v1_e3_m4_h4_visiblecarry_vs_maturessrloop_11task_2method_2budget_1run,ssr_loop,276568f4f908f36e65d560b050b98c4a566b709a9c5c9db9d3f6161da9f66c01,b289ea536f4efca031c49fd0a569051a6ccfd2ab50097d57c5c3b41b8755a6e0,"{""allowed_path_count"": 3, ""budgets_supported"": [600, 1200], ""forbidden_path_count"": 4, ""forbidden_token_count"": 4, ""method_specific_selection_used"": false, ""model_outcomes_used"": false, ""required_output_size"": 5, ""segment_count"": 9, ""stale_token_count"": 4}",debe52b540b08baafdca14de1aa40e1627a39be9a2d96f5970a576488a341be3,10,mature_ssr_loop_protocol_v1_ecvs_safe_visible_only,,,,,,,,,,,,,,,,,,,,,,,,
_probe_ecvs_deepseek_v4pro_pcg_dynamic_state_v1_e3_m4_h4_visiblecarry_vs_maturessrloop_11task_2method_2budget_1run:deepseek_v4pro:mature_ssr_loop:pcgds_v1_00009_api_migration_hard:budget_600:run_1,deepseek_v4pro,pcgds_v1_00009_api_migration_hard,pcg_dynamic_state_synthetic,hard,api_migration,pcg_hard,mature_ssr_loop,mature_ssr_loop,600,1,2026-06-20T05:50:35.980345+00:00,2026-06-20T05:51:05.866296+00:00,2026-06-20T05:50:35.980386+00:00,2026-06-20T05:51:05.860101+00:00,29.865,1564687749c350d1f7bf81b656a728d3a441d2f49f17544a8d34cec04ec5766d,27cf37301654a6c959ef33fda55f857813e8650710d663ba425bfa61ca94e816,3318d3247ea911325a8a90d7fb52e51fc024f29ca086ec0d109d0234e43b84f9,e398f14578611a2c399895e2f76c32cbfc7a92ebddf7ecb3fb24bb3ac3002168,c7aea551d6c4db302717b027421b6efb47b91b08231602f1ad85b5e65788438c,665bfe62467601050cda1d9acd4a98554dc5d8e84f7704f3c893f3c55385e7ec,49b6dd2d11093d24488a5317eb052dbbdf7f5d202403c58eed5651bbe5ac4c57,49b6dd2d11093d24488a5317eb052dbbdf7f5d202403c58eed5651bbe5ac4c57,49b6dd2d11093d24488a5317eb052dbbdf7f5d202403c58eed5651bbe5ac4c57,d5082fce8dd5fc2ffa71bbd4219f78890248b0b1b4793128165a7fbce06a2a2b,direct_provider,deepseek,https://api.deepseek.com,deepseek-v4-pro,https://api.deepseek.com/chat/completions,deepseek-v4-pro,caabb4409a46c31ba63803dd43f0cd53791328e6bdb08afe5d9cc7354307cfc7,6088d46151391cb51050f9f1f4c6e07dc0dc10827a3f31ae3d284004a9088eb7,d914cfc97d9b99822a2b1313c16850fd7be529b097eb356dc8e8e7408a7a00a8,explicit,0,4096,omitted,,omitted,,omitted,,omitted,,omitted,,omitted,,omitted,,omitted,,omitted,,False,thinking.type=disabled,ffe557f53c63f7d0f7e35f80c03f61d8b3548db9e4f51e8dda020b28a920d875,provider_not_exposed,provider_not_exposed,False,,False,False,False,disabled,,stop;stop;stop;stop;stop;stop;stop;stop;stop;stop,stop;stop;stop;stop;stop;stop;stop;stop;stop;stop,7300,2121,0,633,250,1,ssr_priority_compactor,mature_ssr_loop_protocol_v1_ecvs_safe_visible_only,1,1,5,5,5,5,0,56c66bcaeeb302d53ef13e32f257fb68d1a6b0ba414d3ebb380eaa02d0f0e1bc,0,,0,[],[],,0,,,,,not_schema_aware,[],0,0,0,1,,1,[],"[""REQ_09_73B292AA"", ""LOCK_09_B8FEDBF6"", ""SCOPE_09_F9CBE36B"", ""CHECK_09_284A4D68"", ""ANCHOR_09_5EE99998""]",0,[],0,[],0,[],1,0,,clean,,e0c273f72553602454104f06a3eeba243131394125df0bc5a5656fa33c0154d2,60a21f35b81d47b9c1372928406d59dd783a500798612d01a2ececbc5b961023,2ad0ac30bd845e8e8c2e2db23f6d7ea3d4403bbcd5cfe95d43df6268802b662a,54b75ad32a3b8efee06343ea1fe9e424399b2371eae756a6898b5c4c3dd47c26,bed978aad9e03299e1c2d08c33488d72897e2749b294a6065522dbc6b2b5b45f,released_raw_outputs/model_outputs/_probe_ecvs_deepseek_v4pro_pcg_dynamic_state_v1_e3_m4_h4_visiblecarry_vs_maturessrloop_11task_2method_2budget_1run/deepseek/mature_ssr_loop__pcgds_v1_00009_api_migration_hard__run_1__budget_600.jsonl,10,results/_probe_ecvs_deepseek_v4pro_pcg_dynamic_state_v1_e3_m4_h4_visiblecarry_vs_maturessrloop_11task_2method_2budget_1run/compiler_audit/ssr_loop__pcgds_v1_00009_api_migration_hard__run_1__budget_600.jsonl,9,edfad27bed1cca30f2a1831f5033b9b6574011a700e87d13c5bb0e9c5920fc97,08c7571d4d7b431214495367a87469ba17afba9c81c87c005b3efd657a9755a2,d2335c8761844593c79ddc36ff86edade461600365caf22996dc743aa3832642,192a109183270e42d23ce56ace9052cd758455b69a0784099e09168c545f6d27,_probe_ecvs_deepseek_v4pro_pcg_dynamic_state_v1_e3_m4_h4_visiblecarry_vs_maturessrloop_11task_2method_2budget_1run,ssr_loop,276568f4f908f36e65d560b050b98c4a566b709a9c5c9db9d3f6161da9f66c01,b289ea536f4efca031c49fd0a569051a6ccfd2ab50097d57c5c3b41b8755a6e0,"{""allowed_path_count"": 3, ""budgets_supported"": [600, 1200], ""forbidden_path_count"": 4, ""forbidden_token_count"": 4, ""method_specific_selection_used"": false, ""model_outcomes_used"": false, ""required_output_size"": 5, ""segment_count"": 9, ""stale_token_count"": 4}",debe52b540b08baafdca14de1aa40e1627a39be9a2d96f5970a576488a341be3,10,mature_ssr_loop_protocol_v1_ecvs_safe_visible_only,,,,,,,,,,,,,,,,,,,,,,,,
_probe_ecvs_deepseek_v4pro_pcg_dynamic_state_v1_e3_m4_h4_visiblecarry_vs_maturessrloop_11task_2method_2budget_1run:deepseek_v4pro:mature_ssr_loop:pcgds_v1_00010_permission_boundary_hard:budget_1200:run_1,deepseek_v4pro,pcgds_v1_00010_permission_boundary_hard,pcg_dynamic_state_synthetic,hard,permission_boundary,pcg_hard,mature_ssr_loop,mature_ssr_loop,1200,1,2026-06-20T05:50:35.981276+00:00,2026-06-20T05:51:04.207656+00:00,2026-06-20T05:50:35.981311+00:00,2026-06-20T05:51:04.205888+00:00,28.21,1564687749c350d1f7bf81b656a728d3a441d2f49f17544a8d34cec04ec5766d,cc1f8ef5bfa6f9889fe2da4b54bdc32eb62388f132eef1ed7b732fbc7ab9fb97,3318d3247ea911325a8a90d7fb52e51fc024f29ca086ec0d109d0234e43b84f9,002d6ead9ae0b5c782e158d162c4024f3daa6446be8660597e63cacbec74deac,c9fc163d926e7c6dcd93990503d8016fb660771bcdde9a567578addde07dc9e7,665bfe62467601050cda1d9acd4a98554dc5d8e84f7704f3c893f3c55385e7ec,49b6dd2d11093d24488a5317eb052dbbdf7f5d202403c58eed5651bbe5ac4c57,49b6dd2d11093d24488a5317eb052dbbdf7f5d202403c58eed5651bbe5ac4c57,49b6dd2d11093d24488a5317eb052dbbdf7f5d202403c58eed5651bbe5ac4c57,d5082fce8dd5fc2ffa71bbd4219f78890248b0b1b4793128165a7fbce06a2a2b,direct_provider,deepseek,https://api.deepseek.com,deepseek-v4-pro,https://api.deepseek.com/chat/completions,deepseek-v4-pro,caabb4409a46c31ba63803dd43f0cd53791328e6bdb08afe5d9cc7354307cfc7,6088d46151391cb51050f9f1f4c6e07dc0dc10827a3f31ae3d284004a9088eb7,d914cfc97d9b99822a2b1313c16850fd7be529b097eb356dc8e8e7408a7a00a8,explicit,0,4096,omitted,,omitted,,omitted,,omitted,,omitted,,omitted,,omitted,,omitted,,omitted,,False,thinking.type=disabled,ffe557f53c63f7d0f7e35f80c03f61d8b3548db9e4f51e8dda020b28a920d875,provider_not_exposed,provider_not_exposed,False,,False,False,False,disabled,,stop;stop;stop;stop;stop;stop;stop;stop;stop;stop,stop;stop;stop;stop;stop;stop;stop;stop;stop;stop,7349,1862,0,626,250,0,ssr_priority_compactor,mature_ssr_loop_protocol_v1_ecvs_safe_visible_only,1,1,5,5,5,5,0,d60f6b65003ee5a2c54fb1d34d86e40a1985df24f05e49a3ba48d00a6db6b928,0,,0,[],[],,0,,,,,not_schema_aware,[],0,0,0,1,,1,[],"[""REQ_10_C6B51DAF"", ""LOCK_10_7A684B70"", ""SCOPE_10_881B91F4"", ""CHECK_10_6F1100CE"", ""ANCHOR_10_386C8DA5""]",0,[],0,[],0,[],1,0,,clean,,4fbb3f81416f38c6cd2967f25864adedbd9dc2b531a47087d5a914d858a6ad9a,2b8692f3ebfc31e5a308b2a1a3ec9a6e8f27fc61ff225df5bb9429ad069751b6,76409586cbc1193bbacc94e48d6b9c2d9d600a9ac04ac42db42599daca165fa4,3339fc3e659dea85e713f3f363422ae26f7d3b1ab7111870c5bddc6621813719,2a9eec21a003e75c078873cd071ea6127128681f7ec02c372a7a22cc80cc16c8,released_raw_outputs/model_outputs/_probe_ecvs_deepseek_v4pro_pcg_dynamic_state_v1_e3_m4_h4_visiblecarry_vs_maturessrloop_11task_2method_2budget_1run/deepseek/mature_ssr_loop__pcgds_v1_00010_permission_boundary_hard__run_1__budget_1200.jsonl,10,results/_probe_ecvs_deepseek_v4pro_pcg_dynamic_state_v1_e3_m4_h4_visiblecarry_vs_maturessrloop_11task_2method_2budget_1run/compiler_audit/ssr_loop__pcgds_v1_00010_permission_boundary_hard__run_1__budget_1200.jsonl,9,5312c7f11495fcf6f5d6031ee0225bfa01e97282799b66e8124de9d88a743723,a56b661c0ce1df558db459b3d4e8b489d26e60dcb9a93ba0d1508f893c315424,8d65b2099cb9d5d78205797b24b9fcc9ad0e9ffe56e12cbfdab9781b6b27884d,1f99f863b6c5b61d71c76573c16333a261167052cfa9c489b255a9ec8c8c4b71,_probe_ecvs_deepseek_v4pro_pcg_dynamic_state_v1_e3_m4_h4_visiblecarry_vs_maturessrloop_11task_2method_2budget_1run,ssr_loop,276568f4f908f36e65d560b050b98c4a566b709a9c5c9db9d3f6161da9f66c01,6a5be81c707013c04c785b07ccf5c323264c633fc969dc2a86287b77abe941a3,"{""allowed_path_count"": 3, ""budgets_supported"": [600, 1200], ""forbidden_path_count"": 4, ""forbidden_token_count"": 4, ""method_specific_selection_used"": false, ""model_outcomes_used"": false, ""required_output_size"": 5, ""segment_count"": 9, ""stale_token_count"": 4}",debe52b540b08baafdca14de1aa40e1627a39be9a2d96f5970a576488a341be3,10,mature_ssr_loop_protocol_v1_ecvs_safe_visible_only,,,,,,,,,,,,,,,,,,,,,,,,
_probe_ecvs_deepseek_v4pro_pcg_dynamic_state_v1_e3_m4_h4_visiblecarry_vs_maturessrloop_11task_2method_2budget_1run:deepseek_v4pro:mature_ssr_loop:pcgds_v1_00010_permission_boundary_hard:budget_600:run_1,deepseek_v4pro,pcgds_v1_00010_permission_boundary_hard,pcg_dynamic_state_synthetic,hard,permission_boundary,pcg_hard,mature_ssr_loop,mature_ssr_loop,600,1,2026-06-20T05:50:35.981405+00:00,2026-06-20T05:51:00.906588+00:00,2026-06-20T05:50:35.981436+00:00,2026-06-20T05:51:00.904466+00:00,24.907,1564687749c350d1f7bf81b656a728d3a441d2f49f17544a8d34cec04ec5766d,cc1f8ef5bfa6f9889fe2da4b54bdc32eb62388f132eef1ed7b732fbc7ab9fb97,3318d3247ea911325a8a90d7fb52e51fc024f29ca086ec0d109d0234e43b84f9,002d6ead9ae0b5c782e158d162c4024f3daa6446be8660597e63cacbec74deac,58d11654a3842669dc7d1beb2fdea04458c50a93575363e17a1452135c02fecc,665bfe62467601050cda1d9acd4a98554dc5d8e84f7704f3c893f3c55385e7ec,49b6dd2d11093d24488a5317eb052dbbdf7f5d202403c58eed5651bbe5ac4c57,49b6dd2d11093d24488a5317eb052dbbdf7f5d202403c58eed5651bbe5ac4c57,49b6dd2d11093d24488a5317eb052dbbdf7f5d202403c58eed5651bbe5ac4c57,d5082fce8dd5fc2ffa71bbd4219f78890248b0b1b4793128165a7fbce06a2a2b,direct_provider,deepseek,https://api.deepseek.com,deepseek-v4-pro,https://api.deepseek.com/chat/completions,deepseek-v4-pro,caabb4409a46c31ba63803dd43f0cd53791328e6bdb08afe5d9cc7354307cfc7,6088d46151391cb51050f9f1f4c6e07dc0dc10827a3f31ae3d284004a9088eb7,d914cfc97d9b99822a2b1313c16850fd7be529b097eb356dc8e8e7408a7a00a8,explicit,0,4096,omitted,,omitted,,omitted,,omitted,,omitted,,omitted,,omitted,,omitted,,omitted,,False,thinking.type=disabled,ffe557f53c63f7d0f7e35f80c03f61d8b3548db9e4f51e8dda020b28a920d875,provider_not_exposed,provider_not_exposed,False,,False,False,False,disabled,,stop;stop;stop;stop;stop;stop;stop;stop;stop;stop,stop;stop;stop;stop;stop;stop;stop;stop;stop;stop,7330,1696,0,346,250,0,ssr_priority_compactor,mature_ssr_loop_protocol_v1_ecvs_safe_visible_only,1,1,5,5,5,5,0,d60f6b65003ee5a2c54fb1d34d86e40a1985df24f05e49a3ba48d00a6db6b928,0,,0,[],[],,0,,,,,not_schema_aware,[],0,0,0,1,,1,[],"[""REQ_10_C6B51DAF"", ""LOCK_10_7A684B70"", ""SCOPE_10_881B91F4"", ""CHECK_10_6F1100CE"", ""ANCHOR_10_386C8DA5""]",0,[],0,[],0,[],1,0,,clean,,0481dfdac30fff2b0c6a62588a03913ee22f16f37e244dda0b9518f35ffc2a29,180fd28f22ad6d2b11302c6c908868a9bd00a8e8a5c3371e6bab4316f0dc827b,59b3cae189b48ea245ce022f55ae3665b57bc12180d7c8601ace8c557f030d1b,b253c8d4667ab29177be216cee91ad962e33a28406de5aabcbc68e635def54e3,a2f6ea986a35019836127a23666fadaf20ab71bbd7cf42768342f09d4e9163ca,released_raw_outputs/model_outputs/_probe_ecvs_deepseek_v4pro_pcg_dynamic_state_v1_e3_m4_h4_visiblecarry_vs_maturessrloop_11task_2method_2budget_1run/deepseek/mature_ssr_loop__pcgds_v1_00010_permission_boundary_hard__run_1__budget_600.jsonl,10,results/_probe_ecvs_deepseek_v4pro_pcg_dynamic_state_v1_e3_m4_h4_visiblecarry_vs_maturessrloop_11task_2method_2budget_1run/compiler_audit/ssr_loop__pcgds_v1_00010_permission_boundary_hard__run_1__budget_600.jsonl,9,badc4e6050e3ffc6045dbf2a62de938e16a2399ef2eaddbc5139c91d565893ad,0279ef65d21e8876eef032a2b92493240a9d76f297974b26f96f3c54072eaad1,6c36e3b0c1a63cc4dabf3ad796df16b79c52b8162bfccfd5b52409be09ad7faa,407c345b0b12428b26d8be5db60d85a24c75f78badbb45e3286f526695705872,_probe_ecvs_deepseek_v4pro_pcg_dynamic_state_v1_e3_m4_h4_visiblecarry_vs_maturessrloop_11task_2method_2budget_1run,ssr_loop,276568f4f908f36e65d560b050b98c4a566b709a9c5c9db9d3f6161da9f66c01,6a5be81c707013c04c785b07ccf5c323264c633fc969dc2a86287b77abe941a3,"{""allowed_path_count"": 3, ""budgets_supported"": [600, 1200], ""forbidden_path_count"": 4, ""forbidden_token_count"": 4, ""method_specific_selection_used"": false, ""model_outcomes_used"": false, ""required_output_size"": 5, ""segment_count"": 9, ""stale_token_count"": 4}",debe52b540b08baafdca14de1aa40e1627a39be9a2d96f5970a576488a341be3,10,mature_ssr_loop_protocol_v1_ecvs_safe_visible_only,,,,,,,,,,,,,,,,,,,,,,,,
_probe_ecvs_deepseek_v4pro_pcg_dynamic_state_v1_e3_m4_h4_visiblecarry_vs_maturessrloop_11task_2method_2budget_1run:deepseek_v4pro:mature_ssr_loop:pcgds_v1_00011_requirement_overwrite_hard:budget_1200:run_1,deepseek_v4pro,pcgds_v1_00011_requirement_overwrite_hard,pcg_dynamic_state_synthetic,hard,requirement_overwrite,pcg_hard,mature_ssr_loop,mature_ssr_loop,1200,1,2026-06-20T05:50:35.982407+00:00,2026-06-20T05:51:05.519228+00:00,2026-06-20T05:50:35.982475+00:00,2026-06-20T05:51:05.517703+00:00,29.515,1564687749c350d1f7bf81b656a728d3a441d2f49f17544a8d34cec04ec5766d,3852fb2405c627d96a4a4cc5c66edb72504cbc3204ebccda126b9b7dd8fd106d,3318d3247ea911325a8a90d7fb52e51fc024f29ca086ec0d109d0234e43b84f9,e6b6a9b361d6ba1d72f74aadcdf10e97f9c290b40245d709a85dd658f08a1f25,97edd461b195395f3d00be112faaea06e1edfe5da22ab418bac83310c452f1ec,665bfe62467601050cda1d9acd4a98554dc5d8e84f7704f3c893f3c55385e7ec,49b6dd2d11093d24488a5317eb052dbbdf7f5d202403c58eed5651bbe5ac4c57,49b6dd2d11093d24488a5317eb052dbbdf7f5d202403c58eed5651bbe5ac4c57,49b6dd2d11093d24488a5317eb052dbbdf7f5d202403c58eed5651bbe5ac4c57,d5082fce8dd5fc2ffa71bbd4219f78890248b0b1b4793128165a7fbce06a2a2b,direct_provider,deepseek,https://api.deepseek.com,deepseek-v4-pro,https://api.deepseek.com/chat/completions,deepseek-v4-pro,caabb4409a46c31ba63803dd43f0cd53791328e6bdb08afe5d9cc7354307cfc7,6088d46151391cb51050f9f1f4c6e07dc0dc10827a3f31ae3d284004a9088eb7,d914cfc97d9b99822a2b1313c16850fd7be529b097eb356dc8e8e7408a7a00a8,explicit,0,4096,omitted,,omitted,,omitted,,omitted,,omitted,,omitted,,omitted,,omitted,,omitted,,False,thinking.type=disabled,ffe557f53c63f7d0f7e35f80c03f61d8b3548db9e4f51e8dda020b28a920d875,provider_not_exposed,provider_not_exposed,False,,False,False,False,disabled,,stop;stop;stop;stop;stop;stop;stop;stop;stop;stop,stop;stop;stop;stop;stop;stop;stop;stop;stop;stop,7322,1873,0,518,250,0,ssr_priority_compactor,mature_ssr_loop_protocol_v1_ecvs_safe_visible_only,1,1,5,4,5,5,0,5d57e5c36aed38e27b31832f53567fd79701ccca803160645fa9ee350350beca,0,,0,[],[],,0,,,,,not_schema_aware,[],0,0,0,1,,1,[],"[""REQ_11_3FAAF1DB"", ""LOCK_11_EAFAD244"", ""SCOPE_11_EE42C1F3"", ""CHECK_11_5942913E"", ""ANCHOR_11_77A03CBA""]",0,[],0,[],0,[],1,0,,clean,,af2496b42a090f1812b416f17fb05586c61af8c562eeb7be37081863c43234b8,5567b30744d17946ae12e93432c4902271246acdf7c5316c367200e00856dd48,e8e91ca7c82eb13867997b5cc33cfc497f961c7066df63968dd794e09e734957,ada1056a72e49b4d5f7e0e50a3ebc2a87b5a6d68a5ff7073736f2ce32a121084,9e416a99e3dd8ca056f6688f53126cfd4f92c84bc5378417dcee3e9f0c25f1a9,released_raw_outputs/model_outputs/_probe_ecvs_deepseek_v4pro_pcg_dynamic_state_v1_e3_m4_h4_visiblecarry_vs_maturessrloop_11task_2method_2budget_1run/deepseek/mature_ssr_loop__pcgds_v1_00011_requirement_overwrite_hard__run_1__budget_1200.jsonl,10,results/_probe_ecvs_deepseek_v4pro_pcg_dynamic_state_v1_e3_m4_h4_visiblecarry_vs_maturessrloop_11task_2method_2budget_1run/compiler_audit/ssr_loop__pcgds_v1_00011_requirement_overwrite_hard__run_1__budget_1200.jsonl,9,9bca3ce03a917c76e689dfc8234b99253b11f5e5fa06ceec8bd0ae2bdb25a720,ffe27cc308f7b31db97a134bfd66191964ef8c9c2b8bc5d98a33f786c9ab79d1,734c1ddbe29f4c79d3341b582409cbfbc0ef02e9a27ba6d2bfa1f8d7294cf685,5793e3550d6561224151ad65567a417703b3998971d586af7460218a57e87b02,_probe_ecvs_deepseek_v4pro_pcg_dynamic_state_v1_e3_m4_h4_visiblecarry_vs_maturessrloop_11task_2method_2budget_1run,ssr_loop,276568f4f908f36e65d560b050b98c4a566b709a9c5c9db9d3f6161da9f66c01,c1e8c45af386da03c247895136e3d3d79a2510fc2ff0ec92d7350801b8d5104d,"{""allowed_path_count"": 3, ""budgets_supported"": [600, 1200], ""forbidden_path_count"": 4, ""forbidden_token_count"": 4, ""method_specific_selection_used"": false, ""model_outcomes_used"": false, ""required_output_size"": 5, ""segment_count"": 9, ""stale_token_count"": 4}",debe52b540b08baafdca14de1aa40e1627a39be9a2d96f5970a576488a341be3,10,mature_ssr_loop_protocol_v1_ecvs_safe_visible_only,,,,,,,,,,,,,,,,,,,,,,,,
_probe_ecvs_deepseek_v4pro_pcg_dynamic_state_v1_e3_m4_h4_visiblecarry_vs_maturessrloop_11task_2method_2budget_1run:deepseek_v4pro:mature_ssr_loop:pcgds_v1_00011_requirement_overwrite_hard:budget_600:run_1,deepseek_v4pro,pcgds_v1_00011_requirement_overwrite_hard,pcg_dynamic_state_synthetic,hard,requirement_overwrite,pcg_hard,mature_ssr_loop,mature_ssr_loop,600,1,2026-06-20T05:50:35.982112+00:00,2026-06-20T05:51:02.727993+00:00,2026-06-20T05:50:35.982147+00:00,2026-06-20T05:51:02.722179+00:00,26.719,1564687749c350d1f7bf81b656a728d3a441d2f49f17544a8d34cec04ec5766d,3852fb2405c627d96a4a4cc5c66edb72504cbc3204ebccda126b9b7dd8fd106d,3318d3247ea911325a8a90d7fb52e51fc024f29ca086ec0d109d0234e43b84f9,e6b6a9b361d6ba1d72f74aadcdf10e97f9c290b40245d709a85dd658f08a1f25,c257478064fe9a6ccd589026c2f088b4f6a63436dd3f26fa5827684daa00e50c,665bfe62467601050cda1d9acd4a98554dc5d8e84f7704f3c893f3c55385e7ec,49b6dd2d11093d24488a5317eb052dbbdf7f5d202403c58eed5651bbe5ac4c57,49b6dd2d11093d24488a5317eb052dbbdf7f5d202403c58eed5651bbe5ac4c57,49b6dd2d11093d24488a5317eb052dbbdf7f5d202403c58eed5651bbe5ac4c57,d5082fce8dd5fc2ffa71bbd4219f78890248b0b1b4793128165a7fbce06a2a2b,direct_provider,deepseek,https://api.deepseek.com,deepseek-v4-pro,https://api.deepseek.com/chat/completions,deepseek-v4-pro,caabb4409a46c31ba63803dd43f0cd53791328e6bdb08afe5d9cc7354307cfc7,6088d46151391cb51050f9f1f4c6e07dc0dc10827a3f31ae3d284004a9088eb7,d914cfc97d9b99822a2b1313c16850fd7be529b097eb356dc8e8e7408a7a00a8,explicit,0,4096,omitted,,omitted,,omitted,,omitted,,omitted,,omitted,,omitted,,omitted,,omitted,,False,thinking.type=disabled,ffe557f53c63f7d0f7e35f80c03f61d8b3548db9e4f51e8dda020b28a920d875,provider_not_exposed,provider_not_exposed,False,,False,False,False,disabled,,stop;stop;stop;stop;stop;stop;stop;stop;stop;stop,stop;stop;stop;stop;stop;stop;stop;stop;stop;stop,7303,1829,0,358,250,0,ssr_priority_compactor,mature_ssr_loop_protocol_v1_ecvs_safe_visible_only,1,1,5,1,5,5,0,07361b6fcd982dac1c307f1987337bfff8cb0897d9d6ef3da288ad33e21b1b62,0,,0,[],[],,0,,,,,not_schema_aware,[],0,0,0,1,,1,[],"[""REQ_11_3FAAF1DB"", ""LOCK_11_EAFAD244"", ""SCOPE_11_EE42C1F3"", ""CHECK_11_5942913E"", ""ANCHOR_11_77A03CBA""]",0,[],0,[],0,[],1,0,,clean,,f6e2eaa6c8e800ca7aad8ae554ca578a4ae4eed80e944d5bd339e4e99261911c,354fd9423297a8758dffc3550413b1c8823f0f5d29b84acf69c653f07e9821f5,9aba841dc15e383a06df42394382ae0b0e257eb6b36ffff34bc13f1697b5ee90,6c2dc44905a2cbbb8b450f592d06371c51650805afaa5cce6c1c202ed7c46e26,519cb7ebf62841e5b14765f24d347d873b34003386c1151fced36849dcdc8bc3,released_raw_outputs/model_outputs/_probe_ecvs_deepseek_v4pro_pcg_dynamic_state_v1_e3_m4_h4_visiblecarry_vs_maturessrloop_11task_2method_2budget_1run/deepseek/mature_ssr_loop__pcgds_v1_00011_requirement_overwrite_hard__run_1__budget_600.jsonl,10,results/_probe_ecvs_deepseek_v4pro_pcg_dynamic_state_v1_e3_m4_h4_visiblecarry_vs_maturessrloop_11task_2method_2budget_1run/compiler_audit/ssr_loop__pcgds_v1_00011_requirement_overwrite_hard__run_1__budget_600.jsonl,9,ecee59e68a0aaddc7106d360dcfb0e885a164f169459d43a5810dff3ec3507b5,8803967244d2214b6828f5a7f0801d0785e9ba6783cefedce660e2fda1812692,a0a2980741ffee9f02d4204e607fdad30d11429f1323944aa616493b2d0c69fb,aee7ea9be9e29f2b080c0afbf6206ed0141d86e246a1c8a2e03972ba88e392af,_probe_ecvs_deepseek_v4pro_pcg_dynamic_state_v1_e3_m4_h4_visiblecarry_vs_maturessrloop_11task_2method_2budget_1run,ssr_loop,276568f4f908f36e65d560b050b98c4a566b709a9c5c9db9d3f6161da9f66c01,c1e8c45af386da03c247895136e3d3d79a2510fc2ff0ec92d7350801b8d5104d,"{""allowed_path_count"": 3, ""budgets_supported"": [600, 1200], ""forbidden_path_count"": 4, ""forbidden_token_count"": 4, ""method_specific_selection_used"": false, ""model_outcomes_used"": false, ""required_output_size"": 5, ""segment_count"": 9, ""stale_token_count"": 4}",debe52b540b08baafdca14de1aa40e1627a39be9a2d96f5970a576488a341be3,10,mature_ssr_loop_protocol_v1_ecvs_safe_visible_only,,,,,,,,,,,,,,,,,,,,,,,,
_probe_ecvs_deepseek_v4pro_pcg_dynamic_state_v1_e3_m4_h4_visiblecarry_vs_maturessrloop_11task_2method_2budget_1run:deepseek_v4pro:rolling_visible_carry_forward:pcgds_v1_00001_api_migration_easy:budget_1200:run_1,deepseek_v4pro,pcgds_v1_00001_api_migration_easy,pcg_dynamic_state_synthetic,easy,api_migration,pcg_easy,rolling_visible_carry_forward,rolling_visible_carry_forward,1200,1,2026-06-20T05:50:35.941235+00:00,2026-06-20T05:50:51.278525+00:00,2026-06-20T05:50:35.941319+00:00,2026-06-20T05:50:51.274218+00:00,15.326,1564687749c350d1f7bf81b656a728d3a441d2f49f17544a8d34cec04ec5766d,70469448dae0f34b9b442c737d72d7d8415eaaa1104da20a882a6df0ab6097e3,3318d3247ea911325a8a90d7fb52e51fc024f29ca086ec0d109d0234e43b84f9,221324052117d6bad5210b1c3bce185bd670a127656237053cb639b9eeef0c8b,1f04f839486af3b5f70f0f334164b261bdf7cfa422a684847b996ed44675f35f,665bfe62467601050cda1d9acd4a98554dc5d8e84f7704f3c893f3c55385e7ec,49b6dd2d11093d24488a5317eb052dbbdf7f5d202403c58eed5651bbe5ac4c57,49b6dd2d11093d24488a5317eb052dbbdf7f5d202403c58eed5651bbe5ac4c57,49b6dd2d11093d24488a5317eb052dbbdf7f5d202403c58eed5651bbe5ac4c57,d5082fce8dd5fc2ffa71bbd4219f78890248b0b1b4793128165a7fbce06a2a2b,direct_provider,deepseek,https://api.deepseek.com,deepseek-v4-pro,https://api.deepseek.com/chat/completions,deepseek-v4-pro,caabb4409a46c31ba63803dd43f0cd53791328e6bdb08afe5d9cc7354307cfc7,6088d46151391cb51050f9f1f4c6e07dc0dc10827a3f31ae3d284004a9088eb7,d914cfc97d9b99822a2b1313c16850fd7be529b097eb356dc8e8e7408a7a00a8,explicit,0,4096,omitted,,omitted,,omitted,,omitted,,omitted,,omitted,,omitted,,omitted,,omitted,,False,thinking.type=disabled,ffe557f53c63f7d0f7e35f80c03f61d8b3548db9e4f51e8dda020b28a920d875,provider_not_exposed,provider_not_exposed,False,,False,False,False,disabled,,stop;stop;stop;stop;stop;stop,stop;stop;stop;stop;stop;stop,4486,1214,0,769,827,0,visible_carry_forward_compactor,,,,,,,,,,,,,,,,0,,,,,,,,,0,1,,1,[],"[""REQ_01_8E6C2367"", ""LOCK_01_2C49B3AB"", ""SCOPE_01_B327FF03""]",0,[],0,[],0,[],1,0,,clean,,429893780def5f378c5e62cd6d51f0534c8c9536f1fa16a723f545f56cd45f0a,4db2e9aa0099957a88a3f31cf84822e31d5a8ded7b6be7ecfa159973cc621bf8,595e38b0e7dafbf3e3e7524b9073cd41a0df799c527e83218a3056fb7945c8a8,8cc4509d212773be4c63fc2d11f4442c3c814d0c1b2c0386ba7a6acff3700681,7fe0afa5396453af82a61b6049e33e9489d6633b4932bceb254e869524d2a626,released_raw_outputs/model_outputs/_probe_ecvs_deepseek_v4pro_pcg_dynamic_state_v1_e3_m4_h4_visiblecarry_vs_maturessrloop_11task_2method_2budget_1run/deepseek/rolling_visible_carry_forward__pcgds_v1_00001_api_migration_easy__run_1__budget_1200.jsonl,6,,,,eaf7ee0a83d796e4bee833845e998f834442595eb472b91d75fe3f73c4e08684,5f2bfd55aefa89da72f0f8bc7610c03c09bed16771fdb15cf359f1d71607b69c,059f07cca078edf5f225bcc3968f34dd35c26e33f900710870f0523aaf155bae,_probe_ecvs_deepseek_v4pro_pcg_dynamic_state_v1_e3_m4_h4_visiblecarry_vs_maturessrloop_11task_2method_2budget_1run,rolling_visible_carry_forward,276568f4f908f36e65d560b050b98c4a566b709a9c5c9db9d3f6161da9f66c01,aa0d592512ee44472c28cddf13739abbbb1b904213cb4d99d7b373550be2f6ae,"{""allowed_path_count"": 2, ""budgets_supported"": [600, 1200], ""forbidden_path_count"": 2, ""forbidden_token_count"": 2, ""method_specific_selection_used"": false, ""model_outcomes_used"": false, ""required_output_size"": 3, ""segment_count"": 5, ""stale_token_count"": 2}",debe52b540b08baafdca14de1aa40e1627a39be9a2d96f5970a576488a341be3,6,rolling_visible_identifier_carry_forward_v1_ecvs_safe_visible_only,rolling_visible_identifier_carry_forward_v1_ecvs_safe_visible_only,1,3,3,3,3,0,5686530c93badde21c9086141da456860de9265868d33237bc40a8ea379a4705,0,,0,[],[],,,,,not_reader_aware,[],0,0,results/_probe_ecvs_deepseek_v4pro_pcg_dynamic_state_v1_e3_m4_h4_visiblecarry_vs_maturessrloop_11task_2method_2budget_1run/reader_audit/rolling_visible_carry_forward__pcgds_v1_00001_api_migration_easy__run_1__budget_1200.jsonl,5,297b9df845aacb818d2ed2a97021d852687e8f155c02881a4c4544255108cf4a
_probe_ecvs_deepseek_v4pro_pcg_dynamic_state_v1_e3_m4_h4_visiblecarry_vs_maturessrloop_11task_2method_2budget_1run:deepseek_v4pro:rolling_visible_carry_forward:pcgds_v1_00001_api_migration_easy:budget_600:run_1,deepseek_v4pro,pcgds_v1_00001_api_migration_easy,pcg_dynamic_state_synthetic,easy,api_migration,pcg_easy,rolling_visible_carry_forward,rolling_visible_carry_forward,600,1,2026-06-20T05:50:35.942252+00:00,2026-06-20T05:50:50.792780+00:00,2026-06-20T05:50:35.942297+00:00,2026-06-20T05:50:50.791039+00:00,14.844,1564687749c350d1f7bf81b656a728d3a441d2f49f17544a8d34cec04ec5766d,70469448dae0f34b9b442c737d72d7d8415eaaa1104da20a882a6df0ab6097e3,3318d3247ea911325a8a90d7fb52e51fc024f29ca086ec0d109d0234e43b84f9,221324052117d6bad5210b1c3bce185bd670a127656237053cb639b9eeef0c8b,efd6c5ca7ad4c20c9d325e8ee61c79a5541b40ab9942e204e971565565344a75,665bfe62467601050cda1d9acd4a98554dc5d8e84f7704f3c893f3c55385e7ec,49b6dd2d11093d24488a5317eb052dbbdf7f5d202403c58eed5651bbe5ac4c57,49b6dd2d11093d24488a5317eb052dbbdf7f5d202403c58eed5651bbe5ac4c57,49b6dd2d11093d24488a5317eb052dbbdf7f5d202403c58eed5651bbe5ac4c57,d5082fce8dd5fc2ffa71bbd4219f78890248b0b1b4793128165a7fbce06a2a2b,direct_provider,deepseek,https://api.deepseek.com,deepseek-v4-pro,https://api.deepseek.com/chat/completions,deepseek-v4-pro,caabb4409a46c31ba63803dd43f0cd53791328e6bdb08afe5d9cc7354307cfc7,6088d46151391cb51050f9f1f4c6e07dc0dc10827a3f31ae3d284004a9088eb7,d914cfc97d9b99822a2b1313c16850fd7be529b097eb356dc8e8e7408a7a00a8,explicit,0,4096,omitted,,omitted,,omitted,,omitted,,omitted,,omitted,,omitted,,omitted,,omitted,,False,thinking.type=disabled,ffe557f53c63f7d0f7e35f80c03f61d8b3548db9e4f51e8dda020b28a920d875,provider_not_exposed,provider_not_exposed,False,,False,False,False,disabled,,stop;stop;stop;stop;stop;stop,stop;stop;stop;stop;stop;stop,4072,1022,0,517,575,0,visible_carry_forward_compactor,,,,,,,,,,,,,,,,0,,,,,,,,,0,1,,1,[],"[""REQ_01_8E6C2367"", ""LOCK_01_2C49B3AB"", ""SCOPE_01_B327FF03""]",0,[],0,[],0,[],1,0,,clean,,72538c56e6851c6e2ea59301d4c138fcda26a5b2c681190e9b2e0656ccb3d452,80a68e2d069bd79bdd62302475c6fb3c7a30ad78e7569e6520268169b7d04f1b,6884daf98e9760567a4af59e46d732bfbce2193e13eab701899fab64063f03f3,bde4c21d33fb04615d4994a8ee173ed5f2ffd00ab90b3b8a289fffc3831184cd,1ed82285d89ad6430a1c826fd476b7df4ef1aa080b3251fdd2820c1e3ebea849,released_raw_outputs/model_outputs/_probe_ecvs_deepseek_v4pro_pcg_dynamic_state_v1_e3_m4_h4_visiblecarry_vs_maturessrloop_11task_2method_2budget_1run/deepseek/rolling_visible_carry_forward__pcgds_v1_00001_api_migration_easy__run_1__budget_600.jsonl,6,,,,70cbd200086a71dffa5c19ec84f901a652c56bf2a7008a95bc9f655428b46942,e42d26c7c9ed749aa9ad954750bb98135f5fc96e429330ac60197684f2210779,c74ed44e6a9fa7181ff10a112bb5fe2e453f4ad2a163f9433e64b86ff2399c03,_probe_ecvs_deepseek_v4pro_pcg_dynamic_state_v1_e3_m4_h4_visiblecarry_vs_maturessrloop_11task_2method_2budget_1run,rolling_visible_carry_forward,276568f4f908f36e65d560b050b98c4a566b709a9c5c9db9d3f6161da9f66c01,aa0d592512ee44472c28cddf13739abbbb1b904213cb4d99d7b373550be2f6ae,"{""allowed_path_count"": 2, ""budgets_supported"": [600, 1200], ""forbidden_path_count"": 2, ""forbidden_token_count"": 2, ""method_specific_selection_used"": false, ""model_outcomes_used"": false, ""required_output_size"": 3, ""segment_count"": 5, ""stale_token_count"": 2}",debe52b540b08baafdca14de1aa40e1627a39be9a2d96f5970a576488a341be3,6,rolling_visible_identifier_carry_forward_v1_ecvs_safe_visible_only,rolling_visible_identifier_carry_forward_v1_ecvs_safe_visible_only,1,3,3,3,3,0,d65513679148ee0fadccfc4b0debc3be2999fd1fd6a56157e69863fb0d1a3f2f,0,,0,[],[],,,,,not_reader_aware,[],0,0,results/_probe_ecvs_deepseek_v4pro_pcg_dynamic_state_v1_e3_m4_h4_visiblecarry_vs_maturessrloop_11task_2method_2budget_1run/reader_audit/rolling_visible_carry_forward__pcgds_v1_00001_api_migration_easy__run_1__budget_600.jsonl,5,645f351b80a020733d3cd6efc5cd3a2a56a89c4f80d4bfeac653f001b1f42095
_probe_ecvs_deepseek_v4pro_pcg_dynamic_state_v1_e3_m4_h4_visiblecarry_vs_maturessrloop_11task_2method_2budget_1run:deepseek_v4pro:rolling_visible_carry_forward:pcgds_v1_00002_permission_boundary_easy:budget_1200:run_1,deepseek_v4pro,pcgds_v1_00002_permission_boundary_easy,pcg_dynamic_state_synthetic,easy,permission_boundary,pcg_easy,rolling_visible_carry_forward,rolling_visible_carry_forward,1200,1,2026-06-20T05:50:35.943335+00:00,2026-06-20T05:50:51.962215+00:00,2026-06-20T05:50:35.943379+00:00,2026-06-20T05:50:51.957123+00:00,16.008,1564687749c350d1f7bf81b656a728d3a441d2f49f17544a8d34cec04ec5766d,7590839c7c743b1d2b2a62a82a41d765de20e397fe010f7bc89b631b4b100cf8,3318d3247ea911325a8a90d7fb52e51fc024f29ca086ec0d109d0234e43b84f9,72476dec493d71bd520ccda6b63b2bf8b31301d40d6764e9b428f0ecb1955404,e4329d2dd07f6472125cb180d378db337476b3b752d88b7f3ca95ed0d49d3b66,665bfe62467601050cda1d9acd4a98554dc5d8e84f7704f3c893f3c55385e7ec,49b6dd2d11093d24488a5317eb052dbbdf7f5d202403c58eed5651bbe5ac4c57,49b6dd2d11093d24488a5317eb052dbbdf7f5d202403c58eed5651bbe5ac4c57,49b6dd2d11093d24488a5317eb052dbbdf7f5d202403c58eed5651bbe5ac4c57,d5082fce8dd5fc2ffa71bbd4219f78890248b0b1b4793128165a7fbce06a2a2b,direct_provider,deepseek,https://api.deepseek.com,deepseek-v4-pro,https://api.deepseek.com/chat/completions,deepseek-v4-pro,caabb4409a46c31ba63803dd43f0cd53791328e6bdb08afe5d9cc7354307cfc7,6088d46151391cb51050f9f1f4c6e07dc0dc10827a3f31ae3d284004a9088eb7,d914cfc97d9b99822a2b1313c16850fd7be529b097eb356dc8e8e7408a7a00a8,explicit,0,4096,omitted,,omitted,,omitted,,omitted,,omitted,,omitted,,omitted,,omitted,,omitted,,False,thinking.type=disabled,ffe557f53c63f7d0f7e35f80c03f61d8b3548db9e4f51e8dda020b28a920d875,provider_not_exposed,provider_not_exposed,False,,False,False,False,disabled,,stop;stop;stop;stop;stop;stop,stop;stop;stop;stop;stop;stop,4631,1330,0,808,911,0,visible_carry_forward_compactor,,,,,,,,,,,,,,,,0,,,,,,,,,0,1,,1,[],"[""REQ_02_0C725825"", ""LOCK_02_55C2D3F5"", ""SCOPE_02_B79C0916""]",0,[],0,[],0,[],1,0,,clean,,4114d9edf828e1c6aa53e7b86e4f2b5ca8b901b40816b53bd75326eb6de1b925,73ea1ac81d2d30441cea61c8b9754fb3dc8e7c14e98dbaf29a52b3ab18d2a89a,78066b96fa3f61ec4b3ff0fcf2cdd76c80bdd7c316b5e164abc7181e9d96f02f,ea44c52e1ddec6d6aeba2267f7690afd49fa8168aaa4e49d9457251adecea3f5,563a38ce48b29683ee6be420851dc548f3190ae158d0e94d961d1690c871053e,released_raw_outputs/model_outputs/_probe_ecvs_deepseek_v4pro_pcg_dynamic_state_v1_e3_m4_h4_visiblecarry_vs_maturessrloop_11task_2method_2budget_1run/deepseek/rolling_visible_carry_forward__pcgds_v1_00002_permission_boundary_easy__run_1__budget_1200.jsonl,6,,,,6ae70c93e27ebfa6f5498a1c3af2b23a5d929ec8b5fdd7638847899079b9cf90,2b3b7c5d9c5446ae055f456c0c7f0c4af54a05ae2cfad0d2f98bcf69852817f6,0583d35f3002d754dcb1ab90398655f6fc6d8d868ee4bdb55e529451fb103536,_probe_ecvs_deepseek_v4pro_pcg_dynamic_state_v1_e3_m4_h4_visiblecarry_vs_maturessrloop_11task_2method_2budget_1run,rolling_visible_carry_forward,276568f4f908f36e65d560b050b98c4a566b709a9c5c9db9d3f6161da9f66c01,86bc004b1790a7df41554215fa9401d9d593567c78b27a560e14f3bbc4c4743b,"{""allowed_path_count"": 2, ""budgets_supported"": [600, 1200], ""forbidden_path_count"": 2, ""forbidden_token_count"": 2, ""method_specific_selection_used"": false, ""model_outcomes_used"": false, ""required_output_size"": 3, ""segment_count"": 5, ""stale_token_count"": 2}",debe52b540b08baafdca14de1aa40e1627a39be9a2d96f5970a576488a341be3,6,rolling_visible_identifier_carry_forward_v1_ecvs_safe_visible_only,rolling_visible_identifier_carry_forward_v1_ecvs_safe_visible_only,1,3,3,3,3,0,175a8ec7635c91013ff819cacfe12368684a3df977fa322e4620c3097573ac67,0,,0,[],[],,,,,not_reader_aware,[],0,0,results/_probe_ecvs_deepseek_v4pro_pcg_dynamic_state_v1_e3_m4_h4_visiblecarry_vs_maturessrloop_11task_2method_2budget_1run/reader_audit/rolling_visible_carry_forward__pcgds_v1_00002_permission_boundary_easy__run_1__budget_1200.jsonl,5,dd502a1f9fde77cae311a5a7a849f94a345ff8d98d371c5ccadfba47c96c8ccd
_probe_ecvs_deepseek_v4pro_pcg_dynamic_state_v1_e3_m4_h4_visiblecarry_vs_maturessrloop_11task_2method_2budget_1run:deepseek_v4pro:rolling_visible_carry_forward:pcgds_v1_00002_permission_boundary_easy:budget_600:run_1,deepseek_v4pro,pcgds_v1_00002_permission_boundary_easy,pcg_dynamic_state_synthetic,easy,permission_boundary,pcg_easy,rolling_visible_carry_forward,rolling_visible_carry_forward,600,1,2026-06-20T05:50:35.942840+00:00,2026-06-20T05:50:49.719153+00:00,2026-06-20T05:50:35.942889+00:00,2026-06-20T05:50:49.718310+00:00,13.773,1564687749c350d1f7bf81b656a728d3a441d2f49f17544a8d34cec04ec5766d,7590839c7c743b1d2b2a62a82a41d765de20e397fe010f7bc89b631b4b100cf8,3318d3247ea911325a8a90d7fb52e51fc024f29ca086ec0d109d0234e43b84f9,72476dec493d71bd520ccda6b63b2bf8b31301d40d6764e9b428f0ecb1955404,a65ea3d45fb99c4465134e88388ca8a35501588918e35dd351d45a8514bdec95,665bfe62467601050cda1d9acd4a98554dc5d8e84f7704f3c893f3c55385e7ec,49b6dd2d11093d24488a5317eb052dbbdf7f5d202403c58eed5651bbe5ac4c57,49b6dd2d11093d24488a5317eb052dbbdf7f5d202403c58eed5651bbe5ac4c57,49b6dd2d11093d24488a5317eb052dbbdf7f5d202403c58eed5651bbe5ac4c57,d5082fce8dd5fc2ffa71bbd4219f78890248b0b1b4793128165a7fbce06a2a2b,direct_provider,deepseek,https://api.deepseek.com,deepseek-v4-pro,https://api.deepseek.com/chat/completions,deepseek-v4-pro,caabb4409a46c31ba63803dd43f0cd53791328e6bdb08afe5d9cc7354307cfc7,6088d46151391cb51050f9f1f4c6e07dc0dc10827a3f31ae3d284004a9088eb7,d914cfc97d9b99822a2b1313c16850fd7be529b097eb356dc8e8e7408a7a00a8,explicit,0,4096,omitted,,omitted,,omitted,,omitted,,omitted,,omitted,,omitted,,omitted,,omitted,,False,thinking.type=disabled,ffe557f53c63f7d0f7e35f80c03f61d8b3548db9e4f51e8dda020b28a920d875,provider_not_exposed,provider_not_exposed,False,,False,False,False,disabled,,stop;stop;stop;stop;stop;stop,stop;stop;stop;stop;stop;stop,4170,1072,0,472,575,0,visible_carry_forward_compactor,,,,,,,,,,,,,,,,0,,,,,,,,,0,1,,1,[],"[""REQ_02_0C725825"", ""LOCK_02_55C2D3F5"", ""SCOPE_02_B79C0916""]",0,[],0,[],0,[],1,0,,clean,,563c3ee137e9b313716d3a48e1de71d35127d1ba89f7205982e699d1e6b6fa27,f3e6b3a8a99420c1488fd59de2352fbca5f578f34eeadf65524863e497f3c387,c2c53f07f1c16952019aea736a6f18d82780fbdc2b5c47a19e682342dae0ad9d,7e2df690350c621168be81a5cdb9b328000f2e041e1c81490243a35ddd255a49,6581a11637a59bcfdad7cb94355d877d2f87c00b62aac3cf637b08c35911ff38,released_raw_outputs/model_outputs/_probe_ecvs_deepseek_v4pro_pcg_dynamic_state_v1_e3_m4_h4_visiblecarry_vs_maturessrloop_11task_2method_2budget_1run/deepseek/rolling_visible_carry_forward__pcgds_v1_00002_permission_boundary_easy__run_1__budget_600.jsonl,6,,,,c5c100664bd53441120f1aa9f7e8ae32fb1aa1ba5ecd5e26c31640d91b80eb03,14b464edeabe3d6c5241259ba7231c3e32044e72576bc435002fb5ed574092e0,0e787c919a30d79961d01722f305c51f867fb92626904c20e1e91dd4ae9c52eb,_probe_ecvs_deepseek_v4pro_pcg_dynamic_state_v1_e3_m4_h4_visiblecarry_vs_maturessrloop_11task_2method_2budget_1run,rolling_visible_carry_forward,276568f4f908f36e65d560b050b98c4a566b709a9c5c9db9d3f6161da9f66c01,86bc004b1790a7df41554215fa9401d9d593567c78b27a560e14f3bbc4c4743b,"{""allowed_path_count"": 2, ""budgets_supported"": [600, 1200], ""forbidden_path_count"": 2, ""forbidden_token_count"": 2, ""method_specific_selection_used"": false, ""model_outcomes_used"": false, ""required_output_size"": 3, ""segment_count"": 5, ""stale_token_count"": 2}",debe52b540b08baafdca14de1aa40e1627a39be9a2d96f5970a576488a341be3,6,rolling_visible_identifier_carry_forward_v1_ecvs_safe_visible_only,rolling_visible_identifier_carry_forward_v1_ecvs_safe_visible_only,1,3,2,3,3,0,204e9f2fa22392e484ad7e275a060f9b37d9de4ab4993fc89dae8123fa697e9f,0,,0,[],[],,,,,not_reader_aware,[],0,0,results/_probe_ecvs_deepseek_v4pro_pcg_dynamic_state_v1_e3_m4_h4_visiblecarry_vs_maturessrloop_11task_2method_2budget_1run/reader_audit/rolling_visible_carry_forward__pcgds_v1_00002_permission_boundary_easy__run_1__budget_600.jsonl,5,0c2032b0fdf7e148d15871866a4ee039e00ae643c072027cba1ecf9189cd8926
_probe_ecvs_deepseek_v4pro_pcg_dynamic_state_v1_e3_m4_h4_visiblecarry_vs_maturessrloop_11task_2method_2budget_1run:deepseek_v4pro:rolling_visible_carry_forward:pcgds_v1_00003_requirement_overwrite_easy:budget_1200:run_1,deepseek_v4pro,pcgds_v1_00003_requirement_overwrite_easy,pcg_dynamic_state_synthetic,easy,requirement_overwrite,pcg_easy,rolling_visible_carry_forward,rolling_visible_carry_forward,1200,1,2026-06-20T05:50:35.946579+00:00,2026-06-20T05:50:50.719382+00:00,2026-06-20T05:50:35.946627+00:00,2026-06-20T05:50:50.712723+00:00,14.759,1564687749c350d1f7bf81b656a728d3a441d2f49f17544a8d34cec04ec5766d,c9d30bea3c89838ddcb134739729dda09678b9bb201336180c60f41696f8afc1,3318d3247ea911325a8a90d7fb52e51fc024f29ca086ec0d109d0234e43b84f9,9a0bc36c509d4431340ff2a6299e7b2710bb304276a12d8b9ce6dcfa1204888e,feedc300c45ec10908ef05c689a33cf7d82734361da004a9de1359ba05bcd1bd,665bfe62467601050cda1d9acd4a98554dc5d8e84f7704f3c893f3c55385e7ec,49b6dd2d11093d24488a5317eb052dbbdf7f5d202403c58eed5651bbe5ac4c57,49b6dd2d11093d24488a5317eb052dbbdf7f5d202403c58eed5651bbe5ac4c57,49b6dd2d11093d24488a5317eb052dbbdf7f5d202403c58eed5651bbe5ac4c57,d5082fce8dd5fc2ffa71bbd4219f78890248b0b1b4793128165a7fbce06a2a2b,direct_provider,deepseek,https://api.deepseek.com,deepseek-v4-pro,https://api.deepseek.com/chat/completions,deepseek-v4-pro,caabb4409a46c31ba63803dd43f0cd53791328e6bdb08afe5d9cc7354307cfc7,6088d46151391cb51050f9f1f4c6e07dc0dc10827a3f31ae3d284004a9088eb7,d914cfc97d9b99822a2b1313c16850fd7be529b097eb356dc8e8e7408a7a00a8,explicit,0,4096,omitted,,omitted,,omitted,,omitted,,omitted,,omitted,,omitted,,omitted,,omitted,,False,thinking.type=disabled,ffe557f53c63f7d0f7e35f80c03f61d8b3548db9e4f51e8dda020b28a920d875,provider_not_exposed,provider_not_exposed,False,,False,False,False,disabled,,stop;stop;stop;stop;stop;stop,stop;stop;stop;stop;stop;stop,4383,1083,0,615,718,0,visible_carry_forward_compactor,,,,,,,,,,,,,,,,0,,,,,,,,,0,1,,1,[],"[""REQ_03_20816969"", ""LOCK_03_C77AB95A"", ""SCOPE_03_1D28BCF6""]",0,[],0,[],0,[],1,0,,clean,,524f1ae7f02d7c50aa8adbdad9a82cace21014df9c21aafa4ea3cb5c8f0caf98,2ff527793bd48186c4e1f014c0793df4e7e61571ca4b876471631c73ca452b44,1532ccee0eb415b3d6505572a373c89dff8c9d6af050565daf59295aa7af583b,8c83706a3cce9cc28e8493245c0a3b087843b9160388db0537aa67829738e9ee,c5dd2e8d2a1806230d1f5de23d2fb2b3bcf6576ee13e76bdedb6788c85282011,released_raw_outputs/model_outputs/_probe_ecvs_deepseek_v4pro_pcg_dynamic_state_v1_e3_m4_h4_visiblecarry_vs_maturessrloop_11task_2method_2budget_1run/deepseek/rolling_visible_carry_forward__pcgds_v1_00003_requirement_overwrite_easy__run_1__budget_1200.jsonl,6,,,,74acee4d5211a066cbb770e2c42bdd67c7b4821748c276e57357327f6fa89e4c,2803b86266521760fb2e4dbca56ae06b7b4d42c6aa5fd02f2d2d8077f0227216,2e56aab670b4be3b75c5aa8007e990e5c39d65184d811abe1ca13a6530d49cfd,_probe_ecvs_deepseek_v4pro_pcg_dynamic_state_v1_e3_m4_h4_visiblecarry_vs_maturessrloop_11task_2method_2budget_1run,rolling_visible_carry_forward,276568f4f908f36e65d560b050b98c4a566b709a9c5c9db9d3f6161da9f66c01,adade7c97a4ef0aeea59b0fcbed73f3f56c27d76439e15c24b4d6ba3ca09c12d,"{""allowed_path_count"": 2, ""budgets_supported"": [600, 1200], ""forbidden_path_count"": 2, ""forbidden_token_count"": 2, ""method_specific_selection_used"": false, ""model_outcomes_used"": false, ""required_output_size"": 3, ""segment_count"": 5, ""stale_token_count"": 2}",debe52b540b08baafdca14de1aa40e1627a39be9a2d96f5970a576488a341be3,6,rolling_visible_identifier_carry_forward_v1_ecvs_safe_visible_only,rolling_visible_identifier_carry_forward_v1_ecvs_safe_visible_only,1,3,3,3,3,0,4e438c29593d8929679efef5093941f77554d306b330d367d1530f6d5eb998f5,0,,0,[],[],,,,,not_reader_aware,[],0,0,results/_probe_ecvs_deepseek_v4pro_pcg_dynamic_state_v1_e3_m4_h4_visiblecarry_vs_maturessrloop_11task_2method_2budget_1run/reader_audit/rolling_visible_carry_forward__pcgds_v1_00003_requirement_overwrite_easy__run_1__budget_1200.jsonl,5,39e31659940f3b71245ae0422979117e8ab42dc3a920e544460ecbe4c9a10423
_probe_ecvs_deepseek_v4pro_pcg_dynamic_state_v1_e3_m4_h4_visiblecarry_vs_maturessrloop_11task_2method_2budget_1run:deepseek_v4pro:rolling_visible_carry_forward:pcgds_v1_00003_requirement_overwrite_easy:budget_600:run_1,deepseek_v4pro,pcgds_v1_00003_requirement_overwrite_easy,pcg_dynamic_state_synthetic,easy,requirement_overwrite,pcg_easy,rolling_visible_carry_forward,rolling_visible_carry_forward,600,1,2026-06-20T05:50:35.944339+00:00,2026-06-20T05:50:49.362238+00:00,2026-06-20T05:50:35.944388+00:00,2026-06-20T05:50:49.361358+00:00,13.412,1564687749c350d1f7bf81b656a728d3a441d2f49f17544a8d34cec04ec5766d,c9d30bea3c89838ddcb134739729dda09678b9bb201336180c60f41696f8afc1,3318d3247ea911325a8a90d7fb52e51fc024f29ca086ec0d109d0234e43b84f9,9a0bc36c509d4431340ff2a6299e7b2710bb304276a12d8b9ce6dcfa1204888e,9b770bfc84f664ce998372bec8b40ebe51caa973b9780722fb7811f021e03c34,665bfe62467601050cda1d9acd4a98554dc5d8e84f7704f3c893f3c55385e7ec,49b6dd2d11093d24488a5317eb052dbbdf7f5d202403c58eed5651bbe5ac4c57,49b6dd2d11093d24488a5317eb052dbbdf7f5d202403c58eed5651bbe5ac4c57,49b6dd2d11093d24488a5317eb052dbbdf7f5d202403c58eed5651bbe5ac4c57,d5082fce8dd5fc2ffa71bbd4219f78890248b0b1b4793128165a7fbce06a2a2b,direct_provider,deepseek,https://api.deepseek.com,deepseek-v4-pro,https://api.deepseek.com/chat/completions,deepseek-v4-pro,caabb4409a46c31ba63803dd43f0cd53791328e6bdb08afe5d9cc7354307cfc7,6088d46151391cb51050f9f1f4c6e07dc0dc10827a3f31ae3d284004a9088eb7,d914cfc97d9b99822a2b1313c16850fd7be529b097eb356dc8e8e7408a7a00a8,explicit,0,4096,omitted,,omitted,,omitted,,omitted,,omitted,,omitted,,omitted,,omitted,,omitted,,False,thinking.type=disabled,ffe557f53c63f7d0f7e35f80c03f61d8b3548db9e4f51e8dda020b28a920d875,provider_not_exposed,provider_not_exposed,False,,False,False,False,disabled,,stop;stop;stop;stop;stop;stop,stop;stop;stop;stop;stop;stop,4093,871,0,420,546,0,visible_carry_forward_compactor,,,,,,,,,,,,,,,,0,,,,,,,,,0,1,,0,"[""REQ_03_20816969""]","[""LOCK_03_C77AB95A"", ""SCOPE_03_1D28BCF6""]",0,[],0,[],0,[],0,0,,clean,,b48134ae562abc057d35ac62ba282fd314105b27af92cd62bccaf6a4beb7bfe7,7c3cd2eb381cedd21913f9fb0feb77b4e79c254cde302c7481043a2ed8e03ca6,ab79926bfef366a68426d2e44ce838adaa221eb946c368b6a145f23d639252c4,5fc394397db7a4f9a95d5818e38833b1e1ff591ab26b6c90fe98c4e80c8d4913,082b097434fc82cb65cf1d3aac0f7cfec5ea2951332b1a91149616d380181900,released_raw_outputs/model_outputs/_probe_ecvs_deepseek_v4pro_pcg_dynamic_state_v1_e3_m4_h4_visiblecarry_vs_maturessrloop_11task_2method_2budget_1run/deepseek/rolling_visible_carry_forward__pcgds_v1_00003_requirement_overwrite_easy__run_1__budget_600.jsonl,6,,,,12fa3232ad4a98cbf7dce4f6a9b4787ddb73636f40b4d057162ba91855c08439,19e69fb9131eed1902cd630e9ea03791771a3dac65d64d3e049c2106de339a48,dabcc4a2f4ebdc92dc0e0d8d4876fd84794ea48b0cbf9e48cf9482c16b6a04e0,_probe_ecvs_deepseek_v4pro_pcg_dynamic_state_v1_e3_m4_h4_visiblecarry_vs_maturessrloop_11task_2method_2budget_1run,rolling_visible_carry_forward,276568f4f908f36e65d560b050b98c4a566b709a9c5c9db9d3f6161da9f66c01,adade7c97a4ef0aeea59b0fcbed73f3f56c27d76439e15c24b4d6ba3ca09c12d,"{""allowed_path_count"": 2, ""budgets_supported"": [600, 1200], ""forbidden_path_count"": 2, ""forbidden_token_count"": 2, ""method_specific_selection_used"": false, ""model_outcomes_used"": false, ""required_output_size"": 3, ""segment_count"": 5, ""stale_token_count"": 2}",debe52b540b08baafdca14de1aa40e1627a39be9a2d96f5970a576488a341be3,6,rolling_visible_identifier_carry_forward_v1_ecvs_safe_visible_only,rolling_visible_identifier_carry_forward_v1_ecvs_safe_visible_only,1,3,3,3,3,0,262ef887c37c87b4940dedef7df3b10868711e18f32e896226f6ea4f9c0b29d6,0,,0,[],[],,,,,not_reader_aware,[],0,0,results/_probe_ecvs_deepseek_v4pro_pcg_dynamic_state_v1_e3_m4_h4_visiblecarry_vs_maturessrloop_11task_2method_2budget_1run/reader_audit/rolling_visible_carry_forward__pcgds_v1_00003_requirement_overwrite_easy__run_1__budget_600.jsonl,5,8315c45c1cf756b516e49716e1278bd2ab48adfbae855b9cdf01abe1b5c42ec6
_probe_ecvs_deepseek_v4pro_pcg_dynamic_state_v1_e3_m4_h4_visiblecarry_vs_maturessrloop_11task_2method_2budget_1run:deepseek_v4pro:rolling_visible_carry_forward:pcgds_v1_00004_decoy_heavy_config_medium:budget_1200:run_1,deepseek_v4pro,pcgds_v1_00004_decoy_heavy_config_medium,pcg_dynamic_state_synthetic,medium,decoy_heavy_config,pcg_medium,rolling_visible_carry_forward,rolling_visible_carry_forward,1200,1,2026-06-20T05:50:35.948447+00:00,2026-06-20T05:50:56.676942+00:00,2026-06-20T05:50:35.948728+00:00,2026-06-20T05:50:56.671253+00:00,20.717,1564687749c350d1f7bf81b656a728d3a441d2f49f17544a8d34cec04ec5766d,2840c1a4698d76b8f8a842ff920efc21ef04d6d811a8daa42bceb44c6fc5ca14,3318d3247ea911325a8a90d7fb52e51fc024f29ca086ec0d109d0234e43b84f9,40ce62467640de89a2fc2198003d2b56e917ff97904bddd4fedbcff726943fa2,83c18b83cd447cbe659a89c8bb140735b3461fac4156d697904894a1d9e85c4e,665bfe62467601050cda1d9acd4a98554dc5d8e84f7704f3c893f3c55385e7ec,49b6dd2d11093d24488a5317eb052dbbdf7f5d202403c58eed5651bbe5ac4c57,49b6dd2d11093d24488a5317eb052dbbdf7f5d202403c58eed5651bbe5ac4c57,49b6dd2d11093d24488a5317eb052dbbdf7f5d202403c58eed5651bbe5ac4c57,d5082fce8dd5fc2ffa71bbd4219f78890248b0b1b4793128165a7fbce06a2a2b,direct_provider,deepseek,https://api.deepseek.com,deepseek-v4-pro,https://api.deepseek.com/chat/completions,deepseek-v4-pro,caabb4409a46c31ba63803dd43f0cd53791328e6bdb08afe5d9cc7354307cfc7,6088d46151391cb51050f9f1f4c6e07dc0dc10827a3f31ae3d284004a9088eb7,d914cfc97d9b99822a2b1313c16850fd7be529b097eb356dc8e8e7408a7a00a8,explicit,0,4096,omitted,,omitted,,omitted,,omitted,,omitted,,omitted,,omitted,,omitted,,omitted,,False,thinking.type=disabled,ffe557f53c63f7d0f7e35f80c03f61d8b3548db9e4f51e8dda020b28a920d875,provider_not_exposed,provider_not_exposed,False,,False,False,False,disabled,,stop;stop;stop;stop;stop;stop;stop;stop,stop;stop;stop;stop;stop;stop;stop;stop,6324,1825,0,749,824,0,visible_carry_forward_compactor,,,,,,,,,,,,,,,,0,,,,,,,,,0,1,,1,[],"[""REQ_04_B835337B"", ""LOCK_04_175E4F11"", ""SCOPE_04_83344E7E"", ""CHECK_04_EE289F31""]",0,[],0,[],0,[],1,0,,clean,,c17536ce7efb8ee9fa14f91b3c3582d7a1c127f71c1cdf91ec816ae13218bf57,b396340e3d967b5ffbc61faacd1c17e3ae2d320f1fc3ff815c6c800ab7f4774d,f8518266ae9b5a383f35bf9609b7d9d8c671cd1cb4ed7951761cd5390e24bb8b,faff93b42b7dc7e17b9594a9b797213f925ec2c60bfb8368f53cf837781eb92e,eacd833b5e1b3c9f690f3149b4e5b62200bc4eff9e7ec3ceffac6f58bfae5c23,released_raw_outputs/model_outputs/_probe_ecvs_deepseek_v4pro_pcg_dynamic_state_v1_e3_m4_h4_visiblecarry_vs_maturessrloop_11task_2method_2budget_1run/deepseek/rolling_visible_carry_forward__pcgds_v1_00004_decoy_heavy_config_medium__run_1__budget_1200.jsonl,8,,,,bf3a9f51a19073376bc25280a6568ea4e0a67e10fbf51c91138fa1064825515d,b2dc0daad46cb4708decdc4bde27f6b0929bd20e967a265cfe3feec19c4d8b7a,997a6e31537c65b1e1b6bc2501a433c4fcb43c8065b24e2227737c052eb010b3,_probe_ecvs_deepseek_v4pro_pcg_dynamic_state_v1_e3_m4_h4_visiblecarry_vs_maturessrloop_11task_2method_2budget_1run,rolling_visible_carry_forward,276568f4f908f36e65d560b050b98c4a566b709a9c5c9db9d3f6161da9f66c01,b64839ccd632c698528c9d17c280f790cf608f05354521ce5e23ba65e949ad02,"{""allowed_path_count"": 2, ""budgets_supported"": [600, 1200], ""forbidden_path_count"": 3, ""forbidden_token_count"": 3, ""method_specific_selection_used"": false, ""model_outcomes_used"": false, ""required_output_size"": 4, ""segment_count"": 7, ""stale_token_count"": 3}",debe52b540b08baafdca14de1aa40e1627a39be9a2d96f5970a576488a341be3,8,rolling_visible_identifier_carry_forward_v1_ecvs_safe_visible_only,rolling_visible_identifier_carry_forward_v1_ecvs_safe_visible_only,1,4,4,4,4,0,0e4b3574c64c5d6630c00beede031f1e634b4f521efc882f853a43062d3c0346,0,,0,[],[],,,,,not_reader_aware,[],0,0,results/_probe_ecvs_deepseek_v4pro_pcg_dynamic_state_v1_e3_m4_h4_visiblecarry_vs_maturessrloop_11task_2method_2budget_1run/reader_audit/rolling_visible_carry_forward__pcgds_v1_00004_decoy_heavy_config_medium__run_1__budget_1200.jsonl,7,5debbdcce3fd576a4ad7abc8aa753f93cd1f621bcc01e5e92325cf27137d69f1
_probe_ecvs_deepseek_v4pro_pcg_dynamic_state_v1_e3_m4_h4_visiblecarry_vs_maturessrloop_11task_2method_2budget_1run:deepseek_v4pro:rolling_visible_carry_forward:pcgds_v1_00004_decoy_heavy_config_medium:budget_600:run_1,deepseek_v4pro,pcgds_v1_00004_decoy_heavy_config_medium,pcg_dynamic_state_synthetic,medium,decoy_heavy_config,pcg_medium,rolling_visible_carry_forward,rolling_visible_carry_forward,600,1,2026-06-20T05:50:35.945560+00:00,2026-06-20T05:50:54.222605+00:00,2026-06-20T05:50:35.945630+00:00,2026-06-20T05:50:54.221667+00:00,18.265,1564687749c350d1f7bf81b656a728d3a441d2f49f17544a8d34cec04ec5766d,2840c1a4698d76b8f8a842ff920efc21ef04d6d811a8daa42bceb44c6fc5ca14,3318d3247ea911325a8a90d7fb52e51fc024f29ca086ec0d109d0234e43b84f9,40ce62467640de89a2fc2198003d2b56e917ff97904bddd4fedbcff726943fa2,4dc305f8e4167e4edd2b6cd8e3ee55fed9adca9f149e374330f97faad20ea013,665bfe62467601050cda1d9acd4a98554dc5d8e84f7704f3c893f3c55385e7ec,49b6dd2d11093d24488a5317eb052dbbdf7f5d202403c58eed5651bbe5ac4c57,49b6dd2d11093d24488a5317eb052dbbdf7f5d202403c58eed5651bbe5ac4c57,49b6dd2d11093d24488a5317eb052dbbdf7f5d202403c58eed5651bbe5ac4c57,d5082fce8dd5fc2ffa71bbd4219f78890248b0b1b4793128165a7fbce06a2a2b,direct_provider,deepseek,https://api.deepseek.com,deepseek-v4-pro,https://api.deepseek.com/chat/completions,deepseek-v4-pro,caabb4409a46c31ba63803dd43f0cd53791328e6bdb08afe5d9cc7354307cfc7,6088d46151391cb51050f9f1f4c6e07dc0dc10827a3f31ae3d284004a9088eb7,d914cfc97d9b99822a2b1313c16850fd7be529b097eb356dc8e8e7408a7a00a8,explicit,0,4096,omitted,,omitted,,omitted,,omitted,,omitted,,omitted,,omitted,,omitted,,omitted,,False,thinking.type=disabled,ffe557f53c63f7d0f7e35f80c03f61d8b3548db9e4f51e8dda020b28a920d875,provider_not_exposed,provider_not_exposed,False,,False,False,False,disabled,,stop;stop;stop;stop;stop;stop;stop;stop,stop;stop;stop;stop;stop;stop;stop;stop,5604,1395,0,456,510,0,visible_carry_forward_compactor,,,,,,,,,,,,,,,,0,,,,,,,,,0,1,,1,[],"[""REQ_04_B835337B"", ""LOCK_04_175E4F11"", ""SCOPE_04_83344E7E"", ""CHECK_04_EE289F31""]",0,[],0,[],0,[],1,0,,clean,,23274c00a0075c4d1a0885f45ee5caf03bddaf72f4c917b9b3da81209c55b509,bf6cd6c9cb3c42d694b65106b1e75607b6cf39e2f3d9ab16ac56527ee4261e66,4771f2098b00606a73e19c0929b09984b07000bd65f0f4a0c1c503c94747b9ed,ec4a9ee0ab08077a835ddb34ea09822bce1a206af2e1215541c23036150cac22,15382ebf5d902493382c7398dc8d07846613a05840112d7e84713c31d788f4f3,released_raw_outputs/model_outputs/_probe_ecvs_deepseek_v4pro_pcg_dynamic_state_v1_e3_m4_h4_visiblecarry_vs_maturessrloop_11task_2method_2budget_1run/deepseek/rolling_visible_carry_forward__pcgds_v1_00004_decoy_heavy_config_medium__run_1__budget_600.jsonl,8,,,,51721f185e3055ad3720495c9ea0440e15b3c5df14ef6080c2a788a092617247,c6c1a21d0136482d9bc9661221fbe88ddfeea3db31fb1173a344d1c9668be3af,981f5c929859727618467d4e29615fba6009fd34d14200a3e406e3011a69f6ce,_probe_ecvs_deepseek_v4pro_pcg_dynamic_state_v1_e3_m4_h4_visiblecarry_vs_maturessrloop_11task_2method_2budget_1run,rolling_visible_carry_forward,276568f4f908f36e65d560b050b98c4a566b709a9c5c9db9d3f6161da9f66c01,b64839ccd632c698528c9d17c280f790cf608f05354521ce5e23ba65e949ad02,"{""allowed_path_count"": 2, ""budgets_supported"": [600, 1200], ""forbidden_path_count"": 3, ""forbidden_token_count"": 3, ""method_specific_selection_used"": false, ""model_outcomes_used"": false, ""required_output_size"": 4, ""segment_count"": 7, ""stale_token_count"": 3}",debe52b540b08baafdca14de1aa40e1627a39be9a2d96f5970a576488a341be3,8,rolling_visible_identifier_carry_forward_v1_ecvs_safe_visible_only,rolling_visible_identifier_carry_forward_v1_ecvs_safe_visible_only,1,4,4,4,4,0,e396d5d8d88b27d6a817e03c119d4eef26e4031c02a719d1f66533161805135a,0,,0,[],[],,,,,not_reader_aware,[],0,0,results/_probe_ecvs_deepseek_v4pro_pcg_dynamic_state_v1_e3_m4_h4_visiblecarry_vs_maturessrloop_11task_2method_2budget_1run/reader_audit/rolling_visible_carry_forward__pcgds_v1_00004_decoy_heavy_config_medium__run_1__budget_600.jsonl,7,49e718dade144c72e24b95907e8564f077f8b31786eef6f5da8eba3e742581b0
_probe_ecvs_deepseek_v4pro_pcg_dynamic_state_v1_e3_m4_h4_visiblecarry_vs_maturessrloop_11task_2method_2budget_1run:deepseek_v4pro:rolling_visible_carry_forward:pcgds_v1_00005_api_migration_medium:budget_1200:run_1,deepseek_v4pro,pcgds_v1_00005_api_migration_medium,pcg_dynamic_state_synthetic,medium,api_migration,pcg_medium,rolling_visible_carry_forward,rolling_visible_carry_forward,1200,1,2026-06-20T05:50:35.947528+00:00,2026-06-20T05:50:57.234406+00:00,2026-06-20T05:50:35.947588+00:00,2026-06-20T05:50:57.231555+00:00,21.275,1564687749c350d1f7bf81b656a728d3a441d2f49f17544a8d34cec04ec5766d,7282f94775686a4f53391f71fe9e7f08ce129eefd2158a7090436ca893e5e252,3318d3247ea911325a8a90d7fb52e51fc024f29ca086ec0d109d0234e43b84f9,8391694deb4ebc8f13097162aece443bbc7d306befb0c19646d091e803959dac,2bf2fb5f7220833cbe70c352b306c7144a427cbeb422d3039262aae870c87e70,665bfe62467601050cda1d9acd4a98554dc5d8e84f7704f3c893f3c55385e7ec,49b6dd2d11093d24488a5317eb052dbbdf7f5d202403c58eed5651bbe5ac4c57,49b6dd2d11093d24488a5317eb052dbbdf7f5d202403c58eed5651bbe5ac4c57,49b6dd2d11093d24488a5317eb052dbbdf7f5d202403c58eed5651bbe5ac4c57,d5082fce8dd5fc2ffa71bbd4219f78890248b0b1b4793128165a7fbce06a2a2b,direct_provider,deepseek,https://api.deepseek.com,deepseek-v4-pro,https://api.deepseek.com/chat/completions,deepseek-v4-pro,caabb4409a46c31ba63803dd43f0cd53791328e6bdb08afe5d9cc7354307cfc7,6088d46151391cb51050f9f1f4c6e07dc0dc10827a3f31ae3d284004a9088eb7,d914cfc97d9b99822a2b1313c16850fd7be529b097eb356dc8e8e7408a7a00a8,explicit,0,4096,omitted,,omitted,,omitted,,omitted,,omitted,,omitted,,omitted,,omitted,,omitted,,False,thinking.type=disabled,ffe557f53c63f7d0f7e35f80c03f61d8b3548db9e4f51e8dda020b28a920d875,provider_not_exposed,provider_not_exposed,False,,False,False,False,disabled,,stop;stop;stop;stop;stop;stop;stop;stop,stop;stop;stop;stop;stop;stop;stop;stop,6294,1656,0,667,832,0,visible_carry_forward_compactor,,,,,,,,,,,,,,,,0,,,,,,,,,0,1,,1,[],"[""REQ_05_1420B17F"", ""LOCK_05_952D6B84"", ""SCOPE_05_3A6BE092"", ""CHECK_05_00F23B44""]",0,[],0,[],0,[],1,0,,clean,,c29a6e9d52ce26bab46b566f0110796ae8f3c1442b2e5fa1d92730550b7cee12,743ef1816c82e5912cd9410ec700e9ba91eee71c35075739319e6715f355f713,a8b7f383f57bd7141649cec59374bb5c76552fc62bc0561302e198725db8e929,ceeb9107c33de48c949fb59c23ba95f8b54998b8f09fe8ce50807de283c2fe61,6495b524fc9c9e8c274e31fb0fc04395a1655d0382026907b0b37bdb3b502c30,released_raw_outputs/model_outputs/_probe_ecvs_deepseek_v4pro_pcg_dynamic_state_v1_e3_m4_h4_visiblecarry_vs_maturessrloop_11task_2method_2budget_1run/deepseek/rolling_visible_carry_forward__pcgds_v1_00005_api_migration_medium__run_1__budget_1200.jsonl,8,,,,31266120a98a89f37d4511ce7ce4153ff36366562a5a8f0e9dec0ce66e41b27c,9ef07840ff2e00fa572ba58aaf3e6a1d5666b3ea8e4952f3c67d8e3785aba7ef,50869b41b5e6ce6890de78a6f1c171e3e6e4aedb9d8bf3c67ec3593b9d60be51,_probe_ecvs_deepseek_v4pro_pcg_dynamic_state_v1_e3_m4_h4_visiblecarry_vs_maturessrloop_11task_2method_2budget_1run,rolling_visible_carry_forward,276568f4f908f36e65d560b050b98c4a566b709a9c5c9db9d3f6161da9f66c01,b3318248333e4e1315fdf6e72fe2ec4d1ddbd95bc351806405a2e9269f1661ab,"{""allowed_path_count"": 2, ""budgets_supported"": [600, 1200], ""forbidden_path_count"": 3, ""forbidden_token_count"": 3, ""method_specific_selection_used"": false, ""model_outcomes_used"": false, ""required_output_size"": 4, ""segment_count"": 7, ""stale_token_count"": 3}",debe52b540b08baafdca14de1aa40e1627a39be9a2d96f5970a576488a341be3,8,rolling_visible_identifier_carry_forward_v1_ecvs_safe_visible_only,rolling_visible_identifier_carry_forward_v1_ecvs_safe_visible_only,1,4,4,4,4,0,0b2c10eb4be37d65da189c7b0a23ce5f7cd64b0ab7694dac85c866497210f1b7,0,,0,[],[],,,,,not_reader_aware,[],0,0,results/_probe_ecvs_deepseek_v4pro_pcg_dynamic_state_v1_e3_m4_h4_visiblecarry_vs_maturessrloop_11task_2method_2budget_1run/reader_audit/rolling_visible_carry_forward__pcgds_v1_00005_api_migration_medium__run_1__budget_1200.jsonl,7,7ea7483c2ceb8197f520c6fb17cd98f2304138c6abfbfe46bd34c88b37fe9ab7
_probe_ecvs_deepseek_v4pro_pcg_dynamic_state_v1_e3_m4_h4_visiblecarry_vs_maturessrloop_11task_2method_2budget_1run:deepseek_v4pro:rolling_visible_carry_forward:pcgds_v1_00005_api_migration_medium:budget_600:run_1,deepseek_v4pro,pcgds_v1_00005_api_migration_medium,pcg_dynamic_state_synthetic,medium,api_migration,pcg_medium,rolling_visible_carry_forward,rolling_visible_carry_forward,600,1,2026-06-20T05:50:35.964327+00:00,2026-06-20T05:50:54.158470+00:00,2026-06-20T05:50:35.964398+00:00,2026-06-20T05:50:54.157538+00:00,18.182,1564687749c350d1f7bf81b656a728d3a441d2f49f17544a8d34cec04ec5766d,7282f94775686a4f53391f71fe9e7f08ce129eefd2158a7090436ca893e5e252,3318d3247ea911325a8a90d7fb52e51fc024f29ca086ec0d109d0234e43b84f9,8391694deb4ebc8f13097162aece443bbc7d306befb0c19646d091e803959dac,2910f27a0b93d0a8d6072e92d0f0ae91aaa098423a19e43d1ee6051efd558a12,665bfe62467601050cda1d9acd4a98554dc5d8e84f7704f3c893f3c55385e7ec,49b6dd2d11093d24488a5317eb052dbbdf7f5d202403c58eed5651bbe5ac4c57,49b6dd2d11093d24488a5317eb052dbbdf7f5d202403c58eed5651bbe5ac4c57,49b6dd2d11093d24488a5317eb052dbbdf7f5d202403c58eed5651bbe5ac4c57,d5082fce8dd5fc2ffa71bbd4219f78890248b0b1b4793128165a7fbce06a2a2b,direct_provider,deepseek,https://api.deepseek.com,deepseek-v4-pro,https://api.deepseek.com/chat/completions,deepseek-v4-pro,caabb4409a46c31ba63803dd43f0cd53791328e6bdb08afe5d9cc7354307cfc7,6088d46151391cb51050f9f1f4c6e07dc0dc10827a3f31ae3d284004a9088eb7,d914cfc97d9b99822a2b1313c16850fd7be529b097eb356dc8e8e7408a7a00a8,explicit,0,4096,omitted,,omitted,,omitted,,omitted,,omitted,,omitted,,omitted,,omitted,,omitted,,False,thinking.type=disabled,ffe557f53c63f7d0f7e35f80c03f61d8b3548db9e4f51e8dda020b28a920d875,provider_not_exposed,provider_not_exposed,False,,False,False,False,disabled,,stop;stop;stop;stop;stop;stop;stop;stop,stop;stop;stop;stop;stop;stop;stop;stop,5504,1285,0,346,511,0,visible_carry_forward_compactor,,,,,,,,,,,,,,,,0,,,,,,,,,0,1,,1,[],"[""REQ_05_1420B17F"", ""LOCK_05_952D6B84"", ""SCOPE_05_3A6BE092"", ""CHECK_05_00F23B44""]",0,[],0,[],0,[],1,0,,clean,,fcf1e60d4f8a3dcd443493d9be110661e24cfe0c2a82a48905d08a4a2cf35149,8ae499c4055b234cad9c2c38cb70c582220e52aa8016396db61993da31d09a6c,b5294c9590b338855ba4c557ecc1fc4beec1e1d89207fdf0f533d72f66a517b0,f56916a41bc88b08df19893a97e6082bb40135ddff4d86fae079e01f9c1b78c1,be74ef0678d27fc6eb2034bfa243e28abffde2c146522806182e5eebac0ada20,released_raw_outputs/model_outputs/_probe_ecvs_deepseek_v4pro_pcg_dynamic_state_v1_e3_m4_h4_visiblecarry_vs_maturessrloop_11task_2method_2budget_1run/deepseek/rolling_visible_carry_forward__pcgds_v1_00005_api_migration_medium__run_1__budget_600.jsonl,8,,,,3a81eef2a2cb9807340ad1c26cdfc233a00b57d6d385d377977afd4faa300e7e,1656c8ac89bba274a6ae6353267441ef35d4ea3044d4f542c221db518044eee2,78b1852dda03302ce676b027e83ba7e067836ff56b3acd21530104d2339f7299,_probe_ecvs_deepseek_v4pro_pcg_dynamic_state_v1_e3_m4_h4_visiblecarry_vs_maturessrloop_11task_2method_2budget_1run,rolling_visible_carry_forward,276568f4f908f36e65d560b050b98c4a566b709a9c5c9db9d3f6161da9f66c01,b3318248333e4e1315fdf6e72fe2ec4d1ddbd95bc351806405a2e9269f1661ab,"{""allowed_path_count"": 2, ""budgets_supported"": [600, 1200], ""forbidden_path_count"": 3, ""forbidden_token_count"": 3, ""method_specific_selection_used"": false, ""model_outcomes_used"": false, ""required_output_size"": 4, ""segment_count"": 7, ""stale_token_count"": 3}",debe52b540b08baafdca14de1aa40e1627a39be9a2d96f5970a576488a341be3,8,rolling_visible_identifier_carry_forward_v1_ecvs_safe_visible_only,rolling_visible_identifier_carry_forward_v1_ecvs_safe_visible_only,1,4,4,4,4,0,dd7de6196fc40000371d782d1feea19a8f7073184be9d0c3a4fbeffed0057b90,0,,0,[],[],,,,,not_reader_aware,[],0,0,results/_probe_ecvs_deepseek_v4pro_pcg_dynamic_state_v1_e3_m4_h4_visiblecarry_vs_maturessrloop_11task_2method_2budget_1run/reader_audit/rolling_visible_carry_forward__pcgds_v1_00005_api_migration_medium__run_1__budget_600.jsonl,7,729b1739bdfc7cbb1f0732513344f2631f93ea8650c339d25083e2aedcd0acb3
_probe_ecvs_deepseek_v4pro_pcg_dynamic_state_v1_e3_m4_h4_visiblecarry_vs_maturessrloop_11task_2method_2budget_1run:deepseek_v4pro:rolling_visible_carry_forward:pcgds_v1_00006_permission_boundary_medium:budget_1200:run_1,deepseek_v4pro,pcgds_v1_00006_permission_boundary_medium,pcg_dynamic_state_synthetic,medium,permission_boundary,pcg_medium,rolling_visible_carry_forward,rolling_visible_carry_forward,1200,1,2026-06-20T05:50:35.975834+00:00,2026-06-20T05:50:58.094490+00:00,2026-06-20T05:50:35.975874+00:00,2026-06-20T05:50:58.092299+00:00,22.109,1564687749c350d1f7bf81b656a728d3a441d2f49f17544a8d34cec04ec5766d,f29f86bbf5ed3d064872f832b1a6c0084d8fa7a5157ed94c3f9ed4b54f49c51a,3318d3247ea911325a8a90d7fb52e51fc024f29ca086ec0d109d0234e43b84f9,971b42a87063672edd75ebfa52551a4314a73da0211fe883e4075027cda5070b,479b7270d0214ac62ab9adb3293c8b44cc02e5aa5fad97b4a5ff27e92ab249a6,665bfe62467601050cda1d9acd4a98554dc5d8e84f7704f3c893f3c55385e7ec,49b6dd2d11093d24488a5317eb052dbbdf7f5d202403c58eed5651bbe5ac4c57,49b6dd2d11093d24488a5317eb052dbbdf7f5d202403c58eed5651bbe5ac4c57,49b6dd2d11093d24488a5317eb052dbbdf7f5d202403c58eed5651bbe5ac4c57,d5082fce8dd5fc2ffa71bbd4219f78890248b0b1b4793128165a7fbce06a2a2b,direct_provider,deepseek,https://api.deepseek.com,deepseek-v4-pro,https://api.deepseek.com/chat/completions,deepseek-v4-pro,caabb4409a46c31ba63803dd43f0cd53791328e6bdb08afe5d9cc7354307cfc7,6088d46151391cb51050f9f1f4c6e07dc0dc10827a3f31ae3d284004a9088eb7,d914cfc97d9b99822a2b1313c16850fd7be529b097eb356dc8e8e7408a7a00a8,explicit,0,4096,omitted,,omitted,,omitted,,omitted,,omitted,,omitted,,omitted,,omitted,,omitted,,False,thinking.type=disabled,ffe557f53c63f7d0f7e35f80c03f61d8b3548db9e4f51e8dda020b28a920d875,provider_not_exposed,provider_not_exposed,False,,False,False,False,disabled,,stop;stop;stop;stop;stop;stop;stop;stop,stop;stop;stop;stop;stop;stop;stop;stop,6340,1812,0,692,813,0,visible_carry_forward_compactor,,,,,,,,,,,,,,,,0,,,,,,,,,0,1,,1,[],"[""REQ_06_1791C152"", ""LOCK_06_E09F1DD5"", ""SCOPE_06_33D0905A"", ""CHECK_06_FAB900F1""]",0,[],0,[],0,[],1,0,,clean,,06ff18356df86613a8975ad48f461d22c86da75d1ef770beda786d8e9ca11b6d,bb4f90d337a15f507c4120dda465eb6a28f6c815d2765f7871560ce0fe9e7be2,a468c4bd693a8335fb3f658bdf794b1e02533cbd6c9bf8eeb68dd8c7fe2f6773,c09505c7dc1c80a9e8bd09f4b68823ec015df20da838cf8f57604fdf88fa0f80,1fa62dbf6b7ba9d581d0730f32da19d972a92044565331c6838a522441554541,released_raw_outputs/model_outputs/_probe_ecvs_deepseek_v4pro_pcg_dynamic_state_v1_e3_m4_h4_visiblecarry_vs_maturessrloop_11task_2method_2budget_1run/deepseek/rolling_visible_carry_forward__pcgds_v1_00006_permission_boundary_medium__run_1__budget_1200.jsonl,8,,,,0ab0fb808359f099cc8827908ed1ee173b8f9d383334bd52ccfb130e13e7ff5c,adcaaee9036dc44e1d7be135be456437e6dd30e2a60a4453760c6105761cdd5d,4eb6cc331ad553903f03afc1645e83e0644eec42748a9eb9068e8e723ad3b1d6,_probe_ecvs_deepseek_v4pro_pcg_dynamic_state_v1_e3_m4_h4_visiblecarry_vs_maturessrloop_11task_2method_2budget_1run,rolling_visible_carry_forward,276568f4f908f36e65d560b050b98c4a566b709a9c5c9db9d3f6161da9f66c01,421f6e8e63881c1055382a7305f9d165d82d275305d563f1556f72465a4429b9,"{""allowed_path_count"": 2, ""budgets_supported"": [600, 1200], ""forbidden_path_count"": 3, ""forbidden_token_count"": 3, ""method_specific_selection_used"": false, ""model_outcomes_used"": false, ""required_output_size"": 4, ""segment_count"": 7, ""stale_token_count"": 3}",debe52b540b08baafdca14de1aa40e1627a39be9a2d96f5970a576488a341be3,8,rolling_visible_identifier_carry_forward_v1_ecvs_safe_visible_only,rolling_visible_identifier_carry_forward_v1_ecvs_safe_visible_only,1,4,4,4,4,0,3d48f592225d03418e83a0e3a35bef84bfb9002954f7849db11cfd1ccd0f339d,0,,0,[],[],,,,,not_reader_aware,[],0,0,results/_probe_ecvs_deepseek_v4pro_pcg_dynamic_state_v1_e3_m4_h4_visiblecarry_vs_maturessrloop_11task_2method_2budget_1run/reader_audit/rolling_visible_carry_forward__pcgds_v1_00006_permission_boundary_medium__run_1__budget_1200.jsonl,7,c52590cde78ccf4ae348499743b07e549c7ee54fd79b2afeaec4bc6bc7fec16b
_probe_ecvs_deepseek_v4pro_pcg_dynamic_state_v1_e3_m4_h4_visiblecarry_vs_maturessrloop_11task_2method_2budget_1run:deepseek_v4pro:rolling_visible_carry_forward:pcgds_v1_00006_permission_boundary_medium:budget_600:run_1,deepseek_v4pro,pcgds_v1_00006_permission_boundary_medium,pcg_dynamic_state_synthetic,medium,permission_boundary,pcg_medium,rolling_visible_carry_forward,rolling_visible_carry_forward,600,1,2026-06-20T05:50:35.976360+00:00,2026-06-20T05:50:54.811787+00:00,2026-06-20T05:50:35.976406+00:00,2026-06-20T05:50:54.810871+00:00,18.826,1564687749c350d1f7bf81b656a728d3a441d2f49f17544a8d34cec04ec5766d,f29f86bbf5ed3d064872f832b1a6c0084d8fa7a5157ed94c3f9ed4b54f49c51a,3318d3247ea911325a8a90d7fb52e51fc024f29ca086ec0d109d0234e43b84f9,971b42a87063672edd75ebfa52551a4314a73da0211fe883e4075027cda5070b,3f8f75cd372cb94c644daa6e53c25fa1ea73af5218c3eeb4e9ab2327eb16a1a9,665bfe62467601050cda1d9acd4a98554dc5d8e84f7704f3c893f3c55385e7ec,49b6dd2d11093d24488a5317eb052dbbdf7f5d202403c58eed5651bbe5ac4c57,49b6dd2d11093d24488a5317eb052dbbdf7f5d202403c58eed5651bbe5ac4c57,49b6dd2d11093d24488a5317eb052dbbdf7f5d202403c58eed5651bbe5ac4c57,d5082fce8dd5fc2ffa71bbd4219f78890248b0b1b4793128165a7fbce06a2a2b,direct_provider,deepseek,https://api.deepseek.com,deepseek-v4-pro,https://api.deepseek.com/chat/completions,deepseek-v4-pro,caabb4409a46c31ba63803dd43f0cd53791328e6bdb08afe5d9cc7354307cfc7,6088d46151391cb51050f9f1f4c6e07dc0dc10827a3f31ae3d284004a9088eb7,d914cfc97d9b99822a2b1313c16850fd7be529b097eb356dc8e8e7408a7a00a8,explicit,0,4096,omitted,,omitted,,omitted,,omitted,,omitted,,omitted,,omitted,,omitted,,omitted,,False,thinking.type=disabled,ffe557f53c63f7d0f7e35f80c03f61d8b3548db9e4f51e8dda020b28a920d875,provider_not_exposed,provider_not_exposed,False,,False,False,False,disabled,,stop;stop;stop;stop;stop;stop;stop;stop,stop;stop;stop;stop;stop;stop;stop;stop,5638,1290,0,475,575,0,visible_carry_forward_compactor,,,,,,,,,,,,,,,,0,,,,,,,,,0,1,,1,[],"[""REQ_06_1791C152"", ""LOCK_06_E09F1DD5"", ""SCOPE_06_33D0905A"", ""CHECK_06_FAB900F1""]",0,[],0,[],0,[],1,0,,clean,,155254f0b25130d2f9652ffad8a04afa05d83e7fd00cbbe7a5dfe47d3f194728,81af59e9a41b338998524bc919b84fc59ab9b40c6deecc6c40b506c35f88eedc,315873a5e7e3761eb212077554196736438b1cd766fa032218f51c02974a85e8,437e8bb1680de78acd0da9f4de1362615938e966103af7d99b8e58aa35f7b64e,b792ff6c5b8e74b5bc56d794b1ff30c41310808beeb383dc160ea668a2e1a98c,released_raw_outputs/model_outputs/_probe_ecvs_deepseek_v4pro_pcg_dynamic_state_v1_e3_m4_h4_visiblecarry_vs_maturessrloop_11task_2method_2budget_1run/deepseek/rolling_visible_carry_forward__pcgds_v1_00006_permission_boundary_medium__run_1__budget_600.jsonl,8,,,,775675289ecd27cff6b0b53ac47c7f9cb7d4be9f78b1b0fab03e00a378dd5c60,d379221f78e4d61d8a0b37e87cdeca6bb1574d0ec1d6bd01595ce87cddeb6991,b9def8c5505b1a00204fbb67c409b0675523a162a4649350f57ed377b6e76fc1,_probe_ecvs_deepseek_v4pro_pcg_dynamic_state_v1_e3_m4_h4_visiblecarry_vs_maturessrloop_11task_2method_2budget_1run,rolling_visible_carry_forward,276568f4f908f36e65d560b050b98c4a566b709a9c5c9db9d3f6161da9f66c01,421f6e8e63881c1055382a7305f9d165d82d275305d563f1556f72465a4429b9,"{""allowed_path_count"": 2, ""budgets_supported"": [600, 1200], ""forbidden_path_count"": 3, ""forbidden_token_count"": 3, ""method_specific_selection_used"": false, ""model_outcomes_used"": false, ""required_output_size"": 4, ""segment_count"": 7, ""stale_token_count"": 3}",debe52b540b08baafdca14de1aa40e1627a39be9a2d96f5970a576488a341be3,8,rolling_visible_identifier_carry_forward_v1_ecvs_safe_visible_only,rolling_visible_identifier_carry_forward_v1_ecvs_safe_visible_only,1,4,4,4,4,0,172b76c086ea3f9f030669a6d6445a665b56c9297d456eb8178adb6c75699bb8,0,,0,[],[],,,,,not_reader_aware,[],0,0,results/_probe_ecvs_deepseek_v4pro_pcg_dynamic_state_v1_e3_m4_h4_visiblecarry_vs_maturessrloop_11task_2method_2budget_1run/reader_audit/rolling_visible_carry_forward__pcgds_v1_00006_permission_boundary_medium__run_1__budget_600.jsonl,7,5c7c12145548ab97ebf0cc1a4980e123522f963dea2b29688d05415c08728e66
_probe_ecvs_deepseek_v4pro_pcg_dynamic_state_v1_e3_m4_h4_visiblecarry_vs_maturessrloop_11task_2method_2budget_1run:deepseek_v4pro:rolling_visible_carry_forward:pcgds_v1_00007_requirement_overwrite_medium:budget_1200:run_1,deepseek_v4pro,pcgds_v1_00007_requirement_overwrite_medium,pcg_dynamic_state_synthetic,medium,requirement_overwrite,pcg_medium,rolling_visible_carry_forward,rolling_visible_carry_forward,1200,1,2026-06-20T05:50:35.977344+00:00,2026-06-20T05:50:56.241301+00:00,2026-06-20T05:50:35.977384+00:00,2026-06-20T05:50:56.235755+00:00,20.251,1564687749c350d1f7bf81b656a728d3a441d2f49f17544a8d34cec04ec5766d,17785eb6654b7224662660e84076df85524a6d264f31fa137edb6f3e631b1da9,3318d3247ea911325a8a90d7fb52e51fc024f29ca086ec0d109d0234e43b84f9,e11c43259d7860d019dae586d6041081704d45b885e6af093d1ab08876a2c650,1281eb684026f7fc417d7221f6d2d879c27ba857974d8928995928a30ed60866,665bfe62467601050cda1d9acd4a98554dc5d8e84f7704f3c893f3c55385e7ec,49b6dd2d11093d24488a5317eb052dbbdf7f5d202403c58eed5651bbe5ac4c57,49b6dd2d11093d24488a5317eb052dbbdf7f5d202403c58eed5651bbe5ac4c57,49b6dd2d11093d24488a5317eb052dbbdf7f5d202403c58eed5651bbe5ac4c57,d5082fce8dd5fc2ffa71bbd4219f78890248b0b1b4793128165a7fbce06a2a2b,direct_provider,deepseek,https://api.deepseek.com,deepseek-v4-pro,https://api.deepseek.com/chat/completions,deepseek-v4-pro,caabb4409a46c31ba63803dd43f0cd53791328e6bdb08afe5d9cc7354307cfc7,6088d46151391cb51050f9f1f4c6e07dc0dc10827a3f31ae3d284004a9088eb7,d914cfc97d9b99822a2b1313c16850fd7be529b097eb356dc8e8e7408a7a00a8,explicit,0,4096,omitted,,omitted,,omitted,,omitted,,omitted,,omitted,,omitted,,omitted,,omitted,,False,thinking.type=disabled,ffe557f53c63f7d0f7e35f80c03f61d8b3548db9e4f51e8dda020b28a920d875,provider_not_exposed,provider_not_exposed,False,,False,False,False,disabled,,stop;stop;stop;stop;stop;stop;stop;stop,stop;stop;stop;stop;stop;stop;stop;stop,6230,1618,0,742,907,0,visible_carry_forward_compactor,,,,,,,,,,,,,,,,0,,,,,,,,,0,1,,1,[],"[""REQ_07_0EB3062F"", ""LOCK_07_EE1451A4"", ""SCOPE_07_34133BDD"", ""CHECK_07_79804848""]",0,[],0,[],0,[],1,0,,clean,,53f317e0a7da8791ecb093a910dac4eb6f31f9490724d0e341d4eb620f003ac4,0e0fb8d7df68823c43636cfc72b07af92b8197fe92ff70ee6ff60b607e0d04ea,e97857db69ca532ab6185831af518042016f6d87abd03d3c50816a7fe565c3ed,df4a3b12078d72298393e595d644096bbe7bd1a7676b01e7022df72a72000492,a269db8ca49c4cac5f538d8ae556398d6ae6bda52ba28e7a819ebb0f5188161a,released_raw_outputs/model_outputs/_probe_ecvs_deepseek_v4pro_pcg_dynamic_state_v1_e3_m4_h4_visiblecarry_vs_maturessrloop_11task_2method_2budget_1run/deepseek/rolling_visible_carry_forward__pcgds_v1_00007_requirement_overwrite_medium__run_1__budget_1200.jsonl,8,,,,71a0604e3d00b97408aaa4d29b8ad1fdb659f00d390223c3562bf86814c1c52a,a18d611c25fac4b286b26b07160155dd79965b1bc8e9fa0bd18be044ea5dc833,676d20860319989e233b1f5d18b3c30ad577e3e4f96344f5a9ddd7e9335c209b,_probe_ecvs_deepseek_v4pro_pcg_dynamic_state_v1_e3_m4_h4_visiblecarry_vs_maturessrloop_11task_2method_2budget_1run,rolling_visible_carry_forward,276568f4f908f36e65d560b050b98c4a566b709a9c5c9db9d3f6161da9f66c01,aabc0e2acd29ee9e4cd6de2b4b880b60da7b60152f9a96db68c40bd5ec9de9dd,"{""allowed_path_count"": 2, ""budgets_supported"": [600, 1200], ""forbidden_path_count"": 3, ""forbidden_token_count"": 3, ""method_specific_selection_used"": false, ""model_outcomes_used"": false, ""required_output_size"": 4, ""segment_count"": 7, ""stale_token_count"": 3}",debe52b540b08baafdca14de1aa40e1627a39be9a2d96f5970a576488a341be3,8,rolling_visible_identifier_carry_forward_v1_ecvs_safe_visible_only,rolling_visible_identifier_carry_forward_v1_ecvs_safe_visible_only,1,4,4,4,4,0,a341989ad9962cac5a1c57ec6eb64a0e508bff14095ae06d3c7741ed0ede6e4f,0,,0,[],[],,,,,not_reader_aware,[],0,0,results/_probe_ecvs_deepseek_v4pro_pcg_dynamic_state_v1_e3_m4_h4_visiblecarry_vs_maturessrloop_11task_2method_2budget_1run/reader_audit/rolling_visible_carry_forward__pcgds_v1_00007_requirement_overwrite_medium__run_1__budget_1200.jsonl,7,a3fc631cf7970b68e4bd69554590d3fadf8ee0a812a515566cf624e1941356d8
_probe_ecvs_deepseek_v4pro_pcg_dynamic_state_v1_e3_m4_h4_visiblecarry_vs_maturessrloop_11task_2method_2budget_1run:deepseek_v4pro:rolling_visible_carry_forward:pcgds_v1_00007_requirement_overwrite_medium:budget_600:run_1,deepseek_v4pro,pcgds_v1_00007_requirement_overwrite_medium,pcg_dynamic_state_synthetic,medium,requirement_overwrite,pcg_medium,rolling_visible_carry_forward,rolling_visible_carry_forward,600,1,2026-06-20T05:50:35.977729+00:00,2026-06-20T05:50:53.393928+00:00,2026-06-20T05:50:35.977775+00:00,2026-06-20T05:50:53.392851+00:00,17.408,1564687749c350d1f7bf81b656a728d3a441d2f49f17544a8d34cec04ec5766d,17785eb6654b7224662660e84076df85524a6d264f31fa137edb6f3e631b1da9,3318d3247ea911325a8a90d7fb52e51fc024f29ca086ec0d109d0234e43b84f9,e11c43259d7860d019dae586d6041081704d45b885e6af093d1ab08876a2c650,95e852dac670af6aa477c4cb2ccd038c8971df91c38ec8b532a4b52f87649dc1,665bfe62467601050cda1d9acd4a98554dc5d8e84f7704f3c893f3c55385e7ec,49b6dd2d11093d24488a5317eb052dbbdf7f5d202403c58eed5651bbe5ac4c57,49b6dd2d11093d24488a5317eb052dbbdf7f5d202403c58eed5651bbe5ac4c57,49b6dd2d11093d24488a5317eb052dbbdf7f5d202403c58eed5651bbe5ac4c57,d5082fce8dd5fc2ffa71bbd4219f78890248b0b1b4793128165a7fbce06a2a2b,direct_provider,deepseek,https://api.deepseek.com,deepseek-v4-pro,https://api.deepseek.com/chat/completions,deepseek-v4-pro,caabb4409a46c31ba63803dd43f0cd53791328e6bdb08afe5d9cc7354307cfc7,6088d46151391cb51050f9f1f4c6e07dc0dc10827a3f31ae3d284004a9088eb7,d914cfc97d9b99822a2b1313c16850fd7be529b097eb356dc8e8e7408a7a00a8,explicit,0,4096,omitted,,omitted,,omitted,,omitted,,omitted,,omitted,,omitted,,omitted,,omitted,,False,thinking.type=disabled,ffe557f53c63f7d0f7e35f80c03f61d8b3548db9e4f51e8dda020b28a920d875,provider_not_exposed,provider_not_exposed,False,,False,False,False,disabled,,stop;stop;stop;stop;stop;stop;stop;stop,stop;stop;stop;stop;stop;stop;stop;stop,5601,1232,0,356,456,0,visible_carry_forward_compactor,,,,,,,,,,,,,,,,0,,,,,,,,,0,1,,1,[],"[""REQ_07_0EB3062F"", ""LOCK_07_EE1451A4"", ""SCOPE_07_34133BDD"", ""CHECK_07_79804848""]",0,[],0,[],0,[],1,0,,clean,,21972e29692e8e0139d77220f7df876c58a221d13fa6d3097081037e4de42e4e,509e0aeae107f03518b9327dbef3b9dd6013a5016f605213c76d2163ea753483,40feb9e9d7b3ab0424f03f2bb82372689b0d69b59c33c6fac754a25606a5518a,127f6600099fc0ae96555107761daa77e5d072625432881af3749f045d5ecfb6,97ff2950039ccd089593209c3067008d82a9971a8c9995dd99fe7ee20ee9c8dd,released_raw_outputs/model_outputs/_probe_ecvs_deepseek_v4pro_pcg_dynamic_state_v1_e3_m4_h4_visiblecarry_vs_maturessrloop_11task_2method_2budget_1run/deepseek/rolling_visible_carry_forward__pcgds_v1_00007_requirement_overwrite_medium__run_1__budget_600.jsonl,8,,,,f97038d565b954534d7542cb733e27a0b13d0b75981afb73cc0e39167871b2bc,851b14f84afbab6d40546eb67f6a483b87ba11d536d653b1b682a71a195b41ca,c94de83b4d0da2504744c9ca92217a517edba4fbc63234e09ff1d21cdccd4eb1,_probe_ecvs_deepseek_v4pro_pcg_dynamic_state_v1_e3_m4_h4_visiblecarry_vs_maturessrloop_11task_2method_2budget_1run,rolling_visible_carry_forward,276568f4f908f36e65d560b050b98c4a566b709a9c5c9db9d3f6161da9f66c01,aabc0e2acd29ee9e4cd6de2b4b880b60da7b60152f9a96db68c40bd5ec9de9dd,"{""allowed_path_count"": 2, ""budgets_supported"": [600, 1200], ""forbidden_path_count"": 3, ""forbidden_token_count"": 3, ""method_specific_selection_used"": false, ""model_outcomes_used"": false, ""required_output_size"": 4, ""segment_count"": 7, ""stale_token_count"": 3}",debe52b540b08baafdca14de1aa40e1627a39be9a2d96f5970a576488a341be3,8,rolling_visible_identifier_carry_forward_v1_ecvs_safe_visible_only,rolling_visible_identifier_carry_forward_v1_ecvs_safe_visible_only,1,4,4,4,4,0,8b279fd73db4de72201bcd3fc607d556a0b3c097b9e6116dbd2080e26e4844ae,0,,0,[],[],,,,,not_reader_aware,[],0,0,results/_probe_ecvs_deepseek_v4pro_pcg_dynamic_state_v1_e3_m4_h4_visiblecarry_vs_maturessrloop_11task_2method_2budget_1run/reader_audit/rolling_visible_carry_forward__pcgds_v1_00007_requirement_overwrite_medium__run_1__budget_600.jsonl,7,9cf28d02d07bf7317066a59891952e83058ffe64741b1ee927fe70c86a6aafc7
_probe_ecvs_deepseek_v4pro_pcg_dynamic_state_v1_e3_m4_h4_visiblecarry_vs_maturessrloop_11task_2method_2budget_1run:deepseek_v4pro:rolling_visible_carry_forward:pcgds_v1_00008_decoy_heavy_config_hard:budget_1200:run_1,deepseek_v4pro,pcgds_v1_00008_decoy_heavy_config_hard,pcg_dynamic_state_synthetic,hard,decoy_heavy_config,pcg_hard,rolling_visible_carry_forward,rolling_visible_carry_forward,1200,1,2026-06-20T05:50:35.979207+00:00,2026-06-20T05:50:59.269233+00:00,2026-06-20T05:50:35.979245+00:00,2026-06-20T05:50:59.268146+00:00,23.276,1564687749c350d1f7bf81b656a728d3a441d2f49f17544a8d34cec04ec5766d,2a4cd48bcf906e95ac430d10555bd6aa1668a98043e924fb27c3059e980e2463,3318d3247ea911325a8a90d7fb52e51fc024f29ca086ec0d109d0234e43b84f9,b9e9f8c720f01063432cf4cb70361aba36f78deb23bc886ec0f0f366e1e845c9,9d931f0a94f6fd9b628aa79288f7bf5d0669f44fdb7026c9ef78cb78f6dbe7b4,665bfe62467601050cda1d9acd4a98554dc5d8e84f7704f3c893f3c55385e7ec,49b6dd2d11093d24488a5317eb052dbbdf7f5d202403c58eed5651bbe5ac4c57,49b6dd2d11093d24488a5317eb052dbbdf7f5d202403c58eed5651bbe5ac4c57,49b6dd2d11093d24488a5317eb052dbbdf7f5d202403c58eed5651bbe5ac4c57,d5082fce8dd5fc2ffa71bbd4219f78890248b0b1b4793128165a7fbce06a2a2b,direct_provider,deepseek,https://api.deepseek.com,deepseek-v4-pro,https://api.deepseek.com/chat/completions,deepseek-v4-pro,caabb4409a46c31ba63803dd43f0cd53791328e6bdb08afe5d9cc7354307cfc7,6088d46151391cb51050f9f1f4c6e07dc0dc10827a3f31ae3d284004a9088eb7,d914cfc97d9b99822a2b1313c16850fd7be529b097eb356dc8e8e7408a7a00a8,explicit,0,4096,omitted,,omitted,,omitted,,omitted,,omitted,,omitted,,omitted,,omitted,,omitted,,False,thinking.type=disabled,ffe557f53c63f7d0f7e35f80c03f61d8b3548db9e4f51e8dda020b28a920d875,provider_not_exposed,provider_not_exposed,False,,False,False,False,disabled,,stop;stop;stop;stop;stop;stop;stop;stop;stop;stop,stop;stop;stop;stop;stop;stop;stop;stop;stop;stop,7788,1900,0,690,784,0,visible_carry_forward_compactor,,,,,,,,,,,,,,,,0,,,,,,,,,0,1,,1,[],"[""REQ_08_C5CDCC82"", ""LOCK_08_F0D5D0F6"", ""SCOPE_08_5BD66323"", ""CHECK_08_92ED8EFF"", ""ANCHOR_08_4F02E438""]",0,[],0,[],0,[],1,0,,clean,,961ead32648d5f29dc84c42ade636b007d0ed551a1ceb2fd4d974a47b7bc86aa,73b03d56879012e67340ca507a65ccc2c3cc06bf7ce087e034bd8c8494afde27,28198fde3cab840e59736a44e2ccd9741fa2dbc7f6579cdb460441e624423db8,44d6e3075a69996f48481cf63d14afa772b5134e05eb910e62ac8ef0581211a9,de89aafa34eb00f69e77101cd58a9878958b47fe95688cef7e1513b99d6dfd2b,released_raw_outputs/model_outputs/_probe_ecvs_deepseek_v4pro_pcg_dynamic_state_v1_e3_m4_h4_visiblecarry_vs_maturessrloop_11task_2method_2budget_1run/deepseek/rolling_visible_carry_forward__pcgds_v1_00008_decoy_heavy_config_hard__run_1__budget_1200.jsonl,10,,,,d66a25e382ea265b9a4245649f209e984fb689c6033ed684c12969c5e82022dc,98d6f86c79e4c70d25253cc92864d41bf7bf6eedf9429caca8a5c73ab028ef71,8fe622fcfe353982f34da7fe7849696cdbaed6d12f977fb79ab192c6bc93378a,_probe_ecvs_deepseek_v4pro_pcg_dynamic_state_v1_e3_m4_h4_visiblecarry_vs_maturessrloop_11task_2method_2budget_1run,rolling_visible_carry_forward,276568f4f908f36e65d560b050b98c4a566b709a9c5c9db9d3f6161da9f66c01,a6369098f951908866505faaa738bd66e4abff8cfaf2fa0ec311c11e1590bc63,"{""allowed_path_count"": 3, ""budgets_supported"": [600, 1200], ""forbidden_path_count"": 4, ""forbidden_token_count"": 4, ""method_specific_selection_used"": false, ""model_outcomes_used"": false, ""required_output_size"": 5, ""segment_count"": 9, ""stale_token_count"": 4}",debe52b540b08baafdca14de1aa40e1627a39be9a2d96f5970a576488a341be3,10,rolling_visible_identifier_carry_forward_v1_ecvs_safe_visible_only,rolling_visible_identifier_carry_forward_v1_ecvs_safe_visible_only,1,5,5,5,5,0,0d25568dd6ef2e17b05d8a0c0011b8d0d3ce32a597b080479c9cf6cbb23846d0,0,,0,[],[],,,,,not_reader_aware,[],0,0,results/_probe_ecvs_deepseek_v4pro_pcg_dynamic_state_v1_e3_m4_h4_visiblecarry_vs_maturessrloop_11task_2method_2budget_1run/reader_audit/rolling_visible_carry_forward__pcgds_v1_00008_decoy_heavy_config_hard__run_1__budget_1200.jsonl,9,73a2d7e5f3437ff630d0c2155091960e8f7b64491b7c9c44a5afe0464ed52dac
_probe_ecvs_deepseek_v4pro_pcg_dynamic_state_v1_e3_m4_h4_visiblecarry_vs_maturessrloop_11task_2method_2budget_1run:deepseek_v4pro:rolling_visible_carry_forward:pcgds_v1_00008_decoy_heavy_config_hard:budget_600:run_1,deepseek_v4pro,pcgds_v1_00008_decoy_heavy_config_hard,pcg_dynamic_state_synthetic,hard,decoy_heavy_config,pcg_hard,rolling_visible_carry_forward,rolling_visible_carry_forward,600,1,2026-06-20T05:50:35.978630+00:00,2026-06-20T05:50:58.649241+00:00,2026-06-20T05:50:35.978795+00:00,2026-06-20T05:50:58.648176+00:00,22.654,1564687749c350d1f7bf81b656a728d3a441d2f49f17544a8d34cec04ec5766d,2a4cd48bcf906e95ac430d10555bd6aa1668a98043e924fb27c3059e980e2463,3318d3247ea911325a8a90d7fb52e51fc024f29ca086ec0d109d0234e43b84f9,b9e9f8c720f01063432cf4cb70361aba36f78deb23bc886ec0f0f366e1e845c9,c4e36822f757faeedd6b997d488e0b862c4b8470231468866bc5a8a9fb706cda,665bfe62467601050cda1d9acd4a98554dc5d8e84f7704f3c893f3c55385e7ec,49b6dd2d11093d24488a5317eb052dbbdf7f5d202403c58eed5651bbe5ac4c57,49b6dd2d11093d24488a5317eb052dbbdf7f5d202403c58eed5651bbe5ac4c57,49b6dd2d11093d24488a5317eb052dbbdf7f5d202403c58eed5651bbe5ac4c57,d5082fce8dd5fc2ffa71bbd4219f78890248b0b1b4793128165a7fbce06a2a2b,direct_provider,deepseek,https://api.deepseek.com,deepseek-v4-pro,https://api.deepseek.com/chat/completions,deepseek-v4-pro,caabb4409a46c31ba63803dd43f0cd53791328e6bdb08afe5d9cc7354307cfc7,6088d46151391cb51050f9f1f4c6e07dc0dc10827a3f31ae3d284004a9088eb7,d914cfc97d9b99822a2b1313c16850fd7be529b097eb356dc8e8e7408a7a00a8,explicit,0,4096,omitted,,omitted,,omitted,,omitted,,omitted,,omitted,,omitted,,omitted,,omitted,,False,thinking.type=disabled,ffe557f53c63f7d0f7e35f80c03f61d8b3548db9e4f51e8dda020b28a920d875,provider_not_exposed,provider_not_exposed,False,,False,False,False,disabled,,stop;stop;stop;stop;stop;stop;stop;stop;stop;stop,stop;stop;stop;stop;stop;stop;stop;stop;stop;stop,7005,1709,0,612,177,1,visible_carry_forward_compactor,,,,,,,,,,,,,,,,0,,,,,,,,,0,1,,1,[],"[""REQ_08_C5CDCC82"", ""LOCK_08_F0D5D0F6"", ""SCOPE_08_5BD66323"", ""CHECK_08_92ED8EFF"", ""ANCHOR_08_4F02E438""]",0,[],0,[],0,[],1,0,,clean,,02cab3a1b141e6a5c98208863f6fa379d1f323f48313272bc6d32f367100fb9c,79c26b2282daa10066a4ea40dbb134148b96897a7e7e02674b8956a6088d677a,7bbd2a64b40b735386108b7fae3657479da946985a229466c50ea9f2ab00d71c,b524cec147f1b1d4b94529efd8c004e87dd993c660b03c12468e8dae60207f62,9fc9f98a858ad20447fb1345f8bef6d6f387315e6022d0400f6b24f34359317c,released_raw_outputs/model_outputs/_probe_ecvs_deepseek_v4pro_pcg_dynamic_state_v1_e3_m4_h4_visiblecarry_vs_maturessrloop_11task_2method_2budget_1run/deepseek/rolling_visible_carry_forward__pcgds_v1_00008_decoy_heavy_config_hard__run_1__budget_600.jsonl,10,,,,c117fd3409e5e5e1a516520c822d9efb13d78d81b864eb6e122e295fcf9f304a,e20110da42438d1d3cc739b89eb501eb1022abf576b3b534aacee181f4ff2e5a,2abf9c89312074c08cd6a8e05e06547d6b29a41d3a35365e20e6f9c2be35358e,_probe_ecvs_deepseek_v4pro_pcg_dynamic_state_v1_e3_m4_h4_visiblecarry_vs_maturessrloop_11task_2method_2budget_1run,rolling_visible_carry_forward,276568f4f908f36e65d560b050b98c4a566b709a9c5c9db9d3f6161da9f66c01,a6369098f951908866505faaa738bd66e4abff8cfaf2fa0ec311c11e1590bc63,"{""allowed_path_count"": 3, ""budgets_supported"": [600, 1200], ""forbidden_path_count"": 4, ""forbidden_token_count"": 4, ""method_specific_selection_used"": false, ""model_outcomes_used"": false, ""required_output_size"": 5, ""segment_count"": 9, ""stale_token_count"": 4}",debe52b540b08baafdca14de1aa40e1627a39be9a2d96f5970a576488a341be3,10,rolling_visible_identifier_carry_forward_v1_ecvs_safe_visible_only,rolling_visible_identifier_carry_forward_v1_ecvs_safe_visible_only,1,5,5,5,5,0,009431389f0700c74c4e416021b3285749d0131b0ef9a1faa5ac6341fa3ea8e9,0,,0,[],[],,,,,not_reader_aware,[],0,0,results/_probe_ecvs_deepseek_v4pro_pcg_dynamic_state_v1_e3_m4_h4_visiblecarry_vs_maturessrloop_11task_2method_2budget_1run/reader_audit/rolling_visible_carry_forward__pcgds_v1_00008_decoy_heavy_config_hard__run_1__budget_600.jsonl,9,dbb187bec8117fa90a03870c45627b2d234112c70df7967bea5fd58168eb182a
_probe_ecvs_deepseek_v4pro_pcg_dynamic_state_v1_e3_m4_h4_visiblecarry_vs_maturessrloop_11task_2method_2budget_1run:deepseek_v4pro:rolling_visible_carry_forward:pcgds_v1_00009_api_migration_hard:budget_1200:run_1,deepseek_v4pro,pcgds_v1_00009_api_migration_hard,pcg_dynamic_state_synthetic,hard,api_migration,pcg_hard,rolling_visible_carry_forward,rolling_visible_carry_forward,1200,1,2026-06-20T05:50:35.979713+00:00,2026-06-20T05:51:04.202951+00:00,2026-06-20T05:50:35.979744+00:00,2026-06-20T05:51:04.201838+00:00,28.211,1564687749c350d1f7bf81b656a728d3a441d2f49f17544a8d34cec04ec5766d,27cf37301654a6c959ef33fda55f857813e8650710d663ba425bfa61ca94e816,3318d3247ea911325a8a90d7fb52e51fc024f29ca086ec0d109d0234e43b84f9,e398f14578611a2c399895e2f76c32cbfc7a92ebddf7ecb3fb24bb3ac3002168,5877baaf7180f78585e53dc1e3e6afa3e8e513d3048c83180867f25440c4a5e8,665bfe62467601050cda1d9acd4a98554dc5d8e84f7704f3c893f3c55385e7ec,49b6dd2d11093d24488a5317eb052dbbdf7f5d202403c58eed5651bbe5ac4c57,49b6dd2d11093d24488a5317eb052dbbdf7f5d202403c58eed5651bbe5ac4c57,49b6dd2d11093d24488a5317eb052dbbdf7f5d202403c58eed5651bbe5ac4c57,d5082fce8dd5fc2ffa71bbd4219f78890248b0b1b4793128165a7fbce06a2a2b,direct_provider,deepseek,https://api.deepseek.com,deepseek-v4-pro,https://api.deepseek.com/chat/completions,deepseek-v4-pro,caabb4409a46c31ba63803dd43f0cd53791328e6bdb08afe5d9cc7354307cfc7,6088d46151391cb51050f9f1f4c6e07dc0dc10827a3f31ae3d284004a9088eb7,d914cfc97d9b99822a2b1313c16850fd7be529b097eb356dc8e8e7408a7a00a8,explicit,0,4096,omitted,,omitted,,omitted,,omitted,,omitted,,omitted,,omitted,,omitted,,omitted,,False,thinking.type=disabled,ffe557f53c63f7d0f7e35f80c03f61d8b3548db9e4f51e8dda020b28a920d875,provider_not_exposed,provider_not_exposed,False,,False,False,False,disabled,,stop;stop;stop;stop;stop;stop;stop;stop;stop;stop,stop;stop;stop;stop;stop;stop;stop;stop;stop;stop,8114,2218,0,843,983,0,visible_carry_forward_compactor,,,,,,,,,,,,,,,,0,,,,,,,,,0,1,,1,[],"[""REQ_09_73B292AA"", ""LOCK_09_B8FEDBF6"", ""SCOPE_09_F9CBE36B"", ""CHECK_09_284A4D68"", ""ANCHOR_09_5EE99998""]",0,[],0,[],0,[],1,0,,clean,,ed70fe3e7b8e340050d338545c1999d55c452df4b202425ea02fe6ff435c4d97,65b2644f4e0e252a4a002d9d1dbd2b906ec074d1147b6a9b19afe1cdc6b7c73f,14dd6cd6e3054339604c697be3e1bcef7da9901439d7fb5e792b96c8084037b5,256943a4723e9d67752dfca43c08594f952bf175fa1a45af41bf4887b362b5fa,8bcb83072bc2146aabb416cc6257f45891bbb736d8a4ccf6b74c265516a9d3ef,released_raw_outputs/model_outputs/_probe_ecvs_deepseek_v4pro_pcg_dynamic_state_v1_e3_m4_h4_visiblecarry_vs_maturessrloop_11task_2method_2budget_1run/deepseek/rolling_visible_carry_forward__pcgds_v1_00009_api_migration_hard__run_1__budget_1200.jsonl,10,,,,9959546804b923fee24120e722248b7e8af9217533dfa43cb7df7c6f755d542e,8e11c120a61a27f07a7b449070241411dea7b85fb81867efcc8aaa9628558cac,7ccfb5cc2fd5ba4ec5b76e31fc6bce91049877bcb49dba0f53b705458f56ae77,_probe_ecvs_deepseek_v4pro_pcg_dynamic_state_v1_e3_m4_h4_visiblecarry_vs_maturessrloop_11task_2method_2budget_1run,rolling_visible_carry_forward,276568f4f908f36e65d560b050b98c4a566b709a9c5c9db9d3f6161da9f66c01,b289ea536f4efca031c49fd0a569051a6ccfd2ab50097d57c5c3b41b8755a6e0,"{""allowed_path_count"": 3, ""budgets_supported"": [600, 1200], ""forbidden_path_count"": 4, ""forbidden_token_count"": 4, ""method_specific_selection_used"": false, ""model_outcomes_used"": false, ""required_output_size"": 5, ""segment_count"": 9, ""stale_token_count"": 4}",debe52b540b08baafdca14de1aa40e1627a39be9a2d96f5970a576488a341be3,10,rolling_visible_identifier_carry_forward_v1_ecvs_safe_visible_only,rolling_visible_identifier_carry_forward_v1_ecvs_safe_visible_only,1,5,5,5,5,0,e91ecc2404788afe8ddc9097d968ef7c368f2676a83b5a11d930320d9d3109e4,0,,0,[],[],,,,,not_reader_aware,[],0,0,results/_probe_ecvs_deepseek_v4pro_pcg_dynamic_state_v1_e3_m4_h4_visiblecarry_vs_maturessrloop_11task_2method_2budget_1run/reader_audit/rolling_visible_carry_forward__pcgds_v1_00009_api_migration_hard__run_1__budget_1200.jsonl,9,4806fef71350e98b6632ab3cf78e5bd3582884bc0f25e76b676812fbe933a3a7
_probe_ecvs_deepseek_v4pro_pcg_dynamic_state_v1_e3_m4_h4_visiblecarry_vs_maturessrloop_11task_2method_2budget_1run:deepseek_v4pro:rolling_visible_carry_forward:pcgds_v1_00009_api_migration_hard:budget_600:run_1,deepseek_v4pro,pcgds_v1_00009_api_migration_hard,pcg_dynamic_state_synthetic,hard,api_migration,pcg_hard,rolling_visible_carry_forward,rolling_visible_carry_forward,600,1,2026-06-20T05:50:35.979806+00:00,2026-06-20T05:50:57.662499+00:00,2026-06-20T05:50:35.979846+00:00,2026-06-20T05:50:57.659473+00:00,21.666,1564687749c350d1f7bf81b656a728d3a441d2f49f17544a8d34cec04ec5766d,27cf37301654a6c959ef33fda55f857813e8650710d663ba425bfa61ca94e816,3318d3247ea911325a8a90d7fb52e51fc024f29ca086ec0d109d0234e43b84f9,e398f14578611a2c399895e2f76c32cbfc7a92ebddf7ecb3fb24bb3ac3002168,05558ab25a4c238a01ab45f6e1ac47b3ebc55dd98fe68691bf8dcd87035a7521,665bfe62467601050cda1d9acd4a98554dc5d8e84f7704f3c893f3c55385e7ec,49b6dd2d11093d24488a5317eb052dbbdf7f5d202403c58eed5651bbe5ac4c57,49b6dd2d11093d24488a5317eb052dbbdf7f5d202403c58eed5651bbe5ac4c57,49b6dd2d11093d24488a5317eb052dbbdf7f5d202403c58eed5651bbe5ac4c57,d5082fce8dd5fc2ffa71bbd4219f78890248b0b1b4793128165a7fbce06a2a2b,direct_provider,deepseek,https://api.deepseek.com,deepseek-v4-pro,https://api.deepseek.com/chat/completions,deepseek-v4-pro,caabb4409a46c31ba63803dd43f0cd53791328e6bdb08afe5d9cc7354307cfc7,6088d46151391cb51050f9f1f4c6e07dc0dc10827a3f31ae3d284004a9088eb7,d914cfc97d9b99822a2b1313c16850fd7be529b097eb356dc8e8e7408a7a00a8,explicit,0,4096,omitted,,omitted,,omitted,,omitted,,omitted,,omitted,,omitted,,omitted,,omitted,,False,thinking.type=disabled,ffe557f53c63f7d0f7e35f80c03f61d8b3548db9e4f51e8dda020b28a920d875,provider_not_exposed,provider_not_exposed,False,,False,False,False,disabled,,stop;stop;stop;stop;stop;stop;stop;stop;stop;stop,stop;stop;stop;stop;stop;stop;stop;stop;stop;stop,7071,1530,0,480,531,0,visible_carry_forward_compactor,,,,,,,,,,,,,,,,0,,,,,,,,,0,1,,1,[],"[""REQ_09_73B292AA"", ""LOCK_09_B8FEDBF6"", ""SCOPE_09_F9CBE36B"", ""CHECK_09_284A4D68"", ""ANCHOR_09_5EE99998""]",0,[],0,[],0,[],1,0,,clean,,538f1785663fbcd5fa59364efadd35259966cc65a90e1a3fba426b2d285a5d53,d6ce3d03666e277bb4efeca670164b23a0002f8eb4b2891b9a294642dfb19a55,77da4b0c4d4b443531f869ceda8965d262bcdcdf6ed6e4334347d995428f76e1,ad18bbf3896342e13bef4b0017859c6c3c8d5030f018cbf099ac75a976c4e860,86400ea0b7a5dd130282827838b55dfa7bb9110a57bb9293f46a3c6336a620aa,released_raw_outputs/model_outputs/_probe_ecvs_deepseek_v4pro_pcg_dynamic_state_v1_e3_m4_h4_visiblecarry_vs_maturessrloop_11task_2method_2budget_1run/deepseek/rolling_visible_carry_forward__pcgds_v1_00009_api_migration_hard__run_1__budget_600.jsonl,10,,,,e1b60f9589b5417e9ca4f088134c72dd8f3c3bb23b566d9937270aa5987d1515,f7eaa9edd45d720859c58374fcb101d876eab868886f93f1b25bb398a2237fd4,3ac00ae113a9c1f23e1998bb46e5e7c06132e977407140e4ad9c86525cb05067,_probe_ecvs_deepseek_v4pro_pcg_dynamic_state_v1_e3_m4_h4_visiblecarry_vs_maturessrloop_11task_2method_2budget_1run,rolling_visible_carry_forward,276568f4f908f36e65d560b050b98c4a566b709a9c5c9db9d3f6161da9f66c01,b289ea536f4efca031c49fd0a569051a6ccfd2ab50097d57c5c3b41b8755a6e0,"{""allowed_path_count"": 3, ""budgets_supported"": [600, 1200], ""forbidden_path_count"": 4, ""forbidden_token_count"": 4, ""method_specific_selection_used"": false, ""model_outcomes_used"": false, ""required_output_size"": 5, ""segment_count"": 9, ""stale_token_count"": 4}",debe52b540b08baafdca14de1aa40e1627a39be9a2d96f5970a576488a341be3,10,rolling_visible_identifier_carry_forward_v1_ecvs_safe_visible_only,rolling_visible_identifier_carry_forward_v1_ecvs_safe_visible_only,1,5,5,5,5,0,eed7f4987633c1d181ac9e79c94e25095ba0da053cbdb4ebfcbb3c7566811dbb,0,,0,[],[],,,,,not_reader_aware,[],0,0,results/_probe_ecvs_deepseek_v4pro_pcg_dynamic_state_v1_e3_m4_h4_visiblecarry_vs_maturessrloop_11task_2method_2budget_1run/reader_audit/rolling_visible_carry_forward__pcgds_v1_00009_api_migration_hard__run_1__budget_600.jsonl,9,ca6e46f332623d75cd93cca7b07b7ab48d5dcfeb16d0f48a9b56584c2756413c
_probe_ecvs_deepseek_v4pro_pcg_dynamic_state_v1_e3_m4_h4_visiblecarry_vs_maturessrloop_11task_2method_2budget_1run:deepseek_v4pro:rolling_visible_carry_forward:pcgds_v1_00010_permission_boundary_hard:budget_1200:run_1,deepseek_v4pro,pcgds_v1_00010_permission_boundary_hard,pcg_dynamic_state_synthetic,hard,permission_boundary,pcg_hard,rolling_visible_carry_forward,rolling_visible_carry_forward,1200,1,2026-06-20T05:50:35.981043+00:00,2026-06-20T05:51:01.193258+00:00,2026-06-20T05:50:35.981078+00:00,2026-06-20T05:51:01.188691+00:00,25.195,1564687749c350d1f7bf81b656a728d3a441d2f49f17544a8d34cec04ec5766d,cc1f8ef5bfa6f9889fe2da4b54bdc32eb62388f132eef1ed7b732fbc7ab9fb97,3318d3247ea911325a8a90d7fb52e51fc024f29ca086ec0d109d0234e43b84f9,002d6ead9ae0b5c782e158d162c4024f3daa6446be8660597e63cacbec74deac,afe025e7f342f65296e0670f1f397fab0aba3ceb91d7dccd5a22a9b7fd05ef4d,665bfe62467601050cda1d9acd4a98554dc5d8e84f7704f3c893f3c55385e7ec,49b6dd2d11093d24488a5317eb052dbbdf7f5d202403c58eed5651bbe5ac4c57,49b6dd2d11093d24488a5317eb052dbbdf7f5d202403c58eed5651bbe5ac4c57,49b6dd2d11093d24488a5317eb052dbbdf7f5d202403c58eed5651bbe5ac4c57,d5082fce8dd5fc2ffa71bbd4219f78890248b0b1b4793128165a7fbce06a2a2b,direct_provider,deepseek,https://api.deepseek.com,deepseek-v4-pro,https://api.deepseek.com/chat/completions,deepseek-v4-pro,caabb4409a46c31ba63803dd43f0cd53791328e6bdb08afe5d9cc7354307cfc7,6088d46151391cb51050f9f1f4c6e07dc0dc10827a3f31ae3d284004a9088eb7,d914cfc97d9b99822a2b1313c16850fd7be529b097eb356dc8e8e7408a7a00a8,explicit,0,4096,omitted,,omitted,,omitted,,omitted,,omitted,,omitted,,omitted,,omitted,,omitted,,False,thinking.type=disabled,ffe557f53c63f7d0f7e35f80c03f61d8b3548db9e4f51e8dda020b28a920d875,provider_not_exposed,provider_not_exposed,False,,False,False,False,disabled,,stop;stop;stop;stop;stop;stop;stop;stop;stop;stop,stop;stop;stop;stop;stop;stop;stop;stop;stop;stop,8232,2230,0,624,808,0,visible_carry_forward_compactor,,,,,,,,,,,,,,,,0,,,,,,,,,0,1,,1,[],"[""REQ_10_C6B51DAF"", ""LOCK_10_7A684B70"", ""SCOPE_10_881B91F4"", ""CHECK_10_6F1100CE"", ""ANCHOR_10_386C8DA5""]",0,[],0,[],0,[],1,0,,clean,,f8db40e35ed6a4d533284aac72b5508b83a64699bd287e4f186530de326bec60,e41f937f2c3f7adac34faa83ac2121f2df665b3e97558096a7995b0496220395,80b4e037ce05404a52c4d357cd78d5d19587c425ec65c3123b884e0a482f115a,f086c11a139e5c8056cb1afc52331e275709dfd0aa4ae04bdd2bf77045d7c9a3,fe5f35e98d5f3d9afafc5909156ed83fefd08d7f25b34ad7add3ce342c7c4b60,released_raw_outputs/model_outputs/_probe_ecvs_deepseek_v4pro_pcg_dynamic_state_v1_e3_m4_h4_visiblecarry_vs_maturessrloop_11task_2method_2budget_1run/deepseek/rolling_visible_carry_forward__pcgds_v1_00010_permission_boundary_hard__run_1__budget_1200.jsonl,10,,,,3150ef144ab0a437cb9a8e110f789d90b0e05d873b6f8c7fe9e1f6da39b52fd4,c72130421bd189b1e2bcbe91b6d81f10d6f949c21b5f51530b89e1fc8749bd8e,904ab3e53f9df797357f3deca62d2dc216b5339808ce309e1d74ce790c1c72b3,_probe_ecvs_deepseek_v4pro_pcg_dynamic_state_v1_e3_m4_h4_visiblecarry_vs_maturessrloop_11task_2method_2budget_1run,rolling_visible_carry_forward,276568f4f908f36e65d560b050b98c4a566b709a9c5c9db9d3f6161da9f66c01,6a5be81c707013c04c785b07ccf5c323264c633fc969dc2a86287b77abe941a3,"{""allowed_path_count"": 3, ""budgets_supported"": [600, 1200], ""forbidden_path_count"": 4, ""forbidden_token_count"": 4, ""method_specific_selection_used"": false, ""model_outcomes_used"": false, ""required_output_size"": 5, ""segment_count"": 9, ""stale_token_count"": 4}",debe52b540b08baafdca14de1aa40e1627a39be9a2d96f5970a576488a341be3,10,rolling_visible_identifier_carry_forward_v1_ecvs_safe_visible_only,rolling_visible_identifier_carry_forward_v1_ecvs_safe_visible_only,1,5,5,5,5,0,0f0ca6449208e13fc67f5d7c7d658d3e58c2d64c11f61d3128684705360f3243,0,,0,[],[],,,,,not_reader_aware,[],0,0,results/_probe_ecvs_deepseek_v4pro_pcg_dynamic_state_v1_e3_m4_h4_visiblecarry_vs_maturessrloop_11task_2method_2budget_1run/reader_audit/rolling_visible_carry_forward__pcgds_v1_00010_permission_boundary_hard__run_1__budget_1200.jsonl,9,9246c18f2e484aa05eef2e7d63350bc09511e4c8a1844b95272e557a683290f9
_probe_ecvs_deepseek_v4pro_pcg_dynamic_state_v1_e3_m4_h4_visiblecarry_vs_maturessrloop_11task_2method_2budget_1run:deepseek_v4pro:rolling_visible_carry_forward:pcgds_v1_00010_permission_boundary_hard:budget_600:run_1,deepseek_v4pro,pcgds_v1_00010_permission_boundary_hard,pcg_dynamic_state_synthetic,hard,permission_boundary,pcg_hard,rolling_visible_carry_forward,rolling_visible_carry_forward,600,1,2026-06-20T05:50:35.980565+00:00,2026-06-20T05:50:57.096590+00:00,2026-06-20T05:50:35.980601+00:00,2026-06-20T05:50:57.086671+00:00,21.095,1564687749c350d1f7bf81b656a728d3a441d2f49f17544a8d34cec04ec5766d,cc1f8ef5bfa6f9889fe2da4b54bdc32eb62388f132eef1ed7b732fbc7ab9fb97,3318d3247ea911325a8a90d7fb52e51fc024f29ca086ec0d109d0234e43b84f9,002d6ead9ae0b5c782e158d162c4024f3daa6446be8660597e63cacbec74deac,04082825efd9b0df14edf98ba09048bcea09688f997b88b2e71e998662ce21c0,665bfe62467601050cda1d9acd4a98554dc5d8e84f7704f3c893f3c55385e7ec,49b6dd2d11093d24488a5317eb052dbbdf7f5d202403c58eed5651bbe5ac4c57,49b6dd2d11093d24488a5317eb052dbbdf7f5d202403c58eed5651bbe5ac4c57,49b6dd2d11093d24488a5317eb052dbbdf7f5d202403c58eed5651bbe5ac4c57,d5082fce8dd5fc2ffa71bbd4219f78890248b0b1b4793128165a7fbce06a2a2b,direct_provider,deepseek,https://api.deepseek.com,deepseek-v4-pro,https://api.deepseek.com/chat/completions,deepseek-v4-pro,caabb4409a46c31ba63803dd43f0cd53791328e6bdb08afe5d9cc7354307cfc7,6088d46151391cb51050f9f1f4c6e07dc0dc10827a3f31ae3d284004a9088eb7,d914cfc97d9b99822a2b1313c16850fd7be529b097eb356dc8e8e7408a7a00a8,explicit,0,4096,omitted,,omitted,,omitted,,omitted,,omitted,,omitted,,omitted,,omitted,,omitted,,False,thinking.type=disabled,ffe557f53c63f7d0f7e35f80c03f61d8b3548db9e4f51e8dda020b28a920d875,provider_not_exposed,provider_not_exposed,False,,False,False,False,disabled,,stop;stop;stop;stop;stop;stop;stop;stop;stop;stop,stop;stop;stop;stop;stop;stop;stop;stop;stop;stop,7216,1567,0,344,464,0,visible_carry_forward_compactor,,,,,,,,,,,,,,,,0,,,,,,,,,0,1,,1,[],"[""REQ_10_C6B51DAF"", ""LOCK_10_7A684B70"", ""SCOPE_10_881B91F4"", ""CHECK_10_6F1100CE"", ""ANCHOR_10_386C8DA5""]",0,[],0,[],0,[],1,0,,clean,,e26b4f247e21811b7080e856486b628e388e714e65660ebb47822f80ccc43c8c,38574e4e2ad525fbc80711501cafb8a05fd45bdeedb0ddb4570f09605c7fd0fe,d20aad4a814cfb79279446ee975d1ee641e154dc828f3027139a432f1d20118d,d77a1038edde1dcdb5fc90ec452c75f431d8c245771898dee87d44ef3d9f787f,9f3b134288bf41103a957a5aa3b79119b04c7e571137fb67e42c255b25b750b2,released_raw_outputs/model_outputs/_probe_ecvs_deepseek_v4pro_pcg_dynamic_state_v1_e3_m4_h4_visiblecarry_vs_maturessrloop_11task_2method_2budget_1run/deepseek/rolling_visible_carry_forward__pcgds_v1_00010_permission_boundary_hard__run_1__budget_600.jsonl,10,,,,2fd93f836fdf78768ca5dc5560e7d63d8345b0c9d4b5f3f631d051f9ffdd724a,25c5800574a91a3334023e58182073fbccb9804b3ca024da1c36dd2ced5623fe,7efbcb5c6dd5cf9ffae7127df8c2450ed49aaed5626f57935b4b5eb709c0757d,_probe_ecvs_deepseek_v4pro_pcg_dynamic_state_v1_e3_m4_h4_visiblecarry_vs_maturessrloop_11task_2method_2budget_1run,rolling_visible_carry_forward,276568f4f908f36e65d560b050b98c4a566b709a9c5c9db9d3f6161da9f66c01,6a5be81c707013c04c785b07ccf5c323264c633fc969dc2a86287b77abe941a3,"{""allowed_path_count"": 3, ""budgets_supported"": [600, 1200], ""forbidden_path_count"": 4, ""forbidden_token_count"": 4, ""method_specific_selection_used"": false, ""model_outcomes_used"": false, ""required_output_size"": 5, ""segment_count"": 9, ""stale_token_count"": 4}",debe52b540b08baafdca14de1aa40e1627a39be9a2d96f5970a576488a341be3,10,rolling_visible_identifier_carry_forward_v1_ecvs_safe_visible_only,rolling_visible_identifier_carry_forward_v1_ecvs_safe_visible_only,1,5,5,5,5,0,4a16548bc28a61e57c2ec39ecde0c5b8d428a379d0a7af90befd8bdb1fc8627c,0,,0,[],[],,,,,not_reader_aware,[],0,0,results/_probe_ecvs_deepseek_v4pro_pcg_dynamic_state_v1_e3_m4_h4_visiblecarry_vs_maturessrloop_11task_2method_2budget_1run/reader_audit/rolling_visible_carry_forward__pcgds_v1_00010_permission_boundary_hard__run_1__budget_600.jsonl,9,a4f179e4aae6bb8eef6680fc297d0cb6f4e3b527395bb72b6a77ad0ee8ef2b54
_probe_ecvs_deepseek_v4pro_pcg_dynamic_state_v1_e3_m4_h4_visiblecarry_vs_maturessrloop_11task_2method_2budget_1run:deepseek_v4pro:rolling_visible_carry_forward:pcgds_v1_00011_requirement_overwrite_hard:budget_1200:run_1,deepseek_v4pro,pcgds_v1_00011_requirement_overwrite_hard,pcg_dynamic_state_synthetic,hard,requirement_overwrite,pcg_hard,rolling_visible_carry_forward,rolling_visible_carry_forward,1200,1,2026-06-20T05:50:35.981876+00:00,2026-06-20T05:51:00.082153+00:00,2026-06-20T05:50:35.981922+00:00,2026-06-20T05:51:00.080976+00:00,24.087,1564687749c350d1f7bf81b656a728d3a441d2f49f17544a8d34cec04ec5766d,3852fb2405c627d96a4a4cc5c66edb72504cbc3204ebccda126b9b7dd8fd106d,3318d3247ea911325a8a90d7fb52e51fc024f29ca086ec0d109d0234e43b84f9,e6b6a9b361d6ba1d72f74aadcdf10e97f9c290b40245d709a85dd658f08a1f25,4df12ace6fe63093cf09031448cd24b5304dcc45fd64d96e25f55505ee7d6549,665bfe62467601050cda1d9acd4a98554dc5d8e84f7704f3c893f3c55385e7ec,49b6dd2d11093d24488a5317eb052dbbdf7f5d202403c58eed5651bbe5ac4c57,49b6dd2d11093d24488a5317eb052dbbdf7f5d202403c58eed5651bbe5ac4c57,49b6dd2d11093d24488a5317eb052dbbdf7f5d202403c58eed5651bbe5ac4c57,d5082fce8dd5fc2ffa71bbd4219f78890248b0b1b4793128165a7fbce06a2a2b,direct_provider,deepseek,https://api.deepseek.com,deepseek-v4-pro,https://api.deepseek.com/chat/completions,deepseek-v4-pro,caabb4409a46c31ba63803dd43f0cd53791328e6bdb08afe5d9cc7354307cfc7,6088d46151391cb51050f9f1f4c6e07dc0dc10827a3f31ae3d284004a9088eb7,d914cfc97d9b99822a2b1313c16850fd7be529b097eb356dc8e8e7408a7a00a8,explicit,0,4096,omitted,,omitted,,omitted,,omitted,,omitted,,omitted,,omitted,,omitted,,omitted,,False,thinking.type=disabled,ffe557f53c63f7d0f7e35f80c03f61d8b3548db9e4f51e8dda020b28a920d875,provider_not_exposed,provider_not_exposed,False,,False,False,False,disabled,,stop;stop;stop;stop;stop;stop;stop;stop;stop;stop,stop;stop;stop;stop;stop;stop;stop;stop;stop;stop,7852,1942,0,687,827,0,visible_carry_forward_compactor,,,,,,,,,,,,,,,,0,,,,,,,,,0,1,,1,[],"[""REQ_11_3FAAF1DB"", ""LOCK_11_EAFAD244"", ""SCOPE_11_EE42C1F3"", ""CHECK_11_5942913E"", ""ANCHOR_11_77A03CBA""]",0,[],0,[],0,[],1,0,,clean,,89fb1d56d16febcf5fbd51c8bc3cd1ad33577dde7b664278060385bc25689a85,44443564a2ade4e9b837b3e123ec2fd8bdf91566d691e8f68432b85149df905e,f1a6adc324616824c6a1040cdbb902e9f6efc893bb09d23209ff1ccea24c0b8c,c92883c78bad0a57aa84f68ce4835e2e3d54c47a89aadd35cd70b9e70a1ee3d8,720e914dfe8709a673a8cc800e8e0c43175cc9f28c7be549905dccf8bd5580ed,released_raw_outputs/model_outputs/_probe_ecvs_deepseek_v4pro_pcg_dynamic_state_v1_e3_m4_h4_visiblecarry_vs_maturessrloop_11task_2method_2budget_1run/deepseek/rolling_visible_carry_forward__pcgds_v1_00011_requirement_overwrite_hard__run_1__budget_1200.jsonl,10,,,,54bd98f5e7b475107f5aaa3c2c0adef00e5bfe2b251c320b46cff4cec2bed885,3a2d6d7da61e1d2e1656f2bdfa09f26b384d6f441aeac21f3e66c2d43fa39f4d,be2eaeff2cbbf8e0dcf7c37ed07ab871518294cc50f94fbf8ee4e1ab5c782a5b,_probe_ecvs_deepseek_v4pro_pcg_dynamic_state_v1_e3_m4_h4_visiblecarry_vs_maturessrloop_11task_2method_2budget_1run,rolling_visible_carry_forward,276568f4f908f36e65d560b050b98c4a566b709a9c5c9db9d3f6161da9f66c01,c1e8c45af386da03c247895136e3d3d79a2510fc2ff0ec92d7350801b8d5104d,"{""allowed_path_count"": 3, ""budgets_supported"": [600, 1200], ""forbidden_path_count"": 4, ""forbidden_token_count"": 4, ""method_specific_selection_used"": false, ""model_outcomes_used"": false, ""required_output_size"": 5, ""segment_count"": 9, ""stale_token_count"": 4}",debe52b540b08baafdca14de1aa40e1627a39be9a2d96f5970a576488a341be3,10,rolling_visible_identifier_carry_forward_v1_ecvs_safe_visible_only,rolling_visible_identifier_carry_forward_v1_ecvs_safe_visible_only,1,5,3,5,5,0,a964c1083868d3c644ad30d912f31c201041146cbb5cd266e3e6ff4e0e7ff1c7,0,,0,[],[],,,,,not_reader_aware,[],0,0,results/_probe_ecvs_deepseek_v4pro_pcg_dynamic_state_v1_e3_m4_h4_visiblecarry_vs_maturessrloop_11task_2method_2budget_1run/reader_audit/rolling_visible_carry_forward__pcgds_v1_00011_requirement_overwrite_hard__run_1__budget_1200.jsonl,9,35851e2fea2ee1b59d3649655750904b8c72594335f5fe5d7bcb2874e57dc63c
_probe_ecvs_deepseek_v4pro_pcg_dynamic_state_v1_e3_m4_h4_visiblecarry_vs_maturessrloop_11task_2method_2budget_1run:deepseek_v4pro:rolling_visible_carry_forward:pcgds_v1_00011_requirement_overwrite_hard:budget_600:run_1,deepseek_v4pro,pcgds_v1_00011_requirement_overwrite_hard,pcg_dynamic_state_synthetic,hard,requirement_overwrite,pcg_hard,rolling_visible_carry_forward,rolling_visible_carry_forward,600,1,2026-06-20T05:50:35.981716+00:00,2026-06-20T05:50:58.072119+00:00,2026-06-20T05:50:35.981746+00:00,2026-06-20T05:50:58.069328+00:00,22.081,1564687749c350d1f7bf81b656a728d3a441d2f49f17544a8d34cec04ec5766d,3852fb2405c627d96a4a4cc5c66edb72504cbc3204ebccda126b9b7dd8fd106d,3318d3247ea911325a8a90d7fb52e51fc024f29ca086ec0d109d0234e43b84f9,e6b6a9b361d6ba1d72f74aadcdf10e97f9c290b40245d709a85dd658f08a1f25,24c66771f92938a5df81c6b11d4eb57df413e0a07ff1d5c1d295fcf35c72d3a9,665bfe62467601050cda1d9acd4a98554dc5d8e84f7704f3c893f3c55385e7ec,49b6dd2d11093d24488a5317eb052dbbdf7f5d202403c58eed5651bbe5ac4c57,49b6dd2d11093d24488a5317eb052dbbdf7f5d202403c58eed5651bbe5ac4c57,49b6dd2d11093d24488a5317eb052dbbdf7f5d202403c58eed5651bbe5ac4c57,d5082fce8dd5fc2ffa71bbd4219f78890248b0b1b4793128165a7fbce06a2a2b,direct_provider,deepseek,https://api.deepseek.com,deepseek-v4-pro,https://api.deepseek.com/chat/completions,deepseek-v4-pro,caabb4409a46c31ba63803dd43f0cd53791328e6bdb08afe5d9cc7354307cfc7,6088d46151391cb51050f9f1f4c6e07dc0dc10827a3f31ae3d284004a9088eb7,d914cfc97d9b99822a2b1313c16850fd7be529b097eb356dc8e8e7408a7a00a8,explicit,0,4096,omitted,,omitted,,omitted,,omitted,,omitted,,omitted,,omitted,,omitted,,omitted,,False,thinking.type=disabled,ffe557f53c63f7d0f7e35f80c03f61d8b3548db9e4f51e8dda020b28a920d875,provider_not_exposed,provider_not_exposed,False,,False,False,False,disabled,,stop;stop;stop;stop;stop;stop;stop;stop;stop;stop,stop;stop;stop;stop;stop;stop;stop;stop;stop;stop,7181,1556,0,370,489,0,visible_carry_forward_compactor,,,,,,,,,,,,,,,,0,,,,,,,,,0,1,,1,[],"[""REQ_11_3FAAF1DB"", ""LOCK_11_EAFAD244"", ""SCOPE_11_EE42C1F3"", ""CHECK_11_5942913E"", ""ANCHOR_11_77A03CBA""]",0,[],0,[],0,[],1,0,,clean,,1a8b092a2adf05f7e3cd696359b324e747196eef7442a482193002fde68e6ea9,4da42ab99d2386418e1114f7266d5a4b09c50b7f122509bf4f5caf0f1ea14241,88c99845bab86125a206547def83a52887849a4a5337f37a2a5c05784752e09b,999bfe6073a3aa7d72ff563cfc9100084e4205c1e3258791d22ee34a736471cb,aa972f4b3e1682fa3d99b7aa2583670d9fc56898a68346c701f5d8efe34d4c0a,released_raw_outputs/model_outputs/_probe_ecvs_deepseek_v4pro_pcg_dynamic_state_v1_e3_m4_h4_visiblecarry_vs_maturessrloop_11task_2method_2budget_1run/deepseek/rolling_visible_carry_forward__pcgds_v1_00011_requirement_overwrite_hard__run_1__budget_600.jsonl,10,,,,6c581b4a330bcd33c3bab3a9e7bf01079188eb62bbce289d1980804778b59e72,58b8a6e6c7e0f19f73bc9fb5ec654a9cd463ccbe6c02d5a42d7c8eb7b130bb16,8599000c86a3ba4b5dd50e4d4d6e10e280de717a09610f4194f0f5a21165e6cf,_probe_ecvs_deepseek_v4pro_pcg_dynamic_state_v1_e3_m4_h4_visiblecarry_vs_maturessrloop_11task_2method_2budget_1run,rolling_visible_carry_forward,276568f4f908f36e65d560b050b98c4a566b709a9c5c9db9d3f6161da9f66c01,c1e8c45af386da03c247895136e3d3d79a2510fc2ff0ec92d7350801b8d5104d,"{""allowed_path_count"": 3, ""budgets_supported"": [600, 1200], ""forbidden_path_count"": 4, ""forbidden_token_count"": 4, ""method_specific_selection_used"": false, ""model_outcomes_used"": false, ""required_output_size"": 5, ""segment_count"": 9, ""stale_token_count"": 4}",debe52b540b08baafdca14de1aa40e1627a39be9a2d96f5970a576488a341be3,10,rolling_visible_identifier_carry_forward_v1_ecvs_safe_visible_only,rolling_visible_identifier_carry_forward_v1_ecvs_safe_visible_only,1,5,5,5,5,0,b016bab637168fada1a2c50331a0283992ecd9e18e60b135ee47ab8561f99aa7,0,,0,[],[],,,,,not_reader_aware,[],0,0,results/_probe_ecvs_deepseek_v4pro_pcg_dynamic_state_v1_e3_m4_h4_visiblecarry_vs_maturessrloop_11task_2method_2budget_1run/reader_audit/rolling_visible_carry_forward__pcgds_v1_00011_requirement_overwrite_hard__run_1__budget_600.jsonl,9,1b478191d48804f3ffdac1b323390edcc26a728b499888581365e9f7d100a711
