global_artifact_id,condition_id,task_id,source_type,difficulty_tier,task_family,selection_group,method,method_label,state_budget,run_index,run_started_at_utc,run_finished_at_utc,request_started_at_utc,request_finished_at_utc,latency_seconds,task_manifest_sha256,task_entry_sha256,scorer_oracle_manifest_sha256,scorer_oracle_sha256,prompt_hash,config_sha256,runner_sha256,parser_sha256,eval_harness_sha256,environment_hash_or_commit,requested_provider_or_access_path,provider,base_url,requested_model,selected_provider_or_endpoint,selected_model_or_returned_model,supported_parameter_snapshot_sha256,model_snapshot_proxy_sha256,decoding_parameter_freeze_sha256,temperature_send_mode,temperature_value,max_tokens,top_p_send_mode,top_p_value,top_k_send_mode,top_k_value,min_p_send_mode,min_p_value,top_a_send_mode,top_a_value,frequency_penalty_send_mode,frequency_penalty_value,presence_penalty_send_mode,presence_penalty_value,repetition_penalty_send_mode,repetition_penalty_value,stop_send_mode,stop_value_sha256,seed_send_mode,seed_value,stream,reasoning_disable_mode,reasoning_control_request_sha256,reasoning_tokens_observed,reasoning_tokens_source,reasoning_content_present,reasoning_content_sha256,fallback_enabled,tools_enabled,web_enabled,cache_policy,provider_not_exposed_fields,finish_reason,native_finish_reason,input_tokens,output_tokens,state_hard_cap_used,state_chars_before_budget,state_chars_after_budget,state_budget_violation,state_compaction_strategy,ssr_protocol_version,ssr_budget_native_compaction_used,ssr_priority_compaction_used,ssr_visible_allowed_candidates,ssr_out_tokens_before_compaction,ssr_out_tokens_after_compaction,ssr_visible_candidates_preserved_in_state,ssr_visible_candidates_missing_from_state,compiled_ssr_fields_sha256,final_json_parse_success,final_json_parse_error,final_exact_success,missing_exact_tokens,present_exact_tokens,forbidden_token_leakage,forbidden_token_hits,forbidden_action_violation,forbidden_action_hits,boundary_violation,boundary_violation_hits,reliable_success,backend_error,backend_error_brief,gate_status,gate_reason,request_hash,response_metadata_sha256,usage_metadata_sha256,raw_response_sha256,parsed_output_sha256,private_raw_ref,private_raw_line_count,metric_record_sha256,manifest_entry_hash,h5_chain_hash,experiment_id,internal_method,task_provenance_manifest_sha256,task_provenance_entry_sha256,static_difficulty_features,task_selection_csv_sha256,call_count,method_protocol_version,carry_forward_protocol_version,visible_carry_forward_used,visible_allowed_candidates,visible_candidates_before_compaction,visible_candidates_after_compaction,visible_candidates_preserved_in_state,visible_candidates_missing_from_state,compiled_carry_forward_fields_sha256
_probe_ecvs_deepseek_v4pro_visible_state_discriminator_v1_visiblecarry_vs_maturessrloop_18task_2method_3budget_1run:deepseek_v4pro:mature_ssr_loop:vstdp_v1_high_01_requests_proxy_auth_precedence:budget_1200:run_1,deepseek_v4pro,vstdp_v1_high_01_requests_proxy_auth_precedence,real_swe_style_controlled_transition,,requests_proxy_auth_precedence,,mature_ssr_loop,mature_ssr_loop,1200,1,2026-06-19T15:25:10.901778+00:00,2026-06-19T15:26:50.504319+00:00,2026-06-19T15:25:10.901816+00:00,2026-06-19T15:26:50.503214+00:00,46.39,3e55ca0d13b98e22312e2409149f678b77ec9aef1850bb20a2b4dd3b9ddb0b1a,f8c58e8d5719158d0a247659935dcd8a42a5aa5b7167160ec5eff2cdd4da5dc4,cff0bce020b88a9a2d3d196f5042a127e5ac1ea6714929d2bf3c0f4bcf5107e5,eb117af3bec341809f2f5c1f660ce2e70f18c934963d248465fc7c8fd53dcfcd,ca4ea6c4d757d3a9bfec4b5e7c041420d26321adcf9d21adb8490a203cbb51c2,4905317b5f200e6b35322340f5ad78407f9fc8d9c166cd24f83d024a4cc9d724,6d91b7db6f6ecc6962a654e449062c2870004adfc47062d2ad8b74376cc3dd38,6d91b7db6f6ecc6962a654e449062c2870004adfc47062d2ad8b74376cc3dd38,6d91b7db6f6ecc6962a654e449062c2870004adfc47062d2ad8b74376cc3dd38,58a0fd1ab882a25e3a96b570728797ccf9f00e62723ca54e10e593009e9c81ea,direct_provider,deepseek,https://api.deepseek.com,deepseek-v4-pro,https://api.deepseek.com/chat/completions,deepseek-v4-pro,c9da0642059ba98620f7a69e24a1751c9275e916fe3904876738153d2414e896,d36c4b8f2f74aa3f39fbb01515608acead4ab04a35165db758e06a0dcf01ffa9,d914cfc97d9b99822a2b1313c16850fd7be529b097eb356dc8e8e7408a7a00a8,explicit,0,4096,omitted,,omitted,,omitted,,omitted,,omitted,,omitted,,omitted,,omitted,,omitted,,False,thinking.type=disabled,ffe557f53c63f7d0f7e35f80c03f61d8b3548db9e4f51e8dda020b28a920d875,provider_not_exposed,provider_not_exposed,False,,False,False,False,disabled,,stop;stop;stop;stop;stop;stop;stop;stop;stop;stop;stop;stop;stop,stop;stop;stop;stop;stop;stop;stop;stop;stop;stop;stop;stop;stop,8207,2412,0,762,334,0,ssr_priority_compactor,mature_ssr_loop_protocol_v1_ecvs_safe_visible_only,1,1,10,10,10,10,0,b34e6ed1f33317d91dc82772d6a4255f69dd695359a0de976b0dce84a365502b,1,,0,"[""EDGE_01_6GSQRYW""]","[""REQ_01_U4XEH7J"", ""LOCK_01_XH95PQ9"", ""SCOPE_01_7UDRTJ5"", ""CHECK_01_9SU5HJQ"", ""ANCHOR_01_T5TTM3Y"", ""FRONTIER_01_QEHKUPY""]",1,"[""SCOPE_01_L7FE83T"", ""CHECK_01_N6ACRVG"", ""MERGE_01_PFGVQAC"", ""VERIFY_01_297HSL9""]",0,[],0,[],0,0,,clean,,d92921a867a4f2347dcfe964598097ccc8e7a1d27c7d476f50d7e744e2f406d0,6f499fab377bbac738fc5e01e793b416f19f3896d9b4dc4a3d1572254f6696bc,f7b23f1d16ef644fd09bddcce44bba79130b0d0a0043359d641a95d7effb97ab,ee0e377fcfc913176614022b0259ed052602d4fe856bb6443fd6ba4ff4cda43d,a8cfe716b9b99875f4782498f66bdd89e1da05a7eab3f236a4178a0e18592c69,released_raw_outputs/model_outputs/_probe_ecvs_deepseek_v4pro_visible_state_discriminator_v1_visiblecarry_vs_maturessrloop_18task_2method_3budget_1run/deepseek/mature_ssr_loop__vstdp_v1_high_01_requests_proxy_auth_precedence__run_1__budget_1200.jsonl,13,9532cd5899dce561af01017ac134d1657e93c72e54a1aa421b05953db9024d32,ddc65ed9b450467f4a27772d51fb3a5765b687efc04b5dfdf9fd95d045f3c545,3cf9eea242103b21004f52b919842f2d24f76baca26d0aa7aab83ed3c3488dfc,_probe_ecvs_deepseek_v4pro_visible_state_discriminator_v1_visiblecarry_vs_maturessrloop_18task_2method_3budget_1run,ssr_loop,8d9db20ce97efe30f85c852e25677be982049e6573365705fe9691ec9b104e37,663a0d09b73f75ef771d0c0c14534f4c87af94944eb28f85feb3a3f813f1248f,{},e83e5f36720943793cd894d750a4e149b87149e8afc1f3ba9f39379580fbad40,13,mature_ssr_loop_protocol_v1_ecvs_safe_visible_only,,,,,,,,
_probe_ecvs_deepseek_v4pro_visible_state_discriminator_v1_visiblecarry_vs_maturessrloop_18task_2method_3budget_1run:deepseek_v4pro:mature_ssr_loop:vstdp_v1_high_01_requests_proxy_auth_precedence:budget_300:run_1,deepseek_v4pro,vstdp_v1_high_01_requests_proxy_auth_precedence,real_swe_style_controlled_transition,,requests_proxy_auth_precedence,,mature_ssr_loop,mature_ssr_loop,300,1,2026-06-19T15:25:10.901400+00:00,2026-06-19T15:26:04.371960+00:00,2026-06-19T15:25:10.901480+00:00,2026-06-19T15:26:04.370446+00:00,36.386,3e55ca0d13b98e22312e2409149f678b77ec9aef1850bb20a2b4dd3b9ddb0b1a,f8c58e8d5719158d0a247659935dcd8a42a5aa5b7167160ec5eff2cdd4da5dc4,cff0bce020b88a9a2d3d196f5042a127e5ac1ea6714929d2bf3c0f4bcf5107e5,eb117af3bec341809f2f5c1f660ce2e70f18c934963d248465fc7c8fd53dcfcd,1ce3cb289accd0e0aa08b4db7b8305e424c3111718bf6bb4375aec0f7ac64cb6,4905317b5f200e6b35322340f5ad78407f9fc8d9c166cd24f83d024a4cc9d724,6d91b7db6f6ecc6962a654e449062c2870004adfc47062d2ad8b74376cc3dd38,6d91b7db6f6ecc6962a654e449062c2870004adfc47062d2ad8b74376cc3dd38,6d91b7db6f6ecc6962a654e449062c2870004adfc47062d2ad8b74376cc3dd38,58a0fd1ab882a25e3a96b570728797ccf9f00e62723ca54e10e593009e9c81ea,direct_provider,deepseek,https://api.deepseek.com,deepseek-v4-pro,https://api.deepseek.com/chat/completions,deepseek-v4-pro,c9da0642059ba98620f7a69e24a1751c9275e916fe3904876738153d2414e896,d36c4b8f2f74aa3f39fbb01515608acead4ab04a35165db758e06a0dcf01ffa9,d914cfc97d9b99822a2b1313c16850fd7be529b097eb356dc8e8e7408a7a00a8,explicit,0,4096,omitted,,omitted,,omitted,,omitted,,omitted,,omitted,,omitted,,omitted,,omitted,,False,thinking.type=disabled,ffe557f53c63f7d0f7e35f80c03f61d8b3548db9e4f51e8dda020b28a920d875,provider_not_exposed,provider_not_exposed,False,,False,False,False,disabled,,stop;stop;stop;stop;stop;stop;stop;stop;stop;stop;stop;stop;stop,stop;stop;stop;stop;stop;stop;stop;stop;stop;stop;stop;stop;stop,8115,1988,0,487,288,1,ssr_priority_compactor,mature_ssr_loop_protocol_v1_ecvs_safe_visible_only,1,1,10,10,10,10,0,9ba95bc4c856e2c82e6c50112d6ce97f375611b4143bfdee852afa79cf0a99ae,1,,0,"[""EDGE_01_6GSQRYW""]","[""REQ_01_U4XEH7J"", ""LOCK_01_XH95PQ9"", ""SCOPE_01_7UDRTJ5"", ""CHECK_01_9SU5HJQ"", ""ANCHOR_01_T5TTM3Y"", ""FRONTIER_01_QEHKUPY""]",1,"[""SCOPE_01_L7FE83T"", ""CHECK_01_N6ACRVG"", ""MERGE_01_PFGVQAC"", ""VERIFY_01_297HSL9""]",0,[],0,[],0,0,,clean,,81e5659239c6dbbf5d4fb6921ee97b316351313a948635844c069ba13db8b33e,5139444a830c3659cd09489a26696a7eb381cf14f863be27af972a07c5fea59a,78ec454a4068d9b842a90c83799db772ebf9dce4dcbc3557fc9984c7e175b33f,35eb4f5ef8366e7139e6b35aa422fb34c7f4a0297ecc0715e52c4af71c6e73ce,5a1d29e797153ee169c0e58f49327e946e5456249339ea85daa00734f44ed23a,released_raw_outputs/model_outputs/_probe_ecvs_deepseek_v4pro_visible_state_discriminator_v1_visiblecarry_vs_maturessrloop_18task_2method_3budget_1run/deepseek/mature_ssr_loop__vstdp_v1_high_01_requests_proxy_auth_precedence__run_1__budget_300.jsonl,13,92899c03662bade93c8703de41a20b426a6346c369c43de142fbac8276114fd3,ea393fb3bdb24059aa9ce6963a9c68377ce163ca1b3d17c523270d83e3e83293,806cc6b1f45be88390210bf378569af6b6bf835fb2520d86049d07a4ab631c00,_probe_ecvs_deepseek_v4pro_visible_state_discriminator_v1_visiblecarry_vs_maturessrloop_18task_2method_3budget_1run,ssr_loop,8d9db20ce97efe30f85c852e25677be982049e6573365705fe9691ec9b104e37,663a0d09b73f75ef771d0c0c14534f4c87af94944eb28f85feb3a3f813f1248f,{},e83e5f36720943793cd894d750a4e149b87149e8afc1f3ba9f39379580fbad40,13,mature_ssr_loop_protocol_v1_ecvs_safe_visible_only,,,,,,,,
_probe_ecvs_deepseek_v4pro_visible_state_discriminator_v1_visiblecarry_vs_maturessrloop_18task_2method_3budget_1run:deepseek_v4pro:mature_ssr_loop:vstdp_v1_high_01_requests_proxy_auth_precedence:budget_600:run_1,deepseek_v4pro,vstdp_v1_high_01_requests_proxy_auth_precedence,real_swe_style_controlled_transition,,requests_proxy_auth_precedence,,mature_ssr_loop,mature_ssr_loop,600,1,2026-06-19T15:25:10.902001+00:00,2026-06-19T15:26:06.025548+00:00,2026-06-19T15:25:10.902049+00:00,2026-06-19T15:26:06.024380+00:00,38.041,3e55ca0d13b98e22312e2409149f678b77ec9aef1850bb20a2b4dd3b9ddb0b1a,f8c58e8d5719158d0a247659935dcd8a42a5aa5b7167160ec5eff2cdd4da5dc4,cff0bce020b88a9a2d3d196f5042a127e5ac1ea6714929d2bf3c0f4bcf5107e5,eb117af3bec341809f2f5c1f660ce2e70f18c934963d248465fc7c8fd53dcfcd,d497ee9ad3b8b43d98c9a1c73b168b7c95c6130576693a28332c17e88b9d43a6,4905317b5f200e6b35322340f5ad78407f9fc8d9c166cd24f83d024a4cc9d724,6d91b7db6f6ecc6962a654e449062c2870004adfc47062d2ad8b74376cc3dd38,6d91b7db6f6ecc6962a654e449062c2870004adfc47062d2ad8b74376cc3dd38,6d91b7db6f6ecc6962a654e449062c2870004adfc47062d2ad8b74376cc3dd38,58a0fd1ab882a25e3a96b570728797ccf9f00e62723ca54e10e593009e9c81ea,direct_provider,deepseek,https://api.deepseek.com,deepseek-v4-pro,https://api.deepseek.com/chat/completions,deepseek-v4-pro,c9da0642059ba98620f7a69e24a1751c9275e916fe3904876738153d2414e896,d36c4b8f2f74aa3f39fbb01515608acead4ab04a35165db758e06a0dcf01ffa9,d914cfc97d9b99822a2b1313c16850fd7be529b097eb356dc8e8e7408a7a00a8,explicit,0,4096,omitted,,omitted,,omitted,,omitted,,omitted,,omitted,,omitted,,omitted,,omitted,,False,thinking.type=disabled,ffe557f53c63f7d0f7e35f80c03f61d8b3548db9e4f51e8dda020b28a920d875,provider_not_exposed,provider_not_exposed,False,,False,False,False,disabled,,stop;stop;stop;stop;stop;stop;stop;stop;stop;stop;stop;stop;stop,stop;stop;stop;stop;stop;stop;stop;stop;stop;stop;stop;stop;stop,8182,2249,0,568,334,0,ssr_priority_compactor,mature_ssr_loop_protocol_v1_ecvs_safe_visible_only,1,1,10,10,10,10,0,b34e6ed1f33317d91dc82772d6a4255f69dd695359a0de976b0dce84a365502b,1,,0,"[""EDGE_01_6GSQRYW""]","[""REQ_01_U4XEH7J"", ""LOCK_01_XH95PQ9"", ""SCOPE_01_7UDRTJ5"", ""CHECK_01_9SU5HJQ"", ""ANCHOR_01_T5TTM3Y"", ""FRONTIER_01_QEHKUPY""]",1,"[""SCOPE_01_L7FE83T"", ""CHECK_01_N6ACRVG"", ""MERGE_01_PFGVQAC"", ""VERIFY_01_297HSL9""]",0,[],0,[],0,0,,clean,,9d96e359420ffb17078df667b9f954e00098d1dfa5f631c30c66fd16637f160d,bfdc77920420047d82ad96055317702d6a98bd5ff1f1fc82467ce197dc99f04b,9b7c5d9021f78281e757091bbdac7b90a2e0525b2a5cf57987ba77577a04027c,c2c8068d95f3ce929b5f0014652bf224b367be537e96c3cf949e6fb6415f85ac,b87b55c01217f184a4bc80b6494a1829953f4c7f22ca47fcde8e371948471e6b,released_raw_outputs/model_outputs/_probe_ecvs_deepseek_v4pro_visible_state_discriminator_v1_visiblecarry_vs_maturessrloop_18task_2method_3budget_1run/deepseek/mature_ssr_loop__vstdp_v1_high_01_requests_proxy_auth_precedence__run_1__budget_600.jsonl,13,b39503fa0175f6468114283b274b6e82fbede5adc05c3e84e4846d9740afaca2,3de36b8d620c2b857642be11ee62b00d5e1b2285044661f5e85705f97ead4bf0,cc61817f1058cc9db188ba2974e86fd2ae95fcd7a3c0b34cff2c6e4c6beaf687,_probe_ecvs_deepseek_v4pro_visible_state_discriminator_v1_visiblecarry_vs_maturessrloop_18task_2method_3budget_1run,ssr_loop,8d9db20ce97efe30f85c852e25677be982049e6573365705fe9691ec9b104e37,663a0d09b73f75ef771d0c0c14534f4c87af94944eb28f85feb3a3f813f1248f,{},e83e5f36720943793cd894d750a4e149b87149e8afc1f3ba9f39379580fbad40,13,mature_ssr_loop_protocol_v1_ecvs_safe_visible_only,,,,,,,,
_probe_ecvs_deepseek_v4pro_visible_state_discriminator_v1_visiblecarry_vs_maturessrloop_18task_2method_3budget_1run:deepseek_v4pro:mature_ssr_loop:vstdp_v1_high_02_decoy_boundary_filtering:budget_1200:run_1,deepseek_v4pro,vstdp_v1_high_02_decoy_boundary_filtering,diagnostic_controlled_transition,,decoy_boundary_filtering,,mature_ssr_loop,mature_ssr_loop,1200,1,2026-06-19T15:25:10.904051+00:00,2026-06-19T15:26:28.236500+00:00,2026-06-19T15:25:10.904084+00:00,2026-06-19T15:26:28.235445+00:00,42.196,3e55ca0d13b98e22312e2409149f678b77ec9aef1850bb20a2b4dd3b9ddb0b1a,a74d88c35a918cb59ee15f112f000b9698959c9f7867faa6560ad4581e43e078,cff0bce020b88a9a2d3d196f5042a127e5ac1ea6714929d2bf3c0f4bcf5107e5,508fc038dda2317a287214c23941527d962fed118b87e3c67e5db47418a5701d,ffb2062ca664ec58ac2a799d708fdd71b28c76c6184da34dd8e1b1f7b45bc6bb,4905317b5f200e6b35322340f5ad78407f9fc8d9c166cd24f83d024a4cc9d724,6d91b7db6f6ecc6962a654e449062c2870004adfc47062d2ad8b74376cc3dd38,6d91b7db6f6ecc6962a654e449062c2870004adfc47062d2ad8b74376cc3dd38,6d91b7db6f6ecc6962a654e449062c2870004adfc47062d2ad8b74376cc3dd38,58a0fd1ab882a25e3a96b570728797ccf9f00e62723ca54e10e593009e9c81ea,direct_provider,deepseek,https://api.deepseek.com,deepseek-v4-pro,https://api.deepseek.com/chat/completions,deepseek-v4-pro,c9da0642059ba98620f7a69e24a1751c9275e916fe3904876738153d2414e896,d36c4b8f2f74aa3f39fbb01515608acead4ab04a35165db758e06a0dcf01ffa9,d914cfc97d9b99822a2b1313c16850fd7be529b097eb356dc8e8e7408a7a00a8,explicit,0,4096,omitted,,omitted,,omitted,,omitted,,omitted,,omitted,,omitted,,omitted,,omitted,,False,thinking.type=disabled,ffe557f53c63f7d0f7e35f80c03f61d8b3548db9e4f51e8dda020b28a920d875,provider_not_exposed,provider_not_exposed,False,,False,False,False,disabled,,stop;stop;stop;stop;stop;stop;stop;stop;stop;stop;stop;stop;stop,stop;stop;stop;stop;stop;stop;stop;stop;stop;stop;stop;stop;stop,8198,2423,0,654,334,0,ssr_priority_compactor,mature_ssr_loop_protocol_v1_ecvs_safe_visible_only,1,1,10,10,10,10,0,47df14eb00c4e880699761f9af1bb1906d3be98c3c5cc6042eae2d56dd0be132,1,,0,"[""EDGE_02_6LAGJH2""]","[""REQ_02_AAXQWLF"", ""LOCK_02_464QRAL"", ""SCOPE_02_MWJH8XE"", ""CHECK_02_7DFYJC2"", ""ANCHOR_02_2PRA3SK"", ""FRONTIER_02_XK3S2K8""]",1,"[""SCOPE_02_BJNRAUH"", ""CHECK_02_38RWBG9"", ""MERGE_02_VQQSW6F"", ""VERIFY_02_XVZ3N6Y""]",0,[],0,[],0,0,,clean,,cde9be7898bfeb731fe0e078a3a0da7be9ff69865416ae0257abf4fa9d9c4b9d,d95bac013b4e9c548f3e202d1b8988afd028534b846128d57de893c3c2cff312,631148b91cab96329cada0a8ec3e445bd4ec0f0400531aa1cde17b7bd2ea68df,7ea7fce0c43329dbef143d31cc3dc024692ef4ad7796a7a67439300b57bbee3e,039ac430b28c19f026e8aa7b6face599f41bcdaa0f7aa7c8d503bc89354bf1e7,released_raw_outputs/model_outputs/_probe_ecvs_deepseek_v4pro_visible_state_discriminator_v1_visiblecarry_vs_maturessrloop_18task_2method_3budget_1run/deepseek/mature_ssr_loop__vstdp_v1_high_02_decoy_boundary_filtering__run_1__budget_1200.jsonl,13,e186615a7c11aa5776540d690b0f909357298aaa66a729c2d9d10e643c83b238,2917b077505ae897053d0f65333943978692a427d7a0262d330eaec74193cd41,6b2d9eeeaf9995a102d497aeadf729ff6970f4080888b2b6a0182aa2c4d75e85,_probe_ecvs_deepseek_v4pro_visible_state_discriminator_v1_visiblecarry_vs_maturessrloop_18task_2method_3budget_1run,ssr_loop,8d9db20ce97efe30f85c852e25677be982049e6573365705fe9691ec9b104e37,1d65f3cf0cf8b81823ad9f04aeed8defd59c584c4b901eee85e6fc4827ec86e2,{},e83e5f36720943793cd894d750a4e149b87149e8afc1f3ba9f39379580fbad40,13,mature_ssr_loop_protocol_v1_ecvs_safe_visible_only,,,,,,,,
_probe_ecvs_deepseek_v4pro_visible_state_discriminator_v1_visiblecarry_vs_maturessrloop_18task_2method_3budget_1run:deepseek_v4pro:mature_ssr_loop:vstdp_v1_high_02_decoy_boundary_filtering:budget_300:run_1,deepseek_v4pro,vstdp_v1_high_02_decoy_boundary_filtering,diagnostic_controlled_transition,,decoy_boundary_filtering,,mature_ssr_loop,mature_ssr_loop,300,1,2026-06-19T15:25:10.903026+00:00,2026-06-19T15:26:06.688391+00:00,2026-06-19T15:25:10.903076+00:00,2026-06-19T15:26:06.687164+00:00,38.706,3e55ca0d13b98e22312e2409149f678b77ec9aef1850bb20a2b4dd3b9ddb0b1a,a74d88c35a918cb59ee15f112f000b9698959c9f7867faa6560ad4581e43e078,cff0bce020b88a9a2d3d196f5042a127e5ac1ea6714929d2bf3c0f4bcf5107e5,508fc038dda2317a287214c23941527d962fed118b87e3c67e5db47418a5701d,c5b300e3f20e83fbfb70cce940e303b63073b6fe7593bed7c86c073e321e78fd,4905317b5f200e6b35322340f5ad78407f9fc8d9c166cd24f83d024a4cc9d724,6d91b7db6f6ecc6962a654e449062c2870004adfc47062d2ad8b74376cc3dd38,6d91b7db6f6ecc6962a654e449062c2870004adfc47062d2ad8b74376cc3dd38,6d91b7db6f6ecc6962a654e449062c2870004adfc47062d2ad8b74376cc3dd38,58a0fd1ab882a25e3a96b570728797ccf9f00e62723ca54e10e593009e9c81ea,direct_provider,deepseek,https://api.deepseek.com,deepseek-v4-pro,https://api.deepseek.com/chat/completions,deepseek-v4-pro,c9da0642059ba98620f7a69e24a1751c9275e916fe3904876738153d2414e896,d36c4b8f2f74aa3f39fbb01515608acead4ab04a35165db758e06a0dcf01ffa9,d914cfc97d9b99822a2b1313c16850fd7be529b097eb356dc8e8e7408a7a00a8,explicit,0,4096,omitted,,omitted,,omitted,,omitted,,omitted,,omitted,,omitted,,omitted,,omitted,,False,thinking.type=disabled,ffe557f53c63f7d0f7e35f80c03f61d8b3548db9e4f51e8dda020b28a920d875,provider_not_exposed,provider_not_exposed,False,,False,False,False,disabled,,stop;stop;stop;stop;stop;stop;stop;stop;stop;stop;stop;stop;stop,stop;stop;stop;stop;stop;stop;stop;stop;stop;stop;stop;stop;stop,8106,2049,0,512,288,1,ssr_priority_compactor,mature_ssr_loop_protocol_v1_ecvs_safe_visible_only,1,1,10,10,10,10,0,421a8b1521497ed16e92c1e385c363aaf1a6428de795a8eed53cd0e6984d6a73,1,,0,"[""EDGE_02_6LAGJH2""]","[""REQ_02_AAXQWLF"", ""LOCK_02_464QRAL"", ""SCOPE_02_MWJH8XE"", ""CHECK_02_7DFYJC2"", ""ANCHOR_02_2PRA3SK"", ""FRONTIER_02_XK3S2K8""]",1,"[""SCOPE_02_BJNRAUH"", ""CHECK_02_38RWBG9"", ""MERGE_02_VQQSW6F"", ""VERIFY_02_XVZ3N6Y""]",0,[],0,[],0,0,,clean,,424fc0a4499defb075e48c3683839a388e3fedc6ef3ed9baf4ae4a2e23702e0b,155360a6be08a756b049790e39e5ab5c00276c4689730a2760e3c54e3d6cd478,a5ef23d725832b06dc70296caa11964ac69184eb058583014cc5c1db3cffec25,970c109939f28ef75c35e9d84a2e752998c27ab4df73a0c63453c2fff85ab360,1f18cd130b8167a82e8aaad69462af2b9220b9d4471e807956024c669efb2769,released_raw_outputs/model_outputs/_probe_ecvs_deepseek_v4pro_visible_state_discriminator_v1_visiblecarry_vs_maturessrloop_18task_2method_3budget_1run/deepseek/mature_ssr_loop__vstdp_v1_high_02_decoy_boundary_filtering__run_1__budget_300.jsonl,13,ac631c579f6d38be264725970d5677a205403d66d550406831a07bedbe15eec1,41c3974a758b2ebc785f5fa3ebc91a52478fa79acaaa2d68364c8b8f30133035,e5a9a66758e5782862268bad7754067aea20970e5e41d21b69977ef7f3fe7e99,_probe_ecvs_deepseek_v4pro_visible_state_discriminator_v1_visiblecarry_vs_maturessrloop_18task_2method_3budget_1run,ssr_loop,8d9db20ce97efe30f85c852e25677be982049e6573365705fe9691ec9b104e37,1d65f3cf0cf8b81823ad9f04aeed8defd59c584c4b901eee85e6fc4827ec86e2,{},e83e5f36720943793cd894d750a4e149b87149e8afc1f3ba9f39379580fbad40,13,mature_ssr_loop_protocol_v1_ecvs_safe_visible_only,,,,,,,,
_probe_ecvs_deepseek_v4pro_visible_state_discriminator_v1_visiblecarry_vs_maturessrloop_18task_2method_3budget_1run:deepseek_v4pro:mature_ssr_loop:vstdp_v1_high_02_decoy_boundary_filtering:budget_600:run_1,deepseek_v4pro,vstdp_v1_high_02_decoy_boundary_filtering,diagnostic_controlled_transition,,decoy_boundary_filtering,,mature_ssr_loop,mature_ssr_loop,600,1,2026-06-19T15:25:10.903612+00:00,2026-06-19T15:26:39.334461+00:00,2026-06-19T15:25:10.903651+00:00,2026-06-19T15:26:39.329227+00:00,37.216,3e55ca0d13b98e22312e2409149f678b77ec9aef1850bb20a2b4dd3b9ddb0b1a,a74d88c35a918cb59ee15f112f000b9698959c9f7867faa6560ad4581e43e078,cff0bce020b88a9a2d3d196f5042a127e5ac1ea6714929d2bf3c0f4bcf5107e5,508fc038dda2317a287214c23941527d962fed118b87e3c67e5db47418a5701d,d3ed92c475c90a2b67f723e91563768ccaa997e0bfe76f26b305e980b4d5e752,4905317b5f200e6b35322340f5ad78407f9fc8d9c166cd24f83d024a4cc9d724,6d91b7db6f6ecc6962a654e449062c2870004adfc47062d2ad8b74376cc3dd38,6d91b7db6f6ecc6962a654e449062c2870004adfc47062d2ad8b74376cc3dd38,6d91b7db6f6ecc6962a654e449062c2870004adfc47062d2ad8b74376cc3dd38,58a0fd1ab882a25e3a96b570728797ccf9f00e62723ca54e10e593009e9c81ea,direct_provider,deepseek,https://api.deepseek.com,deepseek-v4-pro,https://api.deepseek.com/chat/completions,deepseek-v4-pro,c9da0642059ba98620f7a69e24a1751c9275e916fe3904876738153d2414e896,d36c4b8f2f74aa3f39fbb01515608acead4ab04a35165db758e06a0dcf01ffa9,d914cfc97d9b99822a2b1313c16850fd7be529b097eb356dc8e8e7408a7a00a8,explicit,0,4096,omitted,,omitted,,omitted,,omitted,,omitted,,omitted,,omitted,,omitted,,omitted,,False,thinking.type=disabled,ffe557f53c63f7d0f7e35f80c03f61d8b3548db9e4f51e8dda020b28a920d875,provider_not_exposed,provider_not_exposed,False,,False,False,False,disabled,,stop;stop;stop;stop;stop;stop;stop;stop;stop;stop;stop;stop;stop,stop;stop;stop;stop;stop;stop;stop;stop;stop;stop;stop;stop;stop,8173,2043,0,526,334,0,ssr_priority_compactor,mature_ssr_loop_protocol_v1_ecvs_safe_visible_only,1,1,10,10,10,10,0,02600d63d9fbb145a194fec6f3a89b67f175da289cca444ecf305c8f0662e53c,1,,0,"[""EDGE_02_6LAGJH2""]","[""REQ_02_AAXQWLF"", ""LOCK_02_464QRAL"", ""SCOPE_02_MWJH8XE"", ""CHECK_02_7DFYJC2"", ""ANCHOR_02_2PRA3SK"", ""FRONTIER_02_XK3S2K8""]",1,"[""SCOPE_02_BJNRAUH"", ""CHECK_02_38RWBG9"", ""MERGE_02_VQQSW6F"", ""VERIFY_02_XVZ3N6Y""]",0,[],0,[],0,0,,clean,,7f32a687ea784c1a4b2d8ca127a12259f16f8485cb67544d71793b264e150b74,6606fb5a7331a922ad097fb5b403b2e5dcb41a7d6209aaece18f6c08cb08d3bb,52fed6846916971d7294e92082edf910a41f1731f431f718c209bf79e16863cc,f8660f043791908a6b242d6b1c4e18ccba82ea94ab18b5e7d60c74e1cbef53ee,a43eed275c95538a07bec71ede08361ce862263818954aacce91742b9b454c21,released_raw_outputs/model_outputs/_probe_ecvs_deepseek_v4pro_visible_state_discriminator_v1_visiblecarry_vs_maturessrloop_18task_2method_3budget_1run/deepseek/mature_ssr_loop__vstdp_v1_high_02_decoy_boundary_filtering__run_1__budget_600.jsonl,13,adafd3bcd666bb15c44cd49aa60e331adc775ba3377f56c09cbf6ec87affd513,bcd2e867398e804054fae8bb8303f1e945f08958f43c5c5ee0eccd29fbea72d5,a2dc4d7f367a263b15aeea62fc467e19d6acddfd7ecab350565b54478bcefaec,_probe_ecvs_deepseek_v4pro_visible_state_discriminator_v1_visiblecarry_vs_maturessrloop_18task_2method_3budget_1run,ssr_loop,8d9db20ce97efe30f85c852e25677be982049e6573365705fe9691ec9b104e37,1d65f3cf0cf8b81823ad9f04aeed8defd59c584c4b901eee85e6fc4827ec86e2,{},e83e5f36720943793cd894d750a4e149b87149e8afc1f3ba9f39379580fbad40,13,mature_ssr_loop_protocol_v1_ecvs_safe_visible_only,,,,,,,,
_probe_ecvs_deepseek_v4pro_visible_state_discriminator_v1_visiblecarry_vs_maturessrloop_18task_2method_3budget_1run:deepseek_v4pro:mature_ssr_loop:vstdp_v1_high_03_cachetools_key_namespace_boundary:budget_1200:run_1,deepseek_v4pro,vstdp_v1_high_03_cachetools_key_namespace_boundary,real_swe_style_controlled_transition,,cachetools_key_namespace_boundary,,mature_ssr_loop,mature_ssr_loop,1200,1,2026-06-19T15:25:10.906252+00:00,2026-06-19T15:25:52.942234+00:00,2026-06-19T15:25:10.906312+00:00,2026-06-19T15:25:52.937691+00:00,42.023,3e55ca0d13b98e22312e2409149f678b77ec9aef1850bb20a2b4dd3b9ddb0b1a,fa277306aade21945a70b3b179f04425f7411bf17020feb562d3f0df7b313009,cff0bce020b88a9a2d3d196f5042a127e5ac1ea6714929d2bf3c0f4bcf5107e5,b643fcf3783eab9b32f3722658e0c7b1108c670ded0b854285b69de065027917,f38c8012ba656fd843891765934e6f8c5c6eec083f4a67b7c8bf30efcf467f8f,4905317b5f200e6b35322340f5ad78407f9fc8d9c166cd24f83d024a4cc9d724,6d91b7db6f6ecc6962a654e449062c2870004adfc47062d2ad8b74376cc3dd38,6d91b7db6f6ecc6962a654e449062c2870004adfc47062d2ad8b74376cc3dd38,6d91b7db6f6ecc6962a654e449062c2870004adfc47062d2ad8b74376cc3dd38,58a0fd1ab882a25e3a96b570728797ccf9f00e62723ca54e10e593009e9c81ea,direct_provider,deepseek,https://api.deepseek.com,deepseek-v4-pro,https://api.deepseek.com/chat/completions,deepseek-v4-pro,c9da0642059ba98620f7a69e24a1751c9275e916fe3904876738153d2414e896,d36c4b8f2f74aa3f39fbb01515608acead4ab04a35165db758e06a0dcf01ffa9,d914cfc97d9b99822a2b1313c16850fd7be529b097eb356dc8e8e7408a7a00a8,explicit,0,4096,omitted,,omitted,,omitted,,omitted,,omitted,,omitted,,omitted,,omitted,,omitted,,False,thinking.type=disabled,ffe557f53c63f7d0f7e35f80c03f61d8b3548db9e4f51e8dda020b28a920d875,provider_not_exposed,provider_not_exposed,False,,False,False,False,disabled,,stop;stop;stop;stop;stop;stop;stop;stop;stop;stop;stop;stop;stop,stop;stop;stop;stop;stop;stop;stop;stop;stop;stop;stop;stop;stop,8199,2476,0,622,334,0,ssr_priority_compactor,mature_ssr_loop_protocol_v1_ecvs_safe_visible_only,1,1,10,10,10,10,0,072e4cf39521f5efc4b68473664b7ba363618a186026fd0a42f0487b501cd476,1,,0,"[""EDGE_03_HC9JS4X""]","[""REQ_03_QHZAXUM"", ""LOCK_03_ZFMS2D9"", ""SCOPE_03_U8T76GL"", ""CHECK_03_BTVZKAV"", ""ANCHOR_03_KB938ER"", ""FRONTIER_03_RDT969E""]",1,"[""SCOPE_03_ZH8DAVK"", ""CHECK_03_AXAXYSY"", ""MERGE_03_HSRM2Q6"", ""VERIFY_03_4T2MZQY""]",0,[],0,[],0,0,,clean,,63da8629f6478db35f1ca8e89a2bd25406a154b11024e4308539eaf36f30dabf,f006a238e6484d7e9eca0acda4275fa519f1ec5cf783959a752ca37f633403b7,4b1080ab54f18bdd718db638a08250205ce02b4ee16c1bd997b39533d85c0d0e,6d5078f2ea9fcd906f2b248020c2fd4e8b0b306094778a89066eb382c93a6867,113da73786be7e9803d170ad1177b4a0f596ac2d6b9d7a8feec1aedf5ee5de16,released_raw_outputs/model_outputs/_probe_ecvs_deepseek_v4pro_visible_state_discriminator_v1_visiblecarry_vs_maturessrloop_18task_2method_3budget_1run/deepseek/mature_ssr_loop__vstdp_v1_high_03_cachetools_key_namespace_boundary__run_1__budget_1200.jsonl,13,5d380bca1320789f9b8da14e4dcc8be2c8ea72e8dfcd5d6047b69094040735bf,65531c551d1c86c09177fc6fa0620d4ce099ae9bb425a164ae1c41e7be102448,a82284d33924ccf7bfe99da8a5cd1530400a625e29905a3c7435c0afb848beaf,_probe_ecvs_deepseek_v4pro_visible_state_discriminator_v1_visiblecarry_vs_maturessrloop_18task_2method_3budget_1run,ssr_loop,8d9db20ce97efe30f85c852e25677be982049e6573365705fe9691ec9b104e37,dc0f725af502edacb2f70d170596de43ac5c56c3bea3ef61b91caa6b791b7eb0,{},e83e5f36720943793cd894d750a4e149b87149e8afc1f3ba9f39379580fbad40,13,mature_ssr_loop_protocol_v1_ecvs_safe_visible_only,,,,,,,,
_probe_ecvs_deepseek_v4pro_visible_state_discriminator_v1_visiblecarry_vs_maturessrloop_18task_2method_3budget_1run:deepseek_v4pro:mature_ssr_loop:vstdp_v1_high_03_cachetools_key_namespace_boundary:budget_300:run_1,deepseek_v4pro,vstdp_v1_high_03_cachetools_key_namespace_boundary,real_swe_style_controlled_transition,,cachetools_key_namespace_boundary,,mature_ssr_loop,mature_ssr_loop,300,1,2026-06-19T15:25:10.905345+00:00,2026-06-19T15:26:26.562317+00:00,2026-06-19T15:25:28.067858+00:00,2026-06-19T15:26:26.560035+00:00,40.416,3e55ca0d13b98e22312e2409149f678b77ec9aef1850bb20a2b4dd3b9ddb0b1a,fa277306aade21945a70b3b179f04425f7411bf17020feb562d3f0df7b313009,cff0bce020b88a9a2d3d196f5042a127e5ac1ea6714929d2bf3c0f4bcf5107e5,b643fcf3783eab9b32f3722658e0c7b1108c670ded0b854285b69de065027917,97959aefebb90856ec295db24db6ce42876532b0148b3499a1e86e30b269e71d,4905317b5f200e6b35322340f5ad78407f9fc8d9c166cd24f83d024a4cc9d724,6d91b7db6f6ecc6962a654e449062c2870004adfc47062d2ad8b74376cc3dd38,6d91b7db6f6ecc6962a654e449062c2870004adfc47062d2ad8b74376cc3dd38,6d91b7db6f6ecc6962a654e449062c2870004adfc47062d2ad8b74376cc3dd38,58a0fd1ab882a25e3a96b570728797ccf9f00e62723ca54e10e593009e9c81ea,direct_provider,deepseek,https://api.deepseek.com,deepseek-v4-pro,https://api.deepseek.com/chat/completions,deepseek-v4-pro,c9da0642059ba98620f7a69e24a1751c9275e916fe3904876738153d2414e896,d36c4b8f2f74aa3f39fbb01515608acead4ab04a35165db758e06a0dcf01ffa9,d914cfc97d9b99822a2b1313c16850fd7be529b097eb356dc8e8e7408a7a00a8,explicit,0,4096,omitted,,omitted,,omitted,,omitted,,omitted,,omitted,,omitted,,omitted,,omitted,,False,thinking.type=disabled,ffe557f53c63f7d0f7e35f80c03f61d8b3548db9e4f51e8dda020b28a920d875,provider_not_exposed,provider_not_exposed,False,,False,False,False,disabled,,stop;stop;stop;stop;stop;stop;stop;stop;stop;stop;stop;stop;stop,stop;stop;stop;stop;stop;stop;stop;stop;stop;stop;stop;stop;stop,8107,2211,0,488,288,1,ssr_priority_compactor,mature_ssr_loop_protocol_v1_ecvs_safe_visible_only,1,1,10,10,10,10,0,d7ccfc3ebb0e608ec356cb47f70f6e7e2f6989f0b94a25f7d1954927604a959d,1,,0,"[""EDGE_03_HC9JS4X""]","[""REQ_03_QHZAXUM"", ""LOCK_03_ZFMS2D9"", ""SCOPE_03_U8T76GL"", ""CHECK_03_BTVZKAV"", ""ANCHOR_03_KB938ER"", ""FRONTIER_03_RDT969E""]",1,"[""SCOPE_03_ZH8DAVK"", ""CHECK_03_AXAXYSY"", ""MERGE_03_HSRM2Q6"", ""VERIFY_03_4T2MZQY""]",0,[],0,[],0,0,,clean,,ccd1a9cd760b20cf534a7aaaf06292782ac71337e5cb88a8b9d1533f3eaf0765,fa77fbf16807a5235fb97975bc924c9d5a59776340eceb40cc995358cc7a7b0e,5ced0d41e3aeec144379d364b4d73709afec6c97c97e7a9af2fd17e78bea1d0b,1fe3c816a786f4a47aa842340776815aec1301bf5c072bbac6bfa8df82a3a619,5e8a9ab3448f5dccf2ea097f2f7a5c0c4c6e1aab4723ae788c4554ec21722188,released_raw_outputs/model_outputs/_probe_ecvs_deepseek_v4pro_visible_state_discriminator_v1_visiblecarry_vs_maturessrloop_18task_2method_3budget_1run/deepseek/mature_ssr_loop__vstdp_v1_high_03_cachetools_key_namespace_boundary__run_1__budget_300.jsonl,13,5e5f1c33bdf633c9ca62278e52cbb20be825fb6db9eb1a0f3975174c9f4eb705,206c32202e9437c668ca5ce62e1ce917582dc92fb6171299fc17037fc9e57b70,3495d4713c101b7500df5c989fdf2c863b71a407dfe73be0439a66538126d886,_probe_ecvs_deepseek_v4pro_visible_state_discriminator_v1_visiblecarry_vs_maturessrloop_18task_2method_3budget_1run,ssr_loop,8d9db20ce97efe30f85c852e25677be982049e6573365705fe9691ec9b104e37,dc0f725af502edacb2f70d170596de43ac5c56c3bea3ef61b91caa6b791b7eb0,{},e83e5f36720943793cd894d750a4e149b87149e8afc1f3ba9f39379580fbad40,13,mature_ssr_loop_protocol_v1_ecvs_safe_visible_only,,,,,,,,
_probe_ecvs_deepseek_v4pro_visible_state_discriminator_v1_visiblecarry_vs_maturessrloop_18task_2method_3budget_1run:deepseek_v4pro:mature_ssr_loop:vstdp_v1_high_03_cachetools_key_namespace_boundary:budget_600:run_1,deepseek_v4pro,vstdp_v1_high_03_cachetools_key_namespace_boundary,real_swe_style_controlled_transition,,cachetools_key_namespace_boundary,,mature_ssr_loop,mature_ssr_loop,600,1,2026-06-19T15:25:10.905041+00:00,2026-06-19T15:26:07.759277+00:00,2026-06-19T15:25:10.905093+00:00,2026-06-19T15:26:07.758147+00:00,39.771,3e55ca0d13b98e22312e2409149f678b77ec9aef1850bb20a2b4dd3b9ddb0b1a,fa277306aade21945a70b3b179f04425f7411bf17020feb562d3f0df7b313009,cff0bce020b88a9a2d3d196f5042a127e5ac1ea6714929d2bf3c0f4bcf5107e5,b643fcf3783eab9b32f3722658e0c7b1108c670ded0b854285b69de065027917,c914c163b417ca9c629a760502bfa39ceb025377706ba48c524fd07659059798,4905317b5f200e6b35322340f5ad78407f9fc8d9c166cd24f83d024a4cc9d724,6d91b7db6f6ecc6962a654e449062c2870004adfc47062d2ad8b74376cc3dd38,6d91b7db6f6ecc6962a654e449062c2870004adfc47062d2ad8b74376cc3dd38,6d91b7db6f6ecc6962a654e449062c2870004adfc47062d2ad8b74376cc3dd38,58a0fd1ab882a25e3a96b570728797ccf9f00e62723ca54e10e593009e9c81ea,direct_provider,deepseek,https://api.deepseek.com,deepseek-v4-pro,https://api.deepseek.com/chat/completions,deepseek-v4-pro,c9da0642059ba98620f7a69e24a1751c9275e916fe3904876738153d2414e896,d36c4b8f2f74aa3f39fbb01515608acead4ab04a35165db758e06a0dcf01ffa9,d914cfc97d9b99822a2b1313c16850fd7be529b097eb356dc8e8e7408a7a00a8,explicit,0,4096,omitted,,omitted,,omitted,,omitted,,omitted,,omitted,,omitted,,omitted,,omitted,,False,thinking.type=disabled,ffe557f53c63f7d0f7e35f80c03f61d8b3548db9e4f51e8dda020b28a920d875,provider_not_exposed,provider_not_exposed,False,,False,False,False,disabled,,stop;stop;stop;stop;stop;stop;stop;stop;stop;stop;stop;stop;stop,stop;stop;stop;stop;stop;stop;stop;stop;stop;stop;stop;stop;stop,8174,2117,0,534,334,0,ssr_priority_compactor,mature_ssr_loop_protocol_v1_ecvs_safe_visible_only,1,1,10,10,10,10,0,072e4cf39521f5efc4b68473664b7ba363618a186026fd0a42f0487b501cd476,1,,0,"[""EDGE_03_HC9JS4X""]","[""REQ_03_QHZAXUM"", ""LOCK_03_ZFMS2D9"", ""SCOPE_03_U8T76GL"", ""CHECK_03_BTVZKAV"", ""ANCHOR_03_KB938ER"", ""FRONTIER_03_RDT969E""]",1,"[""SCOPE_03_ZH8DAVK"", ""CHECK_03_AXAXYSY"", ""MERGE_03_HSRM2Q6"", ""VERIFY_03_4T2MZQY""]",0,[],0,[],0,0,,clean,,dd40e7a9d3216396f1be7c5c3c6811e4fe5afa40a957db40c5e2a81204d54368,952142eb46f71635090c5b48ada46ef52f891d7ef07093bfb18779c5854dd415,cb2ff9bc43cfb6eb8e546e272068f495882be8c27a92c66ea38c84a8121d49f7,ad3b4c26e4a9bc162127fb73f881780c0a9877d6cce8804475eda7adb9bf07bc,f664e315de255f4263feb194d2ede4577b67ebd8a197ea0bcd5a374153538dfb,released_raw_outputs/model_outputs/_probe_ecvs_deepseek_v4pro_visible_state_discriminator_v1_visiblecarry_vs_maturessrloop_18task_2method_3budget_1run/deepseek/mature_ssr_loop__vstdp_v1_high_03_cachetools_key_namespace_boundary__run_1__budget_600.jsonl,13,e10d01ccbb4877f9a0caa0ac3f2f37bbfe2824e78a285ab7b1311dc40deafdc4,9da5787e1f40457a6d353ed8fa97025bb2cfebac6059f73f262429b9bff38862,a1151a9315dc588e7e0ade5a1869d0bbf8ba840b74d6a91af6a998b91a11a1f6,_probe_ecvs_deepseek_v4pro_visible_state_discriminator_v1_visiblecarry_vs_maturessrloop_18task_2method_3budget_1run,ssr_loop,8d9db20ce97efe30f85c852e25677be982049e6573365705fe9691ec9b104e37,dc0f725af502edacb2f70d170596de43ac5c56c3bea3ef61b91caa6b791b7eb0,{},e83e5f36720943793cd894d750a4e149b87149e8afc1f3ba9f39379580fbad40,13,mature_ssr_loop_protocol_v1_ecvs_safe_visible_only,,,,,,,,
_probe_ecvs_deepseek_v4pro_visible_state_discriminator_v1_visiblecarry_vs_maturessrloop_18task_2method_3budget_1run:deepseek_v4pro:mature_ssr_loop:vstdp_v1_high_04_django_upload_path_transition:budget_1200:run_1,deepseek_v4pro,vstdp_v1_high_04_django_upload_path_transition,real_swe_style_controlled_transition,,django_upload_path_transition,,mature_ssr_loop,mature_ssr_loop,1200,1,2026-06-19T15:25:10.915631+00:00,2026-06-19T15:26:10.974692+00:00,2026-06-19T15:25:10.915771+00:00,2026-06-19T15:26:10.970033+00:00,41.981,3e55ca0d13b98e22312e2409149f678b77ec9aef1850bb20a2b4dd3b9ddb0b1a,71bbd3e69ec96aa0248caf3f93f6f7558c1fed0c24b3876c82aa4165806c6940,cff0bce020b88a9a2d3d196f5042a127e5ac1ea6714929d2bf3c0f4bcf5107e5,f7bc267412c38e839d55ea53bd8f96eaca6f9dc35f4123017f6b20c16d1226a7,e65a4fd9902503912c9983c823477891cf904938a94f6dd20d609c0a97941c47,4905317b5f200e6b35322340f5ad78407f9fc8d9c166cd24f83d024a4cc9d724,6d91b7db6f6ecc6962a654e449062c2870004adfc47062d2ad8b74376cc3dd38,6d91b7db6f6ecc6962a654e449062c2870004adfc47062d2ad8b74376cc3dd38,6d91b7db6f6ecc6962a654e449062c2870004adfc47062d2ad8b74376cc3dd38,58a0fd1ab882a25e3a96b570728797ccf9f00e62723ca54e10e593009e9c81ea,direct_provider,deepseek,https://api.deepseek.com,deepseek-v4-pro,https://api.deepseek.com/chat/completions,deepseek-v4-pro,c9da0642059ba98620f7a69e24a1751c9275e916fe3904876738153d2414e896,d36c4b8f2f74aa3f39fbb01515608acead4ab04a35165db758e06a0dcf01ffa9,d914cfc97d9b99822a2b1313c16850fd7be529b097eb356dc8e8e7408a7a00a8,explicit,0,4096,omitted,,omitted,,omitted,,omitted,,omitted,,omitted,,omitted,,omitted,,omitted,,False,thinking.type=disabled,ffe557f53c63f7d0f7e35f80c03f61d8b3548db9e4f51e8dda020b28a920d875,provider_not_exposed,provider_not_exposed,False,,False,False,False,disabled,,stop;stop;stop;stop;stop;stop;stop;stop;stop;stop;stop;stop;stop,stop;stop;stop;stop;stop;stop;stop;stop;stop;stop;stop;stop;stop,8166,2398,0,713,334,0,ssr_priority_compactor,mature_ssr_loop_protocol_v1_ecvs_safe_visible_only,1,1,10,10,10,10,0,ae5474b93b577d2f85ee3cbadea5be1020ac30d37d193ba0f80b3dc014ef8419,1,,0,"[""EDGE_04_XCN4FXM""]","[""REQ_04_JD7BTAD"", ""LOCK_04_723RQJK"", ""SCOPE_04_M7DCCLH"", ""CHECK_04_R7QSQZM"", ""ANCHOR_04_88BFYBZ"", ""FRONTIER_04_S65E36Z""]",1,"[""SCOPE_04_NLNJZCK"", ""CHECK_04_CUHSNM5"", ""MERGE_04_4RCEUF7"", ""VERIFY_04_6EF4V36""]",0,[],0,[],0,0,,clean,,2ceef97d18f4bb5daf0ef36bef6eea42ff9d167cf6233436972f3b2bbcdc6a52,c953ee3bb41481dd8edcc7e10e46d97da16470adb8838f165321742655c20541,505301aab0a7503547cc0b0ee77dc7359f5a3307623f4c7d36ddfa59eb1a5fc9,f1e623c0e48be659d1b4a5afdc9e33996f716092b6d000067d9ae89590de9fdb,af21a06d79c8b8a6ae74fbcef5530090cf160bea3fdfa88e962251bf64ad770e,released_raw_outputs/model_outputs/_probe_ecvs_deepseek_v4pro_visible_state_discriminator_v1_visiblecarry_vs_maturessrloop_18task_2method_3budget_1run/deepseek/mature_ssr_loop__vstdp_v1_high_04_django_upload_path_transition__run_1__budget_1200.jsonl,13,bea824da22f0b0b30548a92e071269692e8e4bcf9e21976cc325a6138219efa5,e336736f6d9aadb6d2b85e6f5bcd98b5e2f07120a1a2db750e90d7a79ea52be7,209d7fc0f02034671b04925f8c091dd159c73a8eea803d8d49318f47088fcd21,_probe_ecvs_deepseek_v4pro_visible_state_discriminator_v1_visiblecarry_vs_maturessrloop_18task_2method_3budget_1run,ssr_loop,8d9db20ce97efe30f85c852e25677be982049e6573365705fe9691ec9b104e37,209a52ab2c6a1732d11ce831cf7905b0c6615e82e55e228dd1a5b0912c41b3c7,{},e83e5f36720943793cd894d750a4e149b87149e8afc1f3ba9f39379580fbad40,13,mature_ssr_loop_protocol_v1_ecvs_safe_visible_only,,,,,,,,
_probe_ecvs_deepseek_v4pro_visible_state_discriminator_v1_visiblecarry_vs_maturessrloop_18task_2method_3budget_1run:deepseek_v4pro:mature_ssr_loop:vstdp_v1_high_04_django_upload_path_transition:budget_300:run_1,deepseek_v4pro,vstdp_v1_high_04_django_upload_path_transition,real_swe_style_controlled_transition,,django_upload_path_transition,,mature_ssr_loop,mature_ssr_loop,300,1,2026-06-19T15:25:10.909700+00:00,2026-06-19T15:26:06.868400+00:00,2026-06-19T15:25:10.909740+00:00,2026-06-19T15:26:06.867308+00:00,38.862,3e55ca0d13b98e22312e2409149f678b77ec9aef1850bb20a2b4dd3b9ddb0b1a,71bbd3e69ec96aa0248caf3f93f6f7558c1fed0c24b3876c82aa4165806c6940,cff0bce020b88a9a2d3d196f5042a127e5ac1ea6714929d2bf3c0f4bcf5107e5,f7bc267412c38e839d55ea53bd8f96eaca6f9dc35f4123017f6b20c16d1226a7,8fbda9f83c7fb3e700a2538877f3c03bd884581f3df0afa6d2d184044fb01eb4,4905317b5f200e6b35322340f5ad78407f9fc8d9c166cd24f83d024a4cc9d724,6d91b7db6f6ecc6962a654e449062c2870004adfc47062d2ad8b74376cc3dd38,6d91b7db6f6ecc6962a654e449062c2870004adfc47062d2ad8b74376cc3dd38,6d91b7db6f6ecc6962a654e449062c2870004adfc47062d2ad8b74376cc3dd38,58a0fd1ab882a25e3a96b570728797ccf9f00e62723ca54e10e593009e9c81ea,direct_provider,deepseek,https://api.deepseek.com,deepseek-v4-pro,https://api.deepseek.com/chat/completions,deepseek-v4-pro,c9da0642059ba98620f7a69e24a1751c9275e916fe3904876738153d2414e896,d36c4b8f2f74aa3f39fbb01515608acead4ab04a35165db758e06a0dcf01ffa9,d914cfc97d9b99822a2b1313c16850fd7be529b097eb356dc8e8e7408a7a00a8,explicit,0,4096,omitted,,omitted,,omitted,,omitted,,omitted,,omitted,,omitted,,omitted,,omitted,,False,thinking.type=disabled,ffe557f53c63f7d0f7e35f80c03f61d8b3548db9e4f51e8dda020b28a920d875,provider_not_exposed,provider_not_exposed,False,,False,False,False,disabled,,stop;stop;stop;stop;stop;stop;stop;stop;stop;stop;stop;stop;stop,stop;stop;stop;stop;stop;stop;stop;stop;stop;stop;stop;stop;stop,8074,1895,0,494,288,1,ssr_priority_compactor,mature_ssr_loop_protocol_v1_ecvs_safe_visible_only,1,1,10,10,10,10,0,14c1a89610caba56751ea151911e4ddf8363dc927040a37897e4a0ab436e0f24,1,,0,"[""EDGE_04_XCN4FXM""]","[""REQ_04_JD7BTAD"", ""LOCK_04_723RQJK"", ""SCOPE_04_M7DCCLH"", ""CHECK_04_R7QSQZM"", ""ANCHOR_04_88BFYBZ"", ""FRONTIER_04_S65E36Z""]",1,"[""SCOPE_04_NLNJZCK"", ""CHECK_04_CUHSNM5"", ""MERGE_04_4RCEUF7"", ""VERIFY_04_6EF4V36""]",0,[],0,[],0,0,,clean,,f146bb025f672ee1764b423886b4499c9fd4fea77c526a0a18eefc869b13c6e2,00d64739b77cd3ee40946159ce19bcd0cb5553f797f62a3c8f5a2f0697f49a63,5db85f33c6aa36efc0278bb7c7fe7a374262dd2424bf898b5ece0db4ae4e83d4,eb9ba879bb50f8986c3dfe98cde809b78256cba7f6ead6c14a447b56c47c271a,205ce8ab52ea33432936ba9973085eb22a7e530ab14315d80cbc5dea01a987b7,released_raw_outputs/model_outputs/_probe_ecvs_deepseek_v4pro_visible_state_discriminator_v1_visiblecarry_vs_maturessrloop_18task_2method_3budget_1run/deepseek/mature_ssr_loop__vstdp_v1_high_04_django_upload_path_transition__run_1__budget_300.jsonl,13,e4186cc9e7298bca65bb3e7ffdad746c50281abba6a86fe0a056c129c97e8d0c,f0f5231746e5332c4c869c94c1ad35ed917464b3a71b03f387b0baccdfd3ace5,4e1f1491b41cb37606207e36785ce4caa84c4f4621c844789cac783b818be0f9,_probe_ecvs_deepseek_v4pro_visible_state_discriminator_v1_visiblecarry_vs_maturessrloop_18task_2method_3budget_1run,ssr_loop,8d9db20ce97efe30f85c852e25677be982049e6573365705fe9691ec9b104e37,209a52ab2c6a1732d11ce831cf7905b0c6615e82e55e228dd1a5b0912c41b3c7,{},e83e5f36720943793cd894d750a4e149b87149e8afc1f3ba9f39379580fbad40,13,mature_ssr_loop_protocol_v1_ecvs_safe_visible_only,,,,,,,,
_probe_ecvs_deepseek_v4pro_visible_state_discriminator_v1_visiblecarry_vs_maturessrloop_18task_2method_3budget_1run:deepseek_v4pro:mature_ssr_loop:vstdp_v1_high_04_django_upload_path_transition:budget_600:run_1,deepseek_v4pro,vstdp_v1_high_04_django_upload_path_transition,real_swe_style_controlled_transition,,django_upload_path_transition,,mature_ssr_loop,mature_ssr_loop,600,1,2026-06-19T15:25:10.910504+00:00,2026-06-19T15:26:03.372192+00:00,2026-06-19T15:25:10.910554+00:00,2026-06-19T15:26:03.371052+00:00,35.372,3e55ca0d13b98e22312e2409149f678b77ec9aef1850bb20a2b4dd3b9ddb0b1a,71bbd3e69ec96aa0248caf3f93f6f7558c1fed0c24b3876c82aa4165806c6940,cff0bce020b88a9a2d3d196f5042a127e5ac1ea6714929d2bf3c0f4bcf5107e5,f7bc267412c38e839d55ea53bd8f96eaca6f9dc35f4123017f6b20c16d1226a7,855f0ad57b5eb8a6c945649d3321a2fcb64dcf4931fdb69b5e860d2297d6f8c5,4905317b5f200e6b35322340f5ad78407f9fc8d9c166cd24f83d024a4cc9d724,6d91b7db6f6ecc6962a654e449062c2870004adfc47062d2ad8b74376cc3dd38,6d91b7db6f6ecc6962a654e449062c2870004adfc47062d2ad8b74376cc3dd38,6d91b7db6f6ecc6962a654e449062c2870004adfc47062d2ad8b74376cc3dd38,58a0fd1ab882a25e3a96b570728797ccf9f00e62723ca54e10e593009e9c81ea,direct_provider,deepseek,https://api.deepseek.com,deepseek-v4-pro,https://api.deepseek.com/chat/completions,deepseek-v4-pro,c9da0642059ba98620f7a69e24a1751c9275e916fe3904876738153d2414e896,d36c4b8f2f74aa3f39fbb01515608acead4ab04a35165db758e06a0dcf01ffa9,d914cfc97d9b99822a2b1313c16850fd7be529b097eb356dc8e8e7408a7a00a8,explicit,0,4096,omitted,,omitted,,omitted,,omitted,,omitted,,omitted,,omitted,,omitted,,omitted,,False,thinking.type=disabled,ffe557f53c63f7d0f7e35f80c03f61d8b3548db9e4f51e8dda020b28a920d875,provider_not_exposed,provider_not_exposed,False,,False,False,False,disabled,,stop;stop;stop;stop;stop;stop;stop;stop;stop;stop;stop;stop;stop,stop;stop;stop;stop;stop;stop;stop;stop;stop;stop;stop;stop;stop,8141,1988,0,657,334,1,ssr_priority_compactor,mature_ssr_loop_protocol_v1_ecvs_safe_visible_only,1,1,10,10,10,10,0,f530f634a3f4764d8cb3f01e07d8833f85426cb2b1a30a2e316a900f3d11b3f9,1,,0,"[""EDGE_04_XCN4FXM""]","[""REQ_04_JD7BTAD"", ""LOCK_04_723RQJK"", ""SCOPE_04_M7DCCLH"", ""CHECK_04_R7QSQZM"", ""ANCHOR_04_88BFYBZ"", ""FRONTIER_04_S65E36Z""]",1,"[""SCOPE_04_NLNJZCK"", ""CHECK_04_CUHSNM5"", ""MERGE_04_4RCEUF7"", ""VERIFY_04_6EF4V36""]",0,[],0,[],0,0,,clean,,4e5cb5aff553e515c1d7665ef38edea694f7328dd69ac999d8f4860991d3b22c,2ff608f3ef061c82e975424da58268c508db7511a5ebbd17c205a2121c272c7c,7dce123e378c22b5c57a7afe63ee3a4614e28f7ed6c58fe13471bc3b0b5a2a0d,f8f67c2996d98c24b5542aeb475dee300363a70c6c6b8aad8ad1128474612cba,cd34ee890b8ddb3f2b630b52018700bb3c7e1f4678dd04cb74f66b92fac171b6,released_raw_outputs/model_outputs/_probe_ecvs_deepseek_v4pro_visible_state_discriminator_v1_visiblecarry_vs_maturessrloop_18task_2method_3budget_1run/deepseek/mature_ssr_loop__vstdp_v1_high_04_django_upload_path_transition__run_1__budget_600.jsonl,13,dcf685c581cfea5c2b014f799f23fb5a81f8d17094587f4387949b548079e99f,01f40df11dd3721463a86cd662dbffcfefb315dd659c4ffe34a72937c22eb68f,c5bb1996e017089f03a3ea0d63efd87fc6f75b2e1946a20a03f93d260e5fba27,_probe_ecvs_deepseek_v4pro_visible_state_discriminator_v1_visiblecarry_vs_maturessrloop_18task_2method_3budget_1run,ssr_loop,8d9db20ce97efe30f85c852e25677be982049e6573365705fe9691ec9b104e37,209a52ab2c6a1732d11ce831cf7905b0c6615e82e55e228dd1a5b0912c41b3c7,{},e83e5f36720943793cd894d750a4e149b87149e8afc1f3ba9f39379580fbad40,13,mature_ssr_loop_protocol_v1_ecvs_safe_visible_only,,,,,,,,
_probe_ecvs_deepseek_v4pro_visible_state_discriminator_v1_visiblecarry_vs_maturessrloop_18task_2method_3budget_1run:deepseek_v4pro:mature_ssr_loop:vstdp_v1_high_05_plugin_resolution_boundary:budget_1200:run_1,deepseek_v4pro,vstdp_v1_high_05_plugin_resolution_boundary,semi_real_controlled_transition,,plugin_resolution_boundary,,mature_ssr_loop,mature_ssr_loop,1200,1,2026-06-19T15:25:10.940117+00:00,2026-06-19T15:26:13.247005+00:00,2026-06-19T15:25:28.074542+00:00,2026-06-19T15:26:13.245839+00:00,45.157,3e55ca0d13b98e22312e2409149f678b77ec9aef1850bb20a2b4dd3b9ddb0b1a,6f65dd8e696fd71373555548253f58f73baba1f289795bb5b2ff9ab0e4b7ff12,cff0bce020b88a9a2d3d196f5042a127e5ac1ea6714929d2bf3c0f4bcf5107e5,da7455f2ed40e59cca69483777495687e040c88feeb4f28c5fa28115a7378f9c,1e8ad90e41d6134c7ada8fcabc4d4a3f28b98a16971d3d64166fa2eea2c378e9,4905317b5f200e6b35322340f5ad78407f9fc8d9c166cd24f83d024a4cc9d724,6d91b7db6f6ecc6962a654e449062c2870004adfc47062d2ad8b74376cc3dd38,6d91b7db6f6ecc6962a654e449062c2870004adfc47062d2ad8b74376cc3dd38,6d91b7db6f6ecc6962a654e449062c2870004adfc47062d2ad8b74376cc3dd38,58a0fd1ab882a25e3a96b570728797ccf9f00e62723ca54e10e593009e9c81ea,direct_provider,deepseek,https://api.deepseek.com,deepseek-v4-pro,https://api.deepseek.com/chat/completions,deepseek-v4-pro,c9da0642059ba98620f7a69e24a1751c9275e916fe3904876738153d2414e896,d36c4b8f2f74aa3f39fbb01515608acead4ab04a35165db758e06a0dcf01ffa9,d914cfc97d9b99822a2b1313c16850fd7be529b097eb356dc8e8e7408a7a00a8,explicit,0,4096,omitted,,omitted,,omitted,,omitted,,omitted,,omitted,,omitted,,omitted,,omitted,,False,thinking.type=disabled,ffe557f53c63f7d0f7e35f80c03f61d8b3548db9e4f51e8dda020b28a920d875,provider_not_exposed,provider_not_exposed,False,,False,False,False,disabled,,stop;stop;stop;stop;stop;stop;stop;stop;stop;stop;stop;stop;stop,stop;stop;stop;stop;stop;stop;stop;stop;stop;stop;stop;stop;stop,8164,2396,0,720,331,0,ssr_priority_compactor,mature_ssr_loop_protocol_v1_ecvs_safe_visible_only,1,1,10,10,10,10,0,3f6f788657d8ce3e5be7ce2574ea3ef6e488586154295d5570f93c4acabee7f3,1,,0,"[""EDGE_05_WSXXTYU"", ""FRONTIER_05_T3DZGTQ""]","[""REQ_05_2ZDRDBD"", ""LOCK_05_PBM9RNX"", ""SCOPE_05_PE632JK"", ""CHECK_05_M8HKX55"", ""ANCHOR_05_4M9LKXQ"", ""MERGE_05_SSBZP33""]",1,"[""SCOPE_05_HQ9VH7U"", ""CHECK_05_H2BLMAP"", ""MERGE_05_HWSHD3Y"", ""VERIFY_05_MZAS49H""]",0,[],0,[],0,0,,clean,,aacc448bca13cd5ac81bd8ae097622897c9a1df8dcd71303fef0a0406c8486d1,e44b7eaa3f5c4e79c9f352e96b5339f5dcd1355ef26360741b15211fe86c8db1,104b3244e7931ea14928b8399efbe7b12b662f6a2bc95a426f70fa21ec8103aa,adb11f00ce1a9d2357ead3aeb7c1fa5d67364dc68534a5306e419d23e1dc0857,58b45abfb09ea5575111e554d00cae0683c935f241d9d87ae085c284ea9f582a,released_raw_outputs/model_outputs/_probe_ecvs_deepseek_v4pro_visible_state_discriminator_v1_visiblecarry_vs_maturessrloop_18task_2method_3budget_1run/deepseek/mature_ssr_loop__vstdp_v1_high_05_plugin_resolution_boundary__run_1__budget_1200.jsonl,13,ca22e88bf1d0de498824c1e91b8fb9853799d9a01e7898c47faae1a6a38e4f31,c2942a819b3e4ad8f2d35839d3dd99f5f6579db053b64759fa2ca479c4df30db,c4aa8920dbf948d6379e0297a6d02e4c05c05f24d60f05157086d1e9139321a4,_probe_ecvs_deepseek_v4pro_visible_state_discriminator_v1_visiblecarry_vs_maturessrloop_18task_2method_3budget_1run,ssr_loop,8d9db20ce97efe30f85c852e25677be982049e6573365705fe9691ec9b104e37,c41fb187b0bd5eefb5c996f7f5ee4287ff45d410b63e2a24242936bc11ce46be,{},e83e5f36720943793cd894d750a4e149b87149e8afc1f3ba9f39379580fbad40,13,mature_ssr_loop_protocol_v1_ecvs_safe_visible_only,,,,,,,,
_probe_ecvs_deepseek_v4pro_visible_state_discriminator_v1_visiblecarry_vs_maturessrloop_18task_2method_3budget_1run:deepseek_v4pro:mature_ssr_loop:vstdp_v1_high_05_plugin_resolution_boundary:budget_300:run_1,deepseek_v4pro,vstdp_v1_high_05_plugin_resolution_boundary,semi_real_controlled_transition,,plugin_resolution_boundary,,mature_ssr_loop,mature_ssr_loop,300,1,2026-06-19T15:25:10.939219+00:00,2026-06-19T15:26:23.226459+00:00,2026-06-19T15:25:10.939261+00:00,2026-06-19T15:26:23.221777+00:00,38.134,3e55ca0d13b98e22312e2409149f678b77ec9aef1850bb20a2b4dd3b9ddb0b1a,6f65dd8e696fd71373555548253f58f73baba1f289795bb5b2ff9ab0e4b7ff12,cff0bce020b88a9a2d3d196f5042a127e5ac1ea6714929d2bf3c0f4bcf5107e5,da7455f2ed40e59cca69483777495687e040c88feeb4f28c5fa28115a7378f9c,c692ca0f632ffce027ed28bba0683bc9776d9aa3f34ace20c0a582fea7167568,4905317b5f200e6b35322340f5ad78407f9fc8d9c166cd24f83d024a4cc9d724,6d91b7db6f6ecc6962a654e449062c2870004adfc47062d2ad8b74376cc3dd38,6d91b7db6f6ecc6962a654e449062c2870004adfc47062d2ad8b74376cc3dd38,6d91b7db6f6ecc6962a654e449062c2870004adfc47062d2ad8b74376cc3dd38,58a0fd1ab882a25e3a96b570728797ccf9f00e62723ca54e10e593009e9c81ea,direct_provider,deepseek,https://api.deepseek.com,deepseek-v4-pro,https://api.deepseek.com/chat/completions,deepseek-v4-pro,c9da0642059ba98620f7a69e24a1751c9275e916fe3904876738153d2414e896,d36c4b8f2f74aa3f39fbb01515608acead4ab04a35165db758e06a0dcf01ffa9,d914cfc97d9b99822a2b1313c16850fd7be529b097eb356dc8e8e7408a7a00a8,explicit,0,4096,omitted,,omitted,,omitted,,omitted,,omitted,,omitted,,omitted,,omitted,,omitted,,False,thinking.type=disabled,ffe557f53c63f7d0f7e35f80c03f61d8b3548db9e4f51e8dda020b28a920d875,provider_not_exposed,provider_not_exposed,False,,False,False,False,disabled,,stop;stop;stop;stop;stop;stop;stop;stop;stop;stop;stop;stop;stop,stop;stop;stop;stop;stop;stop;stop;stop;stop;stop;stop;stop;stop,8072,2051,0,450,285,1,ssr_priority_compactor,mature_ssr_loop_protocol_v1_ecvs_safe_visible_only,1,1,10,10,10,10,0,a54cd50b4859c6fe99febcda328c288b8f79b388f078918ed07477a3bc099a07,1,,0,"[""EDGE_05_WSXXTYU"", ""FRONTIER_05_T3DZGTQ""]","[""REQ_05_2ZDRDBD"", ""LOCK_05_PBM9RNX"", ""SCOPE_05_PE632JK"", ""CHECK_05_M8HKX55"", ""ANCHOR_05_4M9LKXQ"", ""MERGE_05_SSBZP33""]",1,"[""SCOPE_05_HQ9VH7U"", ""CHECK_05_H2BLMAP"", ""MERGE_05_HWSHD3Y"", ""VERIFY_05_MZAS49H""]",0,[],0,[],0,0,,clean,,b2b535a62f69be52715032c77db9ba47a9f3fb886f3f1ad8e542e614ebd09883,5945b810789a6507f379f29962e5e81dfe2126b8abe6fb2791469eb4ae0e79ce,8cdc9b358205a3739165e230533618466fb5f37ab94771067d19f6fdbfd5654e,0ffab371059794ae58fc70e481f3ab6199dd14cc4c8b1628b1ead14dfb1a8e55,c68497738558f9614c76de8fe87c6ba06cc1e2923446884db32f5c1285ff4bb2,released_raw_outputs/model_outputs/_probe_ecvs_deepseek_v4pro_visible_state_discriminator_v1_visiblecarry_vs_maturessrloop_18task_2method_3budget_1run/deepseek/mature_ssr_loop__vstdp_v1_high_05_plugin_resolution_boundary__run_1__budget_300.jsonl,13,c9dd382fc65b4821bb2c037648e4fdb584795d87d8787ea26cbfed3422941ca3,585ee155accbb020e2b4cc5da4f633b9c23e137576398ce17ca8c6e1ea8dd032,f688c61b16f458f734540a91be034089dfdde0337753f1755a33641c378df323,_probe_ecvs_deepseek_v4pro_visible_state_discriminator_v1_visiblecarry_vs_maturessrloop_18task_2method_3budget_1run,ssr_loop,8d9db20ce97efe30f85c852e25677be982049e6573365705fe9691ec9b104e37,c41fb187b0bd5eefb5c996f7f5ee4287ff45d410b63e2a24242936bc11ce46be,{},e83e5f36720943793cd894d750a4e149b87149e8afc1f3ba9f39379580fbad40,13,mature_ssr_loop_protocol_v1_ecvs_safe_visible_only,,,,,,,,
_probe_ecvs_deepseek_v4pro_visible_state_discriminator_v1_visiblecarry_vs_maturessrloop_18task_2method_3budget_1run:deepseek_v4pro:mature_ssr_loop:vstdp_v1_high_05_plugin_resolution_boundary:budget_600:run_1,deepseek_v4pro,vstdp_v1_high_05_plugin_resolution_boundary,semi_real_controlled_transition,,plugin_resolution_boundary,,mature_ssr_loop,mature_ssr_loop,600,1,2026-06-19T15:25:10.939443+00:00,2026-06-19T15:26:29.726369+00:00,2026-06-19T15:25:28.074239+00:00,2026-06-19T15:26:29.725412+00:00,43.578,3e55ca0d13b98e22312e2409149f678b77ec9aef1850bb20a2b4dd3b9ddb0b1a,6f65dd8e696fd71373555548253f58f73baba1f289795bb5b2ff9ab0e4b7ff12,cff0bce020b88a9a2d3d196f5042a127e5ac1ea6714929d2bf3c0f4bcf5107e5,da7455f2ed40e59cca69483777495687e040c88feeb4f28c5fa28115a7378f9c,40a42b2c715d32d4807efbb9a1962756c5e3cfb670399aa3b1fc7aec22affac8,4905317b5f200e6b35322340f5ad78407f9fc8d9c166cd24f83d024a4cc9d724,6d91b7db6f6ecc6962a654e449062c2870004adfc47062d2ad8b74376cc3dd38,6d91b7db6f6ecc6962a654e449062c2870004adfc47062d2ad8b74376cc3dd38,6d91b7db6f6ecc6962a654e449062c2870004adfc47062d2ad8b74376cc3dd38,58a0fd1ab882a25e3a96b570728797ccf9f00e62723ca54e10e593009e9c81ea,direct_provider,deepseek,https://api.deepseek.com,deepseek-v4-pro,https://api.deepseek.com/chat/completions,deepseek-v4-pro,c9da0642059ba98620f7a69e24a1751c9275e916fe3904876738153d2414e896,d36c4b8f2f74aa3f39fbb01515608acead4ab04a35165db758e06a0dcf01ffa9,d914cfc97d9b99822a2b1313c16850fd7be529b097eb356dc8e8e7408a7a00a8,explicit,0,4096,omitted,,omitted,,omitted,,omitted,,omitted,,omitted,,omitted,,omitted,,omitted,,False,thinking.type=disabled,ffe557f53c63f7d0f7e35f80c03f61d8b3548db9e4f51e8dda020b28a920d875,provider_not_exposed,provider_not_exposed,False,,False,False,False,disabled,,stop;stop;stop;stop;stop;stop;stop;stop;stop;stop;stop;stop;stop,stop;stop;stop;stop;stop;stop;stop;stop;stop;stop;stop;stop;stop,8139,2216,0,435,331,0,ssr_priority_compactor,mature_ssr_loop_protocol_v1_ecvs_safe_visible_only,1,1,10,10,10,10,0,2831c5758fd75b8db41db5e3fc92477ce5fc5c25b8aab4173b309d66706b6546,1,,0,"[""EDGE_05_WSXXTYU"", ""FRONTIER_05_T3DZGTQ""]","[""REQ_05_2ZDRDBD"", ""LOCK_05_PBM9RNX"", ""SCOPE_05_PE632JK"", ""CHECK_05_M8HKX55"", ""ANCHOR_05_4M9LKXQ"", ""MERGE_05_SSBZP33""]",1,"[""SCOPE_05_HQ9VH7U"", ""CHECK_05_H2BLMAP"", ""MERGE_05_HWSHD3Y"", ""VERIFY_05_MZAS49H""]",0,[],0,[],0,0,,clean,,7cbd726e34a413d9157e8fc43467d34007d3278a5003403db640aaa2d1e048a4,a499736e6d64cb9272934af78de2d53fa02abbed7b72af184e57cfa752c6e44b,ecdb110b417a67421310fc5a83e4db09014820f18296e031b143702d8a0b3510,d297c9ced2c17ec8bb58db8afc48d03eb5cf393ea96428e879b6a8e7313d977e,528bfb0ddccb7c87ffd0dae47f01f661671ce3880272ba810251c1bc674de984,released_raw_outputs/model_outputs/_probe_ecvs_deepseek_v4pro_visible_state_discriminator_v1_visiblecarry_vs_maturessrloop_18task_2method_3budget_1run/deepseek/mature_ssr_loop__vstdp_v1_high_05_plugin_resolution_boundary__run_1__budget_600.jsonl,13,6c5a973077448e0e40b4cd0aee4a6ee38f4a24a8f07dbe5777c0d6a24df5e314,d6f3e18e27c5fc55d5ca3cd8c3f39f0de3ad270783dfd96d90a8b68f6b99f5d7,56ec9642a7d5100c25a6bf460f365b214534d9bcee96914b5cc6700423b3fcb9,_probe_ecvs_deepseek_v4pro_visible_state_discriminator_v1_visiblecarry_vs_maturessrloop_18task_2method_3budget_1run,ssr_loop,8d9db20ce97efe30f85c852e25677be982049e6573365705fe9691ec9b104e37,c41fb187b0bd5eefb5c996f7f5ee4287ff45d410b63e2a24242936bc11ce46be,{},e83e5f36720943793cd894d750a4e149b87149e8afc1f3ba9f39379580fbad40,13,mature_ssr_loop_protocol_v1_ecvs_safe_visible_only,,,,,,,,
_probe_ecvs_deepseek_v4pro_visible_state_discriminator_v1_visiblecarry_vs_maturessrloop_18task_2method_3budget_1run:deepseek_v4pro:mature_ssr_loop:vstdp_v1_high_06_retry_policy_matrix_update:budget_1200:run_1,deepseek_v4pro,vstdp_v1_high_06_retry_policy_matrix_update,semi_real_controlled_transition,,retry_policy_matrix_update,,mature_ssr_loop,mature_ssr_loop,1200,1,2026-06-19T15:25:10.941521+00:00,2026-06-19T15:26:16.396817+00:00,2026-06-19T15:25:10.941565+00:00,2026-06-19T15:26:16.395589+00:00,48.378,3e55ca0d13b98e22312e2409149f678b77ec9aef1850bb20a2b4dd3b9ddb0b1a,c538036cbdbfd19cf2d9ccc56f17555ef93df4199d50f83041f557e19de454e7,cff0bce020b88a9a2d3d196f5042a127e5ac1ea6714929d2bf3c0f4bcf5107e5,841a53576b378df55b609940247ce44bc92ba6f25facafe99c8777cb8f4496ac,fae223d000bf76d5391aa285fbb36ef704a949e5d55f776e675278b053634bfd,4905317b5f200e6b35322340f5ad78407f9fc8d9c166cd24f83d024a4cc9d724,6d91b7db6f6ecc6962a654e449062c2870004adfc47062d2ad8b74376cc3dd38,6d91b7db6f6ecc6962a654e449062c2870004adfc47062d2ad8b74376cc3dd38,6d91b7db6f6ecc6962a654e449062c2870004adfc47062d2ad8b74376cc3dd38,58a0fd1ab882a25e3a96b570728797ccf9f00e62723ca54e10e593009e9c81ea,direct_provider,deepseek,https://api.deepseek.com,deepseek-v4-pro,https://api.deepseek.com/chat/completions,deepseek-v4-pro,c9da0642059ba98620f7a69e24a1751c9275e916fe3904876738153d2414e896,d36c4b8f2f74aa3f39fbb01515608acead4ab04a35165db758e06a0dcf01ffa9,d914cfc97d9b99822a2b1313c16850fd7be529b097eb356dc8e8e7408a7a00a8,explicit,0,4096,omitted,,omitted,,omitted,,omitted,,omitted,,omitted,,omitted,,omitted,,omitted,,False,thinking.type=disabled,ffe557f53c63f7d0f7e35f80c03f61d8b3548db9e4f51e8dda020b28a920d875,provider_not_exposed,provider_not_exposed,False,,False,False,False,disabled,,stop;stop;stop;stop;stop;stop;stop;stop;stop;stop;stop;stop;stop,stop;stop;stop;stop;stop;stop;stop;stop;stop;stop;stop;stop;stop,8199,2593,0,605,334,0,ssr_priority_compactor,mature_ssr_loop_protocol_v1_ecvs_safe_visible_only,1,1,10,10,10,10,0,adc79d389ebf8abd20ced9a031edfcc7fa9d56f9a3e7871b5f9b77601da9a825,1,,0,"[""EDGE_06_29NWS75""]","[""REQ_06_75JE8DC"", ""LOCK_06_5LVHH99"", ""SCOPE_06_PBVNE33"", ""CHECK_06_2DXMSTS"", ""ANCHOR_06_2YVA4LY"", ""FRONTIER_06_UF8Y3N8""]",1,"[""SCOPE_06_6XB5BD6"", ""CHECK_06_8J3ZL3L"", ""MERGE_06_DFCEUHY"", ""VERIFY_06_FD627WH""]",0,[],0,[],0,0,,clean,,8b2ed1a22e3c07316fca1e064ed315c6befcc7a667d7d647870c2af27ce3e9f5,d783e609ae7794d9556f964779a214b7010f8a7667b71092caa6a5333a36dd83,510db29dd3d382982d53b5a847f5a60435b45407a2c85efd16945a1f84b784f0,9600e2cdec5a6b40814942f5e6afcc6b2c1c7d3b5490ccdcb666ffcade08ad04,62606972b8ab925ece4dee0424b6bd4ca3edadebe5d89e29454d69aee968f59c,released_raw_outputs/model_outputs/_probe_ecvs_deepseek_v4pro_visible_state_discriminator_v1_visiblecarry_vs_maturessrloop_18task_2method_3budget_1run/deepseek/mature_ssr_loop__vstdp_v1_high_06_retry_policy_matrix_update__run_1__budget_1200.jsonl,13,9e7d63e95291648730e7850208f9cf2859f9f3a7ec776f232e7e887061319997,83008b01f64f5320e247da4653a4b7272a3ade8377908f49186e741a174c07f7,8bcaa22e88d74ed9350fa060cab829e815bde85a020ca690799c641a38a95efe,_probe_ecvs_deepseek_v4pro_visible_state_discriminator_v1_visiblecarry_vs_maturessrloop_18task_2method_3budget_1run,ssr_loop,8d9db20ce97efe30f85c852e25677be982049e6573365705fe9691ec9b104e37,91966cd12e8063b0884a5eda9c28a90e5f74897a87a191b2b55e463fd5a92c3a,{},e83e5f36720943793cd894d750a4e149b87149e8afc1f3ba9f39379580fbad40,13,mature_ssr_loop_protocol_v1_ecvs_safe_visible_only,,,,,,,,
_probe_ecvs_deepseek_v4pro_visible_state_discriminator_v1_visiblecarry_vs_maturessrloop_18task_2method_3budget_1run:deepseek_v4pro:mature_ssr_loop:vstdp_v1_high_06_retry_policy_matrix_update:budget_300:run_1,deepseek_v4pro,vstdp_v1_high_06_retry_policy_matrix_update,semi_real_controlled_transition,,retry_policy_matrix_update,,mature_ssr_loop,mature_ssr_loop,300,1,2026-06-19T15:25:10.941166+00:00,2026-06-19T15:26:25.312169+00:00,2026-06-19T15:25:10.941215+00:00,2026-06-19T15:26:25.310532+00:00,40.225,3e55ca0d13b98e22312e2409149f678b77ec9aef1850bb20a2b4dd3b9ddb0b1a,c538036cbdbfd19cf2d9ccc56f17555ef93df4199d50f83041f557e19de454e7,cff0bce020b88a9a2d3d196f5042a127e5ac1ea6714929d2bf3c0f4bcf5107e5,841a53576b378df55b609940247ce44bc92ba6f25facafe99c8777cb8f4496ac,c6a8e83d4b2a620be318ae781787d4e4c1959e69227ace6727ef30eb2c4133e3,4905317b5f200e6b35322340f5ad78407f9fc8d9c166cd24f83d024a4cc9d724,6d91b7db6f6ecc6962a654e449062c2870004adfc47062d2ad8b74376cc3dd38,6d91b7db6f6ecc6962a654e449062c2870004adfc47062d2ad8b74376cc3dd38,6d91b7db6f6ecc6962a654e449062c2870004adfc47062d2ad8b74376cc3dd38,58a0fd1ab882a25e3a96b570728797ccf9f00e62723ca54e10e593009e9c81ea,direct_provider,deepseek,https://api.deepseek.com,deepseek-v4-pro,https://api.deepseek.com/chat/completions,deepseek-v4-pro,c9da0642059ba98620f7a69e24a1751c9275e916fe3904876738153d2414e896,d36c4b8f2f74aa3f39fbb01515608acead4ab04a35165db758e06a0dcf01ffa9,d914cfc97d9b99822a2b1313c16850fd7be529b097eb356dc8e8e7408a7a00a8,explicit,0,4096,omitted,,omitted,,omitted,,omitted,,omitted,,omitted,,omitted,,omitted,,omitted,,False,thinking.type=disabled,ffe557f53c63f7d0f7e35f80c03f61d8b3548db9e4f51e8dda020b28a920d875,provider_not_exposed,provider_not_exposed,False,,False,False,False,disabled,,stop;stop;stop;stop;stop;stop;stop;stop;stop;stop;stop;stop;stop,stop;stop;stop;stop;stop;stop;stop;stop;stop;stop;stop;stop;stop,8107,2083,0,504,288,1,ssr_priority_compactor,mature_ssr_loop_protocol_v1_ecvs_safe_visible_only,1,1,10,10,10,10,0,81d82dd52edd51d4179cf99b3c691965988e830e093523d3952b1188d3ac6353,1,,0,"[""EDGE_06_29NWS75""]","[""REQ_06_75JE8DC"", ""LOCK_06_5LVHH99"", ""SCOPE_06_PBVNE33"", ""CHECK_06_2DXMSTS"", ""ANCHOR_06_2YVA4LY"", ""FRONTIER_06_UF8Y3N8""]",1,"[""SCOPE_06_6XB5BD6"", ""CHECK_06_8J3ZL3L"", ""MERGE_06_DFCEUHY"", ""VERIFY_06_FD627WH""]",0,[],0,[],0,0,,clean,,701a0518fa95f0fa7e9d208f60490bfc7d461278fde69ecf9db9a579a9a67332,adb6708dd34a8203e9b8c7c61dbcb28935d7f61aed894f551754004662cedf52,11f1dd0a2acc8a4eb70d5acf33ad015c49aa972132dafb0b45eb11b2563affe9,3810d599d320dd2da02233b681382495019eab943bd8b8f750ca28af74d2478b,cfad1685275aa6b70c8452c8e786e3027962363c552d4a5c69a37905bf5df47e,released_raw_outputs/model_outputs/_probe_ecvs_deepseek_v4pro_visible_state_discriminator_v1_visiblecarry_vs_maturessrloop_18task_2method_3budget_1run/deepseek/mature_ssr_loop__vstdp_v1_high_06_retry_policy_matrix_update__run_1__budget_300.jsonl,13,8c0a4ade69c4bf1e63867ad17d45b0bcfe40a819bb367f9dc1bf8ba2cbee4b2e,426e179919c288ab3d58878c5072f3a0c605814b44df685431aeb8a8a595b8e7,da0c13c3af63dcc7709a085081bebbf97f39c6382fdd4fa7f7b752e89d672ba7,_probe_ecvs_deepseek_v4pro_visible_state_discriminator_v1_visiblecarry_vs_maturessrloop_18task_2method_3budget_1run,ssr_loop,8d9db20ce97efe30f85c852e25677be982049e6573365705fe9691ec9b104e37,91966cd12e8063b0884a5eda9c28a90e5f74897a87a191b2b55e463fd5a92c3a,{},e83e5f36720943793cd894d750a4e149b87149e8afc1f3ba9f39379580fbad40,13,mature_ssr_loop_protocol_v1_ecvs_safe_visible_only,,,,,,,,
_probe_ecvs_deepseek_v4pro_visible_state_discriminator_v1_visiblecarry_vs_maturessrloop_18task_2method_3budget_1run:deepseek_v4pro:mature_ssr_loop:vstdp_v1_high_06_retry_policy_matrix_update:budget_600:run_1,deepseek_v4pro,vstdp_v1_high_06_retry_policy_matrix_update,semi_real_controlled_transition,,retry_policy_matrix_update,,mature_ssr_loop,mature_ssr_loop,600,1,2026-06-19T15:25:10.941430+00:00,2026-06-19T15:25:48.596201+00:00,2026-06-19T15:25:10.941461+00:00,2026-06-19T15:25:48.595106+00:00,37.641,3e55ca0d13b98e22312e2409149f678b77ec9aef1850bb20a2b4dd3b9ddb0b1a,c538036cbdbfd19cf2d9ccc56f17555ef93df4199d50f83041f557e19de454e7,cff0bce020b88a9a2d3d196f5042a127e5ac1ea6714929d2bf3c0f4bcf5107e5,841a53576b378df55b609940247ce44bc92ba6f25facafe99c8777cb8f4496ac,e00dbc4e050655e1f3811b66e7519c13d0b4a7efade7cadb3ef7347ffdc161d9,4905317b5f200e6b35322340f5ad78407f9fc8d9c166cd24f83d024a4cc9d724,6d91b7db6f6ecc6962a654e449062c2870004adfc47062d2ad8b74376cc3dd38,6d91b7db6f6ecc6962a654e449062c2870004adfc47062d2ad8b74376cc3dd38,6d91b7db6f6ecc6962a654e449062c2870004adfc47062d2ad8b74376cc3dd38,58a0fd1ab882a25e3a96b570728797ccf9f00e62723ca54e10e593009e9c81ea,direct_provider,deepseek,https://api.deepseek.com,deepseek-v4-pro,https://api.deepseek.com/chat/completions,deepseek-v4-pro,c9da0642059ba98620f7a69e24a1751c9275e916fe3904876738153d2414e896,d36c4b8f2f74aa3f39fbb01515608acead4ab04a35165db758e06a0dcf01ffa9,d914cfc97d9b99822a2b1313c16850fd7be529b097eb356dc8e8e7408a7a00a8,explicit,0,4096,omitted,,omitted,,omitted,,omitted,,omitted,,omitted,,omitted,,omitted,,omitted,,False,thinking.type=disabled,ffe557f53c63f7d0f7e35f80c03f61d8b3548db9e4f51e8dda020b28a920d875,provider_not_exposed,provider_not_exposed,False,,False,False,False,disabled,,stop;stop;stop;stop;stop;stop;stop;stop;stop;stop;stop;stop;stop,stop;stop;stop;stop;stop;stop;stop;stop;stop;stop;stop;stop;stop,8174,2144,0,450,334,0,ssr_priority_compactor,mature_ssr_loop_protocol_v1_ecvs_safe_visible_only,1,1,10,10,10,10,0,0e69282d86f415ddc2e8bd440e8cda67d99111502fb4331d746d9b6a4dd1c5e7,1,,0,"[""EDGE_06_29NWS75""]","[""REQ_06_75JE8DC"", ""LOCK_06_5LVHH99"", ""SCOPE_06_PBVNE33"", ""CHECK_06_2DXMSTS"", ""ANCHOR_06_2YVA4LY"", ""FRONTIER_06_UF8Y3N8""]",1,"[""SCOPE_06_6XB5BD6"", ""CHECK_06_8J3ZL3L"", ""MERGE_06_DFCEUHY"", ""VERIFY_06_FD627WH""]",0,[],0,[],0,0,,clean,,2010008ef9ab70dfce0f50a7336e67ed3938228060e2d1970790869707e4da14,f347eed4b3a288c8a8b84a2108bad0d5ea185f88bd685f7ec87e22b732144834,57d76c293aac9bc9e45641d879dd585295fb97e0589ee19578bfa59ee2807347,123289de89cbe7031e2cb25e2d6b3eff846840c23e100d5bcc5c4a42092b46aa,e19ecbbc73ac98d6a81576e48c0a7e2c7ea366a695b42b5918af01eda9c4593e,released_raw_outputs/model_outputs/_probe_ecvs_deepseek_v4pro_visible_state_discriminator_v1_visiblecarry_vs_maturessrloop_18task_2method_3budget_1run/deepseek/mature_ssr_loop__vstdp_v1_high_06_retry_policy_matrix_update__run_1__budget_600.jsonl,13,958268f58b80811bfa88b031176434523ade3abe647f0240dd4b8258e1f3c216,56ae27f357f85201739c155234ae1d207875369c2d3776ce6c1c76bc90e03c97,d215ba498bd4bd6289910dfa6d722b362cdb3d49e8695b9f16ef8c50d007bc6f,_probe_ecvs_deepseek_v4pro_visible_state_discriminator_v1_visiblecarry_vs_maturessrloop_18task_2method_3budget_1run,ssr_loop,8d9db20ce97efe30f85c852e25677be982049e6573365705fe9691ec9b104e37,91966cd12e8063b0884a5eda9c28a90e5f74897a87a191b2b55e463fd5a92c3a,{},e83e5f36720943793cd894d750a4e149b87149e8afc1f3ba9f39379580fbad40,13,mature_ssr_loop_protocol_v1_ecvs_safe_visible_only,,,,,,,,
_probe_ecvs_deepseek_v4pro_visible_state_discriminator_v1_visiblecarry_vs_maturessrloop_18task_2method_3budget_1run:deepseek_v4pro:mature_ssr_loop:vstdp_v1_low_07_stale_token_retirement:budget_1200:run_1,deepseek_v4pro,vstdp_v1_low_07_stale_token_retirement,diagnostic_controlled_transition,,stale_token_retirement,,mature_ssr_loop,mature_ssr_loop,1200,1,2026-06-19T15:25:10.942784+00:00,2026-06-19T15:26:07.227189+00:00,2026-06-19T15:25:10.942816+00:00,2026-06-19T15:26:07.221704+00:00,39.198,3e55ca0d13b98e22312e2409149f678b77ec9aef1850bb20a2b4dd3b9ddb0b1a,2fda8ba558c280f78ab070044c4b4ba4a69f4ca575eee2891a782f47fec15dfd,cff0bce020b88a9a2d3d196f5042a127e5ac1ea6714929d2bf3c0f4bcf5107e5,dae3aa254929e15d3a052daf9fa08af58d40d91dc0fb59fce9f4158f7cfd0318,88d3279bac05fa9197970fcd688850344d4711c1bb8bdd35c66a71e7a4710a7e,4905317b5f200e6b35322340f5ad78407f9fc8d9c166cd24f83d024a4cc9d724,6d91b7db6f6ecc6962a654e449062c2870004adfc47062d2ad8b74376cc3dd38,6d91b7db6f6ecc6962a654e449062c2870004adfc47062d2ad8b74376cc3dd38,6d91b7db6f6ecc6962a654e449062c2870004adfc47062d2ad8b74376cc3dd38,58a0fd1ab882a25e3a96b570728797ccf9f00e62723ca54e10e593009e9c81ea,direct_provider,deepseek,https://api.deepseek.com,deepseek-v4-pro,https://api.deepseek.com/chat/completions,deepseek-v4-pro,c9da0642059ba98620f7a69e24a1751c9275e916fe3904876738153d2414e896,d36c4b8f2f74aa3f39fbb01515608acead4ab04a35165db758e06a0dcf01ffa9,d914cfc97d9b99822a2b1313c16850fd7be529b097eb356dc8e8e7408a7a00a8,explicit,0,4096,omitted,,omitted,,omitted,,omitted,,omitted,,omitted,,omitted,,omitted,,omitted,,False,thinking.type=disabled,ffe557f53c63f7d0f7e35f80c03f61d8b3548db9e4f51e8dda020b28a920d875,provider_not_exposed,provider_not_exposed,False,,False,False,False,disabled,,stop;stop;stop;stop;stop;stop;stop;stop;stop;stop;stop;stop,stop;stop;stop;stop;stop;stop;stop;stop;stop;stop;stop;stop,7550,2106,0,667,331,0,ssr_priority_compactor,mature_ssr_loop_protocol_v1_ecvs_safe_visible_only,1,1,10,10,10,10,0,32cf36eed27d029439eedaa5442650ed9411993db2c825bc2e8e7eba75919406,1,,1,[],"[""REQ_07_S5Z5WYM"", ""LOCK_07_UAB9BWQ"", ""SCOPE_07_H3TJLUU"", ""CHECK_07_U9MPGS9"", ""ANCHOR_07_UERH277"", ""EDGE_07_WJT72JQ""]",1,"[""SCOPE_07_6Q8GCEL"", ""CHECK_07_N5QDMM8"", ""EDGE_07_DBD9SDQ"", ""FRONTIER_07_VC5H9E3""]",0,[],0,[],0,0,,clean,,98a29807a088044faddf4cf7e676a2336ffebd6111b97d6e2613f06035fa83a2,dd53619d8bb5a002a0d192d298d24aae33efdd16c6e9bd064ad0b216b4efd35b,9dde3d3dcf656ba8d2bd61ca9d3a80fa96ad9b1e90f24ba4ab7db79e90286f34,107eb307275eac9ff9826bb078c405b4832b809076b0d934564eb744a90a81e0,0c34a410748d53499d0942ed4ed67a2ec67585754266449dae434a03203689ae,released_raw_outputs/model_outputs/_probe_ecvs_deepseek_v4pro_visible_state_discriminator_v1_visiblecarry_vs_maturessrloop_18task_2method_3budget_1run/deepseek/mature_ssr_loop__vstdp_v1_low_07_stale_token_retirement__run_1__budget_1200.jsonl,12,19fbeb1a0d1e6076e69af07c7d6febe73c098468a9f63604227c896d773a0276,19131f29b38202b868a33f1eafa8290918a090c16c2f5e0c692a23d6ae90801c,ed8420b14c6624ec0d9ab9cdb7b66299c4b6754ac400401ef342c4fe6dbeb1ff,_probe_ecvs_deepseek_v4pro_visible_state_discriminator_v1_visiblecarry_vs_maturessrloop_18task_2method_3budget_1run,ssr_loop,8d9db20ce97efe30f85c852e25677be982049e6573365705fe9691ec9b104e37,599b4785ad161f2ed40516527efd781f0ca7ee302c3b791dff72c06fb5df0ad5,{},e83e5f36720943793cd894d750a4e149b87149e8afc1f3ba9f39379580fbad40,12,mature_ssr_loop_protocol_v1_ecvs_safe_visible_only,,,,,,,,
_probe_ecvs_deepseek_v4pro_visible_state_discriminator_v1_visiblecarry_vs_maturessrloop_18task_2method_3budget_1run:deepseek_v4pro:mature_ssr_loop:vstdp_v1_low_07_stale_token_retirement:budget_300:run_1,deepseek_v4pro,vstdp_v1_low_07_stale_token_retirement,diagnostic_controlled_transition,,stale_token_retirement,,mature_ssr_loop,mature_ssr_loop,300,1,2026-06-19T15:25:10.942709+00:00,2026-06-19T15:26:01.851795+00:00,2026-06-19T15:25:10.942739+00:00,2026-06-19T15:26:01.850673+00:00,33.831,3e55ca0d13b98e22312e2409149f678b77ec9aef1850bb20a2b4dd3b9ddb0b1a,2fda8ba558c280f78ab070044c4b4ba4a69f4ca575eee2891a782f47fec15dfd,cff0bce020b88a9a2d3d196f5042a127e5ac1ea6714929d2bf3c0f4bcf5107e5,dae3aa254929e15d3a052daf9fa08af58d40d91dc0fb59fce9f4158f7cfd0318,c64c023c2f369d30d73f03d37a609f9e59e9d07820f58196049574ae739c9f65,4905317b5f200e6b35322340f5ad78407f9fc8d9c166cd24f83d024a4cc9d724,6d91b7db6f6ecc6962a654e449062c2870004adfc47062d2ad8b74376cc3dd38,6d91b7db6f6ecc6962a654e449062c2870004adfc47062d2ad8b74376cc3dd38,6d91b7db6f6ecc6962a654e449062c2870004adfc47062d2ad8b74376cc3dd38,58a0fd1ab882a25e3a96b570728797ccf9f00e62723ca54e10e593009e9c81ea,direct_provider,deepseek,https://api.deepseek.com,deepseek-v4-pro,https://api.deepseek.com/chat/completions,deepseek-v4-pro,c9da0642059ba98620f7a69e24a1751c9275e916fe3904876738153d2414e896,d36c4b8f2f74aa3f39fbb01515608acead4ab04a35165db758e06a0dcf01ffa9,d914cfc97d9b99822a2b1313c16850fd7be529b097eb356dc8e8e7408a7a00a8,explicit,0,4096,omitted,,omitted,,omitted,,omitted,,omitted,,omitted,,omitted,,omitted,,omitted,,False,thinking.type=disabled,ffe557f53c63f7d0f7e35f80c03f61d8b3548db9e4f51e8dda020b28a920d875,provider_not_exposed,provider_not_exposed,False,,False,False,False,disabled,,stop;stop;stop;stop;stop;stop;stop;stop;stop;stop;stop;stop,stop;stop;stop;stop;stop;stop;stop;stop;stop;stop;stop;stop,7468,1764,0,504,285,1,ssr_priority_compactor,mature_ssr_loop_protocol_v1_ecvs_safe_visible_only,1,1,10,10,10,10,0,1eb105eab7fcfd6a56075b89fbc96791741212733a36176004a0a952e3ede82b,1,,1,[],"[""REQ_07_S5Z5WYM"", ""LOCK_07_UAB9BWQ"", ""SCOPE_07_H3TJLUU"", ""CHECK_07_U9MPGS9"", ""ANCHOR_07_UERH277"", ""EDGE_07_WJT72JQ""]",1,"[""SCOPE_07_6Q8GCEL"", ""CHECK_07_N5QDMM8"", ""EDGE_07_DBD9SDQ"", ""FRONTIER_07_VC5H9E3""]",0,[],0,[],0,0,,clean,,e34325ec91de898109fb4ed9539af1d99238a3286a537b880f9579de7f009690,e89143647ba1486f3739fb20d63238120b330c2f8bb4b42ab71e3537f1e3b2a2,d4f2556725b09cfb0aeae0ea43fc7b738a1cc65e51639b77cb54a45ef82254e7,496fa0b92f439a670080e0038bffffbeaaddfce1b0fdfa1e95d4cec85fa1592a,6952f458f722f2b930e10862facdcf7211c041e41c35cb487ad77bc124fda2c7,released_raw_outputs/model_outputs/_probe_ecvs_deepseek_v4pro_visible_state_discriminator_v1_visiblecarry_vs_maturessrloop_18task_2method_3budget_1run/deepseek/mature_ssr_loop__vstdp_v1_low_07_stale_token_retirement__run_1__budget_300.jsonl,12,240b7ecbc966d2e33aba495741f02a38845adc77410d2a45d107088b59d31028,da95c0f1e278884d9d4215f37236ea4919ec528020b5402a72f52d17012f3a6b,f495ae38e392563ff37547473424355e0f06ec5a5a08cd6124eb52a14160abc9,_probe_ecvs_deepseek_v4pro_visible_state_discriminator_v1_visiblecarry_vs_maturessrloop_18task_2method_3budget_1run,ssr_loop,8d9db20ce97efe30f85c852e25677be982049e6573365705fe9691ec9b104e37,599b4785ad161f2ed40516527efd781f0ca7ee302c3b791dff72c06fb5df0ad5,{},e83e5f36720943793cd894d750a4e149b87149e8afc1f3ba9f39379580fbad40,12,mature_ssr_loop_protocol_v1_ecvs_safe_visible_only,,,,,,,,
_probe_ecvs_deepseek_v4pro_visible_state_discriminator_v1_visiblecarry_vs_maturessrloop_18task_2method_3budget_1run:deepseek_v4pro:mature_ssr_loop:vstdp_v1_low_07_stale_token_retirement:budget_600:run_1,deepseek_v4pro,vstdp_v1_low_07_stale_token_retirement,diagnostic_controlled_transition,,stale_token_retirement,,mature_ssr_loop,mature_ssr_loop,600,1,2026-06-19T15:25:10.942511+00:00,2026-06-19T15:26:21.279693+00:00,2026-06-19T15:25:10.942548+00:00,2026-06-19T15:26:21.278724+00:00,35.179,3e55ca0d13b98e22312e2409149f678b77ec9aef1850bb20a2b4dd3b9ddb0b1a,2fda8ba558c280f78ab070044c4b4ba4a69f4ca575eee2891a782f47fec15dfd,cff0bce020b88a9a2d3d196f5042a127e5ac1ea6714929d2bf3c0f4bcf5107e5,dae3aa254929e15d3a052daf9fa08af58d40d91dc0fb59fce9f4158f7cfd0318,bb0f6f7d5f576315238912143a49c26699d5ae22948ee463bb710c70b3cac938,4905317b5f200e6b35322340f5ad78407f9fc8d9c166cd24f83d024a4cc9d724,6d91b7db6f6ecc6962a654e449062c2870004adfc47062d2ad8b74376cc3dd38,6d91b7db6f6ecc6962a654e449062c2870004adfc47062d2ad8b74376cc3dd38,6d91b7db6f6ecc6962a654e449062c2870004adfc47062d2ad8b74376cc3dd38,58a0fd1ab882a25e3a96b570728797ccf9f00e62723ca54e10e593009e9c81ea,direct_provider,deepseek,https://api.deepseek.com,deepseek-v4-pro,https://api.deepseek.com/chat/completions,deepseek-v4-pro,c9da0642059ba98620f7a69e24a1751c9275e916fe3904876738153d2414e896,d36c4b8f2f74aa3f39fbb01515608acead4ab04a35165db758e06a0dcf01ffa9,d914cfc97d9b99822a2b1313c16850fd7be529b097eb356dc8e8e7408a7a00a8,explicit,0,4096,omitted,,omitted,,omitted,,omitted,,omitted,,omitted,,omitted,,omitted,,omitted,,False,thinking.type=disabled,ffe557f53c63f7d0f7e35f80c03f61d8b3548db9e4f51e8dda020b28a920d875,provider_not_exposed,provider_not_exposed,False,,False,False,False,disabled,,stop;stop;stop;stop;stop;stop;stop;stop;stop;stop;stop;stop,stop;stop;stop;stop;stop;stop;stop;stop;stop;stop;stop;stop,7527,1984,0,471,331,0,ssr_priority_compactor,mature_ssr_loop_protocol_v1_ecvs_safe_visible_only,1,1,10,10,10,10,0,32cf36eed27d029439eedaa5442650ed9411993db2c825bc2e8e7eba75919406,1,,1,[],"[""REQ_07_S5Z5WYM"", ""LOCK_07_UAB9BWQ"", ""SCOPE_07_H3TJLUU"", ""CHECK_07_U9MPGS9"", ""ANCHOR_07_UERH277"", ""EDGE_07_WJT72JQ""]",1,"[""SCOPE_07_6Q8GCEL"", ""CHECK_07_N5QDMM8"", ""EDGE_07_DBD9SDQ"", ""FRONTIER_07_VC5H9E3""]",0,[],0,[],0,0,,clean,,bb10fa6d091cd01376968a32bf619a5f7c2c283b60dcfaff4e12aa21320f3209,75ba4a073ad39ce572dac8d00a2a12e54b5efb166a2f5402891149187bff78e6,b77fda898821c834b82e478ba3bbf72390aa4755eac3eb2777caa5c8cf6abe77,51466114b06a588347924e60e890e5fde18d2a9aa38861bd138bbcc9fbb8abaf,6bd63d7c5763e11b1e50c45d357f6dcb86cf7ecd8fabf72ef6891de57d4ebfae,released_raw_outputs/model_outputs/_probe_ecvs_deepseek_v4pro_visible_state_discriminator_v1_visiblecarry_vs_maturessrloop_18task_2method_3budget_1run/deepseek/mature_ssr_loop__vstdp_v1_low_07_stale_token_retirement__run_1__budget_600.jsonl,12,1aa0971ee1b45211691da26ecbffcec59db46ef29b6362d1910ee75c9ca85f4d,af3cae65d55836eb4e6a077dc86c7b1c3eadbc9dee25b388a5568197c6afdd54,d126eee62a7cfae12b2ecc2df281a35932f914d1f969edb7ef695bf0de08ccf9,_probe_ecvs_deepseek_v4pro_visible_state_discriminator_v1_visiblecarry_vs_maturessrloop_18task_2method_3budget_1run,ssr_loop,8d9db20ce97efe30f85c852e25677be982049e6573365705fe9691ec9b104e37,599b4785ad161f2ed40516527efd781f0ca7ee302c3b791dff72c06fb5df0ad5,{},e83e5f36720943793cd894d750a4e149b87149e8afc1f3ba9f39379580fbad40,12,mature_ssr_loop_protocol_v1_ecvs_safe_visible_only,,,,,,,,
_probe_ecvs_deepseek_v4pro_visible_state_discriminator_v1_visiblecarry_vs_maturessrloop_18task_2method_3budget_1run:deepseek_v4pro:mature_ssr_loop:vstdp_v1_low_08_fastapi_dependency_scope_override:budget_1200:run_1,deepseek_v4pro,vstdp_v1_low_08_fastapi_dependency_scope_override,real_swe_style_controlled_transition,,fastapi_dependency_scope_override,,mature_ssr_loop,mature_ssr_loop,1200,1,2026-06-19T15:25:10.947970+00:00,2026-06-19T15:26:33.520018+00:00,2026-06-19T15:25:10.948009+00:00,2026-06-19T15:26:33.518668+00:00,40.214,3e55ca0d13b98e22312e2409149f678b77ec9aef1850bb20a2b4dd3b9ddb0b1a,f835a15f99cde159792bbd6d6899d49be3f331c0255277b6bbb240b96269880d,cff0bce020b88a9a2d3d196f5042a127e5ac1ea6714929d2bf3c0f4bcf5107e5,3b0a58b101b3b61703b57093a4af19e83302584666e2849c803f680d5d875abb,1ffdf83720bf7c39640d06e8f6dea511ef649d12478671a18cdc8bd9945aecf8,4905317b5f200e6b35322340f5ad78407f9fc8d9c166cd24f83d024a4cc9d724,6d91b7db6f6ecc6962a654e449062c2870004adfc47062d2ad8b74376cc3dd38,6d91b7db6f6ecc6962a654e449062c2870004adfc47062d2ad8b74376cc3dd38,6d91b7db6f6ecc6962a654e449062c2870004adfc47062d2ad8b74376cc3dd38,58a0fd1ab882a25e3a96b570728797ccf9f00e62723ca54e10e593009e9c81ea,direct_provider,deepseek,https://api.deepseek.com,deepseek-v4-pro,https://api.deepseek.com/chat/completions,deepseek-v4-pro,c9da0642059ba98620f7a69e24a1751c9275e916fe3904876738153d2414e896,d36c4b8f2f74aa3f39fbb01515608acead4ab04a35165db758e06a0dcf01ffa9,d914cfc97d9b99822a2b1313c16850fd7be529b097eb356dc8e8e7408a7a00a8,explicit,0,4096,omitted,,omitted,,omitted,,omitted,,omitted,,omitted,,omitted,,omitted,,omitted,,False,thinking.type=disabled,ffe557f53c63f7d0f7e35f80c03f61d8b3548db9e4f51e8dda020b28a920d875,provider_not_exposed,provider_not_exposed,False,,False,False,False,disabled,,stop;stop;stop;stop;stop;stop;stop;stop;stop;stop;stop;stop,stop;stop;stop;stop;stop;stop;stop;stop;stop;stop;stop;stop,7542,2171,0,546,315,0,ssr_priority_compactor,mature_ssr_loop_protocol_v1_ecvs_safe_visible_only,1,1,9,9,9,9,0,83d64ff8b0398c662a5996469fddb2a7578384875474532a5dee2b3bc70f4475,1,,1,[],"[""REQ_08_9H28UCK"", ""LOCK_08_AJ24537"", ""SCOPE_08_36V8BMC"", ""CHECK_08_PNY99JB"", ""ANCHOR_08_U4VGMLX""]",1,"[""SCOPE_08_U9Y2LUK"", ""CHECK_08_CG5TP2G"", ""EDGE_08_2NMV8VL"", ""FRONTIER_08_SXHBVHH""]",0,[],0,[],0,0,,clean,,66aa786177c67e0c108489af4063e3e378f9c3477431d94a877927488865ffb7,eddd7321edb22eb9c43a7463a17dc4250c6ad7b1622c0c16af5fa84f279a77e5,d263b5a01e28810ea89a665eaeee7ac502c939192a7340cc5cb8f2c240c92342,eea974d2967361cc3f5afac2c0e2c484aff7a540091b3442d79a845dd3ec08cd,a572e9f0f92de6e12db4cd7382f37f497aa96db395cbee64f41d3aa3cc43b891,released_raw_outputs/model_outputs/_probe_ecvs_deepseek_v4pro_visible_state_discriminator_v1_visiblecarry_vs_maturessrloop_18task_2method_3budget_1run/deepseek/mature_ssr_loop__vstdp_v1_low_08_fastapi_dependency_scope_override__run_1__budget_1200.jsonl,12,e80a16d47e118e8d7fda5b173c89c8a0d6a61d800073358399a3c7e390bb84d9,af3205e3a2fae3163165b643b9bbf4e5861f57b7b1aea2173f66ea2860021f12,30789692e92a5005120b0bdf75ac8f4bf31f166066e1d504b806223245057519,_probe_ecvs_deepseek_v4pro_visible_state_discriminator_v1_visiblecarry_vs_maturessrloop_18task_2method_3budget_1run,ssr_loop,8d9db20ce97efe30f85c852e25677be982049e6573365705fe9691ec9b104e37,59fcf4b5316adfc461f49f589b975026c3c147b3db2146f988233208e0b5febe,{},e83e5f36720943793cd894d750a4e149b87149e8afc1f3ba9f39379580fbad40,12,mature_ssr_loop_protocol_v1_ecvs_safe_visible_only,,,,,,,,
_probe_ecvs_deepseek_v4pro_visible_state_discriminator_v1_visiblecarry_vs_maturessrloop_18task_2method_3budget_1run:deepseek_v4pro:mature_ssr_loop:vstdp_v1_low_08_fastapi_dependency_scope_override:budget_300:run_1,deepseek_v4pro,vstdp_v1_low_08_fastapi_dependency_scope_override,real_swe_style_controlled_transition,,fastapi_dependency_scope_override,,mature_ssr_loop,mature_ssr_loop,300,1,2026-06-19T15:25:10.947082+00:00,2026-06-19T15:25:58.097958+00:00,2026-06-19T15:25:28.064029+00:00,2026-06-19T15:25:58.096650+00:00,30.023,3e55ca0d13b98e22312e2409149f678b77ec9aef1850bb20a2b4dd3b9ddb0b1a,f835a15f99cde159792bbd6d6899d49be3f331c0255277b6bbb240b96269880d,cff0bce020b88a9a2d3d196f5042a127e5ac1ea6714929d2bf3c0f4bcf5107e5,3b0a58b101b3b61703b57093a4af19e83302584666e2849c803f680d5d875abb,278228d23f2f7413d94359d9920a7db6b4dff15f6c34dc407386fd80af15fef0,4905317b5f200e6b35322340f5ad78407f9fc8d9c166cd24f83d024a4cc9d724,6d91b7db6f6ecc6962a654e449062c2870004adfc47062d2ad8b74376cc3dd38,6d91b7db6f6ecc6962a654e449062c2870004adfc47062d2ad8b74376cc3dd38,6d91b7db6f6ecc6962a654e449062c2870004adfc47062d2ad8b74376cc3dd38,58a0fd1ab882a25e3a96b570728797ccf9f00e62723ca54e10e593009e9c81ea,direct_provider,deepseek,https://api.deepseek.com,deepseek-v4-pro,https://api.deepseek.com/chat/completions,deepseek-v4-pro,c9da0642059ba98620f7a69e24a1751c9275e916fe3904876738153d2414e896,d36c4b8f2f74aa3f39fbb01515608acead4ab04a35165db758e06a0dcf01ffa9,d914cfc97d9b99822a2b1313c16850fd7be529b097eb356dc8e8e7408a7a00a8,explicit,0,4096,omitted,,omitted,,omitted,,omitted,,omitted,,omitted,,omitted,,omitted,,omitted,,False,thinking.type=disabled,ffe557f53c63f7d0f7e35f80c03f61d8b3548db9e4f51e8dda020b28a920d875,provider_not_exposed,provider_not_exposed,False,,False,False,False,disabled,,stop;stop;stop;stop;stop;stop;stop;stop;stop;stop;stop;stop,stop;stop;stop;stop;stop;stop;stop;stop;stop;stop;stop;stop,7487,1758,0,442,290,1,ssr_priority_compactor,mature_ssr_loop_protocol_v1_ecvs_safe_visible_only,1,1,9,9,9,9,0,74b81460d80176cb21771fabc3a4ff66a82fd109df239ef4d170130edbdb8d7d,1,,1,[],"[""REQ_08_9H28UCK"", ""LOCK_08_AJ24537"", ""SCOPE_08_36V8BMC"", ""CHECK_08_PNY99JB"", ""ANCHOR_08_U4VGMLX""]",1,"[""SCOPE_08_U9Y2LUK"", ""CHECK_08_CG5TP2G"", ""EDGE_08_2NMV8VL"", ""FRONTIER_08_SXHBVHH""]",0,[],0,[],0,0,,clean,,5f0cae1a07fd20828b554ada47dd043df73d2cdf690a7d2e7aecc0dc08a9dd1f,cfbe74af9a9dd24ef5a7deb2be410d311b831504ebc131cd7be1994279a7920f,60c3658c77e2a67ae6325077e2abbb2355a119dd3369ac14447391daa2f56072,bcc8f517aa118223bdbaf39d71ca4aa640fad4b77e88bce19e8b2020b42c18ab,195eaeb6d668276616143f68b20cdba6d42f4bdd641646cb75dbf30d95af3498,released_raw_outputs/model_outputs/_probe_ecvs_deepseek_v4pro_visible_state_discriminator_v1_visiblecarry_vs_maturessrloop_18task_2method_3budget_1run/deepseek/mature_ssr_loop__vstdp_v1_low_08_fastapi_dependency_scope_override__run_1__budget_300.jsonl,12,4ed9fc74d1c43950316eade56afb801b9b5a3bed7e0f9c178cc75e7a82646a7b,30dd0522207e5a9e4a6f4406dbb8493adc36276c7e4cdfd11905113790874655,0e8c1b03767ad7bb5f04a4affae4e213cdb26a3518f7171f5b7c4253aa465341,_probe_ecvs_deepseek_v4pro_visible_state_discriminator_v1_visiblecarry_vs_maturessrloop_18task_2method_3budget_1run,ssr_loop,8d9db20ce97efe30f85c852e25677be982049e6573365705fe9691ec9b104e37,59fcf4b5316adfc461f49f589b975026c3c147b3db2146f988233208e0b5febe,{},e83e5f36720943793cd894d750a4e149b87149e8afc1f3ba9f39379580fbad40,12,mature_ssr_loop_protocol_v1_ecvs_safe_visible_only,,,,,,,,
_probe_ecvs_deepseek_v4pro_visible_state_discriminator_v1_visiblecarry_vs_maturessrloop_18task_2method_3budget_1run:deepseek_v4pro:mature_ssr_loop:vstdp_v1_low_08_fastapi_dependency_scope_override:budget_600:run_1,deepseek_v4pro,vstdp_v1_low_08_fastapi_dependency_scope_override,real_swe_style_controlled_transition,,fastapi_dependency_scope_override,,mature_ssr_loop,mature_ssr_loop,600,1,2026-06-19T15:25:10.948437+00:00,2026-06-19T15:26:22.511692+00:00,2026-06-19T15:25:28.071988+00:00,2026-06-19T15:26:22.510708+00:00,37.361,3e55ca0d13b98e22312e2409149f678b77ec9aef1850bb20a2b4dd3b9ddb0b1a,f835a15f99cde159792bbd6d6899d49be3f331c0255277b6bbb240b96269880d,cff0bce020b88a9a2d3d196f5042a127e5ac1ea6714929d2bf3c0f4bcf5107e5,3b0a58b101b3b61703b57093a4af19e83302584666e2849c803f680d5d875abb,dd31121481e0ebb9c1ed6078570c363865155ded94a0b40d57a15be0310cad94,4905317b5f200e6b35322340f5ad78407f9fc8d9c166cd24f83d024a4cc9d724,6d91b7db6f6ecc6962a654e449062c2870004adfc47062d2ad8b74376cc3dd38,6d91b7db6f6ecc6962a654e449062c2870004adfc47062d2ad8b74376cc3dd38,6d91b7db6f6ecc6962a654e449062c2870004adfc47062d2ad8b74376cc3dd38,58a0fd1ab882a25e3a96b570728797ccf9f00e62723ca54e10e593009e9c81ea,direct_provider,deepseek,https://api.deepseek.com,deepseek-v4-pro,https://api.deepseek.com/chat/completions,deepseek-v4-pro,c9da0642059ba98620f7a69e24a1751c9275e916fe3904876738153d2414e896,d36c4b8f2f74aa3f39fbb01515608acead4ab04a35165db758e06a0dcf01ffa9,d914cfc97d9b99822a2b1313c16850fd7be529b097eb356dc8e8e7408a7a00a8,explicit,0,4096,omitted,,omitted,,omitted,,omitted,,omitted,,omitted,,omitted,,omitted,,omitted,,False,thinking.type=disabled,ffe557f53c63f7d0f7e35f80c03f61d8b3548db9e4f51e8dda020b28a920d875,provider_not_exposed,provider_not_exposed,False,,False,False,False,disabled,,stop;stop;stop;stop;stop;stop;stop;stop;stop;stop;stop;stop,stop;stop;stop;stop;stop;stop;stop;stop;stop;stop;stop;stop,7519,1983,0,387,315,0,ssr_priority_compactor,mature_ssr_loop_protocol_v1_ecvs_safe_visible_only,1,1,9,9,9,9,0,83d64ff8b0398c662a5996469fddb2a7578384875474532a5dee2b3bc70f4475,1,,1,[],"[""REQ_08_9H28UCK"", ""LOCK_08_AJ24537"", ""SCOPE_08_36V8BMC"", ""CHECK_08_PNY99JB"", ""ANCHOR_08_U4VGMLX""]",1,"[""SCOPE_08_U9Y2LUK"", ""CHECK_08_CG5TP2G"", ""EDGE_08_2NMV8VL"", ""FRONTIER_08_SXHBVHH""]",0,[],0,[],0,0,,clean,,1da4c86893c3fc2c6f2f2e6eaa53d28ea7f41e23807cd49eef220e8a8a29494e,65bef8fb344b5e91b2158c474ac4b89dd8f65b5ff83446f4220d96fb16a4bba9,d46938536519535ca7ab91504825ae5c5e3d085cd86f8228fd70b63c39085900,84d05e87407666c2499e5f67c9c9cb6e9554fe3dfaa8d184a1c0efdf9982250f,75d8e57cd90217b5ae761a8c66d5ab181cb967facd0bff23718b93c578bd5e5a,released_raw_outputs/model_outputs/_probe_ecvs_deepseek_v4pro_visible_state_discriminator_v1_visiblecarry_vs_maturessrloop_18task_2method_3budget_1run/deepseek/mature_ssr_loop__vstdp_v1_low_08_fastapi_dependency_scope_override__run_1__budget_600.jsonl,12,36ec0e08763dc878df32871577580f6137a30e578fabbacee6ac90c35d35bc49,669c3be84b35959743d20729708b699bca0930b552598e5cbe4ceb6d792d83c8,05720ae6bdd003cfb7bcd2afd16c1abd3dd578df3ab39affcba413864de60ae8,_probe_ecvs_deepseek_v4pro_visible_state_discriminator_v1_visiblecarry_vs_maturessrloop_18task_2method_3budget_1run,ssr_loop,8d9db20ce97efe30f85c852e25677be982049e6573365705fe9691ec9b104e37,59fcf4b5316adfc461f49f589b975026c3c147b3db2146f988233208e0b5febe,{},e83e5f36720943793cd894d750a4e149b87149e8afc1f3ba9f39379580fbad40,12,mature_ssr_loop_protocol_v1_ecvs_safe_visible_only,,,,,,,,
_probe_ecvs_deepseek_v4pro_visible_state_discriminator_v1_visiblecarry_vs_maturessrloop_18task_2method_3budget_1run:deepseek_v4pro:mature_ssr_loop:vstdp_v1_low_09_conditional_config_activation:budget_1200:run_1,deepseek_v4pro,vstdp_v1_low_09_conditional_config_activation,diagnostic_controlled_transition,,conditional_config_activation,,mature_ssr_loop,mature_ssr_loop,1200,1,2026-06-19T15:25:10.950954+00:00,2026-06-19T15:26:13.358883+00:00,2026-06-19T15:25:10.950990+00:00,2026-06-19T15:26:13.357742+00:00,44.328,3e55ca0d13b98e22312e2409149f678b77ec9aef1850bb20a2b4dd3b9ddb0b1a,e79fdb3694f294ab4c4cdb53d8a37d08fd6d1b35174ce43e974a6087486cde22,cff0bce020b88a9a2d3d196f5042a127e5ac1ea6714929d2bf3c0f4bcf5107e5,b5e9fc8654f48d274199ce5b5ce35eb7d92f7a9dbc3b76f84cb291f9ab2537c2,179d3fb0a3b8624cb42df3a9042333330d31f9b2c714020c8fdf39af9723ef62,4905317b5f200e6b35322340f5ad78407f9fc8d9c166cd24f83d024a4cc9d724,6d91b7db6f6ecc6962a654e449062c2870004adfc47062d2ad8b74376cc3dd38,6d91b7db6f6ecc6962a654e449062c2870004adfc47062d2ad8b74376cc3dd38,6d91b7db6f6ecc6962a654e449062c2870004adfc47062d2ad8b74376cc3dd38,58a0fd1ab882a25e3a96b570728797ccf9f00e62723ca54e10e593009e9c81ea,direct_provider,deepseek,https://api.deepseek.com,deepseek-v4-pro,https://api.deepseek.com/chat/completions,deepseek-v4-pro,c9da0642059ba98620f7a69e24a1751c9275e916fe3904876738153d2414e896,d36c4b8f2f74aa3f39fbb01515608acead4ab04a35165db758e06a0dcf01ffa9,d914cfc97d9b99822a2b1313c16850fd7be529b097eb356dc8e8e7408a7a00a8,explicit,0,4096,omitted,,omitted,,omitted,,omitted,,omitted,,omitted,,omitted,,omitted,,omitted,,False,thinking.type=disabled,ffe557f53c63f7d0f7e35f80c03f61d8b3548db9e4f51e8dda020b28a920d875,provider_not_exposed,provider_not_exposed,False,,False,False,False,disabled,,stop;stop;stop;stop;stop;stop;stop;stop;stop;stop;stop;stop;stop,stop;stop;stop;stop;stop;stop;stop;stop;stop;stop;stop;stop;stop,8191,2412,0,704,331,0,ssr_priority_compactor,mature_ssr_loop_protocol_v1_ecvs_safe_visible_only,1,1,10,10,10,10,0,9ca8cacccf344398ed2f1665436a9036f0450b0548390468cee629160d807faa,1,,1,[],"[""REQ_09_DN5W4GK"", ""LOCK_09_AJQ5PBY"", ""SCOPE_09_8MQZ3GF"", ""CHECK_09_VC2ZNGM"", ""ANCHOR_09_BHKKT2C"", ""EDGE_09_Q2JAQD9""]",1,"[""SCOPE_09_FMEMNSK"", ""CHECK_09_QNRVZHF"", ""EDGE_09_9CB947F"", ""FRONTIER_09_HR3J8MU""]",0,[],0,[],0,0,,clean,,16b4337646358a68b3c998a3febe115d3c74cd078a7e1ac725294538c99b34c2,54a126f7a2d6d2edbdf25cfb8a058bd909c6c876576bbfae8ee364c3bb40627a,6f183aaac825d3786a1af817c6da517c05112693b3e94e8b71b460757c74e707,3716fdcd84eee1d8e01e0a1b9d798764574727e48d8582ff54dcec959eb67ade,01ad73f55af9ae53d24cd5e7c28c72a1403bcd833b776c56d91c5292f5fca15e,released_raw_outputs/model_outputs/_probe_ecvs_deepseek_v4pro_visible_state_discriminator_v1_visiblecarry_vs_maturessrloop_18task_2method_3budget_1run/deepseek/mature_ssr_loop__vstdp_v1_low_09_conditional_config_activation__run_1__budget_1200.jsonl,13,8df5e38b837c36e44228ecb2819fa9d887c57b411e3821a0562eb25bfed9cfbd,88740af176062b024d7484660a179f2154a90b3aa112f2bbecc19b56740fc956,87bd7457b5629846eeec97d3ffe0c3317363a347e434afb933a7a99095878ba4,_probe_ecvs_deepseek_v4pro_visible_state_discriminator_v1_visiblecarry_vs_maturessrloop_18task_2method_3budget_1run,ssr_loop,8d9db20ce97efe30f85c852e25677be982049e6573365705fe9691ec9b104e37,5941f6d4c4fe525809f88bbb8daa2f6c2b07d91d6eb960b71aae7c373a47cbf0,{},e83e5f36720943793cd894d750a4e149b87149e8afc1f3ba9f39379580fbad40,13,mature_ssr_loop_protocol_v1_ecvs_safe_visible_only,,,,,,,,
_probe_ecvs_deepseek_v4pro_visible_state_discriminator_v1_visiblecarry_vs_maturessrloop_18task_2method_3budget_1run:deepseek_v4pro:mature_ssr_loop:vstdp_v1_low_09_conditional_config_activation:budget_300:run_1,deepseek_v4pro,vstdp_v1_low_09_conditional_config_activation,diagnostic_controlled_transition,,conditional_config_activation,,mature_ssr_loop,mature_ssr_loop,300,1,2026-06-19T15:25:10.950046+00:00,2026-06-19T15:26:24.285298+00:00,2026-06-19T15:25:28.073875+00:00,2026-06-19T15:26:24.284092+00:00,39.129,3e55ca0d13b98e22312e2409149f678b77ec9aef1850bb20a2b4dd3b9ddb0b1a,e79fdb3694f294ab4c4cdb53d8a37d08fd6d1b35174ce43e974a6087486cde22,cff0bce020b88a9a2d3d196f5042a127e5ac1ea6714929d2bf3c0f4bcf5107e5,b5e9fc8654f48d274199ce5b5ce35eb7d92f7a9dbc3b76f84cb291f9ab2537c2,67db1ace5ef3fb5e92f7ed964bb981e2d2125712fbea41df5261a5dd7e46097b,4905317b5f200e6b35322340f5ad78407f9fc8d9c166cd24f83d024a4cc9d724,6d91b7db6f6ecc6962a654e449062c2870004adfc47062d2ad8b74376cc3dd38,6d91b7db6f6ecc6962a654e449062c2870004adfc47062d2ad8b74376cc3dd38,6d91b7db6f6ecc6962a654e449062c2870004adfc47062d2ad8b74376cc3dd38,58a0fd1ab882a25e3a96b570728797ccf9f00e62723ca54e10e593009e9c81ea,direct_provider,deepseek,https://api.deepseek.com,deepseek-v4-pro,https://api.deepseek.com/chat/completions,deepseek-v4-pro,c9da0642059ba98620f7a69e24a1751c9275e916fe3904876738153d2414e896,d36c4b8f2f74aa3f39fbb01515608acead4ab04a35165db758e06a0dcf01ffa9,d914cfc97d9b99822a2b1313c16850fd7be529b097eb356dc8e8e7408a7a00a8,explicit,0,4096,omitted,,omitted,,omitted,,omitted,,omitted,,omitted,,omitted,,omitted,,omitted,,False,thinking.type=disabled,ffe557f53c63f7d0f7e35f80c03f61d8b3548db9e4f51e8dda020b28a920d875,provider_not_exposed,provider_not_exposed,False,,False,False,False,disabled,,stop;stop;stop;stop;stop;stop;stop;stop;stop;stop;stop;stop;stop,stop;stop;stop;stop;stop;stop;stop;stop;stop;stop;stop;stop;stop,8099,2014,0,431,285,1,ssr_priority_compactor,mature_ssr_loop_protocol_v1_ecvs_safe_visible_only,1,1,10,10,10,10,0,1d8c608b55c28ec5b815fa69b88223a54fb5cd1b121981650f7dbc6ba7a93f86,1,,1,[],"[""REQ_09_DN5W4GK"", ""LOCK_09_AJQ5PBY"", ""SCOPE_09_8MQZ3GF"", ""CHECK_09_VC2ZNGM"", ""ANCHOR_09_BHKKT2C"", ""EDGE_09_Q2JAQD9""]",1,"[""SCOPE_09_FMEMNSK"", ""CHECK_09_QNRVZHF"", ""EDGE_09_9CB947F"", ""FRONTIER_09_HR3J8MU""]",0,[],0,[],0,0,,clean,,373998120581946d3c67ad949cffc4685a5a234003530b2d742760c329dda9de,8bca632c0336e9de45bd9366902da4689890ba6d369ceac7d207382eb6371652,f2b58a120e265077f041850d6494d3e3cfdec9939a86c5cb813168887502a808,6f20e12ba46317a6db7c86525988d209d248bc4227acfd41e4f971f2b7b45920,ae460b46594d8e0402d73c13893fe2de35d8b047b44997311f21630d20810f47,released_raw_outputs/model_outputs/_probe_ecvs_deepseek_v4pro_visible_state_discriminator_v1_visiblecarry_vs_maturessrloop_18task_2method_3budget_1run/deepseek/mature_ssr_loop__vstdp_v1_low_09_conditional_config_activation__run_1__budget_300.jsonl,13,f0824bd663f67ef963d184c3a4fbc5c28cc784aba1680d05cd03340526412269,beb3c211c2d1c96afc0902a7e9c18d36007b0ed69ecc8ef0eef1cd9a58c418a1,1fbee4b489078972b9ed39d5c30e0f461fa63fc3dcbf6826c75fdbd64cdfdd8f,_probe_ecvs_deepseek_v4pro_visible_state_discriminator_v1_visiblecarry_vs_maturessrloop_18task_2method_3budget_1run,ssr_loop,8d9db20ce97efe30f85c852e25677be982049e6573365705fe9691ec9b104e37,5941f6d4c4fe525809f88bbb8daa2f6c2b07d91d6eb960b71aae7c373a47cbf0,{},e83e5f36720943793cd894d750a4e149b87149e8afc1f3ba9f39379580fbad40,13,mature_ssr_loop_protocol_v1_ecvs_safe_visible_only,,,,,,,,
_probe_ecvs_deepseek_v4pro_visible_state_discriminator_v1_visiblecarry_vs_maturessrloop_18task_2method_3budget_1run:deepseek_v4pro:mature_ssr_loop:vstdp_v1_low_09_conditional_config_activation:budget_600:run_1,deepseek_v4pro,vstdp_v1_low_09_conditional_config_activation,diagnostic_controlled_transition,,conditional_config_activation,,mature_ssr_loop,mature_ssr_loop,600,1,2026-06-19T15:25:10.950476+00:00,2026-06-19T15:26:26.069060+00:00,2026-06-19T15:25:10.950518+00:00,2026-06-19T15:26:26.067870+00:00,40.955,3e55ca0d13b98e22312e2409149f678b77ec9aef1850bb20a2b4dd3b9ddb0b1a,e79fdb3694f294ab4c4cdb53d8a37d08fd6d1b35174ce43e974a6087486cde22,cff0bce020b88a9a2d3d196f5042a127e5ac1ea6714929d2bf3c0f4bcf5107e5,b5e9fc8654f48d274199ce5b5ce35eb7d92f7a9dbc3b76f84cb291f9ab2537c2,b6ec6a183ded3f5d5d171e994a2c0a1329f432fc61f472131f0f0c606339e877,4905317b5f200e6b35322340f5ad78407f9fc8d9c166cd24f83d024a4cc9d724,6d91b7db6f6ecc6962a654e449062c2870004adfc47062d2ad8b74376cc3dd38,6d91b7db6f6ecc6962a654e449062c2870004adfc47062d2ad8b74376cc3dd38,6d91b7db6f6ecc6962a654e449062c2870004adfc47062d2ad8b74376cc3dd38,58a0fd1ab882a25e3a96b570728797ccf9f00e62723ca54e10e593009e9c81ea,direct_provider,deepseek,https://api.deepseek.com,deepseek-v4-pro,https://api.deepseek.com/chat/completions,deepseek-v4-pro,c9da0642059ba98620f7a69e24a1751c9275e916fe3904876738153d2414e896,d36c4b8f2f74aa3f39fbb01515608acead4ab04a35165db758e06a0dcf01ffa9,d914cfc97d9b99822a2b1313c16850fd7be529b097eb356dc8e8e7408a7a00a8,explicit,0,4096,omitted,,omitted,,omitted,,omitted,,omitted,,omitted,,omitted,,omitted,,omitted,,False,thinking.type=disabled,ffe557f53c63f7d0f7e35f80c03f61d8b3548db9e4f51e8dda020b28a920d875,provider_not_exposed,provider_not_exposed,False,,False,False,False,disabled,,stop;stop;stop;stop;stop;stop;stop;stop;stop;stop;stop;stop;stop,stop;stop;stop;stop;stop;stop;stop;stop;stop;stop;stop;stop;stop,8166,2358,0,435,331,0,ssr_priority_compactor,mature_ssr_loop_protocol_v1_ecvs_safe_visible_only,1,1,10,10,10,10,0,530934a148f7a51da9a21894d81ea5afd7f67c2cd916c7976f171a86ed52f8bf,1,,1,[],"[""REQ_09_DN5W4GK"", ""LOCK_09_AJQ5PBY"", ""SCOPE_09_8MQZ3GF"", ""CHECK_09_VC2ZNGM"", ""ANCHOR_09_BHKKT2C"", ""EDGE_09_Q2JAQD9""]",1,"[""SCOPE_09_FMEMNSK"", ""CHECK_09_QNRVZHF"", ""EDGE_09_9CB947F"", ""FRONTIER_09_HR3J8MU""]",0,[],0,[],0,0,,clean,,259e5a4abd8c3d05617f7b63327537be4765bec35d26855c6cf0ef9c32ffd9ef,7802726de28ca4481ed72c1fdbf1fa97be0358fbfb66d377e335f2ce111c7108,6a301598dffad9932ec90118c8891cf553aa90d7445fd793ea862d5b1f53d572,3103be1da7ab23007729c24e90623fa321f3393a2720d1f7e0dff670c8e2b2af,287f632cc7bd22af62ee71b77aff11ffd9c069b9ad7a9166731833e3a8786db9,released_raw_outputs/model_outputs/_probe_ecvs_deepseek_v4pro_visible_state_discriminator_v1_visiblecarry_vs_maturessrloop_18task_2method_3budget_1run/deepseek/mature_ssr_loop__vstdp_v1_low_09_conditional_config_activation__run_1__budget_600.jsonl,13,de5b3481ba10c7f8fcc8f5b97ae92fb3bbee6cb95be3533be0a8cb38f11f2126,d6537f0a012b42d4f96c0e528081fdd21b18f1d7c541c5a3089142f6cd600af5,aab556147599fa6b0e621226b06d502f39f754358f813c673e109ca9994abe2c,_probe_ecvs_deepseek_v4pro_visible_state_discriminator_v1_visiblecarry_vs_maturessrloop_18task_2method_3budget_1run,ssr_loop,8d9db20ce97efe30f85c852e25677be982049e6573365705fe9691ec9b104e37,5941f6d4c4fe525809f88bbb8daa2f6c2b07d91d6eb960b71aae7c373a47cbf0,{},e83e5f36720943793cd894d750a4e149b87149e8afc1f3ba9f39379580fbad40,13,mature_ssr_loop_protocol_v1_ecvs_safe_visible_only,,,,,,,,
_probe_ecvs_deepseek_v4pro_visible_state_discriminator_v1_visiblecarry_vs_maturessrloop_18task_2method_3budget_1run:deepseek_v4pro:mature_ssr_loop:vstdp_v1_low_10_auth_claim_scope_filter:budget_1200:run_1,deepseek_v4pro,vstdp_v1_low_10_auth_claim_scope_filter,semi_real_controlled_transition,,auth_claim_scope_filter,,mature_ssr_loop,mature_ssr_loop,1200,1,2026-06-19T15:25:10.953059+00:00,2026-06-19T15:25:47.509599+00:00,2026-06-19T15:25:10.953107+00:00,2026-06-19T15:25:47.503931+00:00,36.537,3e55ca0d13b98e22312e2409149f678b77ec9aef1850bb20a2b4dd3b9ddb0b1a,c832ad68ec9b8dd572c75006c0d5e15c97946177d9982505775d659dac6265af,cff0bce020b88a9a2d3d196f5042a127e5ac1ea6714929d2bf3c0f4bcf5107e5,29a0a8572821b0bbd0c6ce97c633ef2a3ade7fc3809fa856d8bb4a4c0858f503,4aa0d99d78eeefe9905dd9dd7e32f1f448cf72d264a593dbde88bf5db61d0296,4905317b5f200e6b35322340f5ad78407f9fc8d9c166cd24f83d024a4cc9d724,6d91b7db6f6ecc6962a654e449062c2870004adfc47062d2ad8b74376cc3dd38,6d91b7db6f6ecc6962a654e449062c2870004adfc47062d2ad8b74376cc3dd38,6d91b7db6f6ecc6962a654e449062c2870004adfc47062d2ad8b74376cc3dd38,58a0fd1ab882a25e3a96b570728797ccf9f00e62723ca54e10e593009e9c81ea,direct_provider,deepseek,https://api.deepseek.com,deepseek-v4-pro,https://api.deepseek.com/chat/completions,deepseek-v4-pro,c9da0642059ba98620f7a69e24a1751c9275e916fe3904876738153d2414e896,d36c4b8f2f74aa3f39fbb01515608acead4ab04a35165db758e06a0dcf01ffa9,d914cfc97d9b99822a2b1313c16850fd7be529b097eb356dc8e8e7408a7a00a8,explicit,0,4096,omitted,,omitted,,omitted,,omitted,,omitted,,omitted,,omitted,,omitted,,omitted,,False,thinking.type=disabled,ffe557f53c63f7d0f7e35f80c03f61d8b3548db9e4f51e8dda020b28a920d875,provider_not_exposed,provider_not_exposed,False,,False,False,False,disabled,,stop;stop;stop;stop;stop;stop;stop;stop;stop;stop;stop;stop,stop;stop;stop;stop;stop;stop;stop;stop;stop;stop;stop;stop,7476,2023,0,505,315,0,ssr_priority_compactor,mature_ssr_loop_protocol_v1_ecvs_safe_visible_only,1,1,9,9,9,9,0,5b6e62c6b8c243b25900dc0a16b52df810127b61c97477e305c7a602ac8480c8,1,,1,[],"[""REQ_10_UNVPPEB"", ""LOCK_10_ZUF656X"", ""SCOPE_10_BHR458H"", ""CHECK_10_P5WAHQH"", ""ANCHOR_10_HDSSHMR""]",1,"[""SCOPE_10_397Q2EX"", ""CHECK_10_JNCXDBK"", ""EDGE_10_JQXDY9C"", ""FRONTIER_10_X3GVK6T""]",0,[],0,[],0,0,,clean,,7661b8bc5e322b8c52fdc57c17f112c6b0efb43e1e99e5214b46c481c3970875,b9fb4777aee40440338263703d8ffa666c3ba6532670c883d675da4456c84524,dcb26c8936402a3c68b1450a37ec9694bc1d0f43c0eff91c22c63039e0b8d91a,5440a59232fb3a95eedb99f9ede94362f4e1e34f0f888872bd4747bf82dca863,1e8dde772e4c6e8edf9312d151d988a9d1e4368acafb1b6cfa7825b5019abbe9,released_raw_outputs/model_outputs/_probe_ecvs_deepseek_v4pro_visible_state_discriminator_v1_visiblecarry_vs_maturessrloop_18task_2method_3budget_1run/deepseek/mature_ssr_loop__vstdp_v1_low_10_auth_claim_scope_filter__run_1__budget_1200.jsonl,12,295cd4b958ca4288666d17d56cc3b24e1e2443cfe207fe037c4bce82abcc3e3f,a2a1a94bb49078b273c475ffa7d520563841e767be9022c72d1d28855db89959,b9d98e812227ced225d246ea4eba957bfc1608f543594ca1bce5e804d11e23c8,_probe_ecvs_deepseek_v4pro_visible_state_discriminator_v1_visiblecarry_vs_maturessrloop_18task_2method_3budget_1run,ssr_loop,8d9db20ce97efe30f85c852e25677be982049e6573365705fe9691ec9b104e37,5e731e8a17b48a8b7ce6c13c1212c6eff886445d5f81c28140118a0bf6d51241,{},e83e5f36720943793cd894d750a4e149b87149e8afc1f3ba9f39379580fbad40,12,mature_ssr_loop_protocol_v1_ecvs_safe_visible_only,,,,,,,,
_probe_ecvs_deepseek_v4pro_visible_state_discriminator_v1_visiblecarry_vs_maturessrloop_18task_2method_3budget_1run:deepseek_v4pro:mature_ssr_loop:vstdp_v1_low_10_auth_claim_scope_filter:budget_300:run_1,deepseek_v4pro,vstdp_v1_low_10_auth_claim_scope_filter,semi_real_controlled_transition,,auth_claim_scope_filter,,mature_ssr_loop,mature_ssr_loop,300,1,2026-06-19T15:25:10.952371+00:00,2026-06-19T15:25:43.340103+00:00,2026-06-19T15:25:10.952406+00:00,2026-06-19T15:25:43.339198+00:00,32.379,3e55ca0d13b98e22312e2409149f678b77ec9aef1850bb20a2b4dd3b9ddb0b1a,c832ad68ec9b8dd572c75006c0d5e15c97946177d9982505775d659dac6265af,cff0bce020b88a9a2d3d196f5042a127e5ac1ea6714929d2bf3c0f4bcf5107e5,29a0a8572821b0bbd0c6ce97c633ef2a3ade7fc3809fa856d8bb4a4c0858f503,2150e761b94567669a21bee12567c974982d8cea733a33a95d8bdd1941d620c9,4905317b5f200e6b35322340f5ad78407f9fc8d9c166cd24f83d024a4cc9d724,6d91b7db6f6ecc6962a654e449062c2870004adfc47062d2ad8b74376cc3dd38,6d91b7db6f6ecc6962a654e449062c2870004adfc47062d2ad8b74376cc3dd38,6d91b7db6f6ecc6962a654e449062c2870004adfc47062d2ad8b74376cc3dd38,58a0fd1ab882a25e3a96b570728797ccf9f00e62723ca54e10e593009e9c81ea,direct_provider,deepseek,https://api.deepseek.com,deepseek-v4-pro,https://api.deepseek.com/chat/completions,deepseek-v4-pro,c9da0642059ba98620f7a69e24a1751c9275e916fe3904876738153d2414e896,d36c4b8f2f74aa3f39fbb01515608acead4ab04a35165db758e06a0dcf01ffa9,d914cfc97d9b99822a2b1313c16850fd7be529b097eb356dc8e8e7408a7a00a8,explicit,0,4096,omitted,,omitted,,omitted,,omitted,,omitted,,omitted,,omitted,,omitted,,omitted,,False,thinking.type=disabled,ffe557f53c63f7d0f7e35f80c03f61d8b3548db9e4f51e8dda020b28a920d875,provider_not_exposed,provider_not_exposed,False,,False,False,False,disabled,,stop;stop;stop;stop;stop;stop;stop;stop;stop;stop;stop;stop,stop;stop;stop;stop;stop;stop;stop;stop;stop;stop;stop;stop,7421,1693,0,454,290,1,ssr_priority_compactor,mature_ssr_loop_protocol_v1_ecvs_safe_visible_only,1,1,9,9,9,9,0,c1b9df410b8b423c4e3d0668f4402e9ff18090350e3389d3782617ec79d780ee,1,,1,[],"[""REQ_10_UNVPPEB"", ""LOCK_10_ZUF656X"", ""SCOPE_10_BHR458H"", ""CHECK_10_P5WAHQH"", ""ANCHOR_10_HDSSHMR""]",1,"[""SCOPE_10_397Q2EX"", ""CHECK_10_JNCXDBK"", ""EDGE_10_JQXDY9C"", ""FRONTIER_10_X3GVK6T""]",0,[],0,[],0,0,,clean,,0267f477393477537d34c316dff86ff480b90583cf5fab6596af9c322db47027,791312e919c41dd6b658707c5b925b25a6183df23a9b8a6114ae0adf83f7e89c,53dafa4619f8b71c5f7af403220ce7e9e2f25e2852d7722d31e6dca18f6a6ecc,64dc973e80529a944fcdbfb4ea190e55b20be9e2bcd7550e47a2e953a786c974,5d8344aeec8abe40d56a192098aab74bd40f8e5baf5e701dd8b6cdf6d925e077,released_raw_outputs/model_outputs/_probe_ecvs_deepseek_v4pro_visible_state_discriminator_v1_visiblecarry_vs_maturessrloop_18task_2method_3budget_1run/deepseek/mature_ssr_loop__vstdp_v1_low_10_auth_claim_scope_filter__run_1__budget_300.jsonl,12,3974f0ed953f5fe20d295de8ae45100d8c08bf13d7611cb7464a92ce64f26c4a,77e9b628ecc1ce207e85ec61eaaa93a077b314d655823f3dfcc6c8e28258ed1a,522e5694e4493a24745568db94ce262cd5d0a65cfcb1efd2c54dfc78e64746d1,_probe_ecvs_deepseek_v4pro_visible_state_discriminator_v1_visiblecarry_vs_maturessrloop_18task_2method_3budget_1run,ssr_loop,8d9db20ce97efe30f85c852e25677be982049e6573365705fe9691ec9b104e37,5e731e8a17b48a8b7ce6c13c1212c6eff886445d5f81c28140118a0bf6d51241,{},e83e5f36720943793cd894d750a4e149b87149e8afc1f3ba9f39379580fbad40,12,mature_ssr_loop_protocol_v1_ecvs_safe_visible_only,,,,,,,,
_probe_ecvs_deepseek_v4pro_visible_state_discriminator_v1_visiblecarry_vs_maturessrloop_18task_2method_3budget_1run:deepseek_v4pro:mature_ssr_loop:vstdp_v1_low_10_auth_claim_scope_filter:budget_600:run_1,deepseek_v4pro,vstdp_v1_low_10_auth_claim_scope_filter,semi_real_controlled_transition,,auth_claim_scope_filter,,mature_ssr_loop,mature_ssr_loop,600,1,2026-06-19T15:25:10.953330+00:00,2026-06-19T15:26:03.047610+00:00,2026-06-19T15:25:10.953372+00:00,2026-06-19T15:26:03.046474+00:00,35.017,3e55ca0d13b98e22312e2409149f678b77ec9aef1850bb20a2b4dd3b9ddb0b1a,c832ad68ec9b8dd572c75006c0d5e15c97946177d9982505775d659dac6265af,cff0bce020b88a9a2d3d196f5042a127e5ac1ea6714929d2bf3c0f4bcf5107e5,29a0a8572821b0bbd0c6ce97c633ef2a3ade7fc3809fa856d8bb4a4c0858f503,41a6ce75115de4a4435915a8d5c8b4b2c5e3e4295ffec2d5458a3abb9e6508ed,4905317b5f200e6b35322340f5ad78407f9fc8d9c166cd24f83d024a4cc9d724,6d91b7db6f6ecc6962a654e449062c2870004adfc47062d2ad8b74376cc3dd38,6d91b7db6f6ecc6962a654e449062c2870004adfc47062d2ad8b74376cc3dd38,6d91b7db6f6ecc6962a654e449062c2870004adfc47062d2ad8b74376cc3dd38,58a0fd1ab882a25e3a96b570728797ccf9f00e62723ca54e10e593009e9c81ea,direct_provider,deepseek,https://api.deepseek.com,deepseek-v4-pro,https://api.deepseek.com/chat/completions,deepseek-v4-pro,c9da0642059ba98620f7a69e24a1751c9275e916fe3904876738153d2414e896,d36c4b8f2f74aa3f39fbb01515608acead4ab04a35165db758e06a0dcf01ffa9,d914cfc97d9b99822a2b1313c16850fd7be529b097eb356dc8e8e7408a7a00a8,explicit,0,4096,omitted,,omitted,,omitted,,omitted,,omitted,,omitted,,omitted,,omitted,,omitted,,False,thinking.type=disabled,ffe557f53c63f7d0f7e35f80c03f61d8b3548db9e4f51e8dda020b28a920d875,provider_not_exposed,provider_not_exposed,False,,False,False,False,disabled,,stop;stop;stop;stop;stop;stop;stop;stop;stop;stop;stop;stop,stop;stop;stop;stop;stop;stop;stop;stop;stop;stop;stop;stop,7453,1945,0,470,315,0,ssr_priority_compactor,mature_ssr_loop_protocol_v1_ecvs_safe_visible_only,1,1,9,9,9,9,0,5b6e62c6b8c243b25900dc0a16b52df810127b61c97477e305c7a602ac8480c8,1,,1,[],"[""REQ_10_UNVPPEB"", ""LOCK_10_ZUF656X"", ""SCOPE_10_BHR458H"", ""CHECK_10_P5WAHQH"", ""ANCHOR_10_HDSSHMR""]",1,"[""SCOPE_10_397Q2EX"", ""CHECK_10_JNCXDBK"", ""EDGE_10_JQXDY9C"", ""FRONTIER_10_X3GVK6T""]",0,[],0,[],0,0,,clean,,c5eb5252bf86e8c6a6c53af680c779eb6f687e90b274d1bbdf9182c71e9628ee,59b73a32f6b569fb18b72aca78ac5b399a3b751b10a6ae011cf41c59d460182b,16cd245cb9a53fe085f96675b8d9678147a5e703ae3628355902c03191d5b8e1,b113918d24dcc0b1e5baa5845bf6ebb3faeb0ac2805a6b823644cefedf76ae1f,175cbcdcc64d0386d838b8fa83f01a7d7dbcb39e1ee879c886f48b6ebac543f1,released_raw_outputs/model_outputs/_probe_ecvs_deepseek_v4pro_visible_state_discriminator_v1_visiblecarry_vs_maturessrloop_18task_2method_3budget_1run/deepseek/mature_ssr_loop__vstdp_v1_low_10_auth_claim_scope_filter__run_1__budget_600.jsonl,12,04ebc5c6792cb5f7c16dd060ddea93fb6fc85b60ccd38b782914387f322329c9,e08b4c3766717a12be3b534b67c3a7673a28978401d6335dbf5913b030f859c5,6e0371a435fc5fc204e52fabfddb24becb3e9bcda9f97842c3a4ab3ac0ea9763,_probe_ecvs_deepseek_v4pro_visible_state_discriminator_v1_visiblecarry_vs_maturessrloop_18task_2method_3budget_1run,ssr_loop,8d9db20ce97efe30f85c852e25677be982049e6573365705fe9691ec9b104e37,5e731e8a17b48a8b7ce6c13c1212c6eff886445d5f81c28140118a0bf6d51241,{},e83e5f36720943793cd894d750a4e149b87149e8afc1f3ba9f39379580fbad40,12,mature_ssr_loop_protocol_v1_ecvs_safe_visible_only,,,,,,,,
_probe_ecvs_deepseek_v4pro_visible_state_discriminator_v1_visiblecarry_vs_maturessrloop_18task_2method_3budget_1run:deepseek_v4pro:mature_ssr_loop:vstdp_v1_low_11_export_redaction_update:budget_1200:run_1,deepseek_v4pro,vstdp_v1_low_11_export_redaction_update,diagnostic_controlled_transition,,export_redaction_update,,mature_ssr_loop,mature_ssr_loop,1200,1,2026-06-19T15:25:10.956402+00:00,2026-06-19T15:25:43.545943+00:00,2026-06-19T15:25:10.956441+00:00,2026-06-19T15:25:43.544887+00:00,32.572,3e55ca0d13b98e22312e2409149f678b77ec9aef1850bb20a2b4dd3b9ddb0b1a,d93e6b9319fd446f1df87912f598a7dbbd762610a73394d82380f4a0f4c914da,cff0bce020b88a9a2d3d196f5042a127e5ac1ea6714929d2bf3c0f4bcf5107e5,9be523ab71659f7d92a06082cdb0cf47aa9301ae14393688405150c22b052cae,ef99a08cac4ae703dba45cb01eef214113a53ea072cc2ec04b7fed6ec5d603dd,4905317b5f200e6b35322340f5ad78407f9fc8d9c166cd24f83d024a4cc9d724,6d91b7db6f6ecc6962a654e449062c2870004adfc47062d2ad8b74376cc3dd38,6d91b7db6f6ecc6962a654e449062c2870004adfc47062d2ad8b74376cc3dd38,6d91b7db6f6ecc6962a654e449062c2870004adfc47062d2ad8b74376cc3dd38,58a0fd1ab882a25e3a96b570728797ccf9f00e62723ca54e10e593009e9c81ea,direct_provider,deepseek,https://api.deepseek.com,deepseek-v4-pro,https://api.deepseek.com/chat/completions,deepseek-v4-pro,c9da0642059ba98620f7a69e24a1751c9275e916fe3904876738153d2414e896,d36c4b8f2f74aa3f39fbb01515608acead4ab04a35165db758e06a0dcf01ffa9,d914cfc97d9b99822a2b1313c16850fd7be529b097eb356dc8e8e7408a7a00a8,explicit,0,4096,omitted,,omitted,,omitted,,omitted,,omitted,,omitted,,omitted,,omitted,,omitted,,False,thinking.type=disabled,ffe557f53c63f7d0f7e35f80c03f61d8b3548db9e4f51e8dda020b28a920d875,provider_not_exposed,provider_not_exposed,False,,False,False,False,disabled,,stop;stop;stop;stop;stop;stop;stop;stop;stop;stop;stop,stop;stop;stop;stop;stop;stop;stop;stop;stop;stop;stop,6879,1745,0,614,315,0,ssr_priority_compactor,mature_ssr_loop_protocol_v1_ecvs_safe_visible_only,1,1,9,9,9,9,0,01b51f2ae39eaf400044d5dde128c96b3f96becd0a47492687b345a3b0879ab0,1,,1,[],"[""REQ_11_QH43UTM"", ""LOCK_11_DLC2BCQ"", ""SCOPE_11_TXGUCXQ"", ""CHECK_11_EXUZHF5"", ""ANCHOR_11_Z8M447R""]",1,"[""SCOPE_11_NLRF8WH"", ""CHECK_11_C2CAC8B"", ""EDGE_11_XGJ35W9"", ""FRONTIER_11_8NHWJTG""]",0,[],0,[],0,0,,clean,,daff6581641e812386bdcdebef45635a838adc20d2921f12c056ff2175d1b859,211b660b9f621e3e1f4ac448130fcace49ef0a8da4557d38bc636f5493de2aa0,bd0eeee7ed5f3217bc76fe85dc8ca1c76a45cab3ec2abfa3400a3571e7158584,92862ec0cacf64f636e19b0ad260c7fd4ccfdbb0f7a8f160333c17b86e748b3e,0cc9536b32f142f96bcca1052bce9c5291d205711750be4ff42b2d7dd046e617,released_raw_outputs/model_outputs/_probe_ecvs_deepseek_v4pro_visible_state_discriminator_v1_visiblecarry_vs_maturessrloop_18task_2method_3budget_1run/deepseek/mature_ssr_loop__vstdp_v1_low_11_export_redaction_update__run_1__budget_1200.jsonl,11,56efaa540febd52f699feb16981c0d39ece8d64839b35edfd1fa080fd6845622,dd7cf6b3c53661b6f7cdc272e57180b3d852b5c0e17abef87d07db160b4d0972,9e7ee4a581dc5ac7e382e1491492f994d75f022f586c8f57e39e166deaa167f8,_probe_ecvs_deepseek_v4pro_visible_state_discriminator_v1_visiblecarry_vs_maturessrloop_18task_2method_3budget_1run,ssr_loop,8d9db20ce97efe30f85c852e25677be982049e6573365705fe9691ec9b104e37,6e875c239831e785b18e39a174bd081a6d2a3ab58cfd43539f853d248b350dcb,{},e83e5f36720943793cd894d750a4e149b87149e8afc1f3ba9f39379580fbad40,11,mature_ssr_loop_protocol_v1_ecvs_safe_visible_only,,,,,,,,
_probe_ecvs_deepseek_v4pro_visible_state_discriminator_v1_visiblecarry_vs_maturessrloop_18task_2method_3budget_1run:deepseek_v4pro:mature_ssr_loop:vstdp_v1_low_11_export_redaction_update:budget_300:run_1,deepseek_v4pro,vstdp_v1_low_11_export_redaction_update,diagnostic_controlled_transition,,export_redaction_update,,mature_ssr_loop,mature_ssr_loop,300,1,2026-06-19T15:25:10.954413+00:00,2026-06-19T15:25:57.467734+00:00,2026-06-19T15:25:10.954455+00:00,2026-06-19T15:25:57.466650+00:00,29.44,3e55ca0d13b98e22312e2409149f678b77ec9aef1850bb20a2b4dd3b9ddb0b1a,d93e6b9319fd446f1df87912f598a7dbbd762610a73394d82380f4a0f4c914da,cff0bce020b88a9a2d3d196f5042a127e5ac1ea6714929d2bf3c0f4bcf5107e5,9be523ab71659f7d92a06082cdb0cf47aa9301ae14393688405150c22b052cae,d199ce9a3f5f2c544bb447c884d0dd49ffb1e2eb1e0d7e2207b3412a8e350543,4905317b5f200e6b35322340f5ad78407f9fc8d9c166cd24f83d024a4cc9d724,6d91b7db6f6ecc6962a654e449062c2870004adfc47062d2ad8b74376cc3dd38,6d91b7db6f6ecc6962a654e449062c2870004adfc47062d2ad8b74376cc3dd38,6d91b7db6f6ecc6962a654e449062c2870004adfc47062d2ad8b74376cc3dd38,58a0fd1ab882a25e3a96b570728797ccf9f00e62723ca54e10e593009e9c81ea,direct_provider,deepseek,https://api.deepseek.com,deepseek-v4-pro,https://api.deepseek.com/chat/completions,deepseek-v4-pro,c9da0642059ba98620f7a69e24a1751c9275e916fe3904876738153d2414e896,d36c4b8f2f74aa3f39fbb01515608acead4ab04a35165db758e06a0dcf01ffa9,d914cfc97d9b99822a2b1313c16850fd7be529b097eb356dc8e8e7408a7a00a8,explicit,0,4096,omitted,,omitted,,omitted,,omitted,,omitted,,omitted,,omitted,,omitted,,omitted,,False,thinking.type=disabled,ffe557f53c63f7d0f7e35f80c03f61d8b3548db9e4f51e8dda020b28a920d875,provider_not_exposed,provider_not_exposed,False,,False,False,False,disabled,,stop;stop;stop;stop;stop;stop;stop;stop;stop;stop;stop,stop;stop;stop;stop;stop;stop;stop;stop;stop;stop;stop,6826,1670,0,459,290,1,ssr_priority_compactor,mature_ssr_loop_protocol_v1_ecvs_safe_visible_only,1,1,9,9,9,9,0,bab893a1f6b076619ce86108ba8c7a5e6906c14cd531459471dfb034796bb797,1,,1,[],"[""REQ_11_QH43UTM"", ""LOCK_11_DLC2BCQ"", ""SCOPE_11_TXGUCXQ"", ""CHECK_11_EXUZHF5"", ""ANCHOR_11_Z8M447R""]",1,"[""SCOPE_11_NLRF8WH"", ""CHECK_11_C2CAC8B"", ""EDGE_11_XGJ35W9"", ""FRONTIER_11_8NHWJTG""]",0,[],0,[],0,0,,clean,,75d1bb2259340313ce199c6bfd7e03b127a4f19b246b3b611f7a0f576eee661b,9b2cf70306ad723a414123d217bb8064bb49d8a17a4c09a7ce89925d65377fb2,f925b42de0a7b584bc05b04335fbfe688c2ea170123a5073f58df38b72d13811,c9b33186b648033ce02b84641ce6f774621c4cc528a6e1a57d8c6e6b3dac4dae,4ce096b22f0cf4cf939404d3c24c3aa4e2ec4f503ec49838413689f6c34ecaf6,released_raw_outputs/model_outputs/_probe_ecvs_deepseek_v4pro_visible_state_discriminator_v1_visiblecarry_vs_maturessrloop_18task_2method_3budget_1run/deepseek/mature_ssr_loop__vstdp_v1_low_11_export_redaction_update__run_1__budget_300.jsonl,11,bca2dfa7f9d698a9cdfd0c4eaeebd3116daa021aaf2c82fe797a5addfbee71ff,c7d183c31415d08d81c490a883c9714e0d9cb8a9342bca39fe39a9e6253de9b0,22729bb38b6226d3e0492a14cd0b9a2cea3fca331117e194f76c32164b31dc1c,_probe_ecvs_deepseek_v4pro_visible_state_discriminator_v1_visiblecarry_vs_maturessrloop_18task_2method_3budget_1run,ssr_loop,8d9db20ce97efe30f85c852e25677be982049e6573365705fe9691ec9b104e37,6e875c239831e785b18e39a174bd081a6d2a3ab58cfd43539f853d248b350dcb,{},e83e5f36720943793cd894d750a4e149b87149e8afc1f3ba9f39379580fbad40,11,mature_ssr_loop_protocol_v1_ecvs_safe_visible_only,,,,,,,,
_probe_ecvs_deepseek_v4pro_visible_state_discriminator_v1_visiblecarry_vs_maturessrloop_18task_2method_3budget_1run:deepseek_v4pro:mature_ssr_loop:vstdp_v1_low_11_export_redaction_update:budget_600:run_1,deepseek_v4pro,vstdp_v1_low_11_export_redaction_update,diagnostic_controlled_transition,,export_redaction_update,,mature_ssr_loop,mature_ssr_loop,600,1,2026-06-19T15:25:10.955310+00:00,2026-06-19T15:26:21.089995+00:00,2026-06-19T15:25:10.955349+00:00,2026-06-19T15:26:21.089104+00:00,35.986,3e55ca0d13b98e22312e2409149f678b77ec9aef1850bb20a2b4dd3b9ddb0b1a,d93e6b9319fd446f1df87912f598a7dbbd762610a73394d82380f4a0f4c914da,cff0bce020b88a9a2d3d196f5042a127e5ac1ea6714929d2bf3c0f4bcf5107e5,9be523ab71659f7d92a06082cdb0cf47aa9301ae14393688405150c22b052cae,f0d5b4ada714a9c565bf110539980d2818770cfb197d1205843e46a8dfc9ff3c,4905317b5f200e6b35322340f5ad78407f9fc8d9c166cd24f83d024a4cc9d724,6d91b7db6f6ecc6962a654e449062c2870004adfc47062d2ad8b74376cc3dd38,6d91b7db6f6ecc6962a654e449062c2870004adfc47062d2ad8b74376cc3dd38,6d91b7db6f6ecc6962a654e449062c2870004adfc47062d2ad8b74376cc3dd38,58a0fd1ab882a25e3a96b570728797ccf9f00e62723ca54e10e593009e9c81ea,direct_provider,deepseek,https://api.deepseek.com,deepseek-v4-pro,https://api.deepseek.com/chat/completions,deepseek-v4-pro,c9da0642059ba98620f7a69e24a1751c9275e916fe3904876738153d2414e896,d36c4b8f2f74aa3f39fbb01515608acead4ab04a35165db758e06a0dcf01ffa9,d914cfc97d9b99822a2b1313c16850fd7be529b097eb356dc8e8e7408a7a00a8,explicit,0,4096,omitted,,omitted,,omitted,,omitted,,omitted,,omitted,,omitted,,omitted,,omitted,,False,thinking.type=disabled,ffe557f53c63f7d0f7e35f80c03f61d8b3548db9e4f51e8dda020b28a920d875,provider_not_exposed,provider_not_exposed,False,,False,False,False,disabled,,stop;stop;stop;stop;stop;stop;stop;stop;stop;stop;stop,stop;stop;stop;stop;stop;stop;stop;stop;stop;stop;stop,6858,1873,0,529,315,0,ssr_priority_compactor,mature_ssr_loop_protocol_v1_ecvs_safe_visible_only,1,1,9,9,9,9,0,ce45537e01d8d9e2e434e39c99cc706f9967eaf7853dd000d9c8a8a447a9fb5d,1,,1,[],"[""REQ_11_QH43UTM"", ""LOCK_11_DLC2BCQ"", ""SCOPE_11_TXGUCXQ"", ""CHECK_11_EXUZHF5"", ""ANCHOR_11_Z8M447R""]",1,"[""SCOPE_11_NLRF8WH"", ""CHECK_11_C2CAC8B"", ""EDGE_11_XGJ35W9"", ""FRONTIER_11_8NHWJTG""]",0,[],0,[],0,0,,clean,,318665d464ccb823861c788644680b95a14bd2a27e551199d20129117c95866a,498e91191cf22b81c3d9e14b55308570d38fa5c57ce6d316e8fa5ccae5631bfa,86b94686923ffff013d3281ed90764befa9a3e3928941166bdaffd4db543a66a,d70edeaf4e0ca2008dcef4d35ca3beeaaf9170f76375e1a233e922117fea106e,1fb498e71568c872e5112b89720e4164344f78746ad5415ceef4779653ee30df,released_raw_outputs/model_outputs/_probe_ecvs_deepseek_v4pro_visible_state_discriminator_v1_visiblecarry_vs_maturessrloop_18task_2method_3budget_1run/deepseek/mature_ssr_loop__vstdp_v1_low_11_export_redaction_update__run_1__budget_600.jsonl,11,84318da277ec07724e35f30a915727906c4d0c5df44e5a62755b7c801e4d72ab,d24e254f2f97114db4911acd7604dc08fbbaa72d303b3f5cead4a8143a8f863a,ddb3940135cf0c81169ca24e4c8859875b43dc6eef67231627463819ddb97cf1,_probe_ecvs_deepseek_v4pro_visible_state_discriminator_v1_visiblecarry_vs_maturessrloop_18task_2method_3budget_1run,ssr_loop,8d9db20ce97efe30f85c852e25677be982049e6573365705fe9691ec9b104e37,6e875c239831e785b18e39a174bd081a6d2a3ab58cfd43539f853d248b350dcb,{},e83e5f36720943793cd894d750a4e149b87149e8afc1f3ba9f39379580fbad40,11,mature_ssr_loop_protocol_v1_ecvs_safe_visible_only,,,,,,,,
_probe_ecvs_deepseek_v4pro_visible_state_discriminator_v1_visiblecarry_vs_maturessrloop_18task_2method_3budget_1run:deepseek_v4pro:mature_ssr_loop:vstdp_v1_low_12_multi_file_contract_consistency:budget_1200:run_1,deepseek_v4pro,vstdp_v1_low_12_multi_file_contract_consistency,diagnostic_controlled_transition,,multi_file_contract_consistency,,mature_ssr_loop,mature_ssr_loop,1200,1,2026-06-19T15:25:10.957672+00:00,2026-06-19T15:25:49.395816+00:00,2026-06-19T15:25:10.957710+00:00,2026-06-19T15:25:49.392909+00:00,38.428,3e55ca0d13b98e22312e2409149f678b77ec9aef1850bb20a2b4dd3b9ddb0b1a,6c9ef55a803d32267bc889d8700dba7e49c122cf49962af064bdd2d7b00b9dfa,cff0bce020b88a9a2d3d196f5042a127e5ac1ea6714929d2bf3c0f4bcf5107e5,7848738655fda213d3d71e6d637667d78fe78531a42e06004c62ec9ba612645e,48add3d73ab1e1ac82e371ab2d4bab895b60d35be9d72885136ae4d7467898ea,4905317b5f200e6b35322340f5ad78407f9fc8d9c166cd24f83d024a4cc9d724,6d91b7db6f6ecc6962a654e449062c2870004adfc47062d2ad8b74376cc3dd38,6d91b7db6f6ecc6962a654e449062c2870004adfc47062d2ad8b74376cc3dd38,6d91b7db6f6ecc6962a654e449062c2870004adfc47062d2ad8b74376cc3dd38,58a0fd1ab882a25e3a96b570728797ccf9f00e62723ca54e10e593009e9c81ea,direct_provider,deepseek,https://api.deepseek.com,deepseek-v4-pro,https://api.deepseek.com/chat/completions,deepseek-v4-pro,c9da0642059ba98620f7a69e24a1751c9275e916fe3904876738153d2414e896,d36c4b8f2f74aa3f39fbb01515608acead4ab04a35165db758e06a0dcf01ffa9,d914cfc97d9b99822a2b1313c16850fd7be529b097eb356dc8e8e7408a7a00a8,explicit,0,4096,omitted,,omitted,,omitted,,omitted,,omitted,,omitted,,omitted,,omitted,,omitted,,False,thinking.type=disabled,ffe557f53c63f7d0f7e35f80c03f61d8b3548db9e4f51e8dda020b28a920d875,provider_not_exposed,provider_not_exposed,False,,False,False,False,disabled,,stop;stop;stop;stop;stop;stop;stop;stop;stop;stop;stop,stop;stop;stop;stop;stop;stop;stop;stop;stop;stop;stop,6924,2084,0,849,315,0,ssr_priority_compactor,mature_ssr_loop_protocol_v1_ecvs_safe_visible_only,1,1,9,9,9,9,0,296559f2e0ed94ee135f1bac6a1c9ca3f5fc285bf68d9e641f6174381b145110,1,,1,[],"[""REQ_12_NN468YF"", ""LOCK_12_49DX8JX"", ""SCOPE_12_NC2H85Q"", ""CHECK_12_7FACAPW"", ""ANCHOR_12_HAV2PK3""]",1,"[""SCOPE_12_NCZSNU2"", ""CHECK_12_9D8LGHJ"", ""EDGE_12_Q5D67SG"", ""FRONTIER_12_TTZBNEW""]",0,[],0,[],0,0,,clean,,6bc5a807c0f77d586af6b24a96717ab74cbd794a2521f3920f54eb23d94d9ddb,ab8abc10caca6229eedd998de19c19a6669b60fd2488c135cbfd52609bc35896,6f93b546a973ad85c6c11324448247680a174728bf192568898841306dcaf814,19fb3a387d0a3c13f3afaaa0c183261a2b1ddbe9e96395c7528062b3b8b5f4e2,f167c96c125553d92d6647c8e9472ce957a3eb1d182af278ea96be6d94290938,released_raw_outputs/model_outputs/_probe_ecvs_deepseek_v4pro_visible_state_discriminator_v1_visiblecarry_vs_maturessrloop_18task_2method_3budget_1run/deepseek/mature_ssr_loop__vstdp_v1_low_12_multi_file_contract_consistency__run_1__budget_1200.jsonl,11,21c171c858b1bab5674ecd096087b4073426ca1faf24f0cd4f9513fb339c7f73,2feffe7bd936b0e65ec203f31a16eaaf32ea6dc6372b947e3041d62dc98e42cd,9b1f8e5f0b0fcfa6b6c78aab8a45525b378a9944a93c47bc88b362ba743eced6,_probe_ecvs_deepseek_v4pro_visible_state_discriminator_v1_visiblecarry_vs_maturessrloop_18task_2method_3budget_1run,ssr_loop,8d9db20ce97efe30f85c852e25677be982049e6573365705fe9691ec9b104e37,5f167bb98e57bd8f7f32c874cc6076a58eb882daba50677f3d0a4bfcf9b9a9f0,{},e83e5f36720943793cd894d750a4e149b87149e8afc1f3ba9f39379580fbad40,11,mature_ssr_loop_protocol_v1_ecvs_safe_visible_only,,,,,,,,
_probe_ecvs_deepseek_v4pro_visible_state_discriminator_v1_visiblecarry_vs_maturessrloop_18task_2method_3budget_1run:deepseek_v4pro:mature_ssr_loop:vstdp_v1_low_12_multi_file_contract_consistency:budget_300:run_1,deepseek_v4pro,vstdp_v1_low_12_multi_file_contract_consistency,diagnostic_controlled_transition,,multi_file_contract_consistency,,mature_ssr_loop,mature_ssr_loop,300,1,2026-06-19T15:25:10.957015+00:00,2026-06-19T15:26:19.212104+00:00,2026-06-19T15:25:10.957059+00:00,2026-06-19T15:26:19.210497+00:00,34.104,3e55ca0d13b98e22312e2409149f678b77ec9aef1850bb20a2b4dd3b9ddb0b1a,6c9ef55a803d32267bc889d8700dba7e49c122cf49962af064bdd2d7b00b9dfa,cff0bce020b88a9a2d3d196f5042a127e5ac1ea6714929d2bf3c0f4bcf5107e5,7848738655fda213d3d71e6d637667d78fe78531a42e06004c62ec9ba612645e,79383762cbad3bc566878a2174c2378d8a8256fc965c91e209f2b056ba7a040e,4905317b5f200e6b35322340f5ad78407f9fc8d9c166cd24f83d024a4cc9d724,6d91b7db6f6ecc6962a654e449062c2870004adfc47062d2ad8b74376cc3dd38,6d91b7db6f6ecc6962a654e449062c2870004adfc47062d2ad8b74376cc3dd38,6d91b7db6f6ecc6962a654e449062c2870004adfc47062d2ad8b74376cc3dd38,58a0fd1ab882a25e3a96b570728797ccf9f00e62723ca54e10e593009e9c81ea,direct_provider,deepseek,https://api.deepseek.com,deepseek-v4-pro,https://api.deepseek.com/chat/completions,deepseek-v4-pro,c9da0642059ba98620f7a69e24a1751c9275e916fe3904876738153d2414e896,d36c4b8f2f74aa3f39fbb01515608acead4ab04a35165db758e06a0dcf01ffa9,d914cfc97d9b99822a2b1313c16850fd7be529b097eb356dc8e8e7408a7a00a8,explicit,0,4096,omitted,,omitted,,omitted,,omitted,,omitted,,omitted,,omitted,,omitted,,omitted,,False,thinking.type=disabled,ffe557f53c63f7d0f7e35f80c03f61d8b3548db9e4f51e8dda020b28a920d875,provider_not_exposed,provider_not_exposed,False,,False,False,False,disabled,,stop;stop;stop;stop;stop;stop;stop;stop;stop;stop;stop,stop;stop;stop;stop;stop;stop;stop;stop;stop;stop;stop,6871,1829,0,569,290,1,ssr_priority_compactor,mature_ssr_loop_protocol_v1_ecvs_safe_visible_only,1,1,9,9,9,9,0,b6614393b09e5177a66fdfd4576596497696938127c1824005ec53254c709fd5,1,,1,[],"[""REQ_12_NN468YF"", ""LOCK_12_49DX8JX"", ""SCOPE_12_NC2H85Q"", ""CHECK_12_7FACAPW"", ""ANCHOR_12_HAV2PK3""]",1,"[""SCOPE_12_NCZSNU2"", ""CHECK_12_9D8LGHJ"", ""EDGE_12_Q5D67SG"", ""FRONTIER_12_TTZBNEW""]",0,[],0,[],0,0,,clean,,499b1ef860f8bc9d905abdc2191d1b877d4f6aac39b04fb4f4b80e11d3caaddc,9cbc2c82742b279803d4a85a32f862d83b910c0be4c38b8c79a63e6e944d654a,ac334a4f0acd85663f97ec89596b0067982adeddbddfac31aed9cdca27244ac7,c553e00808d09fda44fb7047727d5a60e2e36778a5fdf86e2dc311cbb5641d01,b2979be46cf9d20054e55a9a238e43aac78190a6203dc9cc96b59244e2cc1682,released_raw_outputs/model_outputs/_probe_ecvs_deepseek_v4pro_visible_state_discriminator_v1_visiblecarry_vs_maturessrloop_18task_2method_3budget_1run/deepseek/mature_ssr_loop__vstdp_v1_low_12_multi_file_contract_consistency__run_1__budget_300.jsonl,11,d2d96c88388e8ea04c6d354323b5663ce52844b0388262646a3cae637cf40412,2cb6caebf1c21607222a3e93f8c1ae331c3c2e7815147b69610f1c3c9f6341e3,9e49ec6b123fa54caa126240ba09ad0116dca30c0be17dfad24f0edfbd148175,_probe_ecvs_deepseek_v4pro_visible_state_discriminator_v1_visiblecarry_vs_maturessrloop_18task_2method_3budget_1run,ssr_loop,8d9db20ce97efe30f85c852e25677be982049e6573365705fe9691ec9b104e37,5f167bb98e57bd8f7f32c874cc6076a58eb882daba50677f3d0a4bfcf9b9a9f0,{},e83e5f36720943793cd894d750a4e149b87149e8afc1f3ba9f39379580fbad40,11,mature_ssr_loop_protocol_v1_ecvs_safe_visible_only,,,,,,,,
_probe_ecvs_deepseek_v4pro_visible_state_discriminator_v1_visiblecarry_vs_maturessrloop_18task_2method_3budget_1run:deepseek_v4pro:mature_ssr_loop:vstdp_v1_low_12_multi_file_contract_consistency:budget_600:run_1,deepseek_v4pro,vstdp_v1_low_12_multi_file_contract_consistency,diagnostic_controlled_transition,,multi_file_contract_consistency,,mature_ssr_loop,mature_ssr_loop,600,1,2026-06-19T15:25:10.957362+00:00,2026-06-19T15:25:59.839093+00:00,2026-06-19T15:25:10.957405+00:00,2026-06-19T15:25:59.836710+00:00,31.801,3e55ca0d13b98e22312e2409149f678b77ec9aef1850bb20a2b4dd3b9ddb0b1a,6c9ef55a803d32267bc889d8700dba7e49c122cf49962af064bdd2d7b00b9dfa,cff0bce020b88a9a2d3d196f5042a127e5ac1ea6714929d2bf3c0f4bcf5107e5,7848738655fda213d3d71e6d637667d78fe78531a42e06004c62ec9ba612645e,8cd6343521377b6ec7f411bc5fb503d059a4e58ff4cf0eba2893006622bb4f2c,4905317b5f200e6b35322340f5ad78407f9fc8d9c166cd24f83d024a4cc9d724,6d91b7db6f6ecc6962a654e449062c2870004adfc47062d2ad8b74376cc3dd38,6d91b7db6f6ecc6962a654e449062c2870004adfc47062d2ad8b74376cc3dd38,6d91b7db6f6ecc6962a654e449062c2870004adfc47062d2ad8b74376cc3dd38,58a0fd1ab882a25e3a96b570728797ccf9f00e62723ca54e10e593009e9c81ea,direct_provider,deepseek,https://api.deepseek.com,deepseek-v4-pro,https://api.deepseek.com/chat/completions,deepseek-v4-pro,c9da0642059ba98620f7a69e24a1751c9275e916fe3904876738153d2414e896,d36c4b8f2f74aa3f39fbb01515608acead4ab04a35165db758e06a0dcf01ffa9,d914cfc97d9b99822a2b1313c16850fd7be529b097eb356dc8e8e7408a7a00a8,explicit,0,4096,omitted,,omitted,,omitted,,omitted,,omitted,,omitted,,omitted,,omitted,,omitted,,False,thinking.type=disabled,ffe557f53c63f7d0f7e35f80c03f61d8b3548db9e4f51e8dda020b28a920d875,provider_not_exposed,provider_not_exposed,False,,False,False,False,disabled,,stop;stop;stop;stop;stop;stop;stop;stop;stop;stop;stop,stop;stop;stop;stop;stop;stop;stop;stop;stop;stop;stop,6903,1856,0,559,315,0,ssr_priority_compactor,mature_ssr_loop_protocol_v1_ecvs_safe_visible_only,1,1,9,9,9,9,0,296559f2e0ed94ee135f1bac6a1c9ca3f5fc285bf68d9e641f6174381b145110,1,,1,[],"[""REQ_12_NN468YF"", ""LOCK_12_49DX8JX"", ""SCOPE_12_NC2H85Q"", ""CHECK_12_7FACAPW"", ""ANCHOR_12_HAV2PK3""]",1,"[""SCOPE_12_NCZSNU2"", ""CHECK_12_9D8LGHJ"", ""EDGE_12_Q5D67SG"", ""FRONTIER_12_TTZBNEW""]",0,[],0,[],0,0,,clean,,ef7858371121b9a6f56e821b722b6b8dd5940af3b0e32dfb1b430bfedfcf62d8,8df65f2fdf334c3b31c4a651346a101ed6dedc78d08f93b2513c2e8823895fd3,fa7ec85af7afb00a49edffdb74f9155feab5dd83e3aa4500c1942b5fcd434fb0,1c33d3f597b11a4a96d3aac60caa9c45abacfa9c8cba650ee03d8c191cffc7e6,649dee2bf76a5ab97b9348430d3feecfdcd0941171500e41fa8cc5d7f6f036ca,released_raw_outputs/model_outputs/_probe_ecvs_deepseek_v4pro_visible_state_discriminator_v1_visiblecarry_vs_maturessrloop_18task_2method_3budget_1run/deepseek/mature_ssr_loop__vstdp_v1_low_12_multi_file_contract_consistency__run_1__budget_600.jsonl,11,6436acdc6ce2358d9435e282c23e4427d08520e908abacec74c747dbaaa3ab4d,5308728e5f39a3b129182a8037dce407f76d99552bba12ab810131ae4f029f70,1e69bb1a42ff5174b6e1f528785e0abd65933d8310a4a5858f1902eed32b2167,_probe_ecvs_deepseek_v4pro_visible_state_discriminator_v1_visiblecarry_vs_maturessrloop_18task_2method_3budget_1run,ssr_loop,8d9db20ce97efe30f85c852e25677be982049e6573365705fe9691ec9b104e37,5f167bb98e57bd8f7f32c874cc6076a58eb882daba50677f3d0a4bfcf9b9a9f0,{},e83e5f36720943793cd894d750a4e149b87149e8afc1f3ba9f39379580fbad40,11,mature_ssr_loop_protocol_v1_ecvs_safe_visible_only,,,,,,,,
_probe_ecvs_deepseek_v4pro_visible_state_discriminator_v1_visiblecarry_vs_maturessrloop_18task_2method_3budget_1run:deepseek_v4pro:mature_ssr_loop:vstdp_v1_mid_13_alias_overwrite_chain:budget_1200:run_1,deepseek_v4pro,vstdp_v1_mid_13_alias_overwrite_chain,diagnostic_controlled_transition,,alias_overwrite_chain,,mature_ssr_loop,mature_ssr_loop,1200,1,2026-06-19T15:25:10.958981+00:00,2026-06-19T15:26:32.627517+00:00,2026-06-19T15:25:28.095702+00:00,2026-06-19T15:26:32.626462+00:00,47.452,3e55ca0d13b98e22312e2409149f678b77ec9aef1850bb20a2b4dd3b9ddb0b1a,ae9ee266ee137a1c2ff39f33da11bf1b348a53adf8f6711deea688206913b3b2,cff0bce020b88a9a2d3d196f5042a127e5ac1ea6714929d2bf3c0f4bcf5107e5,c81bc3394e770df17b75559786c035a8650b51fe0dfc536d0de4d2275cb6c044,c54469f63e8b023a17329762a319b1fc06e3bd9caa2df83b6d91368e0e12e706,4905317b5f200e6b35322340f5ad78407f9fc8d9c166cd24f83d024a4cc9d724,6d91b7db6f6ecc6962a654e449062c2870004adfc47062d2ad8b74376cc3dd38,6d91b7db6f6ecc6962a654e449062c2870004adfc47062d2ad8b74376cc3dd38,6d91b7db6f6ecc6962a654e449062c2870004adfc47062d2ad8b74376cc3dd38,58a0fd1ab882a25e3a96b570728797ccf9f00e62723ca54e10e593009e9c81ea,direct_provider,deepseek,https://api.deepseek.com,deepseek-v4-pro,https://api.deepseek.com/chat/completions,deepseek-v4-pro,c9da0642059ba98620f7a69e24a1751c9275e916fe3904876738153d2414e896,d36c4b8f2f74aa3f39fbb01515608acead4ab04a35165db758e06a0dcf01ffa9,d914cfc97d9b99822a2b1313c16850fd7be529b097eb356dc8e8e7408a7a00a8,explicit,0,4096,omitted,,omitted,,omitted,,omitted,,omitted,,omitted,,omitted,,omitted,,omitted,,False,thinking.type=disabled,ffe557f53c63f7d0f7e35f80c03f61d8b3548db9e4f51e8dda020b28a920d875,provider_not_exposed,provider_not_exposed,False,,False,False,False,disabled,,stop;stop;stop;stop;stop;stop;stop;stop;stop;stop;stop;stop;stop,stop;stop;stop;stop;stop;stop;stop;stop;stop;stop;stop;stop;stop,8221,2616,0,646,332,0,ssr_priority_compactor,mature_ssr_loop_protocol_v1_ecvs_safe_visible_only,1,1,10,10,10,10,0,e36b34e331a4cf1519b19110f80aaebc643a13f11a8ca695624eb347c8291c51,1,,1,[],"[""REQ_13_CSDYW3R"", ""LOCK_13_5JDJCR9"", ""SCOPE_13_NPE9E23"", ""CHECK_13_XLXEMLF"", ""ANCHOR_13_CN8Q7G3"", ""EDGE_13_Q9WE4Z4""]",1,"[""SCOPE_13_GUKQMDZ"", ""CHECK_13_QEU6TMF"", ""FRONTIER_13_ZK5QWAF"", ""MERGE_13_9C2JUSL""]",0,[],0,[],0,0,,clean,,7ef89c825b5f0b83978d2101949fb604fd7b72e43e37e541d0552d1d25404f0d,658e2114a892229a540f9cb8b569e8dd4123c0e680fc792ef63a1fc3d37a53a3,927ddcdc53c0c38a390502641212f37359acdc180f9f6852d516375b93fd00f7,65861c5b4de6dcff7e6d29b6c3a52e9c504f85c62ae39ecc58d2bf92c5d922b5,541720165725a898f719845b19353a87bbabbaf69a4b4e002ef59ea274eee85d,released_raw_outputs/model_outputs/_probe_ecvs_deepseek_v4pro_visible_state_discriminator_v1_visiblecarry_vs_maturessrloop_18task_2method_3budget_1run/deepseek/mature_ssr_loop__vstdp_v1_mid_13_alias_overwrite_chain__run_1__budget_1200.jsonl,13,73a82e483e97279634541b79c8cacc3fb69a43ec4e96dfddc3a4827140e540ab,50687cec08737fd8351856fe8911cf76d2a2ba9f27478922024baaa2e3d4df39,eb61424b1b7ff613fcadc548f587dcae50a0087ed98148acf25f8f2e3a24e473,_probe_ecvs_deepseek_v4pro_visible_state_discriminator_v1_visiblecarry_vs_maturessrloop_18task_2method_3budget_1run,ssr_loop,8d9db20ce97efe30f85c852e25677be982049e6573365705fe9691ec9b104e37,a1ae2b5e72dcafc44203a2b2e13e8616419ab9ba563b673f74f398400d61f6a0,{},e83e5f36720943793cd894d750a4e149b87149e8afc1f3ba9f39379580fbad40,13,mature_ssr_loop_protocol_v1_ecvs_safe_visible_only,,,,,,,,
_probe_ecvs_deepseek_v4pro_visible_state_discriminator_v1_visiblecarry_vs_maturessrloop_18task_2method_3budget_1run:deepseek_v4pro:mature_ssr_loop:vstdp_v1_mid_13_alias_overwrite_chain:budget_300:run_1,deepseek_v4pro,vstdp_v1_mid_13_alias_overwrite_chain,diagnostic_controlled_transition,,alias_overwrite_chain,,mature_ssr_loop,mature_ssr_loop,300,1,2026-06-19T15:25:10.958458+00:00,2026-06-19T15:26:06.322504+00:00,2026-06-19T15:25:10.958496+00:00,2026-06-19T15:26:06.321188+00:00,38.286,3e55ca0d13b98e22312e2409149f678b77ec9aef1850bb20a2b4dd3b9ddb0b1a,ae9ee266ee137a1c2ff39f33da11bf1b348a53adf8f6711deea688206913b3b2,cff0bce020b88a9a2d3d196f5042a127e5ac1ea6714929d2bf3c0f4bcf5107e5,c81bc3394e770df17b75559786c035a8650b51fe0dfc536d0de4d2275cb6c044,ba962512b95455b85f3956874052a3002697331e0d9094c26621ef02533e7e69,4905317b5f200e6b35322340f5ad78407f9fc8d9c166cd24f83d024a4cc9d724,6d91b7db6f6ecc6962a654e449062c2870004adfc47062d2ad8b74376cc3dd38,6d91b7db6f6ecc6962a654e449062c2870004adfc47062d2ad8b74376cc3dd38,6d91b7db6f6ecc6962a654e449062c2870004adfc47062d2ad8b74376cc3dd38,58a0fd1ab882a25e3a96b570728797ccf9f00e62723ca54e10e593009e9c81ea,direct_provider,deepseek,https://api.deepseek.com,deepseek-v4-pro,https://api.deepseek.com/chat/completions,deepseek-v4-pro,c9da0642059ba98620f7a69e24a1751c9275e916fe3904876738153d2414e896,d36c4b8f2f74aa3f39fbb01515608acead4ab04a35165db758e06a0dcf01ffa9,d914cfc97d9b99822a2b1313c16850fd7be529b097eb356dc8e8e7408a7a00a8,explicit,0,4096,omitted,,omitted,,omitted,,omitted,,omitted,,omitted,,omitted,,omitted,,omitted,,False,thinking.type=disabled,ffe557f53c63f7d0f7e35f80c03f61d8b3548db9e4f51e8dda020b28a920d875,provider_not_exposed,provider_not_exposed,False,,False,False,False,disabled,,stop;stop;stop;stop;stop;stop;stop;stop;stop;stop;stop;stop;stop,stop;stop;stop;stop;stop;stop;stop;stop;stop;stop;stop;stop;stop,8129,2190,0,448,286,1,ssr_priority_compactor,mature_ssr_loop_protocol_v1_ecvs_safe_visible_only,1,1,10,10,10,10,0,7b3f15771da08e02ceaf9574c049caee56c0ed2b8917e13b9d0545777f18cc06,1,,1,[],"[""REQ_13_CSDYW3R"", ""LOCK_13_5JDJCR9"", ""SCOPE_13_NPE9E23"", ""CHECK_13_XLXEMLF"", ""ANCHOR_13_CN8Q7G3"", ""EDGE_13_Q9WE4Z4""]",1,"[""SCOPE_13_GUKQMDZ"", ""CHECK_13_QEU6TMF"", ""FRONTIER_13_ZK5QWAF"", ""MERGE_13_9C2JUSL""]",0,[],0,[],0,0,,clean,,7f77f4a87f29d379b2b8a6ebacdcce48e310102c432258f3a5e5e51cb32db973,ef89f99b2c59299284a867480990bdb0f82675ec24890fa9681bd537f42f2ec4,11b9bfdee6eac6f92acad4d9809081110d0e52717204e6a5a75266c1898c9552,9457691ad57e5a27e3fac8ec577016e6fe600340db3139f1c4d723d16e4367e1,ca26cbc5a7f28d02112e06d7c7d2b74e2b92036292b6a653717e1bbfbd8a0aa1,released_raw_outputs/model_outputs/_probe_ecvs_deepseek_v4pro_visible_state_discriminator_v1_visiblecarry_vs_maturessrloop_18task_2method_3budget_1run/deepseek/mature_ssr_loop__vstdp_v1_mid_13_alias_overwrite_chain__run_1__budget_300.jsonl,13,f5fcb1f76f84b8ea035161c5ba20ed0fd2842ec4c56ab80d98dc90a642d517b6,01cdaf78ccb54a5ced446b1a42674576332a3f4dca33c3affd1b7bbbe1b62871,89262037ee16f735fb197698063eb31538b5d5ee02c2202e607ff0a9eb6d4fe6,_probe_ecvs_deepseek_v4pro_visible_state_discriminator_v1_visiblecarry_vs_maturessrloop_18task_2method_3budget_1run,ssr_loop,8d9db20ce97efe30f85c852e25677be982049e6573365705fe9691ec9b104e37,a1ae2b5e72dcafc44203a2b2e13e8616419ab9ba563b673f74f398400d61f6a0,{},e83e5f36720943793cd894d750a4e149b87149e8afc1f3ba9f39379580fbad40,13,mature_ssr_loop_protocol_v1_ecvs_safe_visible_only,,,,,,,,
_probe_ecvs_deepseek_v4pro_visible_state_discriminator_v1_visiblecarry_vs_maturessrloop_18task_2method_3budget_1run:deepseek_v4pro:mature_ssr_loop:vstdp_v1_mid_13_alias_overwrite_chain:budget_600:run_1,deepseek_v4pro,vstdp_v1_mid_13_alias_overwrite_chain,diagnostic_controlled_transition,,alias_overwrite_chain,,mature_ssr_loop,mature_ssr_loop,600,1,2026-06-19T15:25:10.958691+00:00,2026-06-19T15:26:22.868373+00:00,2026-06-19T15:25:10.958738+00:00,2026-06-19T15:26:22.867413+00:00,37.763,3e55ca0d13b98e22312e2409149f678b77ec9aef1850bb20a2b4dd3b9ddb0b1a,ae9ee266ee137a1c2ff39f33da11bf1b348a53adf8f6711deea688206913b3b2,cff0bce020b88a9a2d3d196f5042a127e5ac1ea6714929d2bf3c0f4bcf5107e5,c81bc3394e770df17b75559786c035a8650b51fe0dfc536d0de4d2275cb6c044,5b3537232587cfb3a150a343171bc927e6ed2f91ae7206cccfc8006fb1b21611,4905317b5f200e6b35322340f5ad78407f9fc8d9c166cd24f83d024a4cc9d724,6d91b7db6f6ecc6962a654e449062c2870004adfc47062d2ad8b74376cc3dd38,6d91b7db6f6ecc6962a654e449062c2870004adfc47062d2ad8b74376cc3dd38,6d91b7db6f6ecc6962a654e449062c2870004adfc47062d2ad8b74376cc3dd38,58a0fd1ab882a25e3a96b570728797ccf9f00e62723ca54e10e593009e9c81ea,direct_provider,deepseek,https://api.deepseek.com,deepseek-v4-pro,https://api.deepseek.com/chat/completions,deepseek-v4-pro,c9da0642059ba98620f7a69e24a1751c9275e916fe3904876738153d2414e896,d36c4b8f2f74aa3f39fbb01515608acead4ab04a35165db758e06a0dcf01ffa9,d914cfc97d9b99822a2b1313c16850fd7be529b097eb356dc8e8e7408a7a00a8,explicit,0,4096,omitted,,omitted,,omitted,,omitted,,omitted,,omitted,,omitted,,omitted,,omitted,,False,thinking.type=disabled,ffe557f53c63f7d0f7e35f80c03f61d8b3548db9e4f51e8dda020b28a920d875,provider_not_exposed,provider_not_exposed,False,,False,False,False,disabled,,stop;stop;stop;stop;stop;stop;stop;stop;stop;stop;stop;stop;stop,stop;stop;stop;stop;stop;stop;stop;stop;stop;stop;stop;stop;stop,8196,2119,0,467,332,0,ssr_priority_compactor,mature_ssr_loop_protocol_v1_ecvs_safe_visible_only,1,1,10,10,10,10,0,e35d91e1786fd3119b02a4e80757170e52f440586c32d3ff973ecdf4c2a8fb3f,1,,1,[],"[""REQ_13_CSDYW3R"", ""LOCK_13_5JDJCR9"", ""SCOPE_13_NPE9E23"", ""CHECK_13_XLXEMLF"", ""ANCHOR_13_CN8Q7G3"", ""EDGE_13_Q9WE4Z4""]",1,"[""SCOPE_13_GUKQMDZ"", ""CHECK_13_QEU6TMF"", ""FRONTIER_13_ZK5QWAF"", ""MERGE_13_9C2JUSL""]",0,[],0,[],0,0,,clean,,f1fee7e7b20b9cdc1e8ce981cede85ae8959c51bf851d7c76e09cc503363a6bc,47809a18d0a41b696cff2b09984ff53cb861810e614c9134f09e04381e55bff3,5732a9a71f5647c75fb848d8a23874fcab88e0d71b6f37a84f2a30b840f0218d,9e5ab69d9784664c7ee19cc53ad39c644d816f06e098041b285c22e24cdcde3a,28f8f30f0f117438705ee621567e6a41d887799f2bd2ab073cdc47b3546471c0,released_raw_outputs/model_outputs/_probe_ecvs_deepseek_v4pro_visible_state_discriminator_v1_visiblecarry_vs_maturessrloop_18task_2method_3budget_1run/deepseek/mature_ssr_loop__vstdp_v1_mid_13_alias_overwrite_chain__run_1__budget_600.jsonl,13,1db6589088615f3e3855007ea9e68afb8f08ea9f29023f57a14ebd6b2e92ef0b,96af3067f2afd21914e58142ddb9c289a6f3ca5b0403b96ea77863c6aee9e87c,bab93e739e239dca515d759b735614025a0c5fee11996e9a16f979719f6484a0,_probe_ecvs_deepseek_v4pro_visible_state_discriminator_v1_visiblecarry_vs_maturessrloop_18task_2method_3budget_1run,ssr_loop,8d9db20ce97efe30f85c852e25677be982049e6573365705fe9691ec9b104e37,a1ae2b5e72dcafc44203a2b2e13e8616419ab9ba563b673f74f398400d61f6a0,{},e83e5f36720943793cd894d750a4e149b87149e8afc1f3ba9f39379580fbad40,13,mature_ssr_loop_protocol_v1_ecvs_safe_visible_only,,,,,,,,
_probe_ecvs_deepseek_v4pro_visible_state_discriminator_v1_visiblecarry_vs_maturessrloop_18task_2method_3budget_1run:deepseek_v4pro:mature_ssr_loop:vstdp_v1_mid_14_pytest_nodeid_alias_retirement:budget_1200:run_1,deepseek_v4pro,vstdp_v1_mid_14_pytest_nodeid_alias_retirement,real_swe_style_controlled_transition,,pytest_nodeid_alias_retirement,,mature_ssr_loop,mature_ssr_loop,1200,1,2026-06-19T15:25:10.960813+00:00,2026-06-19T15:26:28.468779+00:00,2026-06-19T15:25:10.960858+00:00,2026-06-19T15:26:28.467070+00:00,43.349,3e55ca0d13b98e22312e2409149f678b77ec9aef1850bb20a2b4dd3b9ddb0b1a,26816a28dbd7085ac12f834bca0e7c71d213725eaa71902fbb31a31854bb3d28,cff0bce020b88a9a2d3d196f5042a127e5ac1ea6714929d2bf3c0f4bcf5107e5,c70e66c9b0005fbe6a57843456fa198fac246d5aa555b29955348647668112ee,c384d9818ef0d3ad2d0546fb8e9f546a1be7de4b12269508e4d55b8aecc39f75,4905317b5f200e6b35322340f5ad78407f9fc8d9c166cd24f83d024a4cc9d724,6d91b7db6f6ecc6962a654e449062c2870004adfc47062d2ad8b74376cc3dd38,6d91b7db6f6ecc6962a654e449062c2870004adfc47062d2ad8b74376cc3dd38,6d91b7db6f6ecc6962a654e449062c2870004adfc47062d2ad8b74376cc3dd38,58a0fd1ab882a25e3a96b570728797ccf9f00e62723ca54e10e593009e9c81ea,direct_provider,deepseek,https://api.deepseek.com,deepseek-v4-pro,https://api.deepseek.com/chat/completions,deepseek-v4-pro,c9da0642059ba98620f7a69e24a1751c9275e916fe3904876738153d2414e896,d36c4b8f2f74aa3f39fbb01515608acead4ab04a35165db758e06a0dcf01ffa9,d914cfc97d9b99822a2b1313c16850fd7be529b097eb356dc8e8e7408a7a00a8,explicit,0,4096,omitted,,omitted,,omitted,,omitted,,omitted,,omitted,,omitted,,omitted,,omitted,,False,thinking.type=disabled,ffe557f53c63f7d0f7e35f80c03f61d8b3548db9e4f51e8dda020b28a920d875,provider_not_exposed,provider_not_exposed,False,,False,False,False,disabled,,stop;stop;stop;stop;stop;stop;stop;stop;stop;stop;stop;stop;stop,stop;stop;stop;stop;stop;stop;stop;stop;stop;stop;stop;stop;stop,8222,2349,0,437,332,0,ssr_priority_compactor,mature_ssr_loop_protocol_v1_ecvs_safe_visible_only,1,1,10,10,10,10,0,2cdc0fcdaf1f22a71b721874fff726df08b58a9772aeaea03766b94f71130a63,1,,1,[],"[""REQ_14_LSHSZG6"", ""LOCK_14_FRF3RAA"", ""SCOPE_14_757X5GR"", ""CHECK_14_ETP2XWF"", ""ANCHOR_14_P4RH4SB"", ""EDGE_14_5UURTGP""]",1,"[""SCOPE_14_C84UALZ"", ""CHECK_14_G82QN3Y"", ""FRONTIER_14_5KPF4EP"", ""MERGE_14_E8UGKKW""]",0,[],0,[],0,0,,clean,,b223731ce251e214397c25f1e10cab0e31111ed866f83dd1088a23d64b02c60e,ce925713962d56bc0f049376be36f3b4c6baab81c441e7e56b3bcc20986c9900,5c5b970b9ad374aad3dfa3f9505cdb67e09e747a9e20ca5be483611b487f3c6e,f10d5ebe058bdb61db6365b4cfaeaafde463da4ead136b7e0b26a46987f45394,7760136c764888987f600fe69a8d9fca9a015cd913e59c7e2bc6a16f1e5e62af,released_raw_outputs/model_outputs/_probe_ecvs_deepseek_v4pro_visible_state_discriminator_v1_visiblecarry_vs_maturessrloop_18task_2method_3budget_1run/deepseek/mature_ssr_loop__vstdp_v1_mid_14_pytest_nodeid_alias_retirement__run_1__budget_1200.jsonl,13,08b446f25f6999f28c2d2c5e9160d4a24bd159534f88e6e81c47654946c8506a,5cca31db13b5e82b9c3c48c39c4970923a007fddb1d877f52cb385a5fbdb25f8,5f8f492756954dd9798831880aa6ba833bd05fe3f90787b334f1618f6ea1e40f,_probe_ecvs_deepseek_v4pro_visible_state_discriminator_v1_visiblecarry_vs_maturessrloop_18task_2method_3budget_1run,ssr_loop,8d9db20ce97efe30f85c852e25677be982049e6573365705fe9691ec9b104e37,6d1d11df7cf8cc386335c7700b2edf0a492f64780547369960ae743d548a6c39,{},e83e5f36720943793cd894d750a4e149b87149e8afc1f3ba9f39379580fbad40,13,mature_ssr_loop_protocol_v1_ecvs_safe_visible_only,,,,,,,,
_probe_ecvs_deepseek_v4pro_visible_state_discriminator_v1_visiblecarry_vs_maturessrloop_18task_2method_3budget_1run:deepseek_v4pro:mature_ssr_loop:vstdp_v1_mid_14_pytest_nodeid_alias_retirement:budget_300:run_1,deepseek_v4pro,vstdp_v1_mid_14_pytest_nodeid_alias_retirement,real_swe_style_controlled_transition,,pytest_nodeid_alias_retirement,,mature_ssr_loop,mature_ssr_loop,300,1,2026-06-19T15:25:10.960092+00:00,2026-06-19T15:25:44.190937+00:00,2026-06-19T15:25:10.960126+00:00,2026-06-19T15:25:44.190578+00:00,31.225,3e55ca0d13b98e22312e2409149f678b77ec9aef1850bb20a2b4dd3b9ddb0b1a,26816a28dbd7085ac12f834bca0e7c71d213725eaa71902fbb31a31854bb3d28,cff0bce020b88a9a2d3d196f5042a127e5ac1ea6714929d2bf3c0f4bcf5107e5,c70e66c9b0005fbe6a57843456fa198fac246d5aa555b29955348647668112ee,bb8c58d1b311dbdd6fe7bd89f6911e458ea11eb4e0c3661fca41298bab392bba,4905317b5f200e6b35322340f5ad78407f9fc8d9c166cd24f83d024a4cc9d724,6d91b7db6f6ecc6962a654e449062c2870004adfc47062d2ad8b74376cc3dd38,6d91b7db6f6ecc6962a654e449062c2870004adfc47062d2ad8b74376cc3dd38,6d91b7db6f6ecc6962a654e449062c2870004adfc47062d2ad8b74376cc3dd38,58a0fd1ab882a25e3a96b570728797ccf9f00e62723ca54e10e593009e9c81ea,direct_provider,deepseek,https://api.deepseek.com,deepseek-v4-pro,https://api.deepseek.com/chat/completions,deepseek-v4-pro,c9da0642059ba98620f7a69e24a1751c9275e916fe3904876738153d2414e896,d36c4b8f2f74aa3f39fbb01515608acead4ab04a35165db758e06a0dcf01ffa9,d914cfc97d9b99822a2b1313c16850fd7be529b097eb356dc8e8e7408a7a00a8,explicit,0,4096,omitted,,omitted,,omitted,,omitted,,omitted,,omitted,,omitted,,omitted,,omitted,,False,thinking.type=disabled,ffe557f53c63f7d0f7e35f80c03f61d8b3548db9e4f51e8dda020b28a920d875,provider_not_exposed,provider_not_exposed,False,,False,False,False,disabled,,,,0,0,0,0,0,0,none,mature_ssr_loop_protocol_v1_ecvs_safe_visible_only,0,0,0,0,0,0,0,,0,,0,"[""REQ_14_LSHSZG6"", ""LOCK_14_FRF3RAA"", ""SCOPE_14_757X5GR"", ""CHECK_14_ETP2XWF"", ""ANCHOR_14_P4RH4SB"", ""EDGE_14_5UURTGP""]",[],0,[],0,[],0,[],0,1,RemoteDisconnected: Remote end closed connection without response,rerun_required,backend_error,4d5e25582514e501a20c4e3623c47778a0cec45f5128ffc9ea39e213539a1836,7c077ca2308714493d07163e1033c4282bd869ff6d477b3e77408587f95e2930,7c077ca2308714493d07163e1033c4282bd869ff6d477b3e77408587f95e2930,27a95c03b3202b0d6eff18ea2e254bb67153d9cedd94c85c6e39f65f24fe431e,33d5491b52a4e52a6e8301c3872168805b716d39450195936567e2ef2c6a322d,released_raw_outputs/model_outputs/_probe_ecvs_deepseek_v4pro_visible_state_discriminator_v1_visiblecarry_vs_maturessrloop_18task_2method_3budget_1run/deepseek/mature_ssr_loop__vstdp_v1_mid_14_pytest_nodeid_alias_retirement__run_1__budget_300.jsonl,1,baa1cb7b30dedf57c9742f5c9543edfbd642d2bfbc4a9b94c4dd975c5592187e,066c1b71d121f0550a0ac166550c2293db51337b68eb6944e0746223bc7a4539,018b5591226e92da27abe00edded9140529d9a0b0bb816f43128246f5746e68c,_probe_ecvs_deepseek_v4pro_visible_state_discriminator_v1_visiblecarry_vs_maturessrloop_18task_2method_3budget_1run,ssr_loop,8d9db20ce97efe30f85c852e25677be982049e6573365705fe9691ec9b104e37,6d1d11df7cf8cc386335c7700b2edf0a492f64780547369960ae743d548a6c39,{},e83e5f36720943793cd894d750a4e149b87149e8afc1f3ba9f39379580fbad40,1,mature_ssr_loop_protocol_v1_ecvs_safe_visible_only,,,,,,,,
_probe_ecvs_deepseek_v4pro_visible_state_discriminator_v1_visiblecarry_vs_maturessrloop_18task_2method_3budget_1run:deepseek_v4pro:mature_ssr_loop:vstdp_v1_mid_14_pytest_nodeid_alias_retirement:budget_600:run_1,deepseek_v4pro,vstdp_v1_mid_14_pytest_nodeid_alias_retirement,real_swe_style_controlled_transition,,pytest_nodeid_alias_retirement,,mature_ssr_loop,mature_ssr_loop,600,1,2026-06-19T15:25:10.960309+00:00,2026-06-19T15:25:50.959178+00:00,2026-06-19T15:25:10.960478+00:00,2026-06-19T15:25:50.958016+00:00,39.987,3e55ca0d13b98e22312e2409149f678b77ec9aef1850bb20a2b4dd3b9ddb0b1a,26816a28dbd7085ac12f834bca0e7c71d213725eaa71902fbb31a31854bb3d28,cff0bce020b88a9a2d3d196f5042a127e5ac1ea6714929d2bf3c0f4bcf5107e5,c70e66c9b0005fbe6a57843456fa198fac246d5aa555b29955348647668112ee,1a4284be0d45c775d99ce23481b0251d33e76780cbf81f0fddd660341067849d,4905317b5f200e6b35322340f5ad78407f9fc8d9c166cd24f83d024a4cc9d724,6d91b7db6f6ecc6962a654e449062c2870004adfc47062d2ad8b74376cc3dd38,6d91b7db6f6ecc6962a654e449062c2870004adfc47062d2ad8b74376cc3dd38,6d91b7db6f6ecc6962a654e449062c2870004adfc47062d2ad8b74376cc3dd38,58a0fd1ab882a25e3a96b570728797ccf9f00e62723ca54e10e593009e9c81ea,direct_provider,deepseek,https://api.deepseek.com,deepseek-v4-pro,https://api.deepseek.com/chat/completions,deepseek-v4-pro,c9da0642059ba98620f7a69e24a1751c9275e916fe3904876738153d2414e896,d36c4b8f2f74aa3f39fbb01515608acead4ab04a35165db758e06a0dcf01ffa9,d914cfc97d9b99822a2b1313c16850fd7be529b097eb356dc8e8e7408a7a00a8,explicit,0,4096,omitted,,omitted,,omitted,,omitted,,omitted,,omitted,,omitted,,omitted,,omitted,,False,thinking.type=disabled,ffe557f53c63f7d0f7e35f80c03f61d8b3548db9e4f51e8dda020b28a920d875,provider_not_exposed,provider_not_exposed,False,,False,False,False,disabled,,stop;stop;stop;stop;stop;stop;stop;stop;stop;stop;stop;stop;stop,stop;stop;stop;stop;stop;stop;stop;stop;stop;stop;stop;stop;stop,8197,2364,0,677,332,1,ssr_priority_compactor,mature_ssr_loop_protocol_v1_ecvs_safe_visible_only,1,1,10,10,10,10,0,73d3c86cee0382f21aa0c22a301c701a424bda7a388fa743288fbaf14125c0c4,1,,1,[],"[""REQ_14_LSHSZG6"", ""LOCK_14_FRF3RAA"", ""SCOPE_14_757X5GR"", ""CHECK_14_ETP2XWF"", ""ANCHOR_14_P4RH4SB"", ""EDGE_14_5UURTGP""]",1,"[""SCOPE_14_C84UALZ"", ""CHECK_14_G82QN3Y"", ""FRONTIER_14_5KPF4EP"", ""MERGE_14_E8UGKKW""]",0,[],0,[],0,0,,clean,,8c2b7d294217190d0fd1118b09bef18bba2254484eed12066b478f03947521bf,fc6f01a92dc4c3cb45754c633ca20ca9b7583d3227f2d00546a3e476143ecc29,eb655bb7a9f017cc48734d0e7f2825ebe2af62ae2f3b2a4603e6d5bfb9781900,beda495a2a2957e0515e86d41d69e8e814e35d379cd1ab009b4bc22fae6a2afd,e24a4eb39546c2fbdcdbb8b8355d690d7d173fe1542702efd8fea049c09f7e50,released_raw_outputs/model_outputs/_probe_ecvs_deepseek_v4pro_visible_state_discriminator_v1_visiblecarry_vs_maturessrloop_18task_2method_3budget_1run/deepseek/mature_ssr_loop__vstdp_v1_mid_14_pytest_nodeid_alias_retirement__run_1__budget_600.jsonl,13,b3a08e79fd12aa4cfe34fd855fc2ee977d23c479fa46f5ca06cbb71630d77f64,ef83b6678cecacdbcea34ae6590f53b1f008275bd364d40820935d026db791aa,12c19b45c1ed6908df90c16c100e5ebaba537c85a039f54e9a652037d8a809bc,_probe_ecvs_deepseek_v4pro_visible_state_discriminator_v1_visiblecarry_vs_maturessrloop_18task_2method_3budget_1run,ssr_loop,8d9db20ce97efe30f85c852e25677be982049e6573365705fe9691ec9b104e37,6d1d11df7cf8cc386335c7700b2edf0a492f64780547369960ae743d548a6c39,{},e83e5f36720943793cd894d750a4e149b87149e8afc1f3ba9f39379580fbad40,13,mature_ssr_loop_protocol_v1_ecvs_safe_visible_only,,,,,,,,
_probe_ecvs_deepseek_v4pro_visible_state_discriminator_v1_visiblecarry_vs_maturessrloop_18task_2method_3budget_1run:deepseek_v4pro:mature_ssr_loop:vstdp_v1_mid_15_schema_migration_gate:budget_1200:run_1,deepseek_v4pro,vstdp_v1_mid_15_schema_migration_gate,semi_real_controlled_transition,,schema_migration_gate,,mature_ssr_loop,mature_ssr_loop,1200,1,2026-06-19T15:25:10.962779+00:00,2026-06-19T15:25:49.457272+00:00,2026-06-19T15:25:10.962818+00:00,2026-06-19T15:25:49.456255+00:00,38.48,3e55ca0d13b98e22312e2409149f678b77ec9aef1850bb20a2b4dd3b9ddb0b1a,0cf5e42092815ea380fd6b18f21c87c15ffa76fb42f10b53f965e9050e993bcf,cff0bce020b88a9a2d3d196f5042a127e5ac1ea6714929d2bf3c0f4bcf5107e5,5d451df97e6ab2c57e18ab3720e2cb4b6ef0058f54e5307e2ac46832a50a6211,b815a7eda072a5b0b0cc9f9407210b1474e8fee9936a53040521514dfb9edb72,4905317b5f200e6b35322340f5ad78407f9fc8d9c166cd24f83d024a4cc9d724,6d91b7db6f6ecc6962a654e449062c2870004adfc47062d2ad8b74376cc3dd38,6d91b7db6f6ecc6962a654e449062c2870004adfc47062d2ad8b74376cc3dd38,6d91b7db6f6ecc6962a654e449062c2870004adfc47062d2ad8b74376cc3dd38,58a0fd1ab882a25e3a96b570728797ccf9f00e62723ca54e10e593009e9c81ea,direct_provider,deepseek,https://api.deepseek.com,deepseek-v4-pro,https://api.deepseek.com/chat/completions,deepseek-v4-pro,c9da0642059ba98620f7a69e24a1751c9275e916fe3904876738153d2414e896,d36c4b8f2f74aa3f39fbb01515608acead4ab04a35165db758e06a0dcf01ffa9,d914cfc97d9b99822a2b1313c16850fd7be529b097eb356dc8e8e7408a7a00a8,explicit,0,4096,omitted,,omitted,,omitted,,omitted,,omitted,,omitted,,omitted,,omitted,,omitted,,False,thinking.type=disabled,ffe557f53c63f7d0f7e35f80c03f61d8b3548db9e4f51e8dda020b28a920d875,provider_not_exposed,provider_not_exposed,False,,False,False,False,disabled,,stop;stop;stop;stop;stop;stop;stop;stop;stop;stop;stop;stop,stop;stop;stop;stop;stop;stop;stop;stop;stop;stop;stop;stop,7542,2240,0,637,332,0,ssr_priority_compactor,mature_ssr_loop_protocol_v1_ecvs_safe_visible_only,1,1,10,10,10,10,0,18bc840f46aa72c2c24cc52e281a3a802807192ab5e09aa376eecbc286b2485c,1,,1,[],"[""REQ_15_PXBH5QM"", ""LOCK_15_2XVZECF"", ""SCOPE_15_X94C2UP"", ""CHECK_15_W5D77YF"", ""ANCHOR_15_D7BYSK6"", ""EDGE_15_WVJGTB8""]",1,"[""SCOPE_15_TXPTRZD"", ""CHECK_15_EZZT9KP"", ""FRONTIER_15_SSL7ZZ5"", ""MERGE_15_SE45XKE""]",0,[],0,[],0,0,,clean,,44a2e103205afe171ada00317e79b09c21984f6cae610e91a5d6710d3b2511df,d927a2a6665113539c50c6a3bd9e707a8138f2c0a1f7500ccf3df3fbfb9725d1,142a9eb582374fd7f3e2194adec5b00260852fb8e2b1048fdcd41b2f3909c157,84883eab89540e46ba82bae4958b8854f48100d6f15d8aea7e46df2423879874,d6af543560fe63c1179a6d4bcbbc9cb32e950e087d5f910c49fe84ea348f7715,released_raw_outputs/model_outputs/_probe_ecvs_deepseek_v4pro_visible_state_discriminator_v1_visiblecarry_vs_maturessrloop_18task_2method_3budget_1run/deepseek/mature_ssr_loop__vstdp_v1_mid_15_schema_migration_gate__run_1__budget_1200.jsonl,12,a69676f48488dea1d1e84adab722a08f7240faaa88f2932ceb07de78645376de,d37f68c68bb0431e817f6cf1b45f1fa9b5512ba28155db1bc7f12c8caba81a62,f9325d35aef9729b1a52d64a6e326f5be7d76212dd91e1cf1f522c5dff68b3ca,_probe_ecvs_deepseek_v4pro_visible_state_discriminator_v1_visiblecarry_vs_maturessrloop_18task_2method_3budget_1run,ssr_loop,8d9db20ce97efe30f85c852e25677be982049e6573365705fe9691ec9b104e37,867526cbf96c151398d11da4676660684df40203baa4e80fe66b97722fbc3060,{},e83e5f36720943793cd894d750a4e149b87149e8afc1f3ba9f39379580fbad40,12,mature_ssr_loop_protocol_v1_ecvs_safe_visible_only,,,,,,,,
_probe_ecvs_deepseek_v4pro_visible_state_discriminator_v1_visiblecarry_vs_maturessrloop_18task_2method_3budget_1run:deepseek_v4pro:mature_ssr_loop:vstdp_v1_mid_15_schema_migration_gate:budget_300:run_1,deepseek_v4pro,vstdp_v1_mid_15_schema_migration_gate,semi_real_controlled_transition,,schema_migration_gate,,mature_ssr_loop,mature_ssr_loop,300,1,2026-06-19T15:25:10.961727+00:00,2026-06-19T15:26:02.654621+00:00,2026-06-19T15:25:10.961764+00:00,2026-06-19T15:26:02.653629+00:00,34.609,3e55ca0d13b98e22312e2409149f678b77ec9aef1850bb20a2b4dd3b9ddb0b1a,0cf5e42092815ea380fd6b18f21c87c15ffa76fb42f10b53f965e9050e993bcf,cff0bce020b88a9a2d3d196f5042a127e5ac1ea6714929d2bf3c0f4bcf5107e5,5d451df97e6ab2c57e18ab3720e2cb4b6ef0058f54e5307e2ac46832a50a6211,e61a103ef1b83921c8c010837fa1a9e6f015276703ad31d6af6cdd74d0655854,4905317b5f200e6b35322340f5ad78407f9fc8d9c166cd24f83d024a4cc9d724,6d91b7db6f6ecc6962a654e449062c2870004adfc47062d2ad8b74376cc3dd38,6d91b7db6f6ecc6962a654e449062c2870004adfc47062d2ad8b74376cc3dd38,6d91b7db6f6ecc6962a654e449062c2870004adfc47062d2ad8b74376cc3dd38,58a0fd1ab882a25e3a96b570728797ccf9f00e62723ca54e10e593009e9c81ea,direct_provider,deepseek,https://api.deepseek.com,deepseek-v4-pro,https://api.deepseek.com/chat/completions,deepseek-v4-pro,c9da0642059ba98620f7a69e24a1751c9275e916fe3904876738153d2414e896,d36c4b8f2f74aa3f39fbb01515608acead4ab04a35165db758e06a0dcf01ffa9,d914cfc97d9b99822a2b1313c16850fd7be529b097eb356dc8e8e7408a7a00a8,explicit,0,4096,omitted,,omitted,,omitted,,omitted,,omitted,,omitted,,omitted,,omitted,,omitted,,False,thinking.type=disabled,ffe557f53c63f7d0f7e35f80c03f61d8b3548db9e4f51e8dda020b28a920d875,provider_not_exposed,provider_not_exposed,False,,False,False,False,disabled,,stop;stop;stop;stop;stop;stop;stop;stop;stop;stop;stop;stop,stop;stop;stop;stop;stop;stop;stop;stop;stop;stop;stop;stop,7460,1822,0,481,286,1,ssr_priority_compactor,mature_ssr_loop_protocol_v1_ecvs_safe_visible_only,1,1,10,10,10,10,0,13829e76844e4b50ed311d9748e37ca69d53a8b43565924cd49b0059b2709bef,1,,1,[],"[""REQ_15_PXBH5QM"", ""LOCK_15_2XVZECF"", ""SCOPE_15_X94C2UP"", ""CHECK_15_W5D77YF"", ""ANCHOR_15_D7BYSK6"", ""EDGE_15_WVJGTB8""]",1,"[""SCOPE_15_TXPTRZD"", ""CHECK_15_EZZT9KP"", ""FRONTIER_15_SSL7ZZ5"", ""MERGE_15_SE45XKE""]",0,[],0,[],0,0,,clean,,4d8c1033f60e35113cdbfd899b82d84c471124e0856b38bd4798f27ac85b157c,197d8727a24fe41cb155e7283bb5531e4d1c23db1a63b04ecea5b389520cd5af,91e61c179c307a59d30a90c150d1dbabe938add5ad034c480697c57ddaab6b03,356dd4d124767afb3d98a4d36843523852b592b894271904f14525c561b06b32,9f6b21528c372a6af8d05102f36ed3e6756b977ff15479174d4e71ad5395a261,released_raw_outputs/model_outputs/_probe_ecvs_deepseek_v4pro_visible_state_discriminator_v1_visiblecarry_vs_maturessrloop_18task_2method_3budget_1run/deepseek/mature_ssr_loop__vstdp_v1_mid_15_schema_migration_gate__run_1__budget_300.jsonl,12,3e60fc6f378147c0e661cd80a98c092653aedfcfe3031af41f8c0ad7997b12c0,ecc4f1aabcd9342842d0bbd952ce6a8a2338175c8c44828d52e5670c676d43d9,58d69e9d8003ce259249a2c2412ef75ca8f11cac530115c13e463145b614b3a7,_probe_ecvs_deepseek_v4pro_visible_state_discriminator_v1_visiblecarry_vs_maturessrloop_18task_2method_3budget_1run,ssr_loop,8d9db20ce97efe30f85c852e25677be982049e6573365705fe9691ec9b104e37,867526cbf96c151398d11da4676660684df40203baa4e80fe66b97722fbc3060,{},e83e5f36720943793cd894d750a4e149b87149e8afc1f3ba9f39379580fbad40,12,mature_ssr_loop_protocol_v1_ecvs_safe_visible_only,,,,,,,,
_probe_ecvs_deepseek_v4pro_visible_state_discriminator_v1_visiblecarry_vs_maturessrloop_18task_2method_3budget_1run:deepseek_v4pro:mature_ssr_loop:vstdp_v1_mid_15_schema_migration_gate:budget_600:run_1,deepseek_v4pro,vstdp_v1_mid_15_schema_migration_gate,semi_real_controlled_transition,,schema_migration_gate,,mature_ssr_loop,mature_ssr_loop,600,1,2026-06-19T15:25:10.961914+00:00,2026-06-19T15:26:06.349549+00:00,2026-06-19T15:25:10.961947+00:00,2026-06-19T15:26:06.348566+00:00,37.293,3e55ca0d13b98e22312e2409149f678b77ec9aef1850bb20a2b4dd3b9ddb0b1a,0cf5e42092815ea380fd6b18f21c87c15ffa76fb42f10b53f965e9050e993bcf,cff0bce020b88a9a2d3d196f5042a127e5ac1ea6714929d2bf3c0f4bcf5107e5,5d451df97e6ab2c57e18ab3720e2cb4b6ef0058f54e5307e2ac46832a50a6211,1e3a3ffd5b145596e8369dd5b360bfb9023c2bace051f0016290ae30b8ca26ee,4905317b5f200e6b35322340f5ad78407f9fc8d9c166cd24f83d024a4cc9d724,6d91b7db6f6ecc6962a654e449062c2870004adfc47062d2ad8b74376cc3dd38,6d91b7db6f6ecc6962a654e449062c2870004adfc47062d2ad8b74376cc3dd38,6d91b7db6f6ecc6962a654e449062c2870004adfc47062d2ad8b74376cc3dd38,58a0fd1ab882a25e3a96b570728797ccf9f00e62723ca54e10e593009e9c81ea,direct_provider,deepseek,https://api.deepseek.com,deepseek-v4-pro,https://api.deepseek.com/chat/completions,deepseek-v4-pro,c9da0642059ba98620f7a69e24a1751c9275e916fe3904876738153d2414e896,d36c4b8f2f74aa3f39fbb01515608acead4ab04a35165db758e06a0dcf01ffa9,d914cfc97d9b99822a2b1313c16850fd7be529b097eb356dc8e8e7408a7a00a8,explicit,0,4096,omitted,,omitted,,omitted,,omitted,,omitted,,omitted,,omitted,,omitted,,omitted,,False,thinking.type=disabled,ffe557f53c63f7d0f7e35f80c03f61d8b3548db9e4f51e8dda020b28a920d875,provider_not_exposed,provider_not_exposed,False,,False,False,False,disabled,,stop;stop;stop;stop;stop;stop;stop;stop;stop;stop;stop;stop,stop;stop;stop;stop;stop;stop;stop;stop;stop;stop;stop;stop,7519,2094,0,463,332,0,ssr_priority_compactor,mature_ssr_loop_protocol_v1_ecvs_safe_visible_only,1,1,10,10,10,10,0,f30152f8348a74cd313ab11a0e2fa53fcfe8beac036500954923892685a4756e,1,,1,[],"[""REQ_15_PXBH5QM"", ""LOCK_15_2XVZECF"", ""SCOPE_15_X94C2UP"", ""CHECK_15_W5D77YF"", ""ANCHOR_15_D7BYSK6"", ""EDGE_15_WVJGTB8""]",1,"[""SCOPE_15_TXPTRZD"", ""CHECK_15_EZZT9KP"", ""FRONTIER_15_SSL7ZZ5"", ""MERGE_15_SE45XKE""]",0,[],0,[],0,0,,clean,,55a79d422c539d4245b9a934f86bb59d3281fcee8d6196143aa68652139aafd8,2e78b7eea9bf65c5fd61fed278b7aa617dbbf9f568bdb95587377f39b8422776,790c866b6d618d6d7c70bffe38bd2a9383aecbb4d320eb85de864268a4e4b411,3f5981051c476d6f5bccd57fe6783604a9108f39b4b5780c171f3ae14c023132,aebddcbf0806ef1d1e4a744d817cb6a614ed507cfaae12a644983a2b73896ace,released_raw_outputs/model_outputs/_probe_ecvs_deepseek_v4pro_visible_state_discriminator_v1_visiblecarry_vs_maturessrloop_18task_2method_3budget_1run/deepseek/mature_ssr_loop__vstdp_v1_mid_15_schema_migration_gate__run_1__budget_600.jsonl,12,6c54758a2ca3e434f82c3f6f1f978fb2ab75ebbb4bc0079cc501c3eb966707cc,c496de9f384e95765fcd5f1643cd75d8372fe8f0f72cd49eb4ba2396ae05c8c8,b655de91b4e7bbf2e9c2e424c0f2664831230ea777e051b5e0f3aff23e69a291,_probe_ecvs_deepseek_v4pro_visible_state_discriminator_v1_visiblecarry_vs_maturessrloop_18task_2method_3budget_1run,ssr_loop,8d9db20ce97efe30f85c852e25677be982049e6573365705fe9691ec9b104e37,867526cbf96c151398d11da4676660684df40203baa4e80fe66b97722fbc3060,{},e83e5f36720943793cd894d750a4e149b87149e8afc1f3ba9f39379580fbad40,12,mature_ssr_loop_protocol_v1_ecvs_safe_visible_only,,,,,,,,
_probe_ecvs_deepseek_v4pro_visible_state_discriminator_v1_visiblecarry_vs_maturessrloop_18task_2method_3budget_1run:deepseek_v4pro:mature_ssr_loop:vstdp_v1_mid_16_telemetry_field_retirement:budget_1200:run_1,deepseek_v4pro,vstdp_v1_mid_16_telemetry_field_retirement,semi_real_controlled_transition,,telemetry_field_retirement,,mature_ssr_loop,mature_ssr_loop,1200,1,2026-06-19T15:25:10.965618+00:00,2026-06-19T15:25:53.998934+00:00,2026-06-19T15:25:10.965656+00:00,2026-06-19T15:25:53.996774+00:00,43.015,3e55ca0d13b98e22312e2409149f678b77ec9aef1850bb20a2b4dd3b9ddb0b1a,422262e023b765eed90bf66a0bde9e64aceacbaa7d8f3459190b65fb832aaab5,cff0bce020b88a9a2d3d196f5042a127e5ac1ea6714929d2bf3c0f4bcf5107e5,c9881824aa9fb68b12db2016ec4d6519368f0bde4748168846da820e539a0d3c,34384f02cf2cac08e53b7cae453efa47b191e40451e608addf9deb20e583281d,4905317b5f200e6b35322340f5ad78407f9fc8d9c166cd24f83d024a4cc9d724,6d91b7db6f6ecc6962a654e449062c2870004adfc47062d2ad8b74376cc3dd38,6d91b7db6f6ecc6962a654e449062c2870004adfc47062d2ad8b74376cc3dd38,6d91b7db6f6ecc6962a654e449062c2870004adfc47062d2ad8b74376cc3dd38,58a0fd1ab882a25e3a96b570728797ccf9f00e62723ca54e10e593009e9c81ea,direct_provider,deepseek,https://api.deepseek.com,deepseek-v4-pro,https://api.deepseek.com/chat/completions,deepseek-v4-pro,c9da0642059ba98620f7a69e24a1751c9275e916fe3904876738153d2414e896,d36c4b8f2f74aa3f39fbb01515608acead4ab04a35165db758e06a0dcf01ffa9,d914cfc97d9b99822a2b1313c16850fd7be529b097eb356dc8e8e7408a7a00a8,explicit,0,4096,omitted,,omitted,,omitted,,omitted,,omitted,,omitted,,omitted,,omitted,,omitted,,False,thinking.type=disabled,ffe557f53c63f7d0f7e35f80c03f61d8b3548db9e4f51e8dda020b28a920d875,provider_not_exposed,provider_not_exposed,False,,False,False,False,disabled,,stop;stop;stop;stop;stop;stop;stop;stop;stop;stop;stop;stop;stop,stop;stop;stop;stop;stop;stop;stop;stop;stop;stop;stop;stop;stop,8163,2537,0,685,332,0,ssr_priority_compactor,mature_ssr_loop_protocol_v1_ecvs_safe_visible_only,1,1,10,10,10,10,0,4763bebc825d2e01a98bfb6e52096953cdce37b5e1c4b338593eee20f8ab3e77,1,,1,[],"[""REQ_16_CLBNFNA"", ""LOCK_16_YWDDB8Z"", ""SCOPE_16_L7RELRR"", ""CHECK_16_NHC44U7"", ""ANCHOR_16_YZR6RU7"", ""EDGE_16_G97EHRY""]",1,"[""SCOPE_16_J8ADYQU"", ""CHECK_16_72UR4SV"", ""FRONTIER_16_JAL5ZQW"", ""MERGE_16_HCLSSHN""]",0,[],0,[],0,0,,clean,,456a28a6fc9e43b8f3e7dfba10480220e21af0270f05ac6181d91fd1d9c65e1d,103d3b58400b713335c9603338399034e41c57fd16913e70675e6607c221a72e,c548794e4cbf0fad6e1b5bc5ec623a197df29440c02d32d60e8f0189b57a4f4e,084675ca408d36c10711856990ef31197303655370e9dc71f33d995f0b16a39c,4d7471abbe71e71395da5c9e687d49275e3a53b5ada49b2a137d3ee3cfd76e97,released_raw_outputs/model_outputs/_probe_ecvs_deepseek_v4pro_visible_state_discriminator_v1_visiblecarry_vs_maturessrloop_18task_2method_3budget_1run/deepseek/mature_ssr_loop__vstdp_v1_mid_16_telemetry_field_retirement__run_1__budget_1200.jsonl,13,d78f3f63c975577b3ad3be0801375875ceb6d34c7c1300bf836f00f86c5c980f,66e12daef2c4c1dfb2e27f4f75f60df4ef00a368e1f5c917b1be163da3088a30,647197a723ba0cb20ce765dd0315f235a6a874ca4e35753c10de7a79c696dd3d,_probe_ecvs_deepseek_v4pro_visible_state_discriminator_v1_visiblecarry_vs_maturessrloop_18task_2method_3budget_1run,ssr_loop,8d9db20ce97efe30f85c852e25677be982049e6573365705fe9691ec9b104e37,d08ffab6c6e54707bb8e233c11c9d3b5c6a93b1b883613093f0a321e82364d9e,{},e83e5f36720943793cd894d750a4e149b87149e8afc1f3ba9f39379580fbad40,13,mature_ssr_loop_protocol_v1_ecvs_safe_visible_only,,,,,,,,
_probe_ecvs_deepseek_v4pro_visible_state_discriminator_v1_visiblecarry_vs_maturessrloop_18task_2method_3budget_1run:deepseek_v4pro:mature_ssr_loop:vstdp_v1_mid_16_telemetry_field_retirement:budget_300:run_1,deepseek_v4pro,vstdp_v1_mid_16_telemetry_field_retirement,semi_real_controlled_transition,,telemetry_field_retirement,,mature_ssr_loop,mature_ssr_loop,300,1,2026-06-19T15:25:10.963580+00:00,2026-06-19T15:26:21.356649+00:00,2026-06-19T15:25:10.963621+00:00,2026-06-19T15:26:21.355603+00:00,35.243,3e55ca0d13b98e22312e2409149f678b77ec9aef1850bb20a2b4dd3b9ddb0b1a,422262e023b765eed90bf66a0bde9e64aceacbaa7d8f3459190b65fb832aaab5,cff0bce020b88a9a2d3d196f5042a127e5ac1ea6714929d2bf3c0f4bcf5107e5,c9881824aa9fb68b12db2016ec4d6519368f0bde4748168846da820e539a0d3c,72c88268801f07ec96e5f04b4f517649389c04d907ebdb199a8462540a7614ae,4905317b5f200e6b35322340f5ad78407f9fc8d9c166cd24f83d024a4cc9d724,6d91b7db6f6ecc6962a654e449062c2870004adfc47062d2ad8b74376cc3dd38,6d91b7db6f6ecc6962a654e449062c2870004adfc47062d2ad8b74376cc3dd38,6d91b7db6f6ecc6962a654e449062c2870004adfc47062d2ad8b74376cc3dd38,58a0fd1ab882a25e3a96b570728797ccf9f00e62723ca54e10e593009e9c81ea,direct_provider,deepseek,https://api.deepseek.com,deepseek-v4-pro,https://api.deepseek.com/chat/completions,deepseek-v4-pro,c9da0642059ba98620f7a69e24a1751c9275e916fe3904876738153d2414e896,d36c4b8f2f74aa3f39fbb01515608acead4ab04a35165db758e06a0dcf01ffa9,d914cfc97d9b99822a2b1313c16850fd7be529b097eb356dc8e8e7408a7a00a8,explicit,0,4096,omitted,,omitted,,omitted,,omitted,,omitted,,omitted,,omitted,,omitted,,omitted,,False,thinking.type=disabled,ffe557f53c63f7d0f7e35f80c03f61d8b3548db9e4f51e8dda020b28a920d875,provider_not_exposed,provider_not_exposed,False,,False,False,False,disabled,,stop;stop;stop;stop;stop;stop;stop;stop;stop;stop;stop;stop;stop,stop;stop;stop;stop;stop;stop;stop;stop;stop;stop;stop;stop;stop,8071,2092,0,489,286,1,ssr_priority_compactor,mature_ssr_loop_protocol_v1_ecvs_safe_visible_only,1,1,10,10,10,10,0,c25d9d8d707a3fbb4a437a4f8001027d5caed5502199af36d1797b1c55504050,1,,1,[],"[""REQ_16_CLBNFNA"", ""LOCK_16_YWDDB8Z"", ""SCOPE_16_L7RELRR"", ""CHECK_16_NHC44U7"", ""ANCHOR_16_YZR6RU7"", ""EDGE_16_G97EHRY""]",1,"[""SCOPE_16_J8ADYQU"", ""CHECK_16_72UR4SV"", ""FRONTIER_16_JAL5ZQW"", ""MERGE_16_HCLSSHN""]",0,[],0,[],0,0,,clean,,5090a1161a99d0d79e308b027038085ec266740165dc28974459696a4987f5bc,4ee9a4717d4fbe1abbfdc053be161a86562a2bd8adf999dfe99fde5cdd8a6ed1,227a922ba1c4b575a79e3c750a41dd0b9bec33e0e49635a4e6e1367defd81ea3,183dbec09d843258e7abb2f7c2449b52197f9e93174593edbfeb6f97f47da1c2,4c2ba5eaf4f4862ba73ccd4df9c778f02441ee900c814a2967fede246a2144a9,released_raw_outputs/model_outputs/_probe_ecvs_deepseek_v4pro_visible_state_discriminator_v1_visiblecarry_vs_maturessrloop_18task_2method_3budget_1run/deepseek/mature_ssr_loop__vstdp_v1_mid_16_telemetry_field_retirement__run_1__budget_300.jsonl,13,443f238c125ccdc5b5fbfe93541858e5b0f977f6d5849b045748e102dc5a706e,f9fe08f680037c2e2ec6abc6635120a7eac6961253da7ff9175ab46f821f0035,98b2484a1a70a36e647d82702d41da236db252b594d2b34145297a9436602415,_probe_ecvs_deepseek_v4pro_visible_state_discriminator_v1_visiblecarry_vs_maturessrloop_18task_2method_3budget_1run,ssr_loop,8d9db20ce97efe30f85c852e25677be982049e6573365705fe9691ec9b104e37,d08ffab6c6e54707bb8e233c11c9d3b5c6a93b1b883613093f0a321e82364d9e,{},e83e5f36720943793cd894d750a4e149b87149e8afc1f3ba9f39379580fbad40,13,mature_ssr_loop_protocol_v1_ecvs_safe_visible_only,,,,,,,,
_probe_ecvs_deepseek_v4pro_visible_state_discriminator_v1_visiblecarry_vs_maturessrloop_18task_2method_3budget_1run:deepseek_v4pro:mature_ssr_loop:vstdp_v1_mid_16_telemetry_field_retirement:budget_600:run_1,deepseek_v4pro,vstdp_v1_mid_16_telemetry_field_retirement,semi_real_controlled_transition,,telemetry_field_retirement,,mature_ssr_loop,mature_ssr_loop,600,1,2026-06-19T15:25:10.964162+00:00,2026-06-19T15:26:09.839510+00:00,2026-06-19T15:25:10.964222+00:00,2026-06-19T15:26:09.838372+00:00,41.804,3e55ca0d13b98e22312e2409149f678b77ec9aef1850bb20a2b4dd3b9ddb0b1a,422262e023b765eed90bf66a0bde9e64aceacbaa7d8f3459190b65fb832aaab5,cff0bce020b88a9a2d3d196f5042a127e5ac1ea6714929d2bf3c0f4bcf5107e5,c9881824aa9fb68b12db2016ec4d6519368f0bde4748168846da820e539a0d3c,418e46f62fcf2046d2437f9a753fc7ea3b6978240277f6edd1496b71bdd457c1,4905317b5f200e6b35322340f5ad78407f9fc8d9c166cd24f83d024a4cc9d724,6d91b7db6f6ecc6962a654e449062c2870004adfc47062d2ad8b74376cc3dd38,6d91b7db6f6ecc6962a654e449062c2870004adfc47062d2ad8b74376cc3dd38,6d91b7db6f6ecc6962a654e449062c2870004adfc47062d2ad8b74376cc3dd38,58a0fd1ab882a25e3a96b570728797ccf9f00e62723ca54e10e593009e9c81ea,direct_provider,deepseek,https://api.deepseek.com,deepseek-v4-pro,https://api.deepseek.com/chat/completions,deepseek-v4-pro,c9da0642059ba98620f7a69e24a1751c9275e916fe3904876738153d2414e896,d36c4b8f2f74aa3f39fbb01515608acead4ab04a35165db758e06a0dcf01ffa9,d914cfc97d9b99822a2b1313c16850fd7be529b097eb356dc8e8e7408a7a00a8,explicit,0,4096,omitted,,omitted,,omitted,,omitted,,omitted,,omitted,,omitted,,omitted,,omitted,,False,thinking.type=disabled,ffe557f53c63f7d0f7e35f80c03f61d8b3548db9e4f51e8dda020b28a920d875,provider_not_exposed,provider_not_exposed,False,,False,False,False,disabled,,stop;stop;stop;stop;stop;stop;stop;stop;stop;stop;stop;stop;stop,stop;stop;stop;stop;stop;stop;stop;stop;stop;stop;stop;stop;stop,8138,2320,0,647,332,1,ssr_priority_compactor,mature_ssr_loop_protocol_v1_ecvs_safe_visible_only,1,1,10,10,10,10,0,f6d373ad2f98fc7ebff81a9f92c011e0db37259510c41a87abfae35a75296375,1,,1,[],"[""REQ_16_CLBNFNA"", ""LOCK_16_YWDDB8Z"", ""SCOPE_16_L7RELRR"", ""CHECK_16_NHC44U7"", ""ANCHOR_16_YZR6RU7"", ""EDGE_16_G97EHRY""]",1,"[""SCOPE_16_J8ADYQU"", ""CHECK_16_72UR4SV"", ""FRONTIER_16_JAL5ZQW"", ""MERGE_16_HCLSSHN""]",0,[],0,[],0,0,,clean,,b02081191c1b9ee9f86fbf26ccf91cc419376bf0e86854f1030813235cdd253b,1ef6c5a025873edd1495edf1b644f4998e78ddd27378531124fcaa1e6a074754,6482d484672bad89b3c017ebe6038cfbe35c7ab8d2cfd0a203d35bd539d90c93,8ca6bcbeb3565ddfb8c0938b253f621076aaeae6a4c667b76dd1339aa4147e2f,c8945a9f458c5474998234599c3846b7e7870d20db3625f7d3254bdf3c910cc9,released_raw_outputs/model_outputs/_probe_ecvs_deepseek_v4pro_visible_state_discriminator_v1_visiblecarry_vs_maturessrloop_18task_2method_3budget_1run/deepseek/mature_ssr_loop__vstdp_v1_mid_16_telemetry_field_retirement__run_1__budget_600.jsonl,13,35f81a8b3a8cf3c0d36086aab36b486af9a16ef3012dfa773aa6853920873fe9,cf4353d3a28c04cd498b9c581b712c76057b32f1cfced15dc476e72df29fbbdd,597ba0fb6e11412140d59be1b08dbc7ae4aa6358d84c11c92eb3a5a9127589bf,_probe_ecvs_deepseek_v4pro_visible_state_discriminator_v1_visiblecarry_vs_maturessrloop_18task_2method_3budget_1run,ssr_loop,8d9db20ce97efe30f85c852e25677be982049e6573365705fe9691ec9b104e37,d08ffab6c6e54707bb8e233c11c9d3b5c6a93b1b883613093f0a321e82364d9e,{},e83e5f36720943793cd894d750a4e149b87149e8afc1f3ba9f39379580fbad40,13,mature_ssr_loop_protocol_v1_ecvs_safe_visible_only,,,,,,,,
_probe_ecvs_deepseek_v4pro_visible_state_discriminator_v1_visiblecarry_vs_maturessrloop_18task_2method_3budget_1run:deepseek_v4pro:mature_ssr_loop:vstdp_v1_mid_17_route_precedence_shift:budget_1200:run_1,deepseek_v4pro,vstdp_v1_mid_17_route_precedence_shift,semi_real_controlled_transition,,route_precedence_shift,,mature_ssr_loop,mature_ssr_loop,1200,1,2026-06-19T15:25:41.198557+00:00,2026-06-19T15:26:34.957732+00:00,2026-06-19T15:25:41.198609+00:00,2026-06-19T15:26:34.956240+00:00,36.683,3e55ca0d13b98e22312e2409149f678b77ec9aef1850bb20a2b4dd3b9ddb0b1a,e8bfec4819e8e87e9fc1cd96b88e88e35b70223deed5c2bc5229da78de67fad0,cff0bce020b88a9a2d3d196f5042a127e5ac1ea6714929d2bf3c0f4bcf5107e5,98302907cfaaf17e09e5868a8211fb0c67a2b38517ca1be6593583a8d6af3956,7d0ba4beb74dad4fe3876d012f259b8f00d3f2391149b839e2010efb0099a9ab,4905317b5f200e6b35322340f5ad78407f9fc8d9c166cd24f83d024a4cc9d724,6d91b7db6f6ecc6962a654e449062c2870004adfc47062d2ad8b74376cc3dd38,6d91b7db6f6ecc6962a654e449062c2870004adfc47062d2ad8b74376cc3dd38,6d91b7db6f6ecc6962a654e449062c2870004adfc47062d2ad8b74376cc3dd38,58a0fd1ab882a25e3a96b570728797ccf9f00e62723ca54e10e593009e9c81ea,direct_provider,deepseek,https://api.deepseek.com,deepseek-v4-pro,https://api.deepseek.com/chat/completions,deepseek-v4-pro,c9da0642059ba98620f7a69e24a1751c9275e916fe3904876738153d2414e896,d36c4b8f2f74aa3f39fbb01515608acead4ab04a35165db758e06a0dcf01ffa9,d914cfc97d9b99822a2b1313c16850fd7be529b097eb356dc8e8e7408a7a00a8,explicit,0,4096,omitted,,omitted,,omitted,,omitted,,omitted,,omitted,,omitted,,omitted,,omitted,,False,thinking.type=disabled,ffe557f53c63f7d0f7e35f80c03f61d8b3548db9e4f51e8dda020b28a920d875,provider_not_exposed,provider_not_exposed,False,,False,False,False,disabled,,stop;stop;stop;stop;stop;stop;stop;stop;stop;stop;stop;stop,stop;stop;stop;stop;stop;stop;stop;stop;stop;stop;stop;stop,7536,2191,0,698,336,0,ssr_priority_compactor,mature_ssr_loop_protocol_v1_ecvs_safe_visible_only,1,1,10,10,10,10,0,5a6a288ee5ab1603cde540435c1e1d31edf4123eadfcb668754113f9c24133da,1,,0,"[""EDGE_17_NUAWT2Y""]","[""REQ_17_WKAM28V"", ""LOCK_17_AZJUYSW"", ""SCOPE_17_6CDYDBN"", ""CHECK_17_BK2AMDH"", ""ANCHOR_17_SNFZU2S"", ""FRONTIER_17_KH4WEMK""]",1,"[""SCOPE_17_VLUSLNP"", ""CHECK_17_FKFVVMD"", ""FRONTIER_17_Z7QYMQW"", ""MERGE_17_G4R6L65""]",0,[],0,[],0,0,,clean,,45f01e2674c6ecdfd4457c275129beef8e4ba3e38a05b80116f6225dc30a5d12,b31fed178b8346b8aeed8dd383a7c0c73fb6e6a62eb720995b568b3610548231,394b5f091af984e65bb4e9999abf93538d0dcbc3807e60216bfc6e972db8aabc,9c4c6d76e9f07e585c39184b18929a4d8c097e43d9dbd0f47e2ca6293b93a5ad,8f87d36c5c8e6309ca1949732506fd40c30ba24db70004e7dc2c10fea1a95238,released_raw_outputs/model_outputs/_probe_ecvs_deepseek_v4pro_visible_state_discriminator_v1_visiblecarry_vs_maturessrloop_18task_2method_3budget_1run/deepseek/mature_ssr_loop__vstdp_v1_mid_17_route_precedence_shift__run_1__budget_1200.jsonl,12,f6d3ade1f02b7ae3bf383abc8a9601f41da23c2bcb3b4b0dc1f41a0db16773b7,4523fdc5ddb86eb37bd01063071057f11a2f3d1f26a812580836b546e3b792a8,96fc369c5a993be348b7f8358502c38911e540efd87102ebadf516587f3abe1b,_probe_ecvs_deepseek_v4pro_visible_state_discriminator_v1_visiblecarry_vs_maturessrloop_18task_2method_3budget_1run,ssr_loop,8d9db20ce97efe30f85c852e25677be982049e6573365705fe9691ec9b104e37,d4deafc3c73bb45a629d6b5707b1281b731bd1e4fd995d6162620c538ff479cc,{},e83e5f36720943793cd894d750a4e149b87149e8afc1f3ba9f39379580fbad40,12,mature_ssr_loop_protocol_v1_ecvs_safe_visible_only,,,,,,,,
_probe_ecvs_deepseek_v4pro_visible_state_discriminator_v1_visiblecarry_vs_maturessrloop_18task_2method_3budget_1run:deepseek_v4pro:mature_ssr_loop:vstdp_v1_mid_17_route_precedence_shift:budget_300:run_1,deepseek_v4pro,vstdp_v1_mid_17_route_precedence_shift,semi_real_controlled_transition,,route_precedence_shift,,mature_ssr_loop,mature_ssr_loop,300,1,2026-06-19T15:25:10.965406+00:00,2026-06-19T15:26:03.209447+00:00,2026-06-19T15:25:10.965451+00:00,2026-06-19T15:26:03.208411+00:00,35.168,3e55ca0d13b98e22312e2409149f678b77ec9aef1850bb20a2b4dd3b9ddb0b1a,e8bfec4819e8e87e9fc1cd96b88e88e35b70223deed5c2bc5229da78de67fad0,cff0bce020b88a9a2d3d196f5042a127e5ac1ea6714929d2bf3c0f4bcf5107e5,98302907cfaaf17e09e5868a8211fb0c67a2b38517ca1be6593583a8d6af3956,ecefb7901b01b22340ece32bdfa43fc9b5c484d1b31bb7fab2f0a3f5b294bd4e,4905317b5f200e6b35322340f5ad78407f9fc8d9c166cd24f83d024a4cc9d724,6d91b7db6f6ecc6962a654e449062c2870004adfc47062d2ad8b74376cc3dd38,6d91b7db6f6ecc6962a654e449062c2870004adfc47062d2ad8b74376cc3dd38,6d91b7db6f6ecc6962a654e449062c2870004adfc47062d2ad8b74376cc3dd38,58a0fd1ab882a25e3a96b570728797ccf9f00e62723ca54e10e593009e9c81ea,direct_provider,deepseek,https://api.deepseek.com,deepseek-v4-pro,https://api.deepseek.com/chat/completions,deepseek-v4-pro,c9da0642059ba98620f7a69e24a1751c9275e916fe3904876738153d2414e896,d36c4b8f2f74aa3f39fbb01515608acead4ab04a35165db758e06a0dcf01ffa9,d914cfc97d9b99822a2b1313c16850fd7be529b097eb356dc8e8e7408a7a00a8,explicit,0,4096,omitted,,omitted,,omitted,,omitted,,omitted,,omitted,,omitted,,omitted,,omitted,,False,thinking.type=disabled,ffe557f53c63f7d0f7e35f80c03f61d8b3548db9e4f51e8dda020b28a920d875,provider_not_exposed,provider_not_exposed,False,,False,False,False,disabled,,stop;stop;stop;stop;stop;stop;stop;stop;stop;stop;stop;stop,stop;stop;stop;stop;stop;stop;stop;stop;stop;stop;stop;stop,7454,1953,0,507,290,1,ssr_priority_compactor,mature_ssr_loop_protocol_v1_ecvs_safe_visible_only,1,1,10,10,10,10,0,99febafa3b30ef1c56f55350ee9e35f6f45df06bb3eecb6253fd1f5f98774d4f,1,,0,"[""EDGE_17_NUAWT2Y""]","[""REQ_17_WKAM28V"", ""LOCK_17_AZJUYSW"", ""SCOPE_17_6CDYDBN"", ""CHECK_17_BK2AMDH"", ""ANCHOR_17_SNFZU2S"", ""FRONTIER_17_KH4WEMK""]",1,"[""SCOPE_17_VLUSLNP"", ""CHECK_17_FKFVVMD"", ""FRONTIER_17_Z7QYMQW"", ""MERGE_17_G4R6L65""]",0,[],0,[],0,0,,clean,,14a04b630454a550794951844251726135724ff797ff9431ea7733f6bbfb2c19,a9a956d7db710d3d01016bc46382172a11aa67bca00c3f52426dd55f89edf408,2a6d82686ec2a5703a3ffb761d654f2064692637e271d53881bbb8346da4d3b7,dc88c6816d31e67d957b2d4af36628a2b0d56fd54fe649508a737718a280cef7,f79b356ecb5345ffd3736d679f14ce0073950d78d7a4932535056bd5e0a22581,released_raw_outputs/model_outputs/_probe_ecvs_deepseek_v4pro_visible_state_discriminator_v1_visiblecarry_vs_maturessrloop_18task_2method_3budget_1run/deepseek/mature_ssr_loop__vstdp_v1_mid_17_route_precedence_shift__run_1__budget_300.jsonl,12,b04ee64ee0524456f3080dd5c9463a3deb8fd62c563295b18c2ac6a2de8bf29a,c763d95b0776e2123fccb27acc3da81e68b15d44165aae3eec6d8344f1beb296,6590ab3478fb4b0cdc2b3402a2fe0d95f8135db32468e933379d45fc1664a4b0,_probe_ecvs_deepseek_v4pro_visible_state_discriminator_v1_visiblecarry_vs_maturessrloop_18task_2method_3budget_1run,ssr_loop,8d9db20ce97efe30f85c852e25677be982049e6573365705fe9691ec9b104e37,d4deafc3c73bb45a629d6b5707b1281b731bd1e4fd995d6162620c538ff479cc,{},e83e5f36720943793cd894d750a4e149b87149e8afc1f3ba9f39379580fbad40,12,mature_ssr_loop_protocol_v1_ecvs_safe_visible_only,,,,,,,,
_probe_ecvs_deepseek_v4pro_visible_state_discriminator_v1_visiblecarry_vs_maturessrloop_18task_2method_3budget_1run:deepseek_v4pro:mature_ssr_loop:vstdp_v1_mid_17_route_precedence_shift:budget_600:run_1,deepseek_v4pro,vstdp_v1_mid_17_route_precedence_shift,semi_real_controlled_transition,,route_precedence_shift,,mature_ssr_loop,mature_ssr_loop,600,1,2026-06-19T15:25:40.800641+00:00,2026-06-19T15:26:31.587426+00:00,2026-06-19T15:25:40.800705+00:00,2026-06-19T15:26:31.584069+00:00,33.702,3e55ca0d13b98e22312e2409149f678b77ec9aef1850bb20a2b4dd3b9ddb0b1a,e8bfec4819e8e87e9fc1cd96b88e88e35b70223deed5c2bc5229da78de67fad0,cff0bce020b88a9a2d3d196f5042a127e5ac1ea6714929d2bf3c0f4bcf5107e5,98302907cfaaf17e09e5868a8211fb0c67a2b38517ca1be6593583a8d6af3956,738181524e581a7d12e8d2d005f1693142ea626d374e773d3f94f3b7567a5e5c,4905317b5f200e6b35322340f5ad78407f9fc8d9c166cd24f83d024a4cc9d724,6d91b7db6f6ecc6962a654e449062c2870004adfc47062d2ad8b74376cc3dd38,6d91b7db6f6ecc6962a654e449062c2870004adfc47062d2ad8b74376cc3dd38,6d91b7db6f6ecc6962a654e449062c2870004adfc47062d2ad8b74376cc3dd38,58a0fd1ab882a25e3a96b570728797ccf9f00e62723ca54e10e593009e9c81ea,direct_provider,deepseek,https://api.deepseek.com,deepseek-v4-pro,https://api.deepseek.com/chat/completions,deepseek-v4-pro,c9da0642059ba98620f7a69e24a1751c9275e916fe3904876738153d2414e896,d36c4b8f2f74aa3f39fbb01515608acead4ab04a35165db758e06a0dcf01ffa9,d914cfc97d9b99822a2b1313c16850fd7be529b097eb356dc8e8e7408a7a00a8,explicit,0,4096,omitted,,omitted,,omitted,,omitted,,omitted,,omitted,,omitted,,omitted,,omitted,,False,thinking.type=disabled,ffe557f53c63f7d0f7e35f80c03f61d8b3548db9e4f51e8dda020b28a920d875,provider_not_exposed,provider_not_exposed,False,,False,False,False,disabled,,stop;stop;stop;stop;stop;stop;stop;stop;stop;stop;stop;stop,stop;stop;stop;stop;stop;stop;stop;stop;stop;stop;stop;stop,7513,1865,0,498,336,0,ssr_priority_compactor,mature_ssr_loop_protocol_v1_ecvs_safe_visible_only,1,1,10,10,10,10,0,7b4de965a5cb8a1134577492dcd3db700a1ecfeffc156d160af444e2bdb55ea4,1,,0,"[""EDGE_17_NUAWT2Y""]","[""REQ_17_WKAM28V"", ""LOCK_17_AZJUYSW"", ""SCOPE_17_6CDYDBN"", ""CHECK_17_BK2AMDH"", ""ANCHOR_17_SNFZU2S"", ""FRONTIER_17_KH4WEMK""]",1,"[""SCOPE_17_VLUSLNP"", ""CHECK_17_FKFVVMD"", ""FRONTIER_17_Z7QYMQW"", ""MERGE_17_G4R6L65""]",0,[],0,[],0,0,,clean,,6130d97766b4b66726369b38e1cfb5c2a5bf32cadddc249813b108f01d5edefb,b2d24ca89f64e7cfa4e6ed73a7aa4f17afbe99a60fb76445d7ea7f9cea81a03b,51dfa9eed4c9d66576fc574fe5681cdb373500848412175244cf8747bdf40e95,e29ea716cc85653f5d7bcdb9689a48d1f68fea05a97d74202164924926e4d49d,77b820b3cfaa9a3209e9e205ee2c531137c5f67e98198c05530ceac61de5ac06,released_raw_outputs/model_outputs/_probe_ecvs_deepseek_v4pro_visible_state_discriminator_v1_visiblecarry_vs_maturessrloop_18task_2method_3budget_1run/deepseek/mature_ssr_loop__vstdp_v1_mid_17_route_precedence_shift__run_1__budget_600.jsonl,12,283c3e9109793003a353ad9a4e063f7149674bcb8592f2990d0b7c8901057445,dfd7cb76efc97e13548a792e293cdbba1f3b55d9c96cee92a6ea0caeeeea9315,22f810e5d8d7c6f6a9aeae1cbe30c0f846363c936188ab77e110046d49539db3,_probe_ecvs_deepseek_v4pro_visible_state_discriminator_v1_visiblecarry_vs_maturessrloop_18task_2method_3budget_1run,ssr_loop,8d9db20ce97efe30f85c852e25677be982049e6573365705fe9691ec9b104e37,d4deafc3c73bb45a629d6b5707b1281b731bd1e4fd995d6162620c538ff479cc,{},e83e5f36720943793cd894d750a4e149b87149e8afc1f3ba9f39379580fbad40,12,mature_ssr_loop_protocol_v1_ecvs_safe_visible_only,,,,,,,,
_probe_ecvs_deepseek_v4pro_visible_state_discriminator_v1_visiblecarry_vs_maturessrloop_18task_2method_3budget_1run:deepseek_v4pro:mature_ssr_loop:vstdp_v1_mid_18_pandas_timezone_schema_update:budget_1200:run_1,deepseek_v4pro,vstdp_v1_mid_18_pandas_timezone_schema_update,real_swe_style_controlled_transition,,pandas_timezone_schema_update,,mature_ssr_loop,mature_ssr_loop,1200,1,2026-06-19T15:25:44.915845+00:00,2026-06-19T15:26:23.912864+00:00,2026-06-19T15:25:44.915904+00:00,2026-06-19T15:26:23.911076+00:00,38.976,3e55ca0d13b98e22312e2409149f678b77ec9aef1850bb20a2b4dd3b9ddb0b1a,073c206cce5208fbacebdf448859ec83acc7f4065882210a7e97586d1cb255bb,cff0bce020b88a9a2d3d196f5042a127e5ac1ea6714929d2bf3c0f4bcf5107e5,6ab036b077e880880b66226c2b6b940dd59a8237843d67edbcc929617b2172a2,ccad884f1e06415a2d80e2e85255d5abe13f4620fed2f36670b946dd728088da,4905317b5f200e6b35322340f5ad78407f9fc8d9c166cd24f83d024a4cc9d724,6d91b7db6f6ecc6962a654e449062c2870004adfc47062d2ad8b74376cc3dd38,6d91b7db6f6ecc6962a654e449062c2870004adfc47062d2ad8b74376cc3dd38,6d91b7db6f6ecc6962a654e449062c2870004adfc47062d2ad8b74376cc3dd38,58a0fd1ab882a25e3a96b570728797ccf9f00e62723ca54e10e593009e9c81ea,direct_provider,deepseek,https://api.deepseek.com,deepseek-v4-pro,https://api.deepseek.com/chat/completions,deepseek-v4-pro,c9da0642059ba98620f7a69e24a1751c9275e916fe3904876738153d2414e896,d36c4b8f2f74aa3f39fbb01515608acead4ab04a35165db758e06a0dcf01ffa9,d914cfc97d9b99822a2b1313c16850fd7be529b097eb356dc8e8e7408a7a00a8,explicit,0,4096,omitted,,omitted,,omitted,,omitted,,omitted,,omitted,,omitted,,omitted,,omitted,,False,thinking.type=disabled,ffe557f53c63f7d0f7e35f80c03f61d8b3548db9e4f51e8dda020b28a920d875,provider_not_exposed,provider_not_exposed,False,,False,False,False,disabled,,stop;stop;stop;stop;stop;stop;stop;stop;stop;stop;stop;stop,stop;stop;stop;stop;stop;stop;stop;stop;stop;stop;stop;stop,7601,2150,0,737,336,0,ssr_priority_compactor,mature_ssr_loop_protocol_v1_ecvs_safe_visible_only,1,1,10,10,10,10,0,94df0b101362cdeccf2a8bb209128d75b70eddc75ac88668134aff2a8e046b84,1,,0,"[""EDGE_18_25D2UL3""]","[""REQ_18_P3K6GEX"", ""LOCK_18_LKM9XNA"", ""SCOPE_18_P4D94L4"", ""CHECK_18_DBCGHX3"", ""ANCHOR_18_RTY29M7"", ""FRONTIER_18_5WCAN8Y""]",1,"[""SCOPE_18_SA9TQY3"", ""CHECK_18_JE2YPDY"", ""FRONTIER_18_B5JYACS"", ""MERGE_18_TSQEWME""]",0,[],0,[],0,0,,clean,,0aa38143025a6ff4b8fc0456b6e1db5172f8d4424a81ae1f338c6cc2b0289b15,07dabe01d43b764a78446ecab6fe222088b599a616d30359284e90688183cef8,ab979116789fa1c40d515bd84cbe0c9c0c47bf2df3681da1d58dc7cccf37e541,e10140ea88c8e5acda2ca3d6fe85e80c851ee951f2f04291bed91a957e3b7363,6083d94a345fc39d8361a83c01d08c045a1efb869053dc63a4b89bd6c0c5416b,released_raw_outputs/model_outputs/_probe_ecvs_deepseek_v4pro_visible_state_discriminator_v1_visiblecarry_vs_maturessrloop_18task_2method_3budget_1run/deepseek/mature_ssr_loop__vstdp_v1_mid_18_pandas_timezone_schema_update__run_1__budget_1200.jsonl,12,79d04d5c7e48ee45ebc6d5e9ebd814d313fa35e52ffb839472cd4e4438e0c3b5,f02633dd8490e3ea014ce35d2a07a2ce3e272744591eb3469c012e0eba40b8db,bf8262e95fa382883bd4955688cbd2046ea28b31a3101ce2027d51102791e85c,_probe_ecvs_deepseek_v4pro_visible_state_discriminator_v1_visiblecarry_vs_maturessrloop_18task_2method_3budget_1run,ssr_loop,8d9db20ce97efe30f85c852e25677be982049e6573365705fe9691ec9b104e37,d70de73a9252a2de014d4c6d03395ffb6f8b1a007e5c8c6c155674dd088792d6,{},e83e5f36720943793cd894d750a4e149b87149e8afc1f3ba9f39379580fbad40,12,mature_ssr_loop_protocol_v1_ecvs_safe_visible_only,,,,,,,,
_probe_ecvs_deepseek_v4pro_visible_state_discriminator_v1_visiblecarry_vs_maturessrloop_18task_2method_3budget_1run:deepseek_v4pro:mature_ssr_loop:vstdp_v1_mid_18_pandas_timezone_schema_update:budget_300:run_1,deepseek_v4pro,vstdp_v1_mid_18_pandas_timezone_schema_update,real_swe_style_controlled_transition,,pandas_timezone_schema_update,,mature_ssr_loop,mature_ssr_loop,300,1,2026-06-19T15:25:44.467370+00:00,2026-06-19T15:26:35.502348+00:00,2026-06-19T15:25:44.467414+00:00,2026-06-19T15:26:35.495133+00:00,33.936,3e55ca0d13b98e22312e2409149f678b77ec9aef1850bb20a2b4dd3b9ddb0b1a,073c206cce5208fbacebdf448859ec83acc7f4065882210a7e97586d1cb255bb,cff0bce020b88a9a2d3d196f5042a127e5ac1ea6714929d2bf3c0f4bcf5107e5,6ab036b077e880880b66226c2b6b940dd59a8237843d67edbcc929617b2172a2,a618bec3f497340ff7bf9a953a77cf28c8fb8db833a79baf6bd6fa44676d851b,4905317b5f200e6b35322340f5ad78407f9fc8d9c166cd24f83d024a4cc9d724,6d91b7db6f6ecc6962a654e449062c2870004adfc47062d2ad8b74376cc3dd38,6d91b7db6f6ecc6962a654e449062c2870004adfc47062d2ad8b74376cc3dd38,6d91b7db6f6ecc6962a654e449062c2870004adfc47062d2ad8b74376cc3dd38,58a0fd1ab882a25e3a96b570728797ccf9f00e62723ca54e10e593009e9c81ea,direct_provider,deepseek,https://api.deepseek.com,deepseek-v4-pro,https://api.deepseek.com/chat/completions,deepseek-v4-pro,c9da0642059ba98620f7a69e24a1751c9275e916fe3904876738153d2414e896,d36c4b8f2f74aa3f39fbb01515608acead4ab04a35165db758e06a0dcf01ffa9,d914cfc97d9b99822a2b1313c16850fd7be529b097eb356dc8e8e7408a7a00a8,explicit,0,4096,omitted,,omitted,,omitted,,omitted,,omitted,,omitted,,omitted,,omitted,,omitted,,False,thinking.type=disabled,ffe557f53c63f7d0f7e35f80c03f61d8b3548db9e4f51e8dda020b28a920d875,provider_not_exposed,provider_not_exposed,False,,False,False,False,disabled,,stop;stop;stop;stop;stop;stop;stop;stop;stop;stop;stop;stop,stop;stop;stop;stop;stop;stop;stop;stop;stop;stop;stop;stop,7519,1704,0,498,290,1,ssr_priority_compactor,mature_ssr_loop_protocol_v1_ecvs_safe_visible_only,1,1,10,10,10,10,0,e4fbe54f4a4d87c985b2837f82445ee372a3d2ec9b593d0870a2a34ca74934bc,1,,0,"[""EDGE_18_25D2UL3""]","[""REQ_18_P3K6GEX"", ""LOCK_18_LKM9XNA"", ""SCOPE_18_P4D94L4"", ""CHECK_18_DBCGHX3"", ""ANCHOR_18_RTY29M7"", ""FRONTIER_18_5WCAN8Y""]",1,"[""SCOPE_18_SA9TQY3"", ""CHECK_18_JE2YPDY"", ""FRONTIER_18_B5JYACS"", ""MERGE_18_TSQEWME""]",0,[],0,[],0,0,,clean,,94487b4f2783a337ea80f1de55dedc0871e93431ab9c3588222613433f80b09f,b117177e0d10517eefc4eb25e85189c5d1b8aab009fd25f4407d44312e6e6168,7c0f7e11db3a82ca7830eabf88e8702efe9f846bd5364c7ff09d581b4a634fb3,95854e46c72369f8ba629d298d2b2c403002a14082bd895543eefafe61c4e461,f0cb5148215e7d6715a731eab39aa9b5271863d831150ed897465c9ded64d3d4,released_raw_outputs/model_outputs/_probe_ecvs_deepseek_v4pro_visible_state_discriminator_v1_visiblecarry_vs_maturessrloop_18task_2method_3budget_1run/deepseek/mature_ssr_loop__vstdp_v1_mid_18_pandas_timezone_schema_update__run_1__budget_300.jsonl,12,a8f9c5a536bd17e4a194cfc837c0d2607348161db7fad1dcec9a0ed4c68b6257,63eeffaa0eb4672278e32b6a0d2229f52230cfc766ab834f1580b939c5ff9ecd,dce0ef2ba66967a39feed39eaf5d9582a99e7cf5fc4a9961b1647c456e32b642,_probe_ecvs_deepseek_v4pro_visible_state_discriminator_v1_visiblecarry_vs_maturessrloop_18task_2method_3budget_1run,ssr_loop,8d9db20ce97efe30f85c852e25677be982049e6573365705fe9691ec9b104e37,d70de73a9252a2de014d4c6d03395ffb6f8b1a007e5c8c6c155674dd088792d6,{},e83e5f36720943793cd894d750a4e149b87149e8afc1f3ba9f39379580fbad40,12,mature_ssr_loop_protocol_v1_ecvs_safe_visible_only,,,,,,,,
_probe_ecvs_deepseek_v4pro_visible_state_discriminator_v1_visiblecarry_vs_maturessrloop_18task_2method_3budget_1run:deepseek_v4pro:mature_ssr_loop:vstdp_v1_mid_18_pandas_timezone_schema_update:budget_600:run_1,deepseek_v4pro,vstdp_v1_mid_18_pandas_timezone_schema_update,real_swe_style_controlled_transition,,pandas_timezone_schema_update,,mature_ssr_loop,mature_ssr_loop,600,1,2026-06-19T15:25:44.486899+00:00,2026-06-19T15:26:37.819786+00:00,2026-06-19T15:25:44.486945+00:00,2026-06-19T15:26:37.817935+00:00,36.236,3e55ca0d13b98e22312e2409149f678b77ec9aef1850bb20a2b4dd3b9ddb0b1a,073c206cce5208fbacebdf448859ec83acc7f4065882210a7e97586d1cb255bb,cff0bce020b88a9a2d3d196f5042a127e5ac1ea6714929d2bf3c0f4bcf5107e5,6ab036b077e880880b66226c2b6b940dd59a8237843d67edbcc929617b2172a2,6b7fd13c1dfe934d575a654674c12c69fbe77d35b602f49eb52940469c8c2ccb,4905317b5f200e6b35322340f5ad78407f9fc8d9c166cd24f83d024a4cc9d724,6d91b7db6f6ecc6962a654e449062c2870004adfc47062d2ad8b74376cc3dd38,6d91b7db6f6ecc6962a654e449062c2870004adfc47062d2ad8b74376cc3dd38,6d91b7db6f6ecc6962a654e449062c2870004adfc47062d2ad8b74376cc3dd38,58a0fd1ab882a25e3a96b570728797ccf9f00e62723ca54e10e593009e9c81ea,direct_provider,deepseek,https://api.deepseek.com,deepseek-v4-pro,https://api.deepseek.com/chat/completions,deepseek-v4-pro,c9da0642059ba98620f7a69e24a1751c9275e916fe3904876738153d2414e896,d36c4b8f2f74aa3f39fbb01515608acead4ab04a35165db758e06a0dcf01ffa9,d914cfc97d9b99822a2b1313c16850fd7be529b097eb356dc8e8e7408a7a00a8,explicit,0,4096,omitted,,omitted,,omitted,,omitted,,omitted,,omitted,,omitted,,omitted,,omitted,,False,thinking.type=disabled,ffe557f53c63f7d0f7e35f80c03f61d8b3548db9e4f51e8dda020b28a920d875,provider_not_exposed,provider_not_exposed,False,,False,False,False,disabled,,stop;stop;stop;stop;stop;stop;stop;stop;stop;stop;stop;stop,stop;stop;stop;stop;stop;stop;stop;stop;stop;stop;stop;stop,7578,2040,0,536,336,0,ssr_priority_compactor,mature_ssr_loop_protocol_v1_ecvs_safe_visible_only,1,1,10,10,10,10,0,94df0b101362cdeccf2a8bb209128d75b70eddc75ac88668134aff2a8e046b84,1,,0,"[""EDGE_18_25D2UL3""]","[""REQ_18_P3K6GEX"", ""LOCK_18_LKM9XNA"", ""SCOPE_18_P4D94L4"", ""CHECK_18_DBCGHX3"", ""ANCHOR_18_RTY29M7"", ""FRONTIER_18_5WCAN8Y""]",1,"[""SCOPE_18_SA9TQY3"", ""CHECK_18_JE2YPDY"", ""FRONTIER_18_B5JYACS"", ""MERGE_18_TSQEWME""]",0,[],0,[],0,0,,clean,,1d7400b4ced6b655d27b7b48dd045620095c1c688d4692d15b393f885242f972,84c4e6c6812c6a6e604d46731bbd2fdeae198fe15b3d326d59715f2a4f45db57,8459d21d10ba0a3ff8e41aec1d2fa1ab6400f38fc7cbe7e5ae36433fb2179636,3c5f87430067259535c9438208056571f897f5bcee2c56a5aad3c48c43f16c26,5d23f8de087b760c8e77c3b51254f7a44b519ea047c32cedb68fb2158b14f25e,released_raw_outputs/model_outputs/_probe_ecvs_deepseek_v4pro_visible_state_discriminator_v1_visiblecarry_vs_maturessrloop_18task_2method_3budget_1run/deepseek/mature_ssr_loop__vstdp_v1_mid_18_pandas_timezone_schema_update__run_1__budget_600.jsonl,12,cb92ed3990e2043f440a8849f3d20ccfdcf1881ec6dd322cd14bc3c8cb891c6f,49763e0b456a6c8b5eee5642df85386cf83731ad83f191cfca834c55bc83627e,d726d78c46368d3519f27d9fbb4eb227f69c565aea4577c1fb528b23d03e7a15,_probe_ecvs_deepseek_v4pro_visible_state_discriminator_v1_visiblecarry_vs_maturessrloop_18task_2method_3budget_1run,ssr_loop,8d9db20ce97efe30f85c852e25677be982049e6573365705fe9691ec9b104e37,d70de73a9252a2de014d4c6d03395ffb6f8b1a007e5c8c6c155674dd088792d6,{},e83e5f36720943793cd894d750a4e149b87149e8afc1f3ba9f39379580fbad40,12,mature_ssr_loop_protocol_v1_ecvs_safe_visible_only,,,,,,,,
_probe_ecvs_deepseek_v4pro_visible_state_discriminator_v1_visiblecarry_vs_maturessrloop_18task_2method_3budget_1run:deepseek_v4pro:rolling_visible_carry_forward:vstdp_v1_high_01_requests_proxy_auth_precedence:budget_1200:run_1,deepseek_v4pro,vstdp_v1_high_01_requests_proxy_auth_precedence,real_swe_style_controlled_transition,,requests_proxy_auth_precedence,,rolling_visible_carry_forward,rolling_visible_carry_forward,1200,1,2026-06-19T15:25:10.899962+00:00,2026-06-19T15:26:26.632223+00:00,2026-06-19T15:25:10.900051+00:00,2026-06-19T15:26:26.630210+00:00,40.585,3e55ca0d13b98e22312e2409149f678b77ec9aef1850bb20a2b4dd3b9ddb0b1a,f8c58e8d5719158d0a247659935dcd8a42a5aa5b7167160ec5eff2cdd4da5dc4,cff0bce020b88a9a2d3d196f5042a127e5ac1ea6714929d2bf3c0f4bcf5107e5,eb117af3bec341809f2f5c1f660ce2e70f18c934963d248465fc7c8fd53dcfcd,a96fbe171ef77cafae76e4bb6acc30109ee7e439bb6a335d3976231e430cd555,4905317b5f200e6b35322340f5ad78407f9fc8d9c166cd24f83d024a4cc9d724,6d91b7db6f6ecc6962a654e449062c2870004adfc47062d2ad8b74376cc3dd38,6d91b7db6f6ecc6962a654e449062c2870004adfc47062d2ad8b74376cc3dd38,6d91b7db6f6ecc6962a654e449062c2870004adfc47062d2ad8b74376cc3dd38,58a0fd1ab882a25e3a96b570728797ccf9f00e62723ca54e10e593009e9c81ea,direct_provider,deepseek,https://api.deepseek.com,deepseek-v4-pro,https://api.deepseek.com/chat/completions,deepseek-v4-pro,c9da0642059ba98620f7a69e24a1751c9275e916fe3904876738153d2414e896,d36c4b8f2f74aa3f39fbb01515608acead4ab04a35165db758e06a0dcf01ffa9,d914cfc97d9b99822a2b1313c16850fd7be529b097eb356dc8e8e7408a7a00a8,explicit,0,4096,omitted,,omitted,,omitted,,omitted,,omitted,,omitted,,omitted,,omitted,,omitted,,False,thinking.type=disabled,ffe557f53c63f7d0f7e35f80c03f61d8b3548db9e4f51e8dda020b28a920d875,provider_not_exposed,provider_not_exposed,False,,False,False,False,disabled,,stop;stop;stop;stop;stop;stop;stop;stop;stop;stop;stop;stop;stop,stop;stop;stop;stop;stop;stop;stop;stop;stop;stop;stop;stop;stop,8695,2697,0,490,758,0,visible_carry_forward_compactor,,,,,,,,,,1,,0,"[""EDGE_01_6GSQRYW""]","[""REQ_01_U4XEH7J"", ""LOCK_01_XH95PQ9"", ""SCOPE_01_7UDRTJ5"", ""CHECK_01_9SU5HJQ"", ""ANCHOR_01_T5TTM3Y"", ""FRONTIER_01_QEHKUPY""]",1,"[""SCOPE_01_L7FE83T"", ""CHECK_01_N6ACRVG"", ""MERGE_01_PFGVQAC"", ""VERIFY_01_297HSL9""]",0,[],0,[],0,0,,clean,,65739e7758ed640233ddba48a80e7cf5b96aae83ae49686d024eed383c80bfe2,8f1a8215807c3ddec0300bf194f6d183f5f72d51db7d48fd620e33c17c6a0d68,0fad57a5c5265c36d87fb755e82078827e260a8929c85004979dc339e679d62e,f295e11211f3163fbbc056eeef6d79eda4aa0cea6cf0aa0afcc3a8ac4dbd6c06,dc8c12f140889e1eb4bcbd6ace4f11c56cc6d06e297f4da5d9c81236d863465a,released_raw_outputs/model_outputs/_probe_ecvs_deepseek_v4pro_visible_state_discriminator_v1_visiblecarry_vs_maturessrloop_18task_2method_3budget_1run/deepseek/rolling_visible_carry_forward__vstdp_v1_high_01_requests_proxy_auth_precedence__run_1__budget_1200.jsonl,13,43f7cd8197444e0c0428a4bcfa17960fcea60487e7a8799f234f12bd4d40185e,a8733c63ad9cb537aacc213e8204e0771a5686af4110afe6d997e8c40bb22434,cbcceaa44a50843ac5e43f63c57b0e9a956b382f69dae3c4403c84bcb45c4870,_probe_ecvs_deepseek_v4pro_visible_state_discriminator_v1_visiblecarry_vs_maturessrloop_18task_2method_3budget_1run,rolling_visible_carry_forward,8d9db20ce97efe30f85c852e25677be982049e6573365705fe9691ec9b104e37,663a0d09b73f75ef771d0c0c14534f4c87af94944eb28f85feb3a3f813f1248f,{},e83e5f36720943793cd894d750a4e149b87149e8afc1f3ba9f39379580fbad40,13,rolling_visible_identifier_carry_forward_v1_ecvs_safe_visible_only,rolling_visible_identifier_carry_forward_v1_ecvs_safe_visible_only,1,10,10,10,10,0,162c98055cd718ef384e413f5aaa62471bd37ee1b00bdb148168418ff35119c4
_probe_ecvs_deepseek_v4pro_visible_state_discriminator_v1_visiblecarry_vs_maturessrloop_18task_2method_3budget_1run:deepseek_v4pro:rolling_visible_carry_forward:vstdp_v1_high_01_requests_proxy_auth_precedence:budget_300:run_1,deepseek_v4pro,vstdp_v1_high_01_requests_proxy_auth_precedence,real_swe_style_controlled_transition,,requests_proxy_auth_precedence,,rolling_visible_carry_forward,rolling_visible_carry_forward,300,1,2026-06-19T15:25:10.901127+00:00,2026-06-19T15:26:25.913881+00:00,2026-06-19T15:25:10.901165+00:00,2026-06-19T15:26:25.911248+00:00,40.866,3e55ca0d13b98e22312e2409149f678b77ec9aef1850bb20a2b4dd3b9ddb0b1a,f8c58e8d5719158d0a247659935dcd8a42a5aa5b7167160ec5eff2cdd4da5dc4,cff0bce020b88a9a2d3d196f5042a127e5ac1ea6714929d2bf3c0f4bcf5107e5,eb117af3bec341809f2f5c1f660ce2e70f18c934963d248465fc7c8fd53dcfcd,729c4dcbb3246d6597b861d80a267be96239b51e0ac8421f779ec9643c5493b2,4905317b5f200e6b35322340f5ad78407f9fc8d9c166cd24f83d024a4cc9d724,6d91b7db6f6ecc6962a654e449062c2870004adfc47062d2ad8b74376cc3dd38,6d91b7db6f6ecc6962a654e449062c2870004adfc47062d2ad8b74376cc3dd38,6d91b7db6f6ecc6962a654e449062c2870004adfc47062d2ad8b74376cc3dd38,58a0fd1ab882a25e3a96b570728797ccf9f00e62723ca54e10e593009e9c81ea,direct_provider,deepseek,https://api.deepseek.com,deepseek-v4-pro,https://api.deepseek.com/chat/completions,deepseek-v4-pro,c9da0642059ba98620f7a69e24a1751c9275e916fe3904876738153d2414e896,d36c4b8f2f74aa3f39fbb01515608acead4ab04a35165db758e06a0dcf01ffa9,d914cfc97d9b99822a2b1313c16850fd7be529b097eb356dc8e8e7408a7a00a8,explicit,0,4096,omitted,,omitted,,omitted,,omitted,,omitted,,omitted,,omitted,,omitted,,omitted,,False,thinking.type=disabled,ffe557f53c63f7d0f7e35f80c03f61d8b3548db9e4f51e8dda020b28a920d875,provider_not_exposed,provider_not_exposed,False,,False,False,False,disabled,,stop;stop;stop;stop;stop;stop;stop;stop;stop;stop;stop;stop;stop,stop;stop;stop;stop;stop;stop;stop;stop;stop;stop;stop;stop;stop,6873,1908,0,367,261,1,visible_carry_forward_compactor,,,,,,,,,,1,,0,"[""EDGE_01_6GSQRYW""]","[""REQ_01_U4XEH7J"", ""LOCK_01_XH95PQ9"", ""SCOPE_01_7UDRTJ5"", ""CHECK_01_9SU5HJQ"", ""ANCHOR_01_T5TTM3Y"", ""FRONTIER_01_QEHKUPY""]",1,"[""SCOPE_01_L7FE83T"", ""CHECK_01_N6ACRVG"", ""MERGE_01_PFGVQAC"", ""VERIFY_01_297HSL9""]",0,[],0,[],0,0,,clean,,0be2fa3482b8f9e6ff708bd0ae1fd61143f9d080b5206b994884f305d106bc7d,ea6e63d12a12e8261fb6275c144ca7cd571e3307e45084a1615e14f96702caf4,2f16f87b35becdac755ded363ed7ec92d84be1b7b9379eb448f1472a4a90e808,e51b2e56e399ec321954b5a0f7eb0f08f32d9f652e956703514317c2c81bdb6d,df500913e2b8fe72afc7f37f08cfbe7e72c705f790c9e4df325dacc1ab294ab9,released_raw_outputs/model_outputs/_probe_ecvs_deepseek_v4pro_visible_state_discriminator_v1_visiblecarry_vs_maturessrloop_18task_2method_3budget_1run/deepseek/rolling_visible_carry_forward__vstdp_v1_high_01_requests_proxy_auth_precedence__run_1__budget_300.jsonl,13,fa72108e34de55c1a12268f326405e27593c358657633a35fc4b903689791fae,16b42d13f5b03b6eb58b4bffde937c43eb621651df8e02fd4f5f0be46bf29354,7a212deee606f1900d277930eac3bf1e46b08e10cef1d2f0d0e261eee4db1759,_probe_ecvs_deepseek_v4pro_visible_state_discriminator_v1_visiblecarry_vs_maturessrloop_18task_2method_3budget_1run,rolling_visible_carry_forward,8d9db20ce97efe30f85c852e25677be982049e6573365705fe9691ec9b104e37,663a0d09b73f75ef771d0c0c14534f4c87af94944eb28f85feb3a3f813f1248f,{},e83e5f36720943793cd894d750a4e149b87149e8afc1f3ba9f39379580fbad40,13,rolling_visible_identifier_carry_forward_v1_ecvs_safe_visible_only,rolling_visible_identifier_carry_forward_v1_ecvs_safe_visible_only,1,10,10,10,10,0,128b9fe7581a82e29085fc64529e569b9080ff0b0378ac6aa7e1ff38759e6f07
_probe_ecvs_deepseek_v4pro_visible_state_discriminator_v1_visiblecarry_vs_maturessrloop_18task_2method_3budget_1run:deepseek_v4pro:rolling_visible_carry_forward:vstdp_v1_high_01_requests_proxy_auth_precedence:budget_600:run_1,deepseek_v4pro,vstdp_v1_high_01_requests_proxy_auth_precedence,real_swe_style_controlled_transition,,requests_proxy_auth_precedence,,rolling_visible_carry_forward,rolling_visible_carry_forward,600,1,2026-06-19T15:25:10.900779+00:00,2026-06-19T15:26:06.085869+00:00,2026-06-19T15:25:28.067439+00:00,2026-06-19T15:26:06.083886+00:00,38.003,3e55ca0d13b98e22312e2409149f678b77ec9aef1850bb20a2b4dd3b9ddb0b1a,f8c58e8d5719158d0a247659935dcd8a42a5aa5b7167160ec5eff2cdd4da5dc4,cff0bce020b88a9a2d3d196f5042a127e5ac1ea6714929d2bf3c0f4bcf5107e5,eb117af3bec341809f2f5c1f660ce2e70f18c934963d248465fc7c8fd53dcfcd,32dc62af34d825b5e82b4760a029a38f277ae03098d3d7654075d1e155839b1e,4905317b5f200e6b35322340f5ad78407f9fc8d9c166cd24f83d024a4cc9d724,6d91b7db6f6ecc6962a654e449062c2870004adfc47062d2ad8b74376cc3dd38,6d91b7db6f6ecc6962a654e449062c2870004adfc47062d2ad8b74376cc3dd38,6d91b7db6f6ecc6962a654e449062c2870004adfc47062d2ad8b74376cc3dd38,58a0fd1ab882a25e3a96b570728797ccf9f00e62723ca54e10e593009e9c81ea,direct_provider,deepseek,https://api.deepseek.com,deepseek-v4-pro,https://api.deepseek.com/chat/completions,deepseek-v4-pro,c9da0642059ba98620f7a69e24a1751c9275e916fe3904876738153d2414e896,d36c4b8f2f74aa3f39fbb01515608acead4ab04a35165db758e06a0dcf01ffa9,d914cfc97d9b99822a2b1313c16850fd7be529b097eb356dc8e8e7408a7a00a8,explicit,0,4096,omitted,,omitted,,omitted,,omitted,,omitted,,omitted,,omitted,,omitted,,omitted,,False,thinking.type=disabled,ffe557f53c63f7d0f7e35f80c03f61d8b3548db9e4f51e8dda020b28a920d875,provider_not_exposed,provider_not_exposed,False,,False,False,False,disabled,,stop;stop;stop;stop;stop;stop;stop;stop;stop;stop;stop;stop;stop,stop;stop;stop;stop;stop;stop;stop;stop;stop;stop;stop;stop;stop,7673,2070,0,393,261,0,visible_carry_forward_compactor,,,,,,,,,,1,,0,"[""EDGE_01_6GSQRYW""]","[""REQ_01_U4XEH7J"", ""LOCK_01_XH95PQ9"", ""SCOPE_01_7UDRTJ5"", ""CHECK_01_9SU5HJQ"", ""ANCHOR_01_T5TTM3Y"", ""FRONTIER_01_QEHKUPY""]",1,"[""SCOPE_01_L7FE83T"", ""CHECK_01_N6ACRVG"", ""MERGE_01_PFGVQAC"", ""VERIFY_01_297HSL9""]",0,[],0,[],0,0,,clean,,aa2de2c1680ef19562ea6ff95e03b67387289a7197ab10e781d485dcad18b73f,7292135d2ae98b0ec9278b7b50027ec6101a25851e4ea3864689a52546ce934e,5c08869bca570f68750ddeeebc647d2f56d806626e21bf5883728fc8986e3ea7,d0a9a51ef35a2f673558470c1ed1e7f9edeed80c6d6dbbb1032718c90acef12f,b374da1a495249373eeb66ac1ff95700b9c2ede3215f7c43badfbeddc7c3fec3,released_raw_outputs/model_outputs/_probe_ecvs_deepseek_v4pro_visible_state_discriminator_v1_visiblecarry_vs_maturessrloop_18task_2method_3budget_1run/deepseek/rolling_visible_carry_forward__vstdp_v1_high_01_requests_proxy_auth_precedence__run_1__budget_600.jsonl,13,8997cb0fe350b473c7e4688ce02a77394d1d3e74562746a715d3a4d82936ed68,e35bd2fc3919028ef6ab16449c3aaa32c309aeb50934467c1e86b8edfd1466b8,b0f527bff6aedf59bc2e265e29a8ad5f455e83dba511a543ae2961a9070e7ee2,_probe_ecvs_deepseek_v4pro_visible_state_discriminator_v1_visiblecarry_vs_maturessrloop_18task_2method_3budget_1run,rolling_visible_carry_forward,8d9db20ce97efe30f85c852e25677be982049e6573365705fe9691ec9b104e37,663a0d09b73f75ef771d0c0c14534f4c87af94944eb28f85feb3a3f813f1248f,{},e83e5f36720943793cd894d750a4e149b87149e8afc1f3ba9f39379580fbad40,13,rolling_visible_identifier_carry_forward_v1_ecvs_safe_visible_only,rolling_visible_identifier_carry_forward_v1_ecvs_safe_visible_only,1,10,10,10,10,0,128b9fe7581a82e29085fc64529e569b9080ff0b0378ac6aa7e1ff38759e6f07
_probe_ecvs_deepseek_v4pro_visible_state_discriminator_v1_visiblecarry_vs_maturessrloop_18task_2method_3budget_1run:deepseek_v4pro:rolling_visible_carry_forward:vstdp_v1_high_02_decoy_boundary_filtering:budget_1200:run_1,deepseek_v4pro,vstdp_v1_high_02_decoy_boundary_filtering,diagnostic_controlled_transition,,decoy_boundary_filtering,,rolling_visible_carry_forward,rolling_visible_carry_forward,1200,1,2026-06-19T15:25:10.903376+00:00,2026-06-19T15:26:34.530353+00:00,2026-06-19T15:25:10.903419+00:00,2026-06-19T15:26:34.527787+00:00,49.478,3e55ca0d13b98e22312e2409149f678b77ec9aef1850bb20a2b4dd3b9ddb0b1a,a74d88c35a918cb59ee15f112f000b9698959c9f7867faa6560ad4581e43e078,cff0bce020b88a9a2d3d196f5042a127e5ac1ea6714929d2bf3c0f4bcf5107e5,508fc038dda2317a287214c23941527d962fed118b87e3c67e5db47418a5701d,f6605c996ddcc00ab4a46e3dc7470433394c96721dfd9fd72afa3d9b3d85d6b0,4905317b5f200e6b35322340f5ad78407f9fc8d9c166cd24f83d024a4cc9d724,6d91b7db6f6ecc6962a654e449062c2870004adfc47062d2ad8b74376cc3dd38,6d91b7db6f6ecc6962a654e449062c2870004adfc47062d2ad8b74376cc3dd38,6d91b7db6f6ecc6962a654e449062c2870004adfc47062d2ad8b74376cc3dd38,58a0fd1ab882a25e3a96b570728797ccf9f00e62723ca54e10e593009e9c81ea,direct_provider,deepseek,https://api.deepseek.com,deepseek-v4-pro,https://api.deepseek.com/chat/completions,deepseek-v4-pro,c9da0642059ba98620f7a69e24a1751c9275e916fe3904876738153d2414e896,d36c4b8f2f74aa3f39fbb01515608acead4ab04a35165db758e06a0dcf01ffa9,d914cfc97d9b99822a2b1313c16850fd7be529b097eb356dc8e8e7408a7a00a8,explicit,0,4096,omitted,,omitted,,omitted,,omitted,,omitted,,omitted,,omitted,,omitted,,omitted,,False,thinking.type=disabled,ffe557f53c63f7d0f7e35f80c03f61d8b3548db9e4f51e8dda020b28a920d875,provider_not_exposed,provider_not_exposed,False,,False,False,False,disabled,,stop;stop;stop;stop;stop;stop;stop;stop;stop;stop;stop;stop;stop,stop;stop;stop;stop;stop;stop;stop;stop;stop;stop;stop;stop;stop,9154,3263,0,384,652,0,visible_carry_forward_compactor,,,,,,,,,,1,,0,"[""EDGE_02_6LAGJH2""]","[""REQ_02_AAXQWLF"", ""LOCK_02_464QRAL"", ""SCOPE_02_MWJH8XE"", ""CHECK_02_7DFYJC2"", ""ANCHOR_02_2PRA3SK"", ""FRONTIER_02_XK3S2K8""]",1,"[""SCOPE_02_BJNRAUH"", ""CHECK_02_38RWBG9"", ""MERGE_02_VQQSW6F"", ""VERIFY_02_XVZ3N6Y""]",0,[],0,[],0,0,,clean,,c78d9ec4340d73ecdf458e50acfe65d96159588c329647db50fd050489f28ba0,5d1780a316b850b31b57305e540d1628cd4295387bec0e0bfd41a52bc9de7101,c06ae66a60934d2629a99ea4f0c66df16bf13f3996057e066909151b80b07d9b,30eda004b301365f85d38275af9f54535962007d01bab5aba49c73d27462b5e1,4428519c27a3be5f51bdf78f7b71111243d57828d5625ec6bcec3e4424fb0d41,released_raw_outputs/model_outputs/_probe_ecvs_deepseek_v4pro_visible_state_discriminator_v1_visiblecarry_vs_maturessrloop_18task_2method_3budget_1run/deepseek/rolling_visible_carry_forward__vstdp_v1_high_02_decoy_boundary_filtering__run_1__budget_1200.jsonl,13,797f74623b2ea7b309381ad05147791005659dbf4984ef51e47d016fa5476b80,4a9b5acbf3ec5e148a10a6ca9725e3f0611d32d90825d4cad639f116a930995f,91dc450ea62d8c077fe3e83e8658fd200d913f4efa40c4f56f8ea6b0ec6a3c4e,_probe_ecvs_deepseek_v4pro_visible_state_discriminator_v1_visiblecarry_vs_maturessrloop_18task_2method_3budget_1run,rolling_visible_carry_forward,8d9db20ce97efe30f85c852e25677be982049e6573365705fe9691ec9b104e37,1d65f3cf0cf8b81823ad9f04aeed8defd59c584c4b901eee85e6fc4827ec86e2,{},e83e5f36720943793cd894d750a4e149b87149e8afc1f3ba9f39379580fbad40,13,rolling_visible_identifier_carry_forward_v1_ecvs_safe_visible_only,rolling_visible_identifier_carry_forward_v1_ecvs_safe_visible_only,1,10,10,10,10,0,225f0e2bf1a69341817a46511bb2a227176e998fc552357b77c5dd61b8c71f5c
_probe_ecvs_deepseek_v4pro_visible_state_discriminator_v1_visiblecarry_vs_maturessrloop_18task_2method_3budget_1run:deepseek_v4pro:rolling_visible_carry_forward:vstdp_v1_high_02_decoy_boundary_filtering:budget_300:run_1,deepseek_v4pro,vstdp_v1_high_02_decoy_boundary_filtering,diagnostic_controlled_transition,,decoy_boundary_filtering,,rolling_visible_carry_forward,rolling_visible_carry_forward,300,1,2026-06-19T15:25:10.902271+00:00,2026-06-19T15:25:57.661451+00:00,2026-06-19T15:25:28.068094+00:00,2026-06-19T15:25:57.660310+00:00,29.586,3e55ca0d13b98e22312e2409149f678b77ec9aef1850bb20a2b4dd3b9ddb0b1a,a74d88c35a918cb59ee15f112f000b9698959c9f7867faa6560ad4581e43e078,cff0bce020b88a9a2d3d196f5042a127e5ac1ea6714929d2bf3c0f4bcf5107e5,508fc038dda2317a287214c23941527d962fed118b87e3c67e5db47418a5701d,e9aa614e792a9b4cb819c1843c03fe4ebcb7eb47662c4494a96cb80138d61540,4905317b5f200e6b35322340f5ad78407f9fc8d9c166cd24f83d024a4cc9d724,6d91b7db6f6ecc6962a654e449062c2870004adfc47062d2ad8b74376cc3dd38,6d91b7db6f6ecc6962a654e449062c2870004adfc47062d2ad8b74376cc3dd38,6d91b7db6f6ecc6962a654e449062c2870004adfc47062d2ad8b74376cc3dd38,58a0fd1ab882a25e3a96b570728797ccf9f00e62723ca54e10e593009e9c81ea,direct_provider,deepseek,https://api.deepseek.com,deepseek-v4-pro,https://api.deepseek.com/chat/completions,deepseek-v4-pro,c9da0642059ba98620f7a69e24a1751c9275e916fe3904876738153d2414e896,d36c4b8f2f74aa3f39fbb01515608acead4ab04a35165db758e06a0dcf01ffa9,d914cfc97d9b99822a2b1313c16850fd7be529b097eb356dc8e8e7408a7a00a8,explicit,0,4096,omitted,,omitted,,omitted,,omitted,,omitted,,omitted,,omitted,,omitted,,omitted,,False,thinking.type=disabled,ffe557f53c63f7d0f7e35f80c03f61d8b3548db9e4f51e8dda020b28a920d875,provider_not_exposed,provider_not_exposed,False,,False,False,False,disabled,,stop;stop;stop;stop;stop;stop;stop;stop;stop;stop;stop;stop;stop,stop;stop;stop;stop;stop;stop;stop;stop;stop;stop;stop;stop;stop,6808,1791,0,362,261,1,visible_carry_forward_compactor,,,,,,,,,,1,,0,"[""EDGE_02_6LAGJH2""]","[""REQ_02_AAXQWLF"", ""LOCK_02_464QRAL"", ""SCOPE_02_MWJH8XE"", ""CHECK_02_7DFYJC2"", ""ANCHOR_02_2PRA3SK"", ""FRONTIER_02_XK3S2K8""]",1,"[""SCOPE_02_BJNRAUH"", ""CHECK_02_38RWBG9"", ""MERGE_02_VQQSW6F"", ""VERIFY_02_XVZ3N6Y""]",0,[],0,[],0,0,,clean,,44ac8931f03ebbf4af4cb56156142d0cbf3085f31604ca29fee4a16d43bc620c,f119965ee14ac2c879db6646ed53117c35140db81cf83ca3450f02bac672fd81,eb355f9dae31c83182078125c3c7692c8f63c712161b12377c71b6b4dee66d83,d53fdf01b2a61a13573ac1222a658e7a5a1bca5f6416177b1f911e5cecbf579f,116a502c6a2ffd0499f40ae0bc77396c56c6f520c2a6cd585eb39d8928776fce,released_raw_outputs/model_outputs/_probe_ecvs_deepseek_v4pro_visible_state_discriminator_v1_visiblecarry_vs_maturessrloop_18task_2method_3budget_1run/deepseek/rolling_visible_carry_forward__vstdp_v1_high_02_decoy_boundary_filtering__run_1__budget_300.jsonl,13,ea62d90ce37c1ca2b49c4f9916f442a09608287e50bc06eefa6a9c21dbe18996,7fa18fcb0bdfe1e14ecc590fc6c8153af87a9d1bb2aef56b67beff2ffa8fb805,f350766cb8f046899e42c7436f1eee29d512cd5f869899cd2c9bbe00e08bffd0,_probe_ecvs_deepseek_v4pro_visible_state_discriminator_v1_visiblecarry_vs_maturessrloop_18task_2method_3budget_1run,rolling_visible_carry_forward,8d9db20ce97efe30f85c852e25677be982049e6573365705fe9691ec9b104e37,1d65f3cf0cf8b81823ad9f04aeed8defd59c584c4b901eee85e6fc4827ec86e2,{},e83e5f36720943793cd894d750a4e149b87149e8afc1f3ba9f39379580fbad40,13,rolling_visible_identifier_carry_forward_v1_ecvs_safe_visible_only,rolling_visible_identifier_carry_forward_v1_ecvs_safe_visible_only,1,10,10,10,10,0,123686b26ad9fe44490c5503c8b6eeff761d994955e6cf2e0ef79f42cddba9c6
_probe_ecvs_deepseek_v4pro_visible_state_discriminator_v1_visiblecarry_vs_maturessrloop_18task_2method_3budget_1run:deepseek_v4pro:rolling_visible_carry_forward:vstdp_v1_high_02_decoy_boundary_filtering:budget_600:run_1,deepseek_v4pro,vstdp_v1_high_02_decoy_boundary_filtering,diagnostic_controlled_transition,,decoy_boundary_filtering,,rolling_visible_carry_forward,rolling_visible_carry_forward,600,1,2026-06-19T15:25:10.902724+00:00,2026-06-19T15:26:20.879517+00:00,2026-06-19T15:25:28.082976+00:00,2026-06-19T15:26:20.877570+00:00,50.787,3e55ca0d13b98e22312e2409149f678b77ec9aef1850bb20a2b4dd3b9ddb0b1a,a74d88c35a918cb59ee15f112f000b9698959c9f7867faa6560ad4581e43e078,cff0bce020b88a9a2d3d196f5042a127e5ac1ea6714929d2bf3c0f4bcf5107e5,508fc038dda2317a287214c23941527d962fed118b87e3c67e5db47418a5701d,a29cb682f57fe519076a57d33ad517f788c76589d427f313b13b75ae611b9758,4905317b5f200e6b35322340f5ad78407f9fc8d9c166cd24f83d024a4cc9d724,6d91b7db6f6ecc6962a654e449062c2870004adfc47062d2ad8b74376cc3dd38,6d91b7db6f6ecc6962a654e449062c2870004adfc47062d2ad8b74376cc3dd38,6d91b7db6f6ecc6962a654e449062c2870004adfc47062d2ad8b74376cc3dd38,58a0fd1ab882a25e3a96b570728797ccf9f00e62723ca54e10e593009e9c81ea,direct_provider,deepseek,https://api.deepseek.com,deepseek-v4-pro,https://api.deepseek.com/chat/completions,deepseek-v4-pro,c9da0642059ba98620f7a69e24a1751c9275e916fe3904876738153d2414e896,d36c4b8f2f74aa3f39fbb01515608acead4ab04a35165db758e06a0dcf01ffa9,d914cfc97d9b99822a2b1313c16850fd7be529b097eb356dc8e8e7408a7a00a8,explicit,0,4096,omitted,,omitted,,omitted,,omitted,,omitted,,omitted,,omitted,,omitted,,omitted,,False,thinking.type=disabled,ffe557f53c63f7d0f7e35f80c03f61d8b3548db9e4f51e8dda020b28a920d875,provider_not_exposed,provider_not_exposed,False,,False,False,False,disabled,,stop;stop;stop;stop;stop;stop;stop,stop;stop;stop;stop;stop;stop;stop,4016,961,0,495,223,0,visible_carry_forward_compactor,,,,,,,,,,0,,0,"[""REQ_02_AAXQWLF"", ""LOCK_02_464QRAL"", ""SCOPE_02_MWJH8XE"", ""CHECK_02_7DFYJC2"", ""ANCHOR_02_2PRA3SK"", ""EDGE_02_6LAGJH2"", ""FRONTIER_02_XK3S2K8""]",[],0,[],0,[],0,[],0,1,RemoteDisconnected: Remote end closed connection without response,rerun_required,backend_error,0bbc37bc1380dfc8e0de744f7c29568edaa605f265ee066596980aaf0c0cf83c,62370ef8e23a4d0ee1397db3e86053f19ce6b3c9f03792161897895302860fca,3c6abc9659b4d8411759e2e5fdc5e4e8f70e9e76d864b773b98dfa3f63e1a0e2,b469c9fe9db37801a9a45b50230c89f06134f53f4ad488a23a19f14dee255fab,7d0efaf0ba42f3bada545d43dfe202043f0cc0ad9775d6e17ca39fb802188165,released_raw_outputs/model_outputs/_probe_ecvs_deepseek_v4pro_visible_state_discriminator_v1_visiblecarry_vs_maturessrloop_18task_2method_3budget_1run/deepseek/rolling_visible_carry_forward__vstdp_v1_high_02_decoy_boundary_filtering__run_1__budget_600.jsonl,8,f91ef6138418bcbae6770917a60ce9aeef1b8e9ee1467ebba3458978d72db813,d842d4dff7879b520e4ce2f7022db659d56477185c6609947cf53d7bcac4e868,171c89183a8f9bba88695ea27fb62065e91c9c1d2232d51d97ced6d0b861d185,_probe_ecvs_deepseek_v4pro_visible_state_discriminator_v1_visiblecarry_vs_maturessrloop_18task_2method_3budget_1run,rolling_visible_carry_forward,8d9db20ce97efe30f85c852e25677be982049e6573365705fe9691ec9b104e37,1d65f3cf0cf8b81823ad9f04aeed8defd59c584c4b901eee85e6fc4827ec86e2,{},e83e5f36720943793cd894d750a4e149b87149e8afc1f3ba9f39379580fbad40,8,rolling_visible_identifier_carry_forward_v1_ecvs_safe_visible_only,rolling_visible_identifier_carry_forward_v1_ecvs_safe_visible_only,1,8,8,8,8,0,e4ebd02d57290585661e3dcc1decff92aace270d8abd3e68d6161012863ea17a
_probe_ecvs_deepseek_v4pro_visible_state_discriminator_v1_visiblecarry_vs_maturessrloop_18task_2method_3budget_1run:deepseek_v4pro:rolling_visible_carry_forward:vstdp_v1_high_03_cachetools_key_namespace_boundary:budget_1200:run_1,deepseek_v4pro,vstdp_v1_high_03_cachetools_key_namespace_boundary,real_swe_style_controlled_transition,,cachetools_key_namespace_boundary,,rolling_visible_carry_forward,rolling_visible_carry_forward,1200,1,2026-06-19T15:25:10.905584+00:00,2026-06-19T15:25:47.825968+00:00,2026-06-19T15:25:10.905625+00:00,2026-06-19T15:25:47.825277+00:00,34.915,3e55ca0d13b98e22312e2409149f678b77ec9aef1850bb20a2b4dd3b9ddb0b1a,fa277306aade21945a70b3b179f04425f7411bf17020feb562d3f0df7b313009,cff0bce020b88a9a2d3d196f5042a127e5ac1ea6714929d2bf3c0f4bcf5107e5,b643fcf3783eab9b32f3722658e0c7b1108c670ded0b854285b69de065027917,36eab1570c767a7710928c0761eb87a23d4471a4682617131222e95722d82c55,4905317b5f200e6b35322340f5ad78407f9fc8d9c166cd24f83d024a4cc9d724,6d91b7db6f6ecc6962a654e449062c2870004adfc47062d2ad8b74376cc3dd38,6d91b7db6f6ecc6962a654e449062c2870004adfc47062d2ad8b74376cc3dd38,6d91b7db6f6ecc6962a654e449062c2870004adfc47062d2ad8b74376cc3dd38,58a0fd1ab882a25e3a96b570728797ccf9f00e62723ca54e10e593009e9c81ea,direct_provider,deepseek,https://api.deepseek.com,deepseek-v4-pro,https://api.deepseek.com/chat/completions,deepseek-v4-pro,c9da0642059ba98620f7a69e24a1751c9275e916fe3904876738153d2414e896,d36c4b8f2f74aa3f39fbb01515608acead4ab04a35165db758e06a0dcf01ffa9,d914cfc97d9b99822a2b1313c16850fd7be529b097eb356dc8e8e7408a7a00a8,explicit,0,4096,omitted,,omitted,,omitted,,omitted,,omitted,,omitted,,omitted,,omitted,,omitted,,False,thinking.type=disabled,ffe557f53c63f7d0f7e35f80c03f61d8b3548db9e4f51e8dda020b28a920d875,provider_not_exposed,provider_not_exposed,False,,False,False,False,disabled,,stop;stop,stop;stop,993,225,0,430,530,0,visible_carry_forward_compactor,,,,,,,,,,0,,0,"[""REQ_03_QHZAXUM"", ""LOCK_03_ZFMS2D9"", ""SCOPE_03_U8T76GL"", ""CHECK_03_BTVZKAV"", ""ANCHOR_03_KB938ER"", ""EDGE_03_HC9JS4X"", ""FRONTIER_03_RDT969E""]",[],0,[],0,[],0,[],0,1,RemoteDisconnected: Remote end closed connection without response,rerun_required,backend_error,7926d8b80edd62a6a33240173be702304cf8b168d36d9db3bc148f78cd83f0e0,59398b6c87a7ef96b41523b73004b1b3e41c95fd22bb240dae0552b118d2dc74,bd781d522886ce437a1e3cf27a44c92a828d1cc21182a4e72da34decc9a542a6,7f48ed1db401c282f71d2deeee6c884bfeac5b1fc7ae341bd9e94ca1be9145d0,5a06fc0e58fee9a404e32516c8628c57486ecc92d50f3f7b7f16953624749531,released_raw_outputs/model_outputs/_probe_ecvs_deepseek_v4pro_visible_state_discriminator_v1_visiblecarry_vs_maturessrloop_18task_2method_3budget_1run/deepseek/rolling_visible_carry_forward__vstdp_v1_high_03_cachetools_key_namespace_boundary__run_1__budget_1200.jsonl,3,c002934df45ae013f01921f98bb4c452751136ece9d6ac2c298b3cae3198dfe3,75d68f1e36e8198599e987c256119b01094492e5541cdbfffc45175e9d0b5eb7,104c8f17e9ccfccc0fa12ace5b31f8899b0e095a343bccdf59101d2e0c2cf755,_probe_ecvs_deepseek_v4pro_visible_state_discriminator_v1_visiblecarry_vs_maturessrloop_18task_2method_3budget_1run,rolling_visible_carry_forward,8d9db20ce97efe30f85c852e25677be982049e6573365705fe9691ec9b104e37,dc0f725af502edacb2f70d170596de43ac5c56c3bea3ef61b91caa6b791b7eb0,{},e83e5f36720943793cd894d750a4e149b87149e8afc1f3ba9f39379580fbad40,3,rolling_visible_identifier_carry_forward_v1_ecvs_safe_visible_only,rolling_visible_identifier_carry_forward_v1_ecvs_safe_visible_only,1,3,3,3,3,0,173785ea399333fd8a127d470851c174bb4b4914c467a5d5f3f714ba98107841
_probe_ecvs_deepseek_v4pro_visible_state_discriminator_v1_visiblecarry_vs_maturessrloop_18task_2method_3budget_1run:deepseek_v4pro:rolling_visible_carry_forward:vstdp_v1_high_03_cachetools_key_namespace_boundary:budget_300:run_1,deepseek_v4pro,vstdp_v1_high_03_cachetools_key_namespace_boundary,real_swe_style_controlled_transition,,cachetools_key_namespace_boundary,,rolling_visible_carry_forward,rolling_visible_carry_forward,300,1,2026-06-19T15:25:10.904656+00:00,2026-06-19T15:25:44.467024+00:00,2026-06-19T15:25:10.904711+00:00,2026-06-19T15:25:44.466060+00:00,33.55,3e55ca0d13b98e22312e2409149f678b77ec9aef1850bb20a2b4dd3b9ddb0b1a,fa277306aade21945a70b3b179f04425f7411bf17020feb562d3f0df7b313009,cff0bce020b88a9a2d3d196f5042a127e5ac1ea6714929d2bf3c0f4bcf5107e5,b643fcf3783eab9b32f3722658e0c7b1108c670ded0b854285b69de065027917,0412ab26c9d8275e89188a99ddeca78a13420e8c136fc755bed1a0c3ccc4305f,4905317b5f200e6b35322340f5ad78407f9fc8d9c166cd24f83d024a4cc9d724,6d91b7db6f6ecc6962a654e449062c2870004adfc47062d2ad8b74376cc3dd38,6d91b7db6f6ecc6962a654e449062c2870004adfc47062d2ad8b74376cc3dd38,6d91b7db6f6ecc6962a654e449062c2870004adfc47062d2ad8b74376cc3dd38,58a0fd1ab882a25e3a96b570728797ccf9f00e62723ca54e10e593009e9c81ea,direct_provider,deepseek,https://api.deepseek.com,deepseek-v4-pro,https://api.deepseek.com/chat/completions,deepseek-v4-pro,c9da0642059ba98620f7a69e24a1751c9275e916fe3904876738153d2414e896,d36c4b8f2f74aa3f39fbb01515608acead4ab04a35165db758e06a0dcf01ffa9,d914cfc97d9b99822a2b1313c16850fd7be529b097eb356dc8e8e7408a7a00a8,explicit,0,4096,omitted,,omitted,,omitted,,omitted,,omitted,,omitted,,omitted,,omitted,,omitted,,False,thinking.type=disabled,ffe557f53c63f7d0f7e35f80c03f61d8b3548db9e4f51e8dda020b28a920d875,provider_not_exposed,provider_not_exposed,False,,False,False,False,disabled,,stop;stop;stop;stop;stop;stop;stop;stop;stop;stop;stop;stop;stop,stop;stop;stop;stop;stop;stop;stop;stop;stop;stop;stop;stop;stop,6809,1766,0,363,261,1,visible_carry_forward_compactor,,,,,,,,,,1,,0,"[""EDGE_03_HC9JS4X""]","[""REQ_03_QHZAXUM"", ""LOCK_03_ZFMS2D9"", ""SCOPE_03_U8T76GL"", ""CHECK_03_BTVZKAV"", ""ANCHOR_03_KB938ER"", ""FRONTIER_03_RDT969E""]",1,"[""SCOPE_03_ZH8DAVK"", ""CHECK_03_AXAXYSY"", ""MERGE_03_HSRM2Q6"", ""VERIFY_03_4T2MZQY""]",0,[],0,[],0,0,,clean,,bfd674f5b86719cd4454722ddc07cb88f30f7e8f1eb3d827d0644b8baa5758b9,28db8af5472a988989015690a758ce4e01e79d09289adc877902283fd4dacb87,716bbc9566bcd19cd752f8dcc1eba7dd735276f67a27a3315e9be79642a55f8b,0500361541dc5b15d737d63cd2d415f0faa9c172aeeeafbf89628255dc015ce3,9240b2f39d7719f883422408155953a6efdb542883d6fb445e087dc8ac9ddfc0,released_raw_outputs/model_outputs/_probe_ecvs_deepseek_v4pro_visible_state_discriminator_v1_visiblecarry_vs_maturessrloop_18task_2method_3budget_1run/deepseek/rolling_visible_carry_forward__vstdp_v1_high_03_cachetools_key_namespace_boundary__run_1__budget_300.jsonl,13,e75d2f78d40df8a6437431e8a92d1a29fe3f8992cb019a830eadd1324aa5cedd,677661af4c4bbf99165a7014e0d104dd6c9bcab0eaaa58e68e4edeb03b34671b,3c0a3fc98743fbad812a1d25ffc3c1e0535ce056c257d301278e39f52c99169a,_probe_ecvs_deepseek_v4pro_visible_state_discriminator_v1_visiblecarry_vs_maturessrloop_18task_2method_3budget_1run,rolling_visible_carry_forward,8d9db20ce97efe30f85c852e25677be982049e6573365705fe9691ec9b104e37,dc0f725af502edacb2f70d170596de43ac5c56c3bea3ef61b91caa6b791b7eb0,{},e83e5f36720943793cd894d750a4e149b87149e8afc1f3ba9f39379580fbad40,13,rolling_visible_identifier_carry_forward_v1_ecvs_safe_visible_only,rolling_visible_identifier_carry_forward_v1_ecvs_safe_visible_only,1,10,10,10,10,0,1cf5a828fabdf7b2b4207317cf3b995db4cde907fc270702d5cecf3f12b9f666
_probe_ecvs_deepseek_v4pro_visible_state_discriminator_v1_visiblecarry_vs_maturessrloop_18task_2method_3budget_1run:deepseek_v4pro:rolling_visible_carry_forward:vstdp_v1_high_03_cachetools_key_namespace_boundary:budget_600:run_1,deepseek_v4pro,vstdp_v1_high_03_cachetools_key_namespace_boundary,real_swe_style_controlled_transition,,cachetools_key_namespace_boundary,,rolling_visible_carry_forward,rolling_visible_carry_forward,600,1,2026-06-19T15:25:10.907473+00:00,2026-06-19T15:26:22.261999+00:00,2026-06-19T15:25:28.080443+00:00,2026-06-19T15:26:22.261092+00:00,37.104,3e55ca0d13b98e22312e2409149f678b77ec9aef1850bb20a2b4dd3b9ddb0b1a,fa277306aade21945a70b3b179f04425f7411bf17020feb562d3f0df7b313009,cff0bce020b88a9a2d3d196f5042a127e5ac1ea6714929d2bf3c0f4bcf5107e5,b643fcf3783eab9b32f3722658e0c7b1108c670ded0b854285b69de065027917,aff401b00964b65e99a467db4ab8bca74213580a9a1379cbf50f446b824145fc,4905317b5f200e6b35322340f5ad78407f9fc8d9c166cd24f83d024a4cc9d724,6d91b7db6f6ecc6962a654e449062c2870004adfc47062d2ad8b74376cc3dd38,6d91b7db6f6ecc6962a654e449062c2870004adfc47062d2ad8b74376cc3dd38,6d91b7db6f6ecc6962a654e449062c2870004adfc47062d2ad8b74376cc3dd38,58a0fd1ab882a25e3a96b570728797ccf9f00e62723ca54e10e593009e9c81ea,direct_provider,deepseek,https://api.deepseek.com,deepseek-v4-pro,https://api.deepseek.com/chat/completions,deepseek-v4-pro,c9da0642059ba98620f7a69e24a1751c9275e916fe3904876738153d2414e896,d36c4b8f2f74aa3f39fbb01515608acead4ab04a35165db758e06a0dcf01ffa9,d914cfc97d9b99822a2b1313c16850fd7be529b097eb356dc8e8e7408a7a00a8,explicit,0,4096,omitted,,omitted,,omitted,,omitted,,omitted,,omitted,,omitted,,omitted,,omitted,,False,thinking.type=disabled,ffe557f53c63f7d0f7e35f80c03f61d8b3548db9e4f51e8dda020b28a920d875,provider_not_exposed,provider_not_exposed,False,,False,False,False,disabled,,stop;stop;stop;stop;stop;stop;stop;stop;stop;stop;stop;stop;stop,stop;stop;stop;stop;stop;stop;stop;stop;stop;stop;stop;stop;stop,7649,2113,0,363,587,0,visible_carry_forward_compactor,,,,,,,,,,1,,0,"[""EDGE_03_HC9JS4X""]","[""REQ_03_QHZAXUM"", ""LOCK_03_ZFMS2D9"", ""SCOPE_03_U8T76GL"", ""CHECK_03_BTVZKAV"", ""ANCHOR_03_KB938ER"", ""FRONTIER_03_RDT969E""]",1,"[""SCOPE_03_ZH8DAVK"", ""CHECK_03_AXAXYSY"", ""MERGE_03_HSRM2Q6"", ""VERIFY_03_4T2MZQY""]",0,[],0,[],0,0,,clean,,aa5ddbef27420503513034c9f6f1cc4d26694afc104c58db781351fb511c8413,cb1c2b362ac8dc11a37a4c0af331038f950d3c38fadac0be5a8b09f2a17d4d69,61ae956c5f8323973e3ea23253508ce0c46eac3a145d3b3b28537ca58271414e,b702df19c66132c2558911fa3545d2fb473f7f643cde14076670bd551b493a56,05c86521954c908b429f5bfd0e9fae3425f44c68789aff1b029c43abd950d3a5,released_raw_outputs/model_outputs/_probe_ecvs_deepseek_v4pro_visible_state_discriminator_v1_visiblecarry_vs_maturessrloop_18task_2method_3budget_1run/deepseek/rolling_visible_carry_forward__vstdp_v1_high_03_cachetools_key_namespace_boundary__run_1__budget_600.jsonl,13,d32d5abfa1a7cc2de1011300a6eb9da6c57a27ef672e2699da111b795b3d7d19,7a89d38ed29b428512080c8709e8c4571a5bcbda3a64af99c27c462c3befc271,d5fd95b6acac27f3b06e7ed85d253f1eb120a5f409143048e2be190a74cdf23c,_probe_ecvs_deepseek_v4pro_visible_state_discriminator_v1_visiblecarry_vs_maturessrloop_18task_2method_3budget_1run,rolling_visible_carry_forward,8d9db20ce97efe30f85c852e25677be982049e6573365705fe9691ec9b104e37,dc0f725af502edacb2f70d170596de43ac5c56c3bea3ef61b91caa6b791b7eb0,{},e83e5f36720943793cd894d750a4e149b87149e8afc1f3ba9f39379580fbad40,13,rolling_visible_identifier_carry_forward_v1_ecvs_safe_visible_only,rolling_visible_identifier_carry_forward_v1_ecvs_safe_visible_only,1,10,10,10,10,0,7867249a5db3a1a7113399aa584f5f26d91bf3665278432099eb139066a1e863
_probe_ecvs_deepseek_v4pro_visible_state_discriminator_v1_visiblecarry_vs_maturessrloop_18task_2method_3budget_1run:deepseek_v4pro:rolling_visible_carry_forward:vstdp_v1_high_04_django_upload_path_transition:budget_1200:run_1,deepseek_v4pro,vstdp_v1_high_04_django_upload_path_transition,real_swe_style_controlled_transition,,django_upload_path_transition,,rolling_visible_carry_forward,rolling_visible_carry_forward,1200,1,2026-06-19T15:25:10.908810+00:00,2026-06-19T15:26:11.800129+00:00,2026-06-19T15:25:10.908932+00:00,2026-06-19T15:26:11.798918+00:00,43.801,3e55ca0d13b98e22312e2409149f678b77ec9aef1850bb20a2b4dd3b9ddb0b1a,71bbd3e69ec96aa0248caf3f93f6f7558c1fed0c24b3876c82aa4165806c6940,cff0bce020b88a9a2d3d196f5042a127e5ac1ea6714929d2bf3c0f4bcf5107e5,f7bc267412c38e839d55ea53bd8f96eaca6f9dc35f4123017f6b20c16d1226a7,367064e5e4a299f8b4af1f8f9f312c5f2016b1a77f0ba12e713d537446ba6ba7,4905317b5f200e6b35322340f5ad78407f9fc8d9c166cd24f83d024a4cc9d724,6d91b7db6f6ecc6962a654e449062c2870004adfc47062d2ad8b74376cc3dd38,6d91b7db6f6ecc6962a654e449062c2870004adfc47062d2ad8b74376cc3dd38,6d91b7db6f6ecc6962a654e449062c2870004adfc47062d2ad8b74376cc3dd38,58a0fd1ab882a25e3a96b570728797ccf9f00e62723ca54e10e593009e9c81ea,direct_provider,deepseek,https://api.deepseek.com,deepseek-v4-pro,https://api.deepseek.com/chat/completions,deepseek-v4-pro,c9da0642059ba98620f7a69e24a1751c9275e916fe3904876738153d2414e896,d36c4b8f2f74aa3f39fbb01515608acead4ab04a35165db758e06a0dcf01ffa9,d914cfc97d9b99822a2b1313c16850fd7be529b097eb356dc8e8e7408a7a00a8,explicit,0,4096,omitted,,omitted,,omitted,,omitted,,omitted,,omitted,,omitted,,omitted,,omitted,,False,thinking.type=disabled,ffe557f53c63f7d0f7e35f80c03f61d8b3548db9e4f51e8dda020b28a920d875,provider_not_exposed,provider_not_exposed,False,,False,False,False,disabled,,stop;stop;stop;stop;stop;stop;stop;stop;stop;stop;stop;stop;stop,stop;stop;stop;stop;stop;stop;stop;stop;stop;stop;stop;stop;stop,9668,3382,0,812,1036,0,visible_carry_forward_compactor,,,,,,,,,,1,,0,"[""EDGE_04_XCN4FXM""]","[""REQ_04_JD7BTAD"", ""LOCK_04_723RQJK"", ""SCOPE_04_M7DCCLH"", ""CHECK_04_R7QSQZM"", ""ANCHOR_04_88BFYBZ"", ""FRONTIER_04_S65E36Z""]",0,[],0,[],0,[],0,0,,clean,,0478ec406ce7b54164275b6a06f730a3035e9c4ef78a24be63d7ffee89129b0e,ef0e61bcc244e3314410de9e31a54b0833044920d1bb34bf5cadde2a1e743166,6452af8ccc4460a8a013e708aab3877c073b726f97a36be1ea2a7111dc333917,287a2de6a716d549c957ffef0f442ebe0ec433c8c4ac00df08a3a2350568de56,8b041b7c484043304fd2eee0c47c5b767ae977887322e38f25e5b62a1c61363e,released_raw_outputs/model_outputs/_probe_ecvs_deepseek_v4pro_visible_state_discriminator_v1_visiblecarry_vs_maturessrloop_18task_2method_3budget_1run/deepseek/rolling_visible_carry_forward__vstdp_v1_high_04_django_upload_path_transition__run_1__budget_1200.jsonl,13,26810ad716310612066fe7be06f1e15adb5e7db6d20949777659e106c23e888d,9f95a5dc47452f36ba741c65803301a59742591d5281f1e6c6856b5f3e578d7d,bed38d5505c5155b5e41d88e926f064ea48c73e7113fa4c8899b76142d5ef2b0,_probe_ecvs_deepseek_v4pro_visible_state_discriminator_v1_visiblecarry_vs_maturessrloop_18task_2method_3budget_1run,rolling_visible_carry_forward,8d9db20ce97efe30f85c852e25677be982049e6573365705fe9691ec9b104e37,209a52ab2c6a1732d11ce831cf7905b0c6615e82e55e228dd1a5b0912c41b3c7,{},e83e5f36720943793cd894d750a4e149b87149e8afc1f3ba9f39379580fbad40,13,rolling_visible_identifier_carry_forward_v1_ecvs_safe_visible_only,rolling_visible_identifier_carry_forward_v1_ecvs_safe_visible_only,1,10,10,10,10,0,734d3617021d22836d2fcc181edd29a7486aa92f25b9da46208be496628f4aa8
_probe_ecvs_deepseek_v4pro_visible_state_discriminator_v1_visiblecarry_vs_maturessrloop_18task_2method_3budget_1run:deepseek_v4pro:rolling_visible_carry_forward:vstdp_v1_high_04_django_upload_path_transition:budget_300:run_1,deepseek_v4pro,vstdp_v1_high_04_django_upload_path_transition,real_swe_style_controlled_transition,,django_upload_path_transition,,rolling_visible_carry_forward,rolling_visible_carry_forward,300,1,2026-06-19T15:25:10.906716+00:00,2026-06-19T15:26:39.626735+00:00,2026-06-19T15:25:28.083596+00:00,2026-06-19T15:26:39.622113+00:00,36.386,3e55ca0d13b98e22312e2409149f678b77ec9aef1850bb20a2b4dd3b9ddb0b1a,71bbd3e69ec96aa0248caf3f93f6f7558c1fed0c24b3876c82aa4165806c6940,cff0bce020b88a9a2d3d196f5042a127e5ac1ea6714929d2bf3c0f4bcf5107e5,f7bc267412c38e839d55ea53bd8f96eaca6f9dc35f4123017f6b20c16d1226a7,fda222af6df90d0264d6af13e965138bb9f183cbeea43faa0038623532d4c18e,4905317b5f200e6b35322340f5ad78407f9fc8d9c166cd24f83d024a4cc9d724,6d91b7db6f6ecc6962a654e449062c2870004adfc47062d2ad8b74376cc3dd38,6d91b7db6f6ecc6962a654e449062c2870004adfc47062d2ad8b74376cc3dd38,6d91b7db6f6ecc6962a654e449062c2870004adfc47062d2ad8b74376cc3dd38,58a0fd1ab882a25e3a96b570728797ccf9f00e62723ca54e10e593009e9c81ea,direct_provider,deepseek,https://api.deepseek.com,deepseek-v4-pro,https://api.deepseek.com/chat/completions,deepseek-v4-pro,c9da0642059ba98620f7a69e24a1751c9275e916fe3904876738153d2414e896,d36c4b8f2f74aa3f39fbb01515608acead4ab04a35165db758e06a0dcf01ffa9,d914cfc97d9b99822a2b1313c16850fd7be529b097eb356dc8e8e7408a7a00a8,explicit,0,4096,omitted,,omitted,,omitted,,omitted,,omitted,,omitted,,omitted,,omitted,,omitted,,False,thinking.type=disabled,ffe557f53c63f7d0f7e35f80c03f61d8b3548db9e4f51e8dda020b28a920d875,provider_not_exposed,provider_not_exposed,False,,False,False,False,disabled,,stop;stop;stop;stop;stop;stop;stop;stop;stop;stop;stop;stop;stop,stop;stop;stop;stop;stop;stop;stop;stop;stop;stop;stop;stop;stop,6776,1742,0,363,261,1,visible_carry_forward_compactor,,,,,,,,,,1,,0,"[""EDGE_04_XCN4FXM""]","[""REQ_04_JD7BTAD"", ""LOCK_04_723RQJK"", ""SCOPE_04_M7DCCLH"", ""CHECK_04_R7QSQZM"", ""ANCHOR_04_88BFYBZ"", ""FRONTIER_04_S65E36Z""]",1,"[""SCOPE_04_NLNJZCK"", ""CHECK_04_CUHSNM5"", ""MERGE_04_4RCEUF7"", ""VERIFY_04_6EF4V36""]",0,[],0,[],0,0,,clean,,db7d36f5e3c204e2a2ff9de4ebf3639f815ee20e37b8a12f8410ea938120546c,4ffcacdb40357c0bf535127063fa98df68fac96767dd7374a3fe13ef577ddfbe,0ded8c7abe54980b48006712ea62c715ae125d9b007b71250c9362937c0ef884,d581f1d22179a9aeae0f33dc83209ae0cf5de1dbdca984ca5d31cd9d934e3959,49254ef791d478d38d10059401336b951544c09f88327cf12da0f91519783ad0,released_raw_outputs/model_outputs/_probe_ecvs_deepseek_v4pro_visible_state_discriminator_v1_visiblecarry_vs_maturessrloop_18task_2method_3budget_1run/deepseek/rolling_visible_carry_forward__vstdp_v1_high_04_django_upload_path_transition__run_1__budget_300.jsonl,13,8b5461eedb90b42e8a3d7ee6c38d9fc4db4bdd66a34bce49cfabe4d8401e4bb2,590f293d408f3f029f817f3df7564a759cabefcc4fffc2fb2b44f3b5867b7e3b,474bc2204dbfc8bc1493eac3bdee618dcc6d98ccf1059eb1ca37b1c9a322499b,_probe_ecvs_deepseek_v4pro_visible_state_discriminator_v1_visiblecarry_vs_maturessrloop_18task_2method_3budget_1run,rolling_visible_carry_forward,8d9db20ce97efe30f85c852e25677be982049e6573365705fe9691ec9b104e37,209a52ab2c6a1732d11ce831cf7905b0c6615e82e55e228dd1a5b0912c41b3c7,{},e83e5f36720943793cd894d750a4e149b87149e8afc1f3ba9f39379580fbad40,13,rolling_visible_identifier_carry_forward_v1_ecvs_safe_visible_only,rolling_visible_identifier_carry_forward_v1_ecvs_safe_visible_only,1,10,10,10,10,0,a4eca17d8d1e6d2247a40634ea6f204ef22f4bc3be9f1cba00e93edcc801da5c
_probe_ecvs_deepseek_v4pro_visible_state_discriminator_v1_visiblecarry_vs_maturessrloop_18task_2method_3budget_1run:deepseek_v4pro:rolling_visible_carry_forward:vstdp_v1_high_04_django_upload_path_transition:budget_600:run_1,deepseek_v4pro,vstdp_v1_high_04_django_upload_path_transition,real_swe_style_controlled_transition,,django_upload_path_transition,,rolling_visible_carry_forward,rolling_visible_carry_forward,600,1,2026-06-19T15:25:10.908217+00:00,2026-06-19T15:26:04.670475+00:00,2026-06-19T15:25:10.908336+00:00,2026-06-19T15:26:04.669315+00:00,36.685,3e55ca0d13b98e22312e2409149f678b77ec9aef1850bb20a2b4dd3b9ddb0b1a,71bbd3e69ec96aa0248caf3f93f6f7558c1fed0c24b3876c82aa4165806c6940,cff0bce020b88a9a2d3d196f5042a127e5ac1ea6714929d2bf3c0f4bcf5107e5,f7bc267412c38e839d55ea53bd8f96eaca6f9dc35f4123017f6b20c16d1226a7,eb91216bec0f9845db4b63973ca5948224f86d001867cae5efb5ef763942e98e,4905317b5f200e6b35322340f5ad78407f9fc8d9c166cd24f83d024a4cc9d724,6d91b7db6f6ecc6962a654e449062c2870004adfc47062d2ad8b74376cc3dd38,6d91b7db6f6ecc6962a654e449062c2870004adfc47062d2ad8b74376cc3dd38,6d91b7db6f6ecc6962a654e449062c2870004adfc47062d2ad8b74376cc3dd38,58a0fd1ab882a25e3a96b570728797ccf9f00e62723ca54e10e593009e9c81ea,direct_provider,deepseek,https://api.deepseek.com,deepseek-v4-pro,https://api.deepseek.com/chat/completions,deepseek-v4-pro,c9da0642059ba98620f7a69e24a1751c9275e916fe3904876738153d2414e896,d36c4b8f2f74aa3f39fbb01515608acead4ab04a35165db758e06a0dcf01ffa9,d914cfc97d9b99822a2b1313c16850fd7be529b097eb356dc8e8e7408a7a00a8,explicit,0,4096,omitted,,omitted,,omitted,,omitted,,omitted,,omitted,,omitted,,omitted,,omitted,,False,thinking.type=disabled,ffe557f53c63f7d0f7e35f80c03f61d8b3548db9e4f51e8dda020b28a920d875,provider_not_exposed,provider_not_exposed,False,,False,False,False,disabled,,stop;stop;stop;stop;stop;stop;stop;stop;stop;stop;stop;stop;stop,stop;stop;stop;stop;stop;stop;stop;stop;stop;stop;stop;stop;stop,7465,2225,0,371,595,0,visible_carry_forward_compactor,,,,,,,,,,1,,0,"[""EDGE_04_XCN4FXM""]","[""REQ_04_JD7BTAD"", ""LOCK_04_723RQJK"", ""SCOPE_04_M7DCCLH"", ""CHECK_04_R7QSQZM"", ""ANCHOR_04_88BFYBZ"", ""FRONTIER_04_S65E36Z""]",1,"[""SCOPE_04_NLNJZCK"", ""CHECK_04_CUHSNM5"", ""MERGE_04_4RCEUF7"", ""VERIFY_04_6EF4V36""]",0,[],0,[],0,0,,clean,,6a383adccfd0c293fbec56760de22caa20864880d6c33845fc6b3851c477d806,b8af630df6c0eeb14f96360044455d9502b6400f7977aac53447f1e8bb258147,6a38139954e5f4266df26028cd693854c94dad205ec95013dc01d0ba8c580c41,e4519ae8a411ee730721f9dafdeadba22fa54f3f503acd7502becc447736da1d,39880fddc712eae48333a668098a9c60ad8caf7070844241ab3b057b0ab418cd,released_raw_outputs/model_outputs/_probe_ecvs_deepseek_v4pro_visible_state_discriminator_v1_visiblecarry_vs_maturessrloop_18task_2method_3budget_1run/deepseek/rolling_visible_carry_forward__vstdp_v1_high_04_django_upload_path_transition__run_1__budget_600.jsonl,13,9cbf635757fd3a9025adf7b37d9800c2fb72fb6825ccc97665f69786de78030d,3206ac9c4e38050139b19416891c2af1ebc700c620c7439150e6338a87f58854,106d5f7cb1769b51b543c260f24354fbd7f6e3b57437f24e0d1faba46be34798,_probe_ecvs_deepseek_v4pro_visible_state_discriminator_v1_visiblecarry_vs_maturessrloop_18task_2method_3budget_1run,rolling_visible_carry_forward,8d9db20ce97efe30f85c852e25677be982049e6573365705fe9691ec9b104e37,209a52ab2c6a1732d11ce831cf7905b0c6615e82e55e228dd1a5b0912c41b3c7,{},e83e5f36720943793cd894d750a4e149b87149e8afc1f3ba9f39379580fbad40,13,rolling_visible_identifier_carry_forward_v1_ecvs_safe_visible_only,rolling_visible_identifier_carry_forward_v1_ecvs_safe_visible_only,1,10,10,10,10,0,5a3c03e64d4d5676aaac3bc7990b24f2b80ff8245dff8664aef4f7a1900a37a4
_probe_ecvs_deepseek_v4pro_visible_state_discriminator_v1_visiblecarry_vs_maturessrloop_18task_2method_3budget_1run:deepseek_v4pro:rolling_visible_carry_forward:vstdp_v1_high_05_plugin_resolution_boundary:budget_1200:run_1,deepseek_v4pro,vstdp_v1_high_05_plugin_resolution_boundary,semi_real_controlled_transition,,plugin_resolution_boundary,,rolling_visible_carry_forward,rolling_visible_carry_forward,1200,1,2026-06-19T15:25:10.938693+00:00,2026-06-19T15:26:43.610750+00:00,2026-06-19T15:25:10.938731+00:00,2026-06-19T15:26:43.605249+00:00,40.44,3e55ca0d13b98e22312e2409149f678b77ec9aef1850bb20a2b4dd3b9ddb0b1a,6f65dd8e696fd71373555548253f58f73baba1f289795bb5b2ff9ab0e4b7ff12,cff0bce020b88a9a2d3d196f5042a127e5ac1ea6714929d2bf3c0f4bcf5107e5,da7455f2ed40e59cca69483777495687e040c88feeb4f28c5fa28115a7378f9c,d33fbd0f6f3c7fcea0fe5d93290225a8ff415cef9e9ea5b4fb2c7acc971dbd98,4905317b5f200e6b35322340f5ad78407f9fc8d9c166cd24f83d024a4cc9d724,6d91b7db6f6ecc6962a654e449062c2870004adfc47062d2ad8b74376cc3dd38,6d91b7db6f6ecc6962a654e449062c2870004adfc47062d2ad8b74376cc3dd38,6d91b7db6f6ecc6962a654e449062c2870004adfc47062d2ad8b74376cc3dd38,58a0fd1ab882a25e3a96b570728797ccf9f00e62723ca54e10e593009e9c81ea,direct_provider,deepseek,https://api.deepseek.com,deepseek-v4-pro,https://api.deepseek.com/chat/completions,deepseek-v4-pro,c9da0642059ba98620f7a69e24a1751c9275e916fe3904876738153d2414e896,d36c4b8f2f74aa3f39fbb01515608acead4ab04a35165db758e06a0dcf01ffa9,d914cfc97d9b99822a2b1313c16850fd7be529b097eb356dc8e8e7408a7a00a8,explicit,0,4096,omitted,,omitted,,omitted,,omitted,,omitted,,omitted,,omitted,,omitted,,omitted,,False,thinking.type=disabled,ffe557f53c63f7d0f7e35f80c03f61d8b3548db9e4f51e8dda020b28a920d875,provider_not_exposed,provider_not_exposed,False,,False,False,False,disabled,,stop;stop;stop;stop;stop;stop;stop;stop;stop;stop;stop;stop;stop,stop;stop;stop;stop;stop;stop;stop;stop;stop;stop;stop;stop;stop,8931,2911,0,500,721,0,visible_carry_forward_compactor,,,,,,,,,,1,,0,"[""EDGE_05_WSXXTYU"", ""FRONTIER_05_T3DZGTQ""]","[""REQ_05_2ZDRDBD"", ""LOCK_05_PBM9RNX"", ""SCOPE_05_PE632JK"", ""CHECK_05_M8HKX55"", ""ANCHOR_05_4M9LKXQ"", ""MERGE_05_SSBZP33""]",1,"[""SCOPE_05_HQ9VH7U"", ""CHECK_05_H2BLMAP"", ""MERGE_05_HWSHD3Y"", ""VERIFY_05_MZAS49H""]",0,[],0,[],0,0,,clean,,abd6fd4eba2b81c54dda37aaacc1630db8231337ebe81d8d4622b3faada8df2f,f9e7b1c15c52c69b92fe27952ed1c5713401ec2d1518ebb70e5bd51e6ecc1bff,1072984df9335ac5bd84b9a2a7fd6e51ee88608a3fa95d564147d2cf6c07baf8,37dbad96ea024d77f7d6718a2bd219ab7c626c4411569b8c02ff57a652ae8d42,1136d8d9dbd49387e7496efc543f925c256826186d55cda67c00385e34efa685,released_raw_outputs/model_outputs/_probe_ecvs_deepseek_v4pro_visible_state_discriminator_v1_visiblecarry_vs_maturessrloop_18task_2method_3budget_1run/deepseek/rolling_visible_carry_forward__vstdp_v1_high_05_plugin_resolution_boundary__run_1__budget_1200.jsonl,13,87453954eb260624dad8e54540c47b8b8098286492cae74d80aea9284f675dee,8a5f14898c72c905945396aa203ea8f7653f1b7108356b1cc3b553512abe4b77,fdf397e084f1bdb21df157a5240208cf3981f1b8d82134b6ca99a9276a25c5b6,_probe_ecvs_deepseek_v4pro_visible_state_discriminator_v1_visiblecarry_vs_maturessrloop_18task_2method_3budget_1run,rolling_visible_carry_forward,8d9db20ce97efe30f85c852e25677be982049e6573365705fe9691ec9b104e37,c41fb187b0bd5eefb5c996f7f5ee4287ff45d410b63e2a24242936bc11ce46be,{},e83e5f36720943793cd894d750a4e149b87149e8afc1f3ba9f39379580fbad40,13,rolling_visible_identifier_carry_forward_v1_ecvs_safe_visible_only,rolling_visible_identifier_carry_forward_v1_ecvs_safe_visible_only,1,10,10,10,10,0,7e3e8fe669266d1e61c9781ab62d7215111ac3f05648d15adf0b196acd1b6470
_probe_ecvs_deepseek_v4pro_visible_state_discriminator_v1_visiblecarry_vs_maturessrloop_18task_2method_3budget_1run:deepseek_v4pro:rolling_visible_carry_forward:vstdp_v1_high_05_plugin_resolution_boundary:budget_300:run_1,deepseek_v4pro,vstdp_v1_high_05_plugin_resolution_boundary,semi_real_controlled_transition,,plugin_resolution_boundary,,rolling_visible_carry_forward,rolling_visible_carry_forward,300,1,2026-06-19T15:25:10.927633+00:00,2026-06-19T15:25:58.033290+00:00,2026-06-19T15:25:10.927695+00:00,2026-06-19T15:25:58.031075+00:00,30.018,3e55ca0d13b98e22312e2409149f678b77ec9aef1850bb20a2b4dd3b9ddb0b1a,6f65dd8e696fd71373555548253f58f73baba1f289795bb5b2ff9ab0e4b7ff12,cff0bce020b88a9a2d3d196f5042a127e5ac1ea6714929d2bf3c0f4bcf5107e5,da7455f2ed40e59cca69483777495687e040c88feeb4f28c5fa28115a7378f9c,7ec76871288a5ae1ca8d22784acc4cbbeb11bd91ce90fd1ce5b3c7ecd9617716,4905317b5f200e6b35322340f5ad78407f9fc8d9c166cd24f83d024a4cc9d724,6d91b7db6f6ecc6962a654e449062c2870004adfc47062d2ad8b74376cc3dd38,6d91b7db6f6ecc6962a654e449062c2870004adfc47062d2ad8b74376cc3dd38,6d91b7db6f6ecc6962a654e449062c2870004adfc47062d2ad8b74376cc3dd38,58a0fd1ab882a25e3a96b570728797ccf9f00e62723ca54e10e593009e9c81ea,direct_provider,deepseek,https://api.deepseek.com,deepseek-v4-pro,https://api.deepseek.com/chat/completions,deepseek-v4-pro,c9da0642059ba98620f7a69e24a1751c9275e916fe3904876738153d2414e896,d36c4b8f2f74aa3f39fbb01515608acead4ab04a35165db758e06a0dcf01ffa9,d914cfc97d9b99822a2b1313c16850fd7be529b097eb356dc8e8e7408a7a00a8,explicit,0,4096,omitted,,omitted,,omitted,,omitted,,omitted,,omitted,,omitted,,omitted,,omitted,,False,thinking.type=disabled,ffe557f53c63f7d0f7e35f80c03f61d8b3548db9e4f51e8dda020b28a920d875,provider_not_exposed,provider_not_exposed,False,,False,False,False,disabled,,stop;stop;stop;stop;stop;stop;stop;stop;stop;stop;stop;stop;stop,stop;stop;stop;stop;stop;stop;stop;stop;stop;stop;stop;stop;stop,6774,1770,0,375,258,1,visible_carry_forward_compactor,,,,,,,,,,1,,0,"[""EDGE_05_WSXXTYU"", ""FRONTIER_05_T3DZGTQ""]","[""REQ_05_2ZDRDBD"", ""LOCK_05_PBM9RNX"", ""SCOPE_05_PE632JK"", ""CHECK_05_M8HKX55"", ""ANCHOR_05_4M9LKXQ"", ""MERGE_05_SSBZP33""]",1,"[""SCOPE_05_HQ9VH7U"", ""CHECK_05_H2BLMAP"", ""MERGE_05_HWSHD3Y"", ""VERIFY_05_MZAS49H""]",0,[],0,[],0,0,,clean,,c3306aab8d149c9125893471343905953d0a966ff7ef69034a798949a0580146,d449920b637971bdd4ad9bd48ff91b947ffc87ab325e328ec2d1cc6ea85c44ba,6f280d5571d511ccf1b403f74132dffcb3092704636f2c44a1259ad393c61ac3,6765b3dda8d1cd97947198f8024ff76c52b6c24f6332894569daa5e81c61199e,cfc9243e339c87b7bccac970cb108dc78be3b05fda12490e897ebfe521162003,released_raw_outputs/model_outputs/_probe_ecvs_deepseek_v4pro_visible_state_discriminator_v1_visiblecarry_vs_maturessrloop_18task_2method_3budget_1run/deepseek/rolling_visible_carry_forward__vstdp_v1_high_05_plugin_resolution_boundary__run_1__budget_300.jsonl,13,c94ed5c78a8c75d019e5f533b4e2223f11d366fe158f2d6c278ae8e6fc6f51b4,ef88e7efda515491828399f5311a1b4c9dca8c4b4db81139a8db0ad9037df8f0,fdfaa4a17e8c9db21da9bf7521633b057aa9df6fb42ba9e5dfa1d1d779e8a1a2,_probe_ecvs_deepseek_v4pro_visible_state_discriminator_v1_visiblecarry_vs_maturessrloop_18task_2method_3budget_1run,rolling_visible_carry_forward,8d9db20ce97efe30f85c852e25677be982049e6573365705fe9691ec9b104e37,c41fb187b0bd5eefb5c996f7f5ee4287ff45d410b63e2a24242936bc11ce46be,{},e83e5f36720943793cd894d750a4e149b87149e8afc1f3ba9f39379580fbad40,13,rolling_visible_identifier_carry_forward_v1_ecvs_safe_visible_only,rolling_visible_identifier_carry_forward_v1_ecvs_safe_visible_only,1,10,10,10,10,0,ea24a2ed8228c4374dd997373f5b05794e62e1005cc11e8c377b83e7ea6c2862
_probe_ecvs_deepseek_v4pro_visible_state_discriminator_v1_visiblecarry_vs_maturessrloop_18task_2method_3budget_1run:deepseek_v4pro:rolling_visible_carry_forward:vstdp_v1_high_05_plugin_resolution_boundary:budget_600:run_1,deepseek_v4pro,vstdp_v1_high_05_plugin_resolution_boundary,semi_real_controlled_transition,,plugin_resolution_boundary,,rolling_visible_carry_forward,rolling_visible_carry_forward,600,1,2026-06-19T15:25:10.938498+00:00,2026-06-19T15:25:46.427146+00:00,2026-06-19T15:25:10.938569+00:00,2026-06-19T15:25:46.425844+00:00,35.478,3e55ca0d13b98e22312e2409149f678b77ec9aef1850bb20a2b4dd3b9ddb0b1a,6f65dd8e696fd71373555548253f58f73baba1f289795bb5b2ff9ab0e4b7ff12,cff0bce020b88a9a2d3d196f5042a127e5ac1ea6714929d2bf3c0f4bcf5107e5,da7455f2ed40e59cca69483777495687e040c88feeb4f28c5fa28115a7378f9c,5a26c6e1302b113272894d6f3ad2c1c95d5172b50aa2af2aff112228130a08c3,4905317b5f200e6b35322340f5ad78407f9fc8d9c166cd24f83d024a4cc9d724,6d91b7db6f6ecc6962a654e449062c2870004adfc47062d2ad8b74376cc3dd38,6d91b7db6f6ecc6962a654e449062c2870004adfc47062d2ad8b74376cc3dd38,6d91b7db6f6ecc6962a654e449062c2870004adfc47062d2ad8b74376cc3dd38,58a0fd1ab882a25e3a96b570728797ccf9f00e62723ca54e10e593009e9c81ea,direct_provider,deepseek,https://api.deepseek.com,deepseek-v4-pro,https://api.deepseek.com/chat/completions,deepseek-v4-pro,c9da0642059ba98620f7a69e24a1751c9275e916fe3904876738153d2414e896,d36c4b8f2f74aa3f39fbb01515608acead4ab04a35165db758e06a0dcf01ffa9,d914cfc97d9b99822a2b1313c16850fd7be529b097eb356dc8e8e7408a7a00a8,explicit,0,4096,omitted,,omitted,,omitted,,omitted,,omitted,,omitted,,omitted,,omitted,,omitted,,False,thinking.type=disabled,ffe557f53c63f7d0f7e35f80c03f61d8b3548db9e4f51e8dda020b28a920d875,provider_not_exposed,provider_not_exposed,False,,False,False,False,disabled,,stop;stop;stop;stop;stop;stop;stop;stop;stop;stop;stop;stop;stop,stop;stop;stop;stop;stop;stop;stop;stop;stop;stop;stop;stop;stop,7550,2124,0,369,590,0,visible_carry_forward_compactor,,,,,,,,,,1,,0,"[""EDGE_05_WSXXTYU"", ""FRONTIER_05_T3DZGTQ""]","[""REQ_05_2ZDRDBD"", ""LOCK_05_PBM9RNX"", ""SCOPE_05_PE632JK"", ""CHECK_05_M8HKX55"", ""ANCHOR_05_4M9LKXQ"", ""MERGE_05_SSBZP33""]",1,"[""SCOPE_05_HQ9VH7U"", ""CHECK_05_H2BLMAP"", ""MERGE_05_HWSHD3Y"", ""VERIFY_05_MZAS49H""]",0,[],0,[],0,0,,clean,,631e9113f3198c1f9c60c86bedf547c6adea736f8f196518020ecc6a05e47cd3,d6017de4c6a91454dae3169e7ed5974ab2632e6a07cdb241fe6a99d7eda6ef94,63134d3a62e5f64787bb597ca3dfca98612bab0d6037346234d263e706b9baa9,0a3fa317e7c55efda8e171b24b3223f939e52741cd3786ac3ec4a71eb4dc773d,538e3905c5650b688a93acc6f15f3e3d49c9aa578743a40578d0f6bf540fb7f0,released_raw_outputs/model_outputs/_probe_ecvs_deepseek_v4pro_visible_state_discriminator_v1_visiblecarry_vs_maturessrloop_18task_2method_3budget_1run/deepseek/rolling_visible_carry_forward__vstdp_v1_high_05_plugin_resolution_boundary__run_1__budget_600.jsonl,13,dcf72a1f9717e3ea8928f50e1e5e4a551548ddd071f1ccc754accbecb20d1adc,35d7e9581663081cb04c99fd32da7ab26d2e7496f9dd7eee084f8445b2357782,691a18779c1fdf3c5443e54f3d503ad471b22b348e51f23ab3813b5e86365144,_probe_ecvs_deepseek_v4pro_visible_state_discriminator_v1_visiblecarry_vs_maturessrloop_18task_2method_3budget_1run,rolling_visible_carry_forward,8d9db20ce97efe30f85c852e25677be982049e6573365705fe9691ec9b104e37,c41fb187b0bd5eefb5c996f7f5ee4287ff45d410b63e2a24242936bc11ce46be,{},e83e5f36720943793cd894d750a4e149b87149e8afc1f3ba9f39379580fbad40,13,rolling_visible_identifier_carry_forward_v1_ecvs_safe_visible_only,rolling_visible_identifier_carry_forward_v1_ecvs_safe_visible_only,1,10,10,10,10,0,078842d69ae38a6333c30ae495b7a311270fb26d3ca79b330092c99b89f471a1
_probe_ecvs_deepseek_v4pro_visible_state_discriminator_v1_visiblecarry_vs_maturessrloop_18task_2method_3budget_1run:deepseek_v4pro:rolling_visible_carry_forward:vstdp_v1_high_06_retry_policy_matrix_update:budget_1200:run_1,deepseek_v4pro,vstdp_v1_high_06_retry_policy_matrix_update,semi_real_controlled_transition,,retry_policy_matrix_update,,rolling_visible_carry_forward,rolling_visible_carry_forward,1200,1,2026-06-19T15:25:10.941019+00:00,2026-06-19T15:26:29.263611+00:00,2026-06-19T15:25:10.941048+00:00,2026-06-19T15:26:29.260342+00:00,44.186,3e55ca0d13b98e22312e2409149f678b77ec9aef1850bb20a2b4dd3b9ddb0b1a,c538036cbdbfd19cf2d9ccc56f17555ef93df4199d50f83041f557e19de454e7,cff0bce020b88a9a2d3d196f5042a127e5ac1ea6714929d2bf3c0f4bcf5107e5,841a53576b378df55b609940247ce44bc92ba6f25facafe99c8777cb8f4496ac,becee27778b259c9357e16e6eb5dae463c9e106db1d05a2c8d49a186e15b7bad,4905317b5f200e6b35322340f5ad78407f9fc8d9c166cd24f83d024a4cc9d724,6d91b7db6f6ecc6962a654e449062c2870004adfc47062d2ad8b74376cc3dd38,6d91b7db6f6ecc6962a654e449062c2870004adfc47062d2ad8b74376cc3dd38,6d91b7db6f6ecc6962a654e449062c2870004adfc47062d2ad8b74376cc3dd38,58a0fd1ab882a25e3a96b570728797ccf9f00e62723ca54e10e593009e9c81ea,direct_provider,deepseek,https://api.deepseek.com,deepseek-v4-pro,https://api.deepseek.com/chat/completions,deepseek-v4-pro,c9da0642059ba98620f7a69e24a1751c9275e916fe3904876738153d2414e896,d36c4b8f2f74aa3f39fbb01515608acead4ab04a35165db758e06a0dcf01ffa9,d914cfc97d9b99822a2b1313c16850fd7be529b097eb356dc8e8e7408a7a00a8,explicit,0,4096,omitted,,omitted,,omitted,,omitted,,omitted,,omitted,,omitted,,omitted,,omitted,,False,thinking.type=disabled,ffe557f53c63f7d0f7e35f80c03f61d8b3548db9e4f51e8dda020b28a920d875,provider_not_exposed,provider_not_exposed,False,,False,False,False,disabled,,stop;stop;stop;stop;stop;stop;stop;stop;stop;stop;stop;stop;stop,stop;stop;stop;stop;stop;stop;stop;stop;stop;stop;stop;stop;stop,8976,2635,0,872,1096,0,visible_carry_forward_compactor,,,,,,,,,,1,,0,"[""EDGE_06_29NWS75""]","[""REQ_06_75JE8DC"", ""LOCK_06_5LVHH99"", ""SCOPE_06_PBVNE33"", ""CHECK_06_2DXMSTS"", ""ANCHOR_06_2YVA4LY"", ""FRONTIER_06_UF8Y3N8""]",1,"[""SCOPE_06_6XB5BD6"", ""CHECK_06_8J3ZL3L"", ""MERGE_06_DFCEUHY""]",0,[],0,[],0,0,,clean,,dd675a5dca987b3ec58a258511260bee14a772fdb2a8dd33cdd4c8329476f2da,717aa4d450dbd68b6641362e90f0e6182f460d117d0cab5df7e5ced60b67c9f3,3c7ff69df9e046ec608c2d206ffeeca0426d4deb4eb8355536f30c6792742a1b,baf4a7b68e985f7327614a500e9b0613b93ed91b2f56bb633be2b9c6246c8875,61502449011a58aa3bad85812972b2010afd15fafe395ba38c36eeebcf1b44bc,released_raw_outputs/model_outputs/_probe_ecvs_deepseek_v4pro_visible_state_discriminator_v1_visiblecarry_vs_maturessrloop_18task_2method_3budget_1run/deepseek/rolling_visible_carry_forward__vstdp_v1_high_06_retry_policy_matrix_update__run_1__budget_1200.jsonl,13,27f7e9ed899e0f81df61523020aa77ae121c70c1dd6a9ed451ffa60d2a9c3e3d,4801f09cf3ac126803a36622d2a7c7e0ebd3b3b9b2884f52bc25d3c8231643cc,3e62fb45e2d7adedeaf22107b481c4829e0f48a2efbb812c5484c863a382468b,_probe_ecvs_deepseek_v4pro_visible_state_discriminator_v1_visiblecarry_vs_maturessrloop_18task_2method_3budget_1run,rolling_visible_carry_forward,8d9db20ce97efe30f85c852e25677be982049e6573365705fe9691ec9b104e37,91966cd12e8063b0884a5eda9c28a90e5f74897a87a191b2b55e463fd5a92c3a,{},e83e5f36720943793cd894d750a4e149b87149e8afc1f3ba9f39379580fbad40,13,rolling_visible_identifier_carry_forward_v1_ecvs_safe_visible_only,rolling_visible_identifier_carry_forward_v1_ecvs_safe_visible_only,1,10,10,10,10,0,2b0f556e9f4178dbf188d55cb588178356a179493ea9426abc2f2a2c15cdc572
_probe_ecvs_deepseek_v4pro_visible_state_discriminator_v1_visiblecarry_vs_maturessrloop_18task_2method_3budget_1run:deepseek_v4pro:rolling_visible_carry_forward:vstdp_v1_high_06_retry_policy_matrix_update:budget_300:run_1,deepseek_v4pro,vstdp_v1_high_06_retry_policy_matrix_update,semi_real_controlled_transition,,retry_policy_matrix_update,,rolling_visible_carry_forward,rolling_visible_carry_forward,300,1,2026-06-19T15:25:10.940668+00:00,2026-06-19T15:26:01.889567+00:00,2026-06-19T15:25:10.940700+00:00,2026-06-19T15:26:01.888447+00:00,32.87,3e55ca0d13b98e22312e2409149f678b77ec9aef1850bb20a2b4dd3b9ddb0b1a,c538036cbdbfd19cf2d9ccc56f17555ef93df4199d50f83041f557e19de454e7,cff0bce020b88a9a2d3d196f5042a127e5ac1ea6714929d2bf3c0f4bcf5107e5,841a53576b378df55b609940247ce44bc92ba6f25facafe99c8777cb8f4496ac,7cabbdcca0b865d6dd6f67517c4c366709dbb4b5ba585a6aec83d12bf2c00ed5,4905317b5f200e6b35322340f5ad78407f9fc8d9c166cd24f83d024a4cc9d724,6d91b7db6f6ecc6962a654e449062c2870004adfc47062d2ad8b74376cc3dd38,6d91b7db6f6ecc6962a654e449062c2870004adfc47062d2ad8b74376cc3dd38,6d91b7db6f6ecc6962a654e449062c2870004adfc47062d2ad8b74376cc3dd38,58a0fd1ab882a25e3a96b570728797ccf9f00e62723ca54e10e593009e9c81ea,direct_provider,deepseek,https://api.deepseek.com,deepseek-v4-pro,https://api.deepseek.com/chat/completions,deepseek-v4-pro,c9da0642059ba98620f7a69e24a1751c9275e916fe3904876738153d2414e896,d36c4b8f2f74aa3f39fbb01515608acead4ab04a35165db758e06a0dcf01ffa9,d914cfc97d9b99822a2b1313c16850fd7be529b097eb356dc8e8e7408a7a00a8,explicit,0,4096,omitted,,omitted,,omitted,,omitted,,omitted,,omitted,,omitted,,omitted,,omitted,,False,thinking.type=disabled,ffe557f53c63f7d0f7e35f80c03f61d8b3548db9e4f51e8dda020b28a920d875,provider_not_exposed,provider_not_exposed,False,,False,False,False,disabled,,stop;stop;stop;stop;stop;stop;stop;stop;stop;stop;stop;stop;stop,stop;stop;stop;stop;stop;stop;stop;stop;stop;stop;stop;stop;stop,6809,1892,0,368,261,1,visible_carry_forward_compactor,,,,,,,,,,1,,0,"[""EDGE_06_29NWS75""]","[""REQ_06_75JE8DC"", ""LOCK_06_5LVHH99"", ""SCOPE_06_PBVNE33"", ""CHECK_06_2DXMSTS"", ""ANCHOR_06_2YVA4LY"", ""FRONTIER_06_UF8Y3N8""]",1,"[""SCOPE_06_6XB5BD6"", ""CHECK_06_8J3ZL3L"", ""MERGE_06_DFCEUHY"", ""VERIFY_06_FD627WH""]",0,[],0,[],0,0,,clean,,82af520ed03d6c8a2d78b207182376a36fffd1fc39e453bc100351dc3adfcbd4,6cd31d864d30ec9b3ab7cdf0a5ee47ee68794a480861cc8f471c960426a4d91a,9e33d5e5ce9011413a171923355cc41e66a1e884bf09cb2f0abbe98afdd41e48,8417eecd7b6f46c1fd57dafccf49b133842309d2e9f542ed7e0e4103e4adb38e,4178bca1ddf2509d6f6629077fb65b507cf24fff73585565357a8becfc442430,released_raw_outputs/model_outputs/_probe_ecvs_deepseek_v4pro_visible_state_discriminator_v1_visiblecarry_vs_maturessrloop_18task_2method_3budget_1run/deepseek/rolling_visible_carry_forward__vstdp_v1_high_06_retry_policy_matrix_update__run_1__budget_300.jsonl,13,425a4c3d8e881146bf84785d6e277e5dc21f0826251cd2c81b6a04d75ac6ba3c,3f4a4fb4ad5435efafa89879b5fc81440cdb18127ce11349120fcae88a74854b,d2b0efa0b5a31aff96fd533271d8a57954c9689b662de894b809b24bbc182a6c,_probe_ecvs_deepseek_v4pro_visible_state_discriminator_v1_visiblecarry_vs_maturessrloop_18task_2method_3budget_1run,rolling_visible_carry_forward,8d9db20ce97efe30f85c852e25677be982049e6573365705fe9691ec9b104e37,91966cd12e8063b0884a5eda9c28a90e5f74897a87a191b2b55e463fd5a92c3a,{},e83e5f36720943793cd894d750a4e149b87149e8afc1f3ba9f39379580fbad40,13,rolling_visible_identifier_carry_forward_v1_ecvs_safe_visible_only,rolling_visible_identifier_carry_forward_v1_ecvs_safe_visible_only,1,10,10,10,10,0,1301a68baa69437540e39a43654174a62ca9540afb1677988c25d134bef6551a
_probe_ecvs_deepseek_v4pro_visible_state_discriminator_v1_visiblecarry_vs_maturessrloop_18task_2method_3budget_1run:deepseek_v4pro:rolling_visible_carry_forward:vstdp_v1_high_06_retry_policy_matrix_update:budget_600:run_1,deepseek_v4pro,vstdp_v1_high_06_retry_policy_matrix_update,semi_real_controlled_transition,,retry_policy_matrix_update,,rolling_visible_carry_forward,rolling_visible_carry_forward,600,1,2026-06-19T15:25:10.940272+00:00,2026-06-19T15:26:01.557942+00:00,2026-06-19T15:25:10.940312+00:00,2026-06-19T15:26:01.553332+00:00,32.536,3e55ca0d13b98e22312e2409149f678b77ec9aef1850bb20a2b4dd3b9ddb0b1a,c538036cbdbfd19cf2d9ccc56f17555ef93df4199d50f83041f557e19de454e7,cff0bce020b88a9a2d3d196f5042a127e5ac1ea6714929d2bf3c0f4bcf5107e5,841a53576b378df55b609940247ce44bc92ba6f25facafe99c8777cb8f4496ac,0a942f744805d6a55794f1696862a5f18f3934f40341eebd3d2122786363e422,4905317b5f200e6b35322340f5ad78407f9fc8d9c166cd24f83d024a4cc9d724,6d91b7db6f6ecc6962a654e449062c2870004adfc47062d2ad8b74376cc3dd38,6d91b7db6f6ecc6962a654e449062c2870004adfc47062d2ad8b74376cc3dd38,6d91b7db6f6ecc6962a654e449062c2870004adfc47062d2ad8b74376cc3dd38,58a0fd1ab882a25e3a96b570728797ccf9f00e62723ca54e10e593009e9c81ea,direct_provider,deepseek,https://api.deepseek.com,deepseek-v4-pro,https://api.deepseek.com/chat/completions,deepseek-v4-pro,c9da0642059ba98620f7a69e24a1751c9275e916fe3904876738153d2414e896,d36c4b8f2f74aa3f39fbb01515608acead4ab04a35165db758e06a0dcf01ffa9,d914cfc97d9b99822a2b1313c16850fd7be529b097eb356dc8e8e7408a7a00a8,explicit,0,4096,omitted,,omitted,,omitted,,omitted,,omitted,,omitted,,omitted,,omitted,,omitted,,False,thinking.type=disabled,ffe557f53c63f7d0f7e35f80c03f61d8b3548db9e4f51e8dda020b28a920d875,provider_not_exposed,provider_not_exposed,False,,False,False,False,disabled,,stop;stop;stop;stop;stop;stop;stop;stop;stop;stop;stop;stop;stop,stop;stop;stop;stop;stop;stop;stop;stop;stop;stop;stop;stop;stop,7688,2170,0,368,592,0,visible_carry_forward_compactor,,,,,,,,,,1,,0,"[""EDGE_06_29NWS75""]","[""REQ_06_75JE8DC"", ""LOCK_06_5LVHH99"", ""SCOPE_06_PBVNE33"", ""CHECK_06_2DXMSTS"", ""ANCHOR_06_2YVA4LY"", ""FRONTIER_06_UF8Y3N8""]",1,"[""SCOPE_06_6XB5BD6"", ""CHECK_06_8J3ZL3L"", ""MERGE_06_DFCEUHY"", ""VERIFY_06_FD627WH""]",0,[],0,[],0,0,,clean,,bf2f7b52d78feb33b687337fa77408bdacc7bc14629327302c64d6e50eb13024,405206a027609a52b6e27bd18a8071361523346c116c9f35eb9a193fe25c1911,90b9c6ee799f3c8a3cfcaff1db409ad3c2e69643f4345ae8d9ac33ead4821f5d,eac996ce4d7adfb59f582a8dd3994bd972b2cc0d7835f680d7675bf1ce6726c6,f204f30747c1095b5655469dd9ee16998d263dc1ff12f29473bccd5b78b640f8,released_raw_outputs/model_outputs/_probe_ecvs_deepseek_v4pro_visible_state_discriminator_v1_visiblecarry_vs_maturessrloop_18task_2method_3budget_1run/deepseek/rolling_visible_carry_forward__vstdp_v1_high_06_retry_policy_matrix_update__run_1__budget_600.jsonl,13,d295fa7b20fb11cdb19e8a4c180d03cc71c409d21c09fb8a12ce70b18b858a2b,9be5d17f2cab549b8ecc660a9c5808955a9bb84bbd3c4a77f85ba74b556653bf,abe5a04ea28a84c1eb9428ea91950d30646b709ba1052a615bf4a21c3abd304e,_probe_ecvs_deepseek_v4pro_visible_state_discriminator_v1_visiblecarry_vs_maturessrloop_18task_2method_3budget_1run,rolling_visible_carry_forward,8d9db20ce97efe30f85c852e25677be982049e6573365705fe9691ec9b104e37,91966cd12e8063b0884a5eda9c28a90e5f74897a87a191b2b55e463fd5a92c3a,{},e83e5f36720943793cd894d750a4e149b87149e8afc1f3ba9f39379580fbad40,13,rolling_visible_identifier_carry_forward_v1_ecvs_safe_visible_only,rolling_visible_identifier_carry_forward_v1_ecvs_safe_visible_only,1,10,10,10,10,0,a269a4dc24dbff8d0ae4969ee3d52e8c98103ded37a4c202143e812886e68b4a
_probe_ecvs_deepseek_v4pro_visible_state_discriminator_v1_visiblecarry_vs_maturessrloop_18task_2method_3budget_1run:deepseek_v4pro:rolling_visible_carry_forward:vstdp_v1_low_07_stale_token_retirement:budget_1200:run_1,deepseek_v4pro,vstdp_v1_low_07_stale_token_retirement,diagnostic_controlled_transition,,stale_token_retirement,,rolling_visible_carry_forward,rolling_visible_carry_forward,1200,1,2026-06-19T15:25:10.942377+00:00,2026-06-19T15:26:41.441832+00:00,2026-06-19T15:25:10.942413+00:00,2026-06-19T15:26:41.438742+00:00,38.27,3e55ca0d13b98e22312e2409149f678b77ec9aef1850bb20a2b4dd3b9ddb0b1a,2fda8ba558c280f78ab070044c4b4ba4a69f4ca575eee2891a782f47fec15dfd,cff0bce020b88a9a2d3d196f5042a127e5ac1ea6714929d2bf3c0f4bcf5107e5,dae3aa254929e15d3a052daf9fa08af58d40d91dc0fb59fce9f4158f7cfd0318,07478834cc501e9508cd9719a4af5829eb540ea5077dad18db03f418782e1bfd,4905317b5f200e6b35322340f5ad78407f9fc8d9c166cd24f83d024a4cc9d724,6d91b7db6f6ecc6962a654e449062c2870004adfc47062d2ad8b74376cc3dd38,6d91b7db6f6ecc6962a654e449062c2870004adfc47062d2ad8b74376cc3dd38,6d91b7db6f6ecc6962a654e449062c2870004adfc47062d2ad8b74376cc3dd38,58a0fd1ab882a25e3a96b570728797ccf9f00e62723ca54e10e593009e9c81ea,direct_provider,deepseek,https://api.deepseek.com,deepseek-v4-pro,https://api.deepseek.com/chat/completions,deepseek-v4-pro,c9da0642059ba98620f7a69e24a1751c9275e916fe3904876738153d2414e896,d36c4b8f2f74aa3f39fbb01515608acead4ab04a35165db758e06a0dcf01ffa9,d914cfc97d9b99822a2b1313c16850fd7be529b097eb356dc8e8e7408a7a00a8,explicit,0,4096,omitted,,omitted,,omitted,,omitted,,omitted,,omitted,,omitted,,omitted,,omitted,,False,thinking.type=disabled,ffe557f53c63f7d0f7e35f80c03f61d8b3548db9e4f51e8dda020b28a920d875,provider_not_exposed,provider_not_exposed,False,,False,False,False,disabled,,stop;stop;stop;stop;stop;stop;stop;stop;stop;stop;stop;stop,stop;stop;stop;stop;stop;stop;stop;stop;stop;stop;stop;stop,8280,2818,0,584,849,0,visible_carry_forward_compactor,,,,,,,,,,1,,1,[],"[""REQ_07_S5Z5WYM"", ""LOCK_07_UAB9BWQ"", ""SCOPE_07_H3TJLUU"", ""CHECK_07_U9MPGS9"", ""ANCHOR_07_UERH277"", ""EDGE_07_WJT72JQ""]",1,"[""SCOPE_07_6Q8GCEL"", ""CHECK_07_N5QDMM8"", ""EDGE_07_DBD9SDQ"", ""FRONTIER_07_VC5H9E3""]",0,[],0,[],0,0,,clean,,4d2bd0073ab75084788841e87b9f7d04cbb47aa854e4a96180332374b7401790,8c4e8894269c429255849fc6cb64b6b81746f85932fa1b4bc98c53a3713bca3a,98c90bde8f666d08fcfd3758cd432647e662c0411b1db9854dac5f6fc8ccfb79,fe3c607c08e70fbcfb7f7b58a24728e4dfa0b66d7af0076ddd415588f372f809,a8e5b1b2ebac84a59a72710df2d8f6e366655b606b4c97b7d4cd8ad103551971,released_raw_outputs/model_outputs/_probe_ecvs_deepseek_v4pro_visible_state_discriminator_v1_visiblecarry_vs_maturessrloop_18task_2method_3budget_1run/deepseek/rolling_visible_carry_forward__vstdp_v1_low_07_stale_token_retirement__run_1__budget_1200.jsonl,12,a2f593c2e37cf7a04b5e9492d52855e63f486a77da4c0af2e9fae99908f57068,2ce8c35750aa6d833e7221e9e293f47cbf011e717a31fbd4ac534af43a1c96f3,569d414ba17f5d15cab0c42f0cfd72f566c62ed36ae2e66b17b792d5a358b384,_probe_ecvs_deepseek_v4pro_visible_state_discriminator_v1_visiblecarry_vs_maturessrloop_18task_2method_3budget_1run,rolling_visible_carry_forward,8d9db20ce97efe30f85c852e25677be982049e6573365705fe9691ec9b104e37,599b4785ad161f2ed40516527efd781f0ca7ee302c3b791dff72c06fb5df0ad5,{},e83e5f36720943793cd894d750a4e149b87149e8afc1f3ba9f39379580fbad40,12,rolling_visible_identifier_carry_forward_v1_ecvs_safe_visible_only,rolling_visible_identifier_carry_forward_v1_ecvs_safe_visible_only,1,10,10,10,10,0,b3a4888671b7a85f4f7b53dabb96de732491b8cbb5f5db05c2bb2e0865ae6c7c
_probe_ecvs_deepseek_v4pro_visible_state_discriminator_v1_visiblecarry_vs_maturessrloop_18task_2method_3budget_1run:deepseek_v4pro:rolling_visible_carry_forward:vstdp_v1_low_07_stale_token_retirement:budget_300:run_1,deepseek_v4pro,vstdp_v1_low_07_stale_token_retirement,diagnostic_controlled_transition,,stale_token_retirement,,rolling_visible_carry_forward,rolling_visible_carry_forward,300,1,2026-06-19T15:25:10.941929+00:00,2026-06-19T15:25:55.593119+00:00,2026-06-19T15:25:10.941968+00:00,2026-06-19T15:25:55.591677+00:00,27.569,3e55ca0d13b98e22312e2409149f678b77ec9aef1850bb20a2b4dd3b9ddb0b1a,2fda8ba558c280f78ab070044c4b4ba4a69f4ca575eee2891a782f47fec15dfd,cff0bce020b88a9a2d3d196f5042a127e5ac1ea6714929d2bf3c0f4bcf5107e5,dae3aa254929e15d3a052daf9fa08af58d40d91dc0fb59fce9f4158f7cfd0318,932134e852007c8eebd3518fd07efce507b2ea3ebf8350dc4d629ea37afcfd29,4905317b5f200e6b35322340f5ad78407f9fc8d9c166cd24f83d024a4cc9d724,6d91b7db6f6ecc6962a654e449062c2870004adfc47062d2ad8b74376cc3dd38,6d91b7db6f6ecc6962a654e449062c2870004adfc47062d2ad8b74376cc3dd38,6d91b7db6f6ecc6962a654e449062c2870004adfc47062d2ad8b74376cc3dd38,58a0fd1ab882a25e3a96b570728797ccf9f00e62723ca54e10e593009e9c81ea,direct_provider,deepseek,https://api.deepseek.com,deepseek-v4-pro,https://api.deepseek.com/chat/completions,deepseek-v4-pro,c9da0642059ba98620f7a69e24a1751c9275e916fe3904876738153d2414e896,d36c4b8f2f74aa3f39fbb01515608acead4ab04a35165db758e06a0dcf01ffa9,d914cfc97d9b99822a2b1313c16850fd7be529b097eb356dc8e8e7408a7a00a8,explicit,0,4096,omitted,,omitted,,omitted,,omitted,,omitted,,omitted,,omitted,,omitted,,omitted,,False,thinking.type=disabled,ffe557f53c63f7d0f7e35f80c03f61d8b3548db9e4f51e8dda020b28a920d875,provider_not_exposed,provider_not_exposed,False,,False,False,False,disabled,,stop;stop;stop;stop;stop;stop;stop;stop;stop;stop;stop;stop,stop;stop;stop;stop;stop;stop;stop;stop;stop;stop;stop;stop,6277,1787,0,375,258,1,visible_carry_forward_compactor,,,,,,,,,,1,,1,[],"[""REQ_07_S5Z5WYM"", ""LOCK_07_UAB9BWQ"", ""SCOPE_07_H3TJLUU"", ""CHECK_07_U9MPGS9"", ""ANCHOR_07_UERH277"", ""EDGE_07_WJT72JQ""]",1,"[""SCOPE_07_6Q8GCEL"", ""CHECK_07_N5QDMM8"", ""EDGE_07_DBD9SDQ"", ""FRONTIER_07_VC5H9E3""]",0,[],0,[],0,0,,clean,,edbc6ac45c11cc86556e0f6d1c36886da5add3646881e55d11563b37b8a5d1e9,bbc4ec0ddcbaa89087212373dc7aaf4f7a84dff03d04db08103604c229449a51,f0aeda2d47ec5586f76f042b7ebdfc5477c9694c96f0c67ce454f7b94043a0c7,8f39a6872ffb2186def21d8df46fd3dd65dc7ecaa611381e5144e07fb6ab8ff9,1ef0c0c353f1fc1b061a7c30e00c04321792f9562a58b9b00b76755ea131b697,released_raw_outputs/model_outputs/_probe_ecvs_deepseek_v4pro_visible_state_discriminator_v1_visiblecarry_vs_maturessrloop_18task_2method_3budget_1run/deepseek/rolling_visible_carry_forward__vstdp_v1_low_07_stale_token_retirement__run_1__budget_300.jsonl,12,e9ff7c951f15ba677529b8f7ff068ceab30af1009f58130b190086f140882ff3,02b21114e2ee39f02786899b885670de54467ef331a488183dbad0c30fa376e4,0beff2f653fe85048403d61ccd3f56c24cb1eb66b3308ceef1a9a7e13adc80e6,_probe_ecvs_deepseek_v4pro_visible_state_discriminator_v1_visiblecarry_vs_maturessrloop_18task_2method_3budget_1run,rolling_visible_carry_forward,8d9db20ce97efe30f85c852e25677be982049e6573365705fe9691ec9b104e37,599b4785ad161f2ed40516527efd781f0ca7ee302c3b791dff72c06fb5df0ad5,{},e83e5f36720943793cd894d750a4e149b87149e8afc1f3ba9f39379580fbad40,12,rolling_visible_identifier_carry_forward_v1_ecvs_safe_visible_only,rolling_visible_identifier_carry_forward_v1_ecvs_safe_visible_only,1,10,10,10,10,0,e839fef67d568506d7d080cbcc46354012f8e50e248a8df7dc87cceb1052f489
_probe_ecvs_deepseek_v4pro_visible_state_discriminator_v1_visiblecarry_vs_maturessrloop_18task_2method_3budget_1run:deepseek_v4pro:rolling_visible_carry_forward:vstdp_v1_low_07_stale_token_retirement:budget_600:run_1,deepseek_v4pro,vstdp_v1_low_07_stale_token_retirement,diagnostic_controlled_transition,,stale_token_retirement,,rolling_visible_carry_forward,rolling_visible_carry_forward,600,1,2026-06-19T15:25:10.942614+00:00,2026-06-19T15:26:19.308204+00:00,2026-06-19T15:25:10.942646+00:00,2026-06-19T15:26:19.305895+00:00,34.211,3e55ca0d13b98e22312e2409149f678b77ec9aef1850bb20a2b4dd3b9ddb0b1a,2fda8ba558c280f78ab070044c4b4ba4a69f4ca575eee2891a782f47fec15dfd,cff0bce020b88a9a2d3d196f5042a127e5ac1ea6714929d2bf3c0f4bcf5107e5,dae3aa254929e15d3a052daf9fa08af58d40d91dc0fb59fce9f4158f7cfd0318,7c1d2955a97900cc8c0b7de7c82b1d22225b744db1b8bf988d3996608a9120ac,4905317b5f200e6b35322340f5ad78407f9fc8d9c166cd24f83d024a4cc9d724,6d91b7db6f6ecc6962a654e449062c2870004adfc47062d2ad8b74376cc3dd38,6d91b7db6f6ecc6962a654e449062c2870004adfc47062d2ad8b74376cc3dd38,6d91b7db6f6ecc6962a654e449062c2870004adfc47062d2ad8b74376cc3dd38,58a0fd1ab882a25e3a96b570728797ccf9f00e62723ca54e10e593009e9c81ea,direct_provider,deepseek,https://api.deepseek.com,deepseek-v4-pro,https://api.deepseek.com/chat/completions,deepseek-v4-pro,c9da0642059ba98620f7a69e24a1751c9275e916fe3904876738153d2414e896,d36c4b8f2f74aa3f39fbb01515608acead4ab04a35165db758e06a0dcf01ffa9,d914cfc97d9b99822a2b1313c16850fd7be529b097eb356dc8e8e7408a7a00a8,explicit,0,4096,omitted,,omitted,,omitted,,omitted,,omitted,,omitted,,omitted,,omitted,,omitted,,False,thinking.type=disabled,ffe557f53c63f7d0f7e35f80c03f61d8b3548db9e4f51e8dda020b28a920d875,provider_not_exposed,provider_not_exposed,False,,False,False,False,disabled,,stop;stop;stop;stop;stop;stop;stop;stop;stop;stop;stop;stop,stop;stop;stop;stop;stop;stop;stop;stop;stop;stop;stop;stop,6983,2131,0,360,581,0,visible_carry_forward_compactor,,,,,,,,,,1,,1,[],"[""REQ_07_S5Z5WYM"", ""LOCK_07_UAB9BWQ"", ""SCOPE_07_H3TJLUU"", ""CHECK_07_U9MPGS9"", ""ANCHOR_07_UERH277"", ""EDGE_07_WJT72JQ""]",1,"[""SCOPE_07_6Q8GCEL"", ""CHECK_07_N5QDMM8"", ""EDGE_07_DBD9SDQ"", ""FRONTIER_07_VC5H9E3""]",0,[],0,[],0,0,,clean,,3621892e1466f3a5a633af0b0e372851b1f11b2bde481c4fb1b5d8bc75da6c0e,6649c548b070d42278e7c2a2ecce4c787ef7ff997ba4d3181c93521efe24e865,d41e27c55ed8d36e4059ae1b8b26c3ac93e62ec56fa26ce9acb3cc7008d5b5ba,bc8c8fcd33853d9d551e41c001a9ad854e1cfe4ec4abb7fc97d2c12ea05ac1dc,4d3e78e5139f152797ea9a7e1d7520f6e9eb5b5df02c990e467b11114bb8f4a4,released_raw_outputs/model_outputs/_probe_ecvs_deepseek_v4pro_visible_state_discriminator_v1_visiblecarry_vs_maturessrloop_18task_2method_3budget_1run/deepseek/rolling_visible_carry_forward__vstdp_v1_low_07_stale_token_retirement__run_1__budget_600.jsonl,12,e25dc2a35ade0a8db21fc1e6989dd1df558437190d1827202eb3d33bc603b551,68b429d4cf633b177c7f91d67668494e1ac7b9f1734e533d96a6922b70d8c661,545bbb51cf280168c09b1058fdb6887e74457195663f79a1614d9feaade22311,_probe_ecvs_deepseek_v4pro_visible_state_discriminator_v1_visiblecarry_vs_maturessrloop_18task_2method_3budget_1run,rolling_visible_carry_forward,8d9db20ce97efe30f85c852e25677be982049e6573365705fe9691ec9b104e37,599b4785ad161f2ed40516527efd781f0ca7ee302c3b791dff72c06fb5df0ad5,{},e83e5f36720943793cd894d750a4e149b87149e8afc1f3ba9f39379580fbad40,12,rolling_visible_identifier_carry_forward_v1_ecvs_safe_visible_only,rolling_visible_identifier_carry_forward_v1_ecvs_safe_visible_only,1,10,10,10,10,0,df5f78ef1144d41804c047026c6ffb5ca6d0fbe53b487b52cbbd71c09e986a85
_probe_ecvs_deepseek_v4pro_visible_state_discriminator_v1_visiblecarry_vs_maturessrloop_18task_2method_3budget_1run:deepseek_v4pro:rolling_visible_carry_forward:vstdp_v1_low_08_fastapi_dependency_scope_override:budget_1200:run_1,deepseek_v4pro,vstdp_v1_low_08_fastapi_dependency_scope_override,real_swe_style_controlled_transition,,fastapi_dependency_scope_override,,rolling_visible_carry_forward,rolling_visible_carry_forward,1200,1,2026-06-19T15:25:10.946731+00:00,2026-06-19T15:27:00.262330+00:00,2026-06-19T15:25:10.946777+00:00,2026-06-19T15:27:00.261256+00:00,41.016,3e55ca0d13b98e22312e2409149f678b77ec9aef1850bb20a2b4dd3b9ddb0b1a,f835a15f99cde159792bbd6d6899d49be3f331c0255277b6bbb240b96269880d,cff0bce020b88a9a2d3d196f5042a127e5ac1ea6714929d2bf3c0f4bcf5107e5,3b0a58b101b3b61703b57093a4af19e83302584666e2849c803f680d5d875abb,d85acc2ae120b6081aff2eca4509ad32c3fe784fe3a3c64058685d2cb26151d5,4905317b5f200e6b35322340f5ad78407f9fc8d9c166cd24f83d024a4cc9d724,6d91b7db6f6ecc6962a654e449062c2870004adfc47062d2ad8b74376cc3dd38,6d91b7db6f6ecc6962a654e449062c2870004adfc47062d2ad8b74376cc3dd38,6d91b7db6f6ecc6962a654e449062c2870004adfc47062d2ad8b74376cc3dd38,58a0fd1ab882a25e3a96b570728797ccf9f00e62723ca54e10e593009e9c81ea,direct_provider,deepseek,https://api.deepseek.com,deepseek-v4-pro,https://api.deepseek.com/chat/completions,deepseek-v4-pro,c9da0642059ba98620f7a69e24a1751c9275e916fe3904876738153d2414e896,d36c4b8f2f74aa3f39fbb01515608acead4ab04a35165db758e06a0dcf01ffa9,d914cfc97d9b99822a2b1313c16850fd7be529b097eb356dc8e8e7408a7a00a8,explicit,0,4096,omitted,,omitted,,omitted,,omitted,,omitted,,omitted,,omitted,,omitted,,omitted,,False,thinking.type=disabled,ffe557f53c63f7d0f7e35f80c03f61d8b3548db9e4f51e8dda020b28a920d875,provider_not_exposed,provider_not_exposed,False,,False,False,False,disabled,,stop;stop;stop;stop;stop;stop;stop;stop;stop;stop;stop;stop,stop;stop;stop;stop;stop;stop;stop;stop;stop;stop;stop;stop,8603,3112,0,1096,242,0,visible_carry_forward_compactor,,,,,,,,,,1,,1,[],"[""REQ_08_9H28UCK"", ""LOCK_08_AJ24537"", ""SCOPE_08_36V8BMC"", ""CHECK_08_PNY99JB"", ""ANCHOR_08_U4VGMLX""]",1,"[""SCOPE_08_U9Y2LUK"", ""CHECK_08_CG5TP2G"", ""EDGE_08_2NMV8VL"", ""FRONTIER_08_SXHBVHH""]",0,[],0,[],0,0,,clean,,b8fd4d380bd8eaaa52f12ce55bcdb77e20ce1a39933822abb4887623343e230b,2007a26afbd68c925493d409b0fb16fcd253d972f5646c12e0e4a2b9f878ed0a,0030f4f75c5b40ececcdfda599ea660e745c6a7069c051b0704a63dc1996181e,0e4b32466caefdc79025134dd02a7df1b43d466566e0261144a5146f9e11cba4,ca77637854773532c722bb6fad21505a6668d30ed3c556832ab3d006a00bddaa,released_raw_outputs/model_outputs/_probe_ecvs_deepseek_v4pro_visible_state_discriminator_v1_visiblecarry_vs_maturessrloop_18task_2method_3budget_1run/deepseek/rolling_visible_carry_forward__vstdp_v1_low_08_fastapi_dependency_scope_override__run_1__budget_1200.jsonl,12,28d5902da575486e07be4fd799207806554409ee9895ca6a843332a7bf8450fb,8c2ea303b119ef21230908a0036aed2f9c90d912d18aed714bfab86507d28225,11e056d13dcae29c8cdf72fbb74c706839d6bba595f8086458433f8aad42e199,_probe_ecvs_deepseek_v4pro_visible_state_discriminator_v1_visiblecarry_vs_maturessrloop_18task_2method_3budget_1run,rolling_visible_carry_forward,8d9db20ce97efe30f85c852e25677be982049e6573365705fe9691ec9b104e37,59fcf4b5316adfc461f49f589b975026c3c147b3db2146f988233208e0b5febe,{},e83e5f36720943793cd894d750a4e149b87149e8afc1f3ba9f39379580fbad40,12,rolling_visible_identifier_carry_forward_v1_ecvs_safe_visible_only,rolling_visible_identifier_carry_forward_v1_ecvs_safe_visible_only,1,9,9,9,9,0,03f9eb5d39876d148625a846d63e343b8c4ddad40c64ff27933f800a42229f5f
_probe_ecvs_deepseek_v4pro_visible_state_discriminator_v1_visiblecarry_vs_maturessrloop_18task_2method_3budget_1run:deepseek_v4pro:rolling_visible_carry_forward:vstdp_v1_low_08_fastapi_dependency_scope_override:budget_300:run_1,deepseek_v4pro,vstdp_v1_low_08_fastapi_dependency_scope_override,real_swe_style_controlled_transition,,fastapi_dependency_scope_override,,rolling_visible_carry_forward,rolling_visible_carry_forward,300,1,2026-06-19T15:25:10.945900+00:00,2026-06-19T15:25:55.935478+00:00,2026-06-19T15:25:10.945941+00:00,2026-06-19T15:25:55.934492+00:00,27.913,3e55ca0d13b98e22312e2409149f678b77ec9aef1850bb20a2b4dd3b9ddb0b1a,f835a15f99cde159792bbd6d6899d49be3f331c0255277b6bbb240b96269880d,cff0bce020b88a9a2d3d196f5042a127e5ac1ea6714929d2bf3c0f4bcf5107e5,3b0a58b101b3b61703b57093a4af19e83302584666e2849c803f680d5d875abb,f775813e9ab09c7e45f920d13bb64281207445199514f8977a72c7e27fa86535,4905317b5f200e6b35322340f5ad78407f9fc8d9c166cd24f83d024a4cc9d724,6d91b7db6f6ecc6962a654e449062c2870004adfc47062d2ad8b74376cc3dd38,6d91b7db6f6ecc6962a654e449062c2870004adfc47062d2ad8b74376cc3dd38,6d91b7db6f6ecc6962a654e449062c2870004adfc47062d2ad8b74376cc3dd38,58a0fd1ab882a25e3a96b570728797ccf9f00e62723ca54e10e593009e9c81ea,direct_provider,deepseek,https://api.deepseek.com,deepseek-v4-pro,https://api.deepseek.com/chat/completions,deepseek-v4-pro,c9da0642059ba98620f7a69e24a1751c9275e916fe3904876738153d2414e896,d36c4b8f2f74aa3f39fbb01515608acead4ab04a35165db758e06a0dcf01ffa9,d914cfc97d9b99822a2b1313c16850fd7be529b097eb356dc8e8e7408a7a00a8,explicit,0,4096,omitted,,omitted,,omitted,,omitted,,omitted,,omitted,,omitted,,omitted,,omitted,,False,thinking.type=disabled,ffe557f53c63f7d0f7e35f80c03f61d8b3548db9e4f51e8dda020b28a920d875,provider_not_exposed,provider_not_exposed,False,,False,False,False,disabled,,stop;stop;stop;stop;stop;stop;stop;stop;stop;stop;stop;stop,stop;stop;stop;stop;stop;stop;stop;stop;stop;stop;stop;stop,6269,1642,0,326,242,1,visible_carry_forward_compactor,,,,,,,,,,1,,1,[],"[""REQ_08_9H28UCK"", ""LOCK_08_AJ24537"", ""SCOPE_08_36V8BMC"", ""CHECK_08_PNY99JB"", ""ANCHOR_08_U4VGMLX""]",1,"[""SCOPE_08_U9Y2LUK"", ""CHECK_08_CG5TP2G"", ""EDGE_08_2NMV8VL"", ""FRONTIER_08_SXHBVHH""]",0,[],0,[],0,0,,clean,,4f321e1d6427f0525c8b6d4c38f6d6c2b1aad43826d4e40163b9081b11479f6e,5e834985d3b5584caa58075f8acb46701e59a8c596a20ffe949fd31c5ffd5252,845d764a9ba119e7ac75adda73452616d9ee4dafe86251357b5f11eefffa448c,6aa88f06bde6fd655076e6e9a2218ad36bd40ed48512b7ba7b99b5bcdadecf96,fa107a06a0a0ff48ddc18022f93d9c851389108917cd23c648c65149c1e9a424,released_raw_outputs/model_outputs/_probe_ecvs_deepseek_v4pro_visible_state_discriminator_v1_visiblecarry_vs_maturessrloop_18task_2method_3budget_1run/deepseek/rolling_visible_carry_forward__vstdp_v1_low_08_fastapi_dependency_scope_override__run_1__budget_300.jsonl,12,9ffa77c864d57258f563c36514d6c55b1934e74994215b381761ee4e44141616,37bf2d5fc68c14f0d359e35f53d74c83676c52d88cdc48bad5cac841e5221cc9,10d938116d4ebaeba5848af073c7b911952508daaaa6a5f6b0168b30def9e32a,_probe_ecvs_deepseek_v4pro_visible_state_discriminator_v1_visiblecarry_vs_maturessrloop_18task_2method_3budget_1run,rolling_visible_carry_forward,8d9db20ce97efe30f85c852e25677be982049e6573365705fe9691ec9b104e37,59fcf4b5316adfc461f49f589b975026c3c147b3db2146f988233208e0b5febe,{},e83e5f36720943793cd894d750a4e149b87149e8afc1f3ba9f39379580fbad40,12,rolling_visible_identifier_carry_forward_v1_ecvs_safe_visible_only,rolling_visible_identifier_carry_forward_v1_ecvs_safe_visible_only,1,9,9,9,9,0,03f9eb5d39876d148625a846d63e343b8c4ddad40c64ff27933f800a42229f5f
_probe_ecvs_deepseek_v4pro_visible_state_discriminator_v1_visiblecarry_vs_maturessrloop_18task_2method_3budget_1run:deepseek_v4pro:rolling_visible_carry_forward:vstdp_v1_low_08_fastapi_dependency_scope_override:budget_600:run_1,deepseek_v4pro,vstdp_v1_low_08_fastapi_dependency_scope_override,real_swe_style_controlled_transition,,fastapi_dependency_scope_override,,rolling_visible_carry_forward,rolling_visible_carry_forward,600,1,2026-06-19T15:25:10.946019+00:00,2026-06-19T15:26:14.776031+00:00,2026-06-19T15:25:10.946047+00:00,2026-06-19T15:26:14.771036+00:00,29.673,3e55ca0d13b98e22312e2409149f678b77ec9aef1850bb20a2b4dd3b9ddb0b1a,f835a15f99cde159792bbd6d6899d49be3f331c0255277b6bbb240b96269880d,cff0bce020b88a9a2d3d196f5042a127e5ac1ea6714929d2bf3c0f4bcf5107e5,3b0a58b101b3b61703b57093a4af19e83302584666e2849c803f680d5d875abb,909df1af5c5cdd613bc58e4b6ec7a505682fdf4913e99c4be5bbc08952f67669,4905317b5f200e6b35322340f5ad78407f9fc8d9c166cd24f83d024a4cc9d724,6d91b7db6f6ecc6962a654e449062c2870004adfc47062d2ad8b74376cc3dd38,6d91b7db6f6ecc6962a654e449062c2870004adfc47062d2ad8b74376cc3dd38,6d91b7db6f6ecc6962a654e449062c2870004adfc47062d2ad8b74376cc3dd38,58a0fd1ab882a25e3a96b570728797ccf9f00e62723ca54e10e593009e9c81ea,direct_provider,deepseek,https://api.deepseek.com,deepseek-v4-pro,https://api.deepseek.com/chat/completions,deepseek-v4-pro,c9da0642059ba98620f7a69e24a1751c9275e916fe3904876738153d2414e896,d36c4b8f2f74aa3f39fbb01515608acead4ab04a35165db758e06a0dcf01ffa9,d914cfc97d9b99822a2b1313c16850fd7be529b097eb356dc8e8e7408a7a00a8,explicit,0,4096,omitted,,omitted,,omitted,,omitted,,omitted,,omitted,,omitted,,omitted,,omitted,,False,thinking.type=disabled,ffe557f53c63f7d0f7e35f80c03f61d8b3548db9e4f51e8dda020b28a920d875,provider_not_exposed,provider_not_exposed,False,,False,False,False,disabled,,stop;stop;stop;stop;stop;stop;stop;stop;stop;stop;stop;stop,stop;stop;stop;stop;stop;stop;stop;stop;stop;stop;stop;stop,6946,1968,0,343,548,0,visible_carry_forward_compactor,,,,,,,,,,1,,1,[],"[""REQ_08_9H28UCK"", ""LOCK_08_AJ24537"", ""SCOPE_08_36V8BMC"", ""CHECK_08_PNY99JB"", ""ANCHOR_08_U4VGMLX""]",1,"[""SCOPE_08_U9Y2LUK"", ""CHECK_08_CG5TP2G"", ""EDGE_08_2NMV8VL"", ""FRONTIER_08_SXHBVHH""]",0,[],0,[],0,0,,clean,,b140d5e233a253972a347b6650d09ad42a08c2823cf17db81a7a334cdac99bc1,24cc61035ee87dfff808422c2492fe5ac0a80af47fa6e0b7c38b8eb602af21f9,8baf7d28647213563fb154297f0a29793ab341829d19154f8ebac27a40fb2930,a43fa850e05fd6a13df229436dfe570ff591ae4700996a8baf89fe63437a4ac7,46eb95cfbd98f099765c94aa3505b714b6ffcf3d48ef3858002028599e2114da,released_raw_outputs/model_outputs/_probe_ecvs_deepseek_v4pro_visible_state_discriminator_v1_visiblecarry_vs_maturessrloop_18task_2method_3budget_1run/deepseek/rolling_visible_carry_forward__vstdp_v1_low_08_fastapi_dependency_scope_override__run_1__budget_600.jsonl,12,6a31c5baa5c9866ced5f9caab9e241dbe389f0c3a408322451aae19d89203245,68895fa232730ffd0b4a57f7b913b8572465ec22c060064509a4a55a4aa90f2e,5add3046cbf8869f790cd7f9dca010cdd575dba4fac860a3bf303ac5ca0c0c92,_probe_ecvs_deepseek_v4pro_visible_state_discriminator_v1_visiblecarry_vs_maturessrloop_18task_2method_3budget_1run,rolling_visible_carry_forward,8d9db20ce97efe30f85c852e25677be982049e6573365705fe9691ec9b104e37,59fcf4b5316adfc461f49f589b975026c3c147b3db2146f988233208e0b5febe,{},e83e5f36720943793cd894d750a4e149b87149e8afc1f3ba9f39379580fbad40,12,rolling_visible_identifier_carry_forward_v1_ecvs_safe_visible_only,rolling_visible_identifier_carry_forward_v1_ecvs_safe_visible_only,1,9,9,9,9,0,99aa7d959c39c56f04912567630a855879e3ff5c582fb0a7bbc7f386ca2dc646
_probe_ecvs_deepseek_v4pro_visible_state_discriminator_v1_visiblecarry_vs_maturessrloop_18task_2method_3budget_1run:deepseek_v4pro:rolling_visible_carry_forward:vstdp_v1_low_09_conditional_config_activation:budget_1200:run_1,deepseek_v4pro,vstdp_v1_low_09_conditional_config_activation,diagnostic_controlled_transition,,conditional_config_activation,,rolling_visible_carry_forward,rolling_visible_carry_forward,1200,1,2026-06-19T15:25:10.949337+00:00,2026-06-19T15:25:51.250528+00:00,2026-06-19T15:25:10.949372+00:00,2026-06-19T15:25:51.245779+00:00,40.288,3e55ca0d13b98e22312e2409149f678b77ec9aef1850bb20a2b4dd3b9ddb0b1a,e79fdb3694f294ab4c4cdb53d8a37d08fd6d1b35174ce43e974a6087486cde22,cff0bce020b88a9a2d3d196f5042a127e5ac1ea6714929d2bf3c0f4bcf5107e5,b5e9fc8654f48d274199ce5b5ce35eb7d92f7a9dbc3b76f84cb291f9ab2537c2,1a14f5093df8ec363d3e91829f120fb9d2a40f273c34646390894dd6f96531f7,4905317b5f200e6b35322340f5ad78407f9fc8d9c166cd24f83d024a4cc9d724,6d91b7db6f6ecc6962a654e449062c2870004adfc47062d2ad8b74376cc3dd38,6d91b7db6f6ecc6962a654e449062c2870004adfc47062d2ad8b74376cc3dd38,6d91b7db6f6ecc6962a654e449062c2870004adfc47062d2ad8b74376cc3dd38,58a0fd1ab882a25e3a96b570728797ccf9f00e62723ca54e10e593009e9c81ea,direct_provider,deepseek,https://api.deepseek.com,deepseek-v4-pro,https://api.deepseek.com/chat/completions,deepseek-v4-pro,c9da0642059ba98620f7a69e24a1751c9275e916fe3904876738153d2414e896,d36c4b8f2f74aa3f39fbb01515608acead4ab04a35165db758e06a0dcf01ffa9,d914cfc97d9b99822a2b1313c16850fd7be529b097eb356dc8e8e7408a7a00a8,explicit,0,4096,omitted,,omitted,,omitted,,omitted,,omitted,,omitted,,omitted,,omitted,,omitted,,False,thinking.type=disabled,ffe557f53c63f7d0f7e35f80c03f61d8b3548db9e4f51e8dda020b28a920d875,provider_not_exposed,provider_not_exposed,False,,False,False,False,disabled,,stop;stop;stop;stop;stop;stop;stop;stop;stop;stop;stop;stop;stop,stop;stop;stop;stop;stop;stop;stop;stop;stop;stop;stop;stop;stop,8521,2781,0,579,844,0,visible_carry_forward_compactor,,,,,,,,,,1,,1,[],"[""REQ_09_DN5W4GK"", ""LOCK_09_AJQ5PBY"", ""SCOPE_09_8MQZ3GF"", ""CHECK_09_VC2ZNGM"", ""ANCHOR_09_BHKKT2C"", ""EDGE_09_Q2JAQD9""]",1,"[""SCOPE_09_FMEMNSK"", ""CHECK_09_QNRVZHF"", ""EDGE_09_9CB947F"", ""FRONTIER_09_HR3J8MU""]",0,[],0,[],0,0,,clean,,77fea46cd43bb7daaa7f72b3f17191ab4418ba7a964a255649a36618da0d108d,d71f8c6c2e2208730ee4b2ab622ab637f8ce433006b2a471a4a879283552d375,df8e5ec735c8d328615c4705df27230933aa141ed0cbe29426e87610509378d6,4e12b779f1ba6d436da09c9c84d051566ecc7b1d064f60d60ca52b51ba3be99c,1f786d169111eb3285421d052839d5313cdc75a3e0b86ebb4d8bf7006e51c788,released_raw_outputs/model_outputs/_probe_ecvs_deepseek_v4pro_visible_state_discriminator_v1_visiblecarry_vs_maturessrloop_18task_2method_3budget_1run/deepseek/rolling_visible_carry_forward__vstdp_v1_low_09_conditional_config_activation__run_1__budget_1200.jsonl,13,ee8a0becf4c56a0dbe009d51dea9cecbfb28502ada9926717b0dbb55c90b8ab3,5702816bd8335a90fed47fcb03e03f9b44026edc78380adb99fce5c668753c3a,f61564600a41f82b6c628d0eddb98c6f1fc15d3f0e95f160a23828a290a77cae,_probe_ecvs_deepseek_v4pro_visible_state_discriminator_v1_visiblecarry_vs_maturessrloop_18task_2method_3budget_1run,rolling_visible_carry_forward,8d9db20ce97efe30f85c852e25677be982049e6573365705fe9691ec9b104e37,5941f6d4c4fe525809f88bbb8daa2f6c2b07d91d6eb960b71aae7c373a47cbf0,{},e83e5f36720943793cd894d750a4e149b87149e8afc1f3ba9f39379580fbad40,13,rolling_visible_identifier_carry_forward_v1_ecvs_safe_visible_only,rolling_visible_identifier_carry_forward_v1_ecvs_safe_visible_only,1,10,10,10,10,0,11fe41828eff27ad7a553c348e2706a45a18404b164fc59794f4f1eda7a84366
_probe_ecvs_deepseek_v4pro_visible_state_discriminator_v1_visiblecarry_vs_maturessrloop_18task_2method_3budget_1run:deepseek_v4pro:rolling_visible_carry_forward:vstdp_v1_low_09_conditional_config_activation:budget_300:run_1,deepseek_v4pro,vstdp_v1_low_09_conditional_config_activation,diagnostic_controlled_transition,,conditional_config_activation,,rolling_visible_carry_forward,rolling_visible_carry_forward,300,1,2026-06-19T15:25:10.948244+00:00,2026-06-19T15:26:02.477985+00:00,2026-06-19T15:25:10.948289+00:00,2026-06-19T15:26:02.475089+00:00,34.452,3e55ca0d13b98e22312e2409149f678b77ec9aef1850bb20a2b4dd3b9ddb0b1a,e79fdb3694f294ab4c4cdb53d8a37d08fd6d1b35174ce43e974a6087486cde22,cff0bce020b88a9a2d3d196f5042a127e5ac1ea6714929d2bf3c0f4bcf5107e5,b5e9fc8654f48d274199ce5b5ce35eb7d92f7a9dbc3b76f84cb291f9ab2537c2,aa4ec9153facd10586a6ab91e4471deeba7d7764ff8f4ade5b5af14ee51635a3,4905317b5f200e6b35322340f5ad78407f9fc8d9c166cd24f83d024a4cc9d724,6d91b7db6f6ecc6962a654e449062c2870004adfc47062d2ad8b74376cc3dd38,6d91b7db6f6ecc6962a654e449062c2870004adfc47062d2ad8b74376cc3dd38,6d91b7db6f6ecc6962a654e449062c2870004adfc47062d2ad8b74376cc3dd38,58a0fd1ab882a25e3a96b570728797ccf9f00e62723ca54e10e593009e9c81ea,direct_provider,deepseek,https://api.deepseek.com,deepseek-v4-pro,https://api.deepseek.com/chat/completions,deepseek-v4-pro,c9da0642059ba98620f7a69e24a1751c9275e916fe3904876738153d2414e896,d36c4b8f2f74aa3f39fbb01515608acead4ab04a35165db758e06a0dcf01ffa9,d914cfc97d9b99822a2b1313c16850fd7be529b097eb356dc8e8e7408a7a00a8,explicit,0,4096,omitted,,omitted,,omitted,,omitted,,omitted,,omitted,,omitted,,omitted,,omitted,,False,thinking.type=disabled,ffe557f53c63f7d0f7e35f80c03f61d8b3548db9e4f51e8dda020b28a920d875,provider_not_exposed,provider_not_exposed,False,,False,False,False,disabled,,stop;stop;stop;stop;stop;stop;stop;stop;stop;stop;stop;stop;stop,stop;stop;stop;stop;stop;stop;stop;stop;stop;stop;stop;stop;stop,6801,1871,0,366,258,1,visible_carry_forward_compactor,,,,,,,,,,1,,1,[],"[""REQ_09_DN5W4GK"", ""LOCK_09_AJQ5PBY"", ""SCOPE_09_8MQZ3GF"", ""CHECK_09_VC2ZNGM"", ""ANCHOR_09_BHKKT2C"", ""EDGE_09_Q2JAQD9""]",1,"[""SCOPE_09_FMEMNSK"", ""CHECK_09_QNRVZHF"", ""EDGE_09_9CB947F"", ""FRONTIER_09_HR3J8MU""]",0,[],0,[],0,0,,clean,,deec2a8a2213e89f4f2e3d4af15eab75dd3588dcfc8a5359224ae3e59ca954dc,a65c22e8841611714664e4594f7f95ad2b4bd1c23c3447143b0e3c2042342f1b,660e52f59e962b67d525f85b5982c9c413053fac3ae9bf123cb58ffc4e8d6875,b361e1cdd3ef5af4d12deb419a93f09e5184ab08ad5e73f969cdead5b0948967,e3be087d728f14493a8e733a7d3942aad66b6753a39a0ea798c23eae58d1a789,released_raw_outputs/model_outputs/_probe_ecvs_deepseek_v4pro_visible_state_discriminator_v1_visiblecarry_vs_maturessrloop_18task_2method_3budget_1run/deepseek/rolling_visible_carry_forward__vstdp_v1_low_09_conditional_config_activation__run_1__budget_300.jsonl,13,a013c8bea03a917b7df3192fbee71dc4c2fdccdf0f3ea78beada32fb7b935991,d8d1c09067038d3f2e1edf09227e149cbbf2569f248c0c4966c8074f6be0a4e3,6067267cc7b55ef25c1d915b58a7a18ffccd7b2a416c921ed50dd48dafcb7b53,_probe_ecvs_deepseek_v4pro_visible_state_discriminator_v1_visiblecarry_vs_maturessrloop_18task_2method_3budget_1run,rolling_visible_carry_forward,8d9db20ce97efe30f85c852e25677be982049e6573365705fe9691ec9b104e37,5941f6d4c4fe525809f88bbb8daa2f6c2b07d91d6eb960b71aae7c373a47cbf0,{},e83e5f36720943793cd894d750a4e149b87149e8afc1f3ba9f39379580fbad40,13,rolling_visible_identifier_carry_forward_v1_ecvs_safe_visible_only,rolling_visible_identifier_carry_forward_v1_ecvs_safe_visible_only,1,10,10,10,10,0,e63bdc3017a308a56dc1137edc10ab3fe856667cbc99eb5b8dd8af0210b592b1
_probe_ecvs_deepseek_v4pro_visible_state_discriminator_v1_visiblecarry_vs_maturessrloop_18task_2method_3budget_1run:deepseek_v4pro:rolling_visible_carry_forward:vstdp_v1_low_09_conditional_config_activation:budget_600:run_1,deepseek_v4pro,vstdp_v1_low_09_conditional_config_activation,diagnostic_controlled_transition,,conditional_config_activation,,rolling_visible_carry_forward,rolling_visible_carry_forward,600,1,2026-06-19T15:25:10.949073+00:00,2026-06-19T15:26:01.798363+00:00,2026-06-19T15:25:10.949112+00:00,2026-06-19T15:26:01.793933+00:00,33.774,3e55ca0d13b98e22312e2409149f678b77ec9aef1850bb20a2b4dd3b9ddb0b1a,e79fdb3694f294ab4c4cdb53d8a37d08fd6d1b35174ce43e974a6087486cde22,cff0bce020b88a9a2d3d196f5042a127e5ac1ea6714929d2bf3c0f4bcf5107e5,b5e9fc8654f48d274199ce5b5ce35eb7d92f7a9dbc3b76f84cb291f9ab2537c2,fd7ddec72479e5d53385ab9cbc928df0463a93a72faf85b1e25bde994a8d4d1d,4905317b5f200e6b35322340f5ad78407f9fc8d9c166cd24f83d024a4cc9d724,6d91b7db6f6ecc6962a654e449062c2870004adfc47062d2ad8b74376cc3dd38,6d91b7db6f6ecc6962a654e449062c2870004adfc47062d2ad8b74376cc3dd38,6d91b7db6f6ecc6962a654e449062c2870004adfc47062d2ad8b74376cc3dd38,58a0fd1ab882a25e3a96b570728797ccf9f00e62723ca54e10e593009e9c81ea,direct_provider,deepseek,https://api.deepseek.com,deepseek-v4-pro,https://api.deepseek.com/chat/completions,deepseek-v4-pro,c9da0642059ba98620f7a69e24a1751c9275e916fe3904876738153d2414e896,d36c4b8f2f74aa3f39fbb01515608acead4ab04a35165db758e06a0dcf01ffa9,d914cfc97d9b99822a2b1313c16850fd7be529b097eb356dc8e8e7408a7a00a8,explicit,0,4096,omitted,,omitted,,omitted,,omitted,,omitted,,omitted,,omitted,,omitted,,omitted,,False,thinking.type=disabled,ffe557f53c63f7d0f7e35f80c03f61d8b3548db9e4f51e8dda020b28a920d875,provider_not_exposed,provider_not_exposed,False,,False,False,False,disabled,,stop;stop;stop;stop;stop;stop;stop;stop;stop;stop;stop;stop;stop,stop;stop;stop;stop;stop;stop;stop;stop;stop;stop;stop;stop;stop,7498,2001,0,390,258,0,visible_carry_forward_compactor,,,,,,,,,,1,,1,[],"[""REQ_09_DN5W4GK"", ""LOCK_09_AJQ5PBY"", ""SCOPE_09_8MQZ3GF"", ""CHECK_09_VC2ZNGM"", ""ANCHOR_09_BHKKT2C"", ""EDGE_09_Q2JAQD9""]",1,"[""SCOPE_09_FMEMNSK"", ""CHECK_09_QNRVZHF"", ""EDGE_09_9CB947F"", ""FRONTIER_09_HR3J8MU""]",0,[],0,[],0,0,,clean,,becb225d1d6d7f4828181a7a5c6f8c21714ebe249caafabb478f80941dc6f065,057beff532905c10cc3df8797d341b523ecd86d9e24f879b7f83cad12012c544,023cf07f7e4e79e1492438360ecc95d6e599a6e6c2bb0b4e9be90a46a9a036fa,c841543200223974a574ff7fb5b7822aa306c858ba89f08b5baa3f15d90f5615,7b172acab7ac491f530481ed1a6eb54ee92ab2808f308857dddaaf3f758d69c2,released_raw_outputs/model_outputs/_probe_ecvs_deepseek_v4pro_visible_state_discriminator_v1_visiblecarry_vs_maturessrloop_18task_2method_3budget_1run/deepseek/rolling_visible_carry_forward__vstdp_v1_low_09_conditional_config_activation__run_1__budget_600.jsonl,13,b33d1b47749a6563fd07116d6b6dc8ec258fef142d126ee477fdfc0c02cbf23f,c8fd254830e122532e0eff1629a8131a279b970dc6adf4f336416c42650cfa3d,91eb2b3a0a7c020aafad8a3b91d389dbaea26c4b70a87d115ed7a7c62b8a46b7,_probe_ecvs_deepseek_v4pro_visible_state_discriminator_v1_visiblecarry_vs_maturessrloop_18task_2method_3budget_1run,rolling_visible_carry_forward,8d9db20ce97efe30f85c852e25677be982049e6573365705fe9691ec9b104e37,5941f6d4c4fe525809f88bbb8daa2f6c2b07d91d6eb960b71aae7c373a47cbf0,{},e83e5f36720943793cd894d750a4e149b87149e8afc1f3ba9f39379580fbad40,13,rolling_visible_identifier_carry_forward_v1_ecvs_safe_visible_only,rolling_visible_identifier_carry_forward_v1_ecvs_safe_visible_only,1,10,10,10,10,0,e63bdc3017a308a56dc1137edc10ab3fe856667cbc99eb5b8dd8af0210b592b1
_probe_ecvs_deepseek_v4pro_visible_state_discriminator_v1_visiblecarry_vs_maturessrloop_18task_2method_3budget_1run:deepseek_v4pro:rolling_visible_carry_forward:vstdp_v1_low_10_auth_claim_scope_filter:budget_1200:run_1,deepseek_v4pro,vstdp_v1_low_10_auth_claim_scope_filter,semi_real_controlled_transition,,auth_claim_scope_filter,,rolling_visible_carry_forward,rolling_visible_carry_forward,1200,1,2026-06-19T15:25:10.951883+00:00,2026-06-19T15:25:47.143288+00:00,2026-06-19T15:25:10.951919+00:00,2026-06-19T15:25:47.141114+00:00,36.18,3e55ca0d13b98e22312e2409149f678b77ec9aef1850bb20a2b4dd3b9ddb0b1a,c832ad68ec9b8dd572c75006c0d5e15c97946177d9982505775d659dac6265af,cff0bce020b88a9a2d3d196f5042a127e5ac1ea6714929d2bf3c0f4bcf5107e5,29a0a8572821b0bbd0c6ce97c633ef2a3ade7fc3809fa856d8bb4a4c0858f503,c36eedfc2c172257b50e68cc2c7d0e1bdc0509fee73d2792d52fbf9562011cee,4905317b5f200e6b35322340f5ad78407f9fc8d9c166cd24f83d024a4cc9d724,6d91b7db6f6ecc6962a654e449062c2870004adfc47062d2ad8b74376cc3dd38,6d91b7db6f6ecc6962a654e449062c2870004adfc47062d2ad8b74376cc3dd38,6d91b7db6f6ecc6962a654e449062c2870004adfc47062d2ad8b74376cc3dd38,58a0fd1ab882a25e3a96b570728797ccf9f00e62723ca54e10e593009e9c81ea,direct_provider,deepseek,https://api.deepseek.com,deepseek-v4-pro,https://api.deepseek.com/chat/completions,deepseek-v4-pro,c9da0642059ba98620f7a69e24a1751c9275e916fe3904876738153d2414e896,d36c4b8f2f74aa3f39fbb01515608acead4ab04a35165db758e06a0dcf01ffa9,d914cfc97d9b99822a2b1313c16850fd7be529b097eb356dc8e8e7408a7a00a8,explicit,0,4096,omitted,,omitted,,omitted,,omitted,,omitted,,omitted,,omitted,,omitted,,omitted,,False,thinking.type=disabled,ffe557f53c63f7d0f7e35f80c03f61d8b3548db9e4f51e8dda020b28a920d875,provider_not_exposed,provider_not_exposed,False,,False,False,False,disabled,,stop;stop;stop;stop;stop;stop;stop;stop;stop;stop;stop;stop,stop;stop;stop;stop;stop;stop;stop;stop;stop;stop;stop;stop,7865,2122,0,383,588,0,visible_carry_forward_compactor,,,,,,,,,,1,,1,[],"[""REQ_10_UNVPPEB"", ""LOCK_10_ZUF656X"", ""SCOPE_10_BHR458H"", ""CHECK_10_P5WAHQH"", ""ANCHOR_10_HDSSHMR""]",1,"[""SCOPE_10_397Q2EX"", ""CHECK_10_JNCXDBK"", ""EDGE_10_JQXDY9C""]",0,[],0,[],0,0,,clean,,8e6db55704e9cadd1aa6d593a1f921f8a66e81d5604dc9a3e8544fea99a84498,5709b0c867399a7ae1b82946900b9f007729f426f8c05d0acfc46d256df6a13c,ee2f7ccf6734885ee34b0294513346209c16f7beb3dd2675b7cbbe2bd8e281ef,9c6ea74aba05812819a15fb69d80fd0e7a00a069d944d470301bc03bd3e30fbd,faa6030d8ab80291a1b243c992b0d5d6d4fddb1c71906e99256b1871b408bfd2,released_raw_outputs/model_outputs/_probe_ecvs_deepseek_v4pro_visible_state_discriminator_v1_visiblecarry_vs_maturessrloop_18task_2method_3budget_1run/deepseek/rolling_visible_carry_forward__vstdp_v1_low_10_auth_claim_scope_filter__run_1__budget_1200.jsonl,12,20aa9531978c0647d07cae98c3a525f6dbe636566bfa6ffaff6d67e4e9a7fe5b,7ff3c371a41fed147fadc79cce4ed18071d1b5978212982cf35d0d33641362d3,a9fc034b462b5dbcd8a4fbaf25c34713156ce74922a54718096cbfc1b365c289,_probe_ecvs_deepseek_v4pro_visible_state_discriminator_v1_visiblecarry_vs_maturessrloop_18task_2method_3budget_1run,rolling_visible_carry_forward,8d9db20ce97efe30f85c852e25677be982049e6573365705fe9691ec9b104e37,5e731e8a17b48a8b7ce6c13c1212c6eff886445d5f81c28140118a0bf6d51241,{},e83e5f36720943793cd894d750a4e149b87149e8afc1f3ba9f39379580fbad40,12,rolling_visible_identifier_carry_forward_v1_ecvs_safe_visible_only,rolling_visible_identifier_carry_forward_v1_ecvs_safe_visible_only,1,9,9,9,9,0,5422cae8dc0634ec65b254736611441120d8bc9539625e48af8f38d32cdd22cc
_probe_ecvs_deepseek_v4pro_visible_state_discriminator_v1_visiblecarry_vs_maturessrloop_18task_2method_3budget_1run:deepseek_v4pro:rolling_visible_carry_forward:vstdp_v1_low_10_auth_claim_scope_filter:budget_300:run_1,deepseek_v4pro,vstdp_v1_low_10_auth_claim_scope_filter,semi_real_controlled_transition,,auth_claim_scope_filter,,rolling_visible_carry_forward,rolling_visible_carry_forward,300,1,2026-06-19T15:25:10.951413+00:00,2026-06-19T15:26:15.144992+00:00,2026-06-19T15:25:10.951455+00:00,2026-06-19T15:26:15.143517+00:00,30.048,3e55ca0d13b98e22312e2409149f678b77ec9aef1850bb20a2b4dd3b9ddb0b1a,c832ad68ec9b8dd572c75006c0d5e15c97946177d9982505775d659dac6265af,cff0bce020b88a9a2d3d196f5042a127e5ac1ea6714929d2bf3c0f4bcf5107e5,29a0a8572821b0bbd0c6ce97c633ef2a3ade7fc3809fa856d8bb4a4c0858f503,eef828db93d2780020b08c2a4edd52575d383b3728a2e063d34ae94cf7e754c3,4905317b5f200e6b35322340f5ad78407f9fc8d9c166cd24f83d024a4cc9d724,6d91b7db6f6ecc6962a654e449062c2870004adfc47062d2ad8b74376cc3dd38,6d91b7db6f6ecc6962a654e449062c2870004adfc47062d2ad8b74376cc3dd38,6d91b7db6f6ecc6962a654e449062c2870004adfc47062d2ad8b74376cc3dd38,58a0fd1ab882a25e3a96b570728797ccf9f00e62723ca54e10e593009e9c81ea,direct_provider,deepseek,https://api.deepseek.com,deepseek-v4-pro,https://api.deepseek.com/chat/completions,deepseek-v4-pro,c9da0642059ba98620f7a69e24a1751c9275e916fe3904876738153d2414e896,d36c4b8f2f74aa3f39fbb01515608acead4ab04a35165db758e06a0dcf01ffa9,d914cfc97d9b99822a2b1313c16850fd7be529b097eb356dc8e8e7408a7a00a8,explicit,0,4096,omitted,,omitted,,omitted,,omitted,,omitted,,omitted,,omitted,,omitted,,omitted,,False,thinking.type=disabled,ffe557f53c63f7d0f7e35f80c03f61d8b3548db9e4f51e8dda020b28a920d875,provider_not_exposed,provider_not_exposed,False,,False,False,False,disabled,,stop;stop;stop;stop;stop;stop;stop;stop;stop;stop;stop;stop,stop;stop;stop;stop;stop;stop;stop;stop;stop;stop;stop;stop,6203,1592,0,348,242,1,visible_carry_forward_compactor,,,,,,,,,,1,,1,[],"[""REQ_10_UNVPPEB"", ""LOCK_10_ZUF656X"", ""SCOPE_10_BHR458H"", ""CHECK_10_P5WAHQH"", ""ANCHOR_10_HDSSHMR""]",1,"[""SCOPE_10_397Q2EX"", ""CHECK_10_JNCXDBK"", ""EDGE_10_JQXDY9C"", ""FRONTIER_10_X3GVK6T""]",0,[],0,[],0,0,,clean,,a50f6297f48e3778ff1db82dd64b8d130c366da12cb5dfd0def218e68c1f4dbd,5683010b472edcb4848ad19279841a20b4596a0bf3b6241ab3f4a8d75e34199f,1950a2dc395489117dcc15f3beb89bd620015b159ee17ff0d7260873ec38b0b6,f5a7fde115f84ee2223d0a86a867caaaa3bf13f2f67fcb2a122031cb210fcd92,6b1136bd0af187c4434d9b7f963762b3ea8ccaa31e67021e402466a391dfff39,released_raw_outputs/model_outputs/_probe_ecvs_deepseek_v4pro_visible_state_discriminator_v1_visiblecarry_vs_maturessrloop_18task_2method_3budget_1run/deepseek/rolling_visible_carry_forward__vstdp_v1_low_10_auth_claim_scope_filter__run_1__budget_300.jsonl,12,3b6e0b5c29336f5dcbc191a8f704c133176ffb107f4d732f9cc7ed5c93637695,d908fa87cdcbe48735e896a153b0d64a1b82856639f4bb6af1e5522003e3beca,a2901f57a36f5840e6ebccb134eee6bfb0dfd735b6947e7c36283e2e569ceb45,_probe_ecvs_deepseek_v4pro_visible_state_discriminator_v1_visiblecarry_vs_maturessrloop_18task_2method_3budget_1run,rolling_visible_carry_forward,8d9db20ce97efe30f85c852e25677be982049e6573365705fe9691ec9b104e37,5e731e8a17b48a8b7ce6c13c1212c6eff886445d5f81c28140118a0bf6d51241,{},e83e5f36720943793cd894d750a4e149b87149e8afc1f3ba9f39379580fbad40,12,rolling_visible_identifier_carry_forward_v1_ecvs_safe_visible_only,rolling_visible_identifier_carry_forward_v1_ecvs_safe_visible_only,1,9,9,9,9,0,4f24e15b5e74985b755b7525a425b7d0f73c27256884d8b4f2f0baeb39acb557
_probe_ecvs_deepseek_v4pro_visible_state_discriminator_v1_visiblecarry_vs_maturessrloop_18task_2method_3budget_1run:deepseek_v4pro:rolling_visible_carry_forward:vstdp_v1_low_10_auth_claim_scope_filter:budget_600:run_1,deepseek_v4pro,vstdp_v1_low_10_auth_claim_scope_filter,semi_real_controlled_transition,,auth_claim_scope_filter,,rolling_visible_carry_forward,rolling_visible_carry_forward,600,1,2026-06-19T15:25:10.951619+00:00,2026-06-19T15:25:50.916793+00:00,2026-06-19T15:25:10.951656+00:00,2026-06-19T15:25:50.916065+00:00,37.955,3e55ca0d13b98e22312e2409149f678b77ec9aef1850bb20a2b4dd3b9ddb0b1a,c832ad68ec9b8dd572c75006c0d5e15c97946177d9982505775d659dac6265af,cff0bce020b88a9a2d3d196f5042a127e5ac1ea6714929d2bf3c0f4bcf5107e5,29a0a8572821b0bbd0c6ce97c633ef2a3ade7fc3809fa856d8bb4a4c0858f503,f8f9b6cca190b6e978bc4c2a66dae66b38cbce4ed3c8954fe6cfc2d0ec8e4b0c,4905317b5f200e6b35322340f5ad78407f9fc8d9c166cd24f83d024a4cc9d724,6d91b7db6f6ecc6962a654e449062c2870004adfc47062d2ad8b74376cc3dd38,6d91b7db6f6ecc6962a654e449062c2870004adfc47062d2ad8b74376cc3dd38,6d91b7db6f6ecc6962a654e449062c2870004adfc47062d2ad8b74376cc3dd38,58a0fd1ab882a25e3a96b570728797ccf9f00e62723ca54e10e593009e9c81ea,direct_provider,deepseek,https://api.deepseek.com,deepseek-v4-pro,https://api.deepseek.com/chat/completions,deepseek-v4-pro,c9da0642059ba98620f7a69e24a1751c9275e916fe3904876738153d2414e896,d36c4b8f2f74aa3f39fbb01515608acead4ab04a35165db758e06a0dcf01ffa9,d914cfc97d9b99822a2b1313c16850fd7be529b097eb356dc8e8e7408a7a00a8,explicit,0,4096,omitted,,omitted,,omitted,,omitted,,omitted,,omitted,,omitted,,omitted,,omitted,,False,thinking.type=disabled,ffe557f53c63f7d0f7e35f80c03f61d8b3548db9e4f51e8dda020b28a920d875,provider_not_exposed,provider_not_exposed,False,,False,False,False,disabled,,stop;stop;stop,stop;stop;stop,1581,376,0,470,586,0,visible_carry_forward_compactor,,,,,,,,,,0,,0,"[""REQ_10_UNVPPEB"", ""LOCK_10_ZUF656X"", ""SCOPE_10_BHR458H"", ""CHECK_10_P5WAHQH"", ""ANCHOR_10_HDSSHMR""]",[],0,[],0,[],0,[],0,1,RemoteDisconnected: Remote end closed connection without response,rerun_required,backend_error,92b2e2717f0b6e86ec7f7ec5183c2a9775b2096143dfa7fb882c6461e4c780cb,f737eed85acdebcaffc55f42e0958028ca6926db9f1ff5b007e6bff67039c78b,ad18e38934a0977f2eac7a3838e5522e5cbaed76cbe3c89cf41fbc8db9d144d8,e90f1cffa43e9f2db2e570154e2aba6086ffd326ea8ca1e9d79f1e37ebaeb66d,a925679cc1fd961079ca4130d5c577911adb25eff2ad6625eae02198cf07f6c8,released_raw_outputs/model_outputs/_probe_ecvs_deepseek_v4pro_visible_state_discriminator_v1_visiblecarry_vs_maturessrloop_18task_2method_3budget_1run/deepseek/rolling_visible_carry_forward__vstdp_v1_low_10_auth_claim_scope_filter__run_1__budget_600.jsonl,4,b3bba35c300320cdc65075b544d2a63040ec09992c13c00ed9af4a9339ae9f43,d39890e3f909b127887a3aa5470b2386255ccd433bfce1c80c32827588aaf90e,c81f4d365157e990f2c96e72dc2fee70de1006bdeeb20147a318b95c36fd4c61,_probe_ecvs_deepseek_v4pro_visible_state_discriminator_v1_visiblecarry_vs_maturessrloop_18task_2method_3budget_1run,rolling_visible_carry_forward,8d9db20ce97efe30f85c852e25677be982049e6573365705fe9691ec9b104e37,5e731e8a17b48a8b7ce6c13c1212c6eff886445d5f81c28140118a0bf6d51241,{},e83e5f36720943793cd894d750a4e149b87149e8afc1f3ba9f39379580fbad40,4,rolling_visible_identifier_carry_forward_v1_ecvs_safe_visible_only,rolling_visible_identifier_carry_forward_v1_ecvs_safe_visible_only,1,4,4,4,4,0,7c4527981d417d05eb986aae4aef01ce163e43861ddcdd40facfeb5508744197
_probe_ecvs_deepseek_v4pro_visible_state_discriminator_v1_visiblecarry_vs_maturessrloop_18task_2method_3budget_1run:deepseek_v4pro:rolling_visible_carry_forward:vstdp_v1_low_11_export_redaction_update:budget_1200:run_1,deepseek_v4pro,vstdp_v1_low_11_export_redaction_update,diagnostic_controlled_transition,,export_redaction_update,,rolling_visible_carry_forward,rolling_visible_carry_forward,1200,1,2026-06-19T15:25:10.955424+00:00,2026-06-19T15:25:44.486471+00:00,2026-06-19T15:25:10.955466+00:00,2026-06-19T15:25:44.485557+00:00,33.522,3e55ca0d13b98e22312e2409149f678b77ec9aef1850bb20a2b4dd3b9ddb0b1a,d93e6b9319fd446f1df87912f598a7dbbd762610a73394d82380f4a0f4c914da,cff0bce020b88a9a2d3d196f5042a127e5ac1ea6714929d2bf3c0f4bcf5107e5,9be523ab71659f7d92a06082cdb0cf47aa9301ae14393688405150c22b052cae,2b275ef924c2660aaac452a97d2b0095b39f2f9afa2a7148e58a9f10c2038af4,4905317b5f200e6b35322340f5ad78407f9fc8d9c166cd24f83d024a4cc9d724,6d91b7db6f6ecc6962a654e449062c2870004adfc47062d2ad8b74376cc3dd38,6d91b7db6f6ecc6962a654e449062c2870004adfc47062d2ad8b74376cc3dd38,6d91b7db6f6ecc6962a654e449062c2870004adfc47062d2ad8b74376cc3dd38,58a0fd1ab882a25e3a96b570728797ccf9f00e62723ca54e10e593009e9c81ea,direct_provider,deepseek,https://api.deepseek.com,deepseek-v4-pro,https://api.deepseek.com/chat/completions,deepseek-v4-pro,c9da0642059ba98620f7a69e24a1751c9275e916fe3904876738153d2414e896,d36c4b8f2f74aa3f39fbb01515608acead4ab04a35165db758e06a0dcf01ffa9,d914cfc97d9b99822a2b1313c16850fd7be529b097eb356dc8e8e7408a7a00a8,explicit,0,4096,omitted,,omitted,,omitted,,omitted,,omitted,,omitted,,omitted,,omitted,,omitted,,False,thinking.type=disabled,ffe557f53c63f7d0f7e35f80c03f61d8b3548db9e4f51e8dda020b28a920d875,provider_not_exposed,provider_not_exposed,False,,False,False,False,disabled,,stop;stop;stop;stop;stop;stop;stop;stop;stop;stop;stop,stop;stop;stop;stop;stop;stop;stop;stop;stop;stop;stop,7377,2437,0,706,955,0,visible_carry_forward_compactor,,,,,,,,,,1,,1,[],"[""REQ_11_QH43UTM"", ""LOCK_11_DLC2BCQ"", ""SCOPE_11_TXGUCXQ"", ""CHECK_11_EXUZHF5"", ""ANCHOR_11_Z8M447R""]",1,"[""SCOPE_11_NLRF8WH"", ""CHECK_11_C2CAC8B"", ""EDGE_11_XGJ35W9"", ""FRONTIER_11_8NHWJTG""]",0,[],0,[],0,0,,clean,,2487c056e889ac96997dcd993a0e34ae9072e0ee44b1bdc991f9b853c1c27d2c,780e27fb45ceaea572c048b1992228e61afae76eccff0d75111a28b8eb48f636,b4aaa0776ab1e34110e6fe3996f765a2ea9af8d3ad70c0e774028d11226bc84e,231dc100ac6bc34b0d4f5be81f2c19591357fdf41cb4ff0214c53ba94b23bf3d,b5c38e1fcc084fcec12b901f553cfcadfe85f7316b6d3de774a9eb42cbe3ff26,released_raw_outputs/model_outputs/_probe_ecvs_deepseek_v4pro_visible_state_discriminator_v1_visiblecarry_vs_maturessrloop_18task_2method_3budget_1run/deepseek/rolling_visible_carry_forward__vstdp_v1_low_11_export_redaction_update__run_1__budget_1200.jsonl,11,54d97f69073ef3c7a24c1fe28ea32cede9bc44eb32156abea372bd464d68c2da,922a67e82af58c13a14cad8904a44ec459fc38884c0d360b5c54a6536faedac4,a885628233eb9102cacf95fa3f8e84fa865901d4542bbd5fff044d629ebc41d5,_probe_ecvs_deepseek_v4pro_visible_state_discriminator_v1_visiblecarry_vs_maturessrloop_18task_2method_3budget_1run,rolling_visible_carry_forward,8d9db20ce97efe30f85c852e25677be982049e6573365705fe9691ec9b104e37,6e875c239831e785b18e39a174bd081a6d2a3ab58cfd43539f853d248b350dcb,{},e83e5f36720943793cd894d750a4e149b87149e8afc1f3ba9f39379580fbad40,11,rolling_visible_identifier_carry_forward_v1_ecvs_safe_visible_only,rolling_visible_identifier_carry_forward_v1_ecvs_safe_visible_only,1,9,9,9,9,0,f460062140b72c5dc67d09ed8ac9c5b9ed7257c22b6619630ab631efe61b5367
_probe_ecvs_deepseek_v4pro_visible_state_discriminator_v1_visiblecarry_vs_maturessrloop_18task_2method_3budget_1run:deepseek_v4pro:rolling_visible_carry_forward:vstdp_v1_low_11_export_redaction_update:budget_300:run_1,deepseek_v4pro,vstdp_v1_low_11_export_redaction_update,diagnostic_controlled_transition,,export_redaction_update,,rolling_visible_carry_forward,rolling_visible_carry_forward,300,1,2026-06-19T15:25:10.953756+00:00,2026-06-19T15:25:56.033129+00:00,2026-06-19T15:25:28.083455+00:00,2026-06-19T15:25:56.031797+00:00,27.939,3e55ca0d13b98e22312e2409149f678b77ec9aef1850bb20a2b4dd3b9ddb0b1a,d93e6b9319fd446f1df87912f598a7dbbd762610a73394d82380f4a0f4c914da,cff0bce020b88a9a2d3d196f5042a127e5ac1ea6714929d2bf3c0f4bcf5107e5,9be523ab71659f7d92a06082cdb0cf47aa9301ae14393688405150c22b052cae,12ee5240ecfbc582825ebb25430881b2c415b86404e5ffac9ea60ce0b891f5d0,4905317b5f200e6b35322340f5ad78407f9fc8d9c166cd24f83d024a4cc9d724,6d91b7db6f6ecc6962a654e449062c2870004adfc47062d2ad8b74376cc3dd38,6d91b7db6f6ecc6962a654e449062c2870004adfc47062d2ad8b74376cc3dd38,6d91b7db6f6ecc6962a654e449062c2870004adfc47062d2ad8b74376cc3dd38,58a0fd1ab882a25e3a96b570728797ccf9f00e62723ca54e10e593009e9c81ea,direct_provider,deepseek,https://api.deepseek.com,deepseek-v4-pro,https://api.deepseek.com/chat/completions,deepseek-v4-pro,c9da0642059ba98620f7a69e24a1751c9275e916fe3904876738153d2414e896,d36c4b8f2f74aa3f39fbb01515608acead4ab04a35165db758e06a0dcf01ffa9,d914cfc97d9b99822a2b1313c16850fd7be529b097eb356dc8e8e7408a7a00a8,explicit,0,4096,omitted,,omitted,,omitted,,omitted,,omitted,,omitted,,omitted,,omitted,,omitted,,False,thinking.type=disabled,ffe557f53c63f7d0f7e35f80c03f61d8b3548db9e4f51e8dda020b28a920d875,provider_not_exposed,provider_not_exposed,False,,False,False,False,disabled,,stop;stop;stop;stop;stop;stop;stop;stop;stop;stop;stop,stop;stop;stop;stop;stop;stop;stop;stop;stop;stop;stop,5787,1573,0,350,242,1,visible_carry_forward_compactor,,,,,,,,,,1,,1,[],"[""REQ_11_QH43UTM"", ""LOCK_11_DLC2BCQ"", ""SCOPE_11_TXGUCXQ"", ""CHECK_11_EXUZHF5"", ""ANCHOR_11_Z8M447R""]",1,"[""SCOPE_11_NLRF8WH"", ""CHECK_11_C2CAC8B"", ""EDGE_11_XGJ35W9"", ""FRONTIER_11_8NHWJTG""]",0,[],0,[],0,0,,clean,,a2230bf30bdf3da3ddedb3cae0bec6372825b56a04542c4717f4b9679afb9c28,49480bfc5ba697af10cb1947d802ce3d111339b21fff9a1d062ada74d3774ed1,100b70ce19cdd35d6148dd6dc745825bc5d2d773496429a03ec1388304170dcc,b69f27282e7f9b3a91af978f24b54789d1d2147648fcded764f553f28dbc58fb,2af805403cfb33fb3e3cf0400f39aa78ee0e8867bc46fa41e927a2d2af7a54c4,released_raw_outputs/model_outputs/_probe_ecvs_deepseek_v4pro_visible_state_discriminator_v1_visiblecarry_vs_maturessrloop_18task_2method_3budget_1run/deepseek/rolling_visible_carry_forward__vstdp_v1_low_11_export_redaction_update__run_1__budget_300.jsonl,11,2e7bafcc8d6905faf47e3fbbd19b1d19b093511441d310fdd4bfa12648bab23e,960e555484be2155dfc1f083561b2a7dac24df0a52c5a85e8af7eeafb5e9aba1,a93de32428cd7d34657c79a5237bf9c99887bd5bf5201aa9d9cee93d72a7acff,_probe_ecvs_deepseek_v4pro_visible_state_discriminator_v1_visiblecarry_vs_maturessrloop_18task_2method_3budget_1run,rolling_visible_carry_forward,8d9db20ce97efe30f85c852e25677be982049e6573365705fe9691ec9b104e37,6e875c239831e785b18e39a174bd081a6d2a3ab58cfd43539f853d248b350dcb,{},e83e5f36720943793cd894d750a4e149b87149e8afc1f3ba9f39379580fbad40,11,rolling_visible_identifier_carry_forward_v1_ecvs_safe_visible_only,rolling_visible_identifier_carry_forward_v1_ecvs_safe_visible_only,1,9,9,9,9,0,541206bc2338b58f3343f77a91cb1bc832c58a555d6d453d832db6937612f355
_probe_ecvs_deepseek_v4pro_visible_state_discriminator_v1_visiblecarry_vs_maturessrloop_18task_2method_3budget_1run:deepseek_v4pro:rolling_visible_carry_forward:vstdp_v1_low_11_export_redaction_update:budget_600:run_1,deepseek_v4pro,vstdp_v1_low_11_export_redaction_update,diagnostic_controlled_transition,,export_redaction_update,,rolling_visible_carry_forward,rolling_visible_carry_forward,600,1,2026-06-19T15:25:10.954230+00:00,2026-06-19T15:25:55.759506+00:00,2026-06-19T15:25:10.954278+00:00,2026-06-19T15:25:55.758544+00:00,27.726,3e55ca0d13b98e22312e2409149f678b77ec9aef1850bb20a2b4dd3b9ddb0b1a,d93e6b9319fd446f1df87912f598a7dbbd762610a73394d82380f4a0f4c914da,cff0bce020b88a9a2d3d196f5042a127e5ac1ea6714929d2bf3c0f4bcf5107e5,9be523ab71659f7d92a06082cdb0cf47aa9301ae14393688405150c22b052cae,b6a4933519944bfe4800e9d829dce2a301fe2e0a94ec8352a5f4c6a6ab620e48,4905317b5f200e6b35322340f5ad78407f9fc8d9c166cd24f83d024a4cc9d724,6d91b7db6f6ecc6962a654e449062c2870004adfc47062d2ad8b74376cc3dd38,6d91b7db6f6ecc6962a654e449062c2870004adfc47062d2ad8b74376cc3dd38,6d91b7db6f6ecc6962a654e449062c2870004adfc47062d2ad8b74376cc3dd38,58a0fd1ab882a25e3a96b570728797ccf9f00e62723ca54e10e593009e9c81ea,direct_provider,deepseek,https://api.deepseek.com,deepseek-v4-pro,https://api.deepseek.com/chat/completions,deepseek-v4-pro,c9da0642059ba98620f7a69e24a1751c9275e916fe3904876738153d2414e896,d36c4b8f2f74aa3f39fbb01515608acead4ab04a35165db758e06a0dcf01ffa9,d914cfc97d9b99822a2b1313c16850fd7be529b097eb356dc8e8e7408a7a00a8,explicit,0,4096,omitted,,omitted,,omitted,,omitted,,omitted,,omitted,,omitted,,omitted,,omitted,,False,thinking.type=disabled,ffe557f53c63f7d0f7e35f80c03f61d8b3548db9e4f51e8dda020b28a920d875,provider_not_exposed,provider_not_exposed,False,,False,False,False,disabled,,stop;stop;stop;stop;stop;stop;stop;stop;stop;stop;stop,stop;stop;stop;stop;stop;stop;stop;stop;stop;stop;stop,6279,1835,0,344,549,0,visible_carry_forward_compactor,,,,,,,,,,1,,1,[],"[""REQ_11_QH43UTM"", ""LOCK_11_DLC2BCQ"", ""SCOPE_11_TXGUCXQ"", ""CHECK_11_EXUZHF5"", ""ANCHOR_11_Z8M447R""]",1,"[""SCOPE_11_NLRF8WH"", ""CHECK_11_C2CAC8B"", ""EDGE_11_XGJ35W9"", ""FRONTIER_11_8NHWJTG""]",0,[],0,[],0,0,,clean,,b42090a2fe91547b10253ccb8ba2aff641b9da5b75039ad3551b42fe71eeadb0,e5bac3af26087aee0cc9a74fe6fa900abb0e2fa3df8612aaac7a5ad99d84b948,b8f890cd478ebf15dc36d872e3dd3a3fa0b3095b694568e4b6fc7dc612d7dda5,dd8fc79b7a889d44ef8000c7fa8c16303eb6bfe418ade4755a64264cac2aafc5,a28b6f2838a6d3d74c9c523059a9c6d69a7cbafbe206216a140d49454d12e67f,released_raw_outputs/model_outputs/_probe_ecvs_deepseek_v4pro_visible_state_discriminator_v1_visiblecarry_vs_maturessrloop_18task_2method_3budget_1run/deepseek/rolling_visible_carry_forward__vstdp_v1_low_11_export_redaction_update__run_1__budget_600.jsonl,11,5a8013644821920315891bba1c59e198f542a3068f44b131c78359bffd7ac3e6,0abb9f726d692e7d05ed0cfb9070a4151dfcce3dbdd62c6e7464c2117ad2a535,1ca2f4dc27f505909b61d278dce2b0371cdb5901525a66f52939bf6b6a1a4b82,_probe_ecvs_deepseek_v4pro_visible_state_discriminator_v1_visiblecarry_vs_maturessrloop_18task_2method_3budget_1run,rolling_visible_carry_forward,8d9db20ce97efe30f85c852e25677be982049e6573365705fe9691ec9b104e37,6e875c239831e785b18e39a174bd081a6d2a3ab58cfd43539f853d248b350dcb,{},e83e5f36720943793cd894d750a4e149b87149e8afc1f3ba9f39379580fbad40,11,rolling_visible_identifier_carry_forward_v1_ecvs_safe_visible_only,rolling_visible_identifier_carry_forward_v1_ecvs_safe_visible_only,1,9,9,9,9,0,2c96b8b68e4e3991d2a92f297e0c9e09a70172d5efe9de8055fcac410c2936d1
_probe_ecvs_deepseek_v4pro_visible_state_discriminator_v1_visiblecarry_vs_maturessrloop_18task_2method_3budget_1run:deepseek_v4pro:rolling_visible_carry_forward:vstdp_v1_low_12_multi_file_contract_consistency:budget_1200:run_1,deepseek_v4pro,vstdp_v1_low_12_multi_file_contract_consistency,diagnostic_controlled_transition,,multi_file_contract_consistency,,rolling_visible_carry_forward,rolling_visible_carry_forward,1200,1,2026-06-19T15:25:10.956232+00:00,2026-06-19T15:26:22.307077+00:00,2026-06-19T15:25:10.956275+00:00,2026-06-19T15:26:22.305793+00:00,37.189,3e55ca0d13b98e22312e2409149f678b77ec9aef1850bb20a2b4dd3b9ddb0b1a,6c9ef55a803d32267bc889d8700dba7e49c122cf49962af064bdd2d7b00b9dfa,cff0bce020b88a9a2d3d196f5042a127e5ac1ea6714929d2bf3c0f4bcf5107e5,7848738655fda213d3d71e6d637667d78fe78531a42e06004c62ec9ba612645e,4850dc44d2ec65f8a1d9e0ebca9540930481dd1994dcccd8e7c4394f91d03739,4905317b5f200e6b35322340f5ad78407f9fc8d9c166cd24f83d024a4cc9d724,6d91b7db6f6ecc6962a654e449062c2870004adfc47062d2ad8b74376cc3dd38,6d91b7db6f6ecc6962a654e449062c2870004adfc47062d2ad8b74376cc3dd38,6d91b7db6f6ecc6962a654e449062c2870004adfc47062d2ad8b74376cc3dd38,58a0fd1ab882a25e3a96b570728797ccf9f00e62723ca54e10e593009e9c81ea,direct_provider,deepseek,https://api.deepseek.com,deepseek-v4-pro,https://api.deepseek.com/chat/completions,deepseek-v4-pro,c9da0642059ba98620f7a69e24a1751c9275e916fe3904876738153d2414e896,d36c4b8f2f74aa3f39fbb01515608acead4ab04a35165db758e06a0dcf01ffa9,d914cfc97d9b99822a2b1313c16850fd7be529b097eb356dc8e8e7408a7a00a8,explicit,0,4096,omitted,,omitted,,omitted,,omitted,,omitted,,omitted,,omitted,,omitted,,omitted,,False,thinking.type=disabled,ffe557f53c63f7d0f7e35f80c03f61d8b3548db9e4f51e8dda020b28a920d875,provider_not_exposed,provider_not_exposed,False,,False,False,False,disabled,,stop;stop;stop;stop;stop;stop;stop;stop;stop;stop;stop,stop;stop;stop;stop;stop;stop;stop;stop;stop;stop;stop,7490,2523,0,604,853,0,visible_carry_forward_compactor,,,,,,,,,,1,,1,[],"[""REQ_12_NN468YF"", ""LOCK_12_49DX8JX"", ""SCOPE_12_NC2H85Q"", ""CHECK_12_7FACAPW"", ""ANCHOR_12_HAV2PK3""]",1,"[""SCOPE_12_NCZSNU2"", ""CHECK_12_9D8LGHJ"", ""EDGE_12_Q5D67SG"", ""FRONTIER_12_TTZBNEW""]",0,[],0,[],0,0,,clean,,96c3cd8e6ac29f5abd91a190691ffe2974dc50f2e914dbe50ad0d832bbb1cdf2,d5896b821030b46cf9f0c7015febd904ad60382c088e2d32454820a886276fbc,ad46549459cdc9a75dbda547611c592315905a502828140ab6b25304627436e7,47838bdda759c83c8447e8b50e6ee3236cd930e2c73bb1736fba549bac27ba67,f117c53ff006c074a6629159ba8a388d48356dd2dddbfca042bca13aec0d1ccf,released_raw_outputs/model_outputs/_probe_ecvs_deepseek_v4pro_visible_state_discriminator_v1_visiblecarry_vs_maturessrloop_18task_2method_3budget_1run/deepseek/rolling_visible_carry_forward__vstdp_v1_low_12_multi_file_contract_consistency__run_1__budget_1200.jsonl,11,8bb63f25dcb07b99dc04ffb2519ba1e2026326c8abdc54f2011b31fa0f6219e9,573bd9f0d51b7c149ece4854542d1d20f926c1ca0e511935e8899bcf3329483f,64ae4d36525aae46ccec2f8fc74af8d790f50aae86e5e1b2c00801d9efa438dc,_probe_ecvs_deepseek_v4pro_visible_state_discriminator_v1_visiblecarry_vs_maturessrloop_18task_2method_3budget_1run,rolling_visible_carry_forward,8d9db20ce97efe30f85c852e25677be982049e6573365705fe9691ec9b104e37,5f167bb98e57bd8f7f32c874cc6076a58eb882daba50677f3d0a4bfcf9b9a9f0,{},e83e5f36720943793cd894d750a4e149b87149e8afc1f3ba9f39379580fbad40,11,rolling_visible_identifier_carry_forward_v1_ecvs_safe_visible_only,rolling_visible_identifier_carry_forward_v1_ecvs_safe_visible_only,1,9,9,9,9,0,99af2d84d54718bd31aa4e69b5cb56823281bb12f28ede62692e73cbb8f44012
_probe_ecvs_deepseek_v4pro_visible_state_discriminator_v1_visiblecarry_vs_maturessrloop_18task_2method_3budget_1run:deepseek_v4pro:rolling_visible_carry_forward:vstdp_v1_low_12_multi_file_contract_consistency:budget_300:run_1,deepseek_v4pro,vstdp_v1_low_12_multi_file_contract_consistency,diagnostic_controlled_transition,,multi_file_contract_consistency,,rolling_visible_carry_forward,rolling_visible_carry_forward,300,1,2026-06-19T15:25:10.955617+00:00,2026-06-19T15:25:55.452268+00:00,2026-06-19T15:25:10.955652+00:00,2026-06-19T15:25:55.447213+00:00,27.412,3e55ca0d13b98e22312e2409149f678b77ec9aef1850bb20a2b4dd3b9ddb0b1a,6c9ef55a803d32267bc889d8700dba7e49c122cf49962af064bdd2d7b00b9dfa,cff0bce020b88a9a2d3d196f5042a127e5ac1ea6714929d2bf3c0f4bcf5107e5,7848738655fda213d3d71e6d637667d78fe78531a42e06004c62ec9ba612645e,584f6ba7f2b3a7f7864a44471bad31dc89050246db9081d41f879c7757a59118,4905317b5f200e6b35322340f5ad78407f9fc8d9c166cd24f83d024a4cc9d724,6d91b7db6f6ecc6962a654e449062c2870004adfc47062d2ad8b74376cc3dd38,6d91b7db6f6ecc6962a654e449062c2870004adfc47062d2ad8b74376cc3dd38,6d91b7db6f6ecc6962a654e449062c2870004adfc47062d2ad8b74376cc3dd38,58a0fd1ab882a25e3a96b570728797ccf9f00e62723ca54e10e593009e9c81ea,direct_provider,deepseek,https://api.deepseek.com,deepseek-v4-pro,https://api.deepseek.com/chat/completions,deepseek-v4-pro,c9da0642059ba98620f7a69e24a1751c9275e916fe3904876738153d2414e896,d36c4b8f2f74aa3f39fbb01515608acead4ab04a35165db758e06a0dcf01ffa9,d914cfc97d9b99822a2b1313c16850fd7be529b097eb356dc8e8e7408a7a00a8,explicit,0,4096,omitted,,omitted,,omitted,,omitted,,omitted,,omitted,,omitted,,omitted,,omitted,,False,thinking.type=disabled,ffe557f53c63f7d0f7e35f80c03f61d8b3548db9e4f51e8dda020b28a920d875,provider_not_exposed,provider_not_exposed,False,,False,False,False,disabled,,stop;stop;stop;stop;stop;stop;stop;stop;stop;stop;stop,stop;stop;stop;stop;stop;stop;stop;stop;stop;stop;stop,5825,1521,0,344,242,1,visible_carry_forward_compactor,,,,,,,,,,1,,1,[],"[""REQ_12_NN468YF"", ""LOCK_12_49DX8JX"", ""SCOPE_12_NC2H85Q"", ""CHECK_12_7FACAPW"", ""ANCHOR_12_HAV2PK3""]",1,"[""SCOPE_12_NCZSNU2"", ""CHECK_12_9D8LGHJ"", ""EDGE_12_Q5D67SG"", ""FRONTIER_12_TTZBNEW""]",0,[],0,[],0,0,,clean,,eb80dc2178c5bcf8d4acd2a3ab566e09829a9355ce5f0ccaea6f3da553b55f75,d1def39518365269c9f6f4306da770c16a97b1b7966359289b69c792d7df0e97,f1e0b8a6c076a6ccfbec2374400329e385fd3228a3c118295b2ce79c039641e7,2272ed0bc81b98c14a4dcdba383170b59083f7ae359c8558c4d50cb15898cc08,19e23d9948d9296a09aa73fb47b5dcf393915cae4fdf8c93c90ab6b14ba43e84,released_raw_outputs/model_outputs/_probe_ecvs_deepseek_v4pro_visible_state_discriminator_v1_visiblecarry_vs_maturessrloop_18task_2method_3budget_1run/deepseek/rolling_visible_carry_forward__vstdp_v1_low_12_multi_file_contract_consistency__run_1__budget_300.jsonl,11,a5133c0311f5ff008ca9daae05d21d39f96b4ed1cb637475c273e58b11d4ab3c,a3ad83b66577470265bdb6c7616a4935df7f807a8890c8e8c81c000a79e4a317,8e20de9893184623723bcf57db8f7caa88e520a269f66e55af493cccb0cd641f,_probe_ecvs_deepseek_v4pro_visible_state_discriminator_v1_visiblecarry_vs_maturessrloop_18task_2method_3budget_1run,rolling_visible_carry_forward,8d9db20ce97efe30f85c852e25677be982049e6573365705fe9691ec9b104e37,5f167bb98e57bd8f7f32c874cc6076a58eb882daba50677f3d0a4bfcf9b9a9f0,{},e83e5f36720943793cd894d750a4e149b87149e8afc1f3ba9f39379580fbad40,11,rolling_visible_identifier_carry_forward_v1_ecvs_safe_visible_only,rolling_visible_identifier_carry_forward_v1_ecvs_safe_visible_only,1,9,9,9,9,0,3f171e74afcc824c5e34d29e63beb45a851525ad54cafbaa47e08fc9f17cf574
_probe_ecvs_deepseek_v4pro_visible_state_discriminator_v1_visiblecarry_vs_maturessrloop_18task_2method_3budget_1run:deepseek_v4pro:rolling_visible_carry_forward:vstdp_v1_low_12_multi_file_contract_consistency:budget_600:run_1,deepseek_v4pro,vstdp_v1_low_12_multi_file_contract_consistency,diagnostic_controlled_transition,,multi_file_contract_consistency,,rolling_visible_carry_forward,rolling_visible_carry_forward,600,1,2026-06-19T15:25:10.955860+00:00,2026-06-19T15:25:41.198077+00:00,2026-06-19T15:25:10.955895+00:00,2026-06-19T15:25:41.196739+00:00,30.237,3e55ca0d13b98e22312e2409149f678b77ec9aef1850bb20a2b4dd3b9ddb0b1a,6c9ef55a803d32267bc889d8700dba7e49c122cf49962af064bdd2d7b00b9dfa,cff0bce020b88a9a2d3d196f5042a127e5ac1ea6714929d2bf3c0f4bcf5107e5,7848738655fda213d3d71e6d637667d78fe78531a42e06004c62ec9ba612645e,e44af0ee301a5f6c206ef6cdedfac94b00ba8b2fce6b93460b849a4a3b159c8c,4905317b5f200e6b35322340f5ad78407f9fc8d9c166cd24f83d024a4cc9d724,6d91b7db6f6ecc6962a654e449062c2870004adfc47062d2ad8b74376cc3dd38,6d91b7db6f6ecc6962a654e449062c2870004adfc47062d2ad8b74376cc3dd38,6d91b7db6f6ecc6962a654e449062c2870004adfc47062d2ad8b74376cc3dd38,58a0fd1ab882a25e3a96b570728797ccf9f00e62723ca54e10e593009e9c81ea,direct_provider,deepseek,https://api.deepseek.com,deepseek-v4-pro,https://api.deepseek.com/chat/completions,deepseek-v4-pro,c9da0642059ba98620f7a69e24a1751c9275e916fe3904876738153d2414e896,d36c4b8f2f74aa3f39fbb01515608acead4ab04a35165db758e06a0dcf01ffa9,d914cfc97d9b99822a2b1313c16850fd7be529b097eb356dc8e8e7408a7a00a8,explicit,0,4096,omitted,,omitted,,omitted,,omitted,,omitted,,omitted,,omitted,,omitted,,omitted,,False,thinking.type=disabled,ffe557f53c63f7d0f7e35f80c03f61d8b3548db9e4f51e8dda020b28a920d875,provider_not_exposed,provider_not_exposed,False,,False,False,False,disabled,,stop;stop;stop;stop;stop;stop;stop;stop;stop;stop;stop,stop;stop;stop;stop;stop;stop;stop;stop;stop;stop;stop,6425,1793,0,367,242,0,visible_carry_forward_compactor,,,,,,,,,,1,,1,[],"[""REQ_12_NN468YF"", ""LOCK_12_49DX8JX"", ""SCOPE_12_NC2H85Q"", ""CHECK_12_7FACAPW"", ""ANCHOR_12_HAV2PK3""]",1,"[""SCOPE_12_NCZSNU2"", ""CHECK_12_9D8LGHJ"", ""EDGE_12_Q5D67SG"", ""FRONTIER_12_TTZBNEW""]",0,[],0,[],0,0,,clean,,af9d19c4d76ba91a5a59bcbf07eadb1ce785db7e3eb99d416796c0c53f10450d,99ea489ec3cd3d03046452c137e463ca59c0c398986a45540e11e84344b9febd,431908512c355ff578d49c76f26553bf4e4fbd0d9dd922be769a44efffd11d31,2d414662c738ff91b38a047cd501a38ffec1c3b305dc4dd7c6a58d98df5615dc,db5c07e0d389adadde0e0d82f3142d0ebffd620ffdcb79db1d68392f7aa0eb2c,released_raw_outputs/model_outputs/_probe_ecvs_deepseek_v4pro_visible_state_discriminator_v1_visiblecarry_vs_maturessrloop_18task_2method_3budget_1run/deepseek/rolling_visible_carry_forward__vstdp_v1_low_12_multi_file_contract_consistency__run_1__budget_600.jsonl,11,4110140d8cb516d2513e7a8ea0523cfd398b8edb67d961d2b19e296e10f5eae6,14a50c34b391c004aa0986ebe96f5c623ff7763df0dafd9b7eb2d40f73ba130e,7230af4ebe0f8a2036f5360f81e219f402b21088b2c373ceb9096715cd742f85,_probe_ecvs_deepseek_v4pro_visible_state_discriminator_v1_visiblecarry_vs_maturessrloop_18task_2method_3budget_1run,rolling_visible_carry_forward,8d9db20ce97efe30f85c852e25677be982049e6573365705fe9691ec9b104e37,5f167bb98e57bd8f7f32c874cc6076a58eb882daba50677f3d0a4bfcf9b9a9f0,{},e83e5f36720943793cd894d750a4e149b87149e8afc1f3ba9f39379580fbad40,11,rolling_visible_identifier_carry_forward_v1_ecvs_safe_visible_only,rolling_visible_identifier_carry_forward_v1_ecvs_safe_visible_only,1,9,9,9,9,0,3f171e74afcc824c5e34d29e63beb45a851525ad54cafbaa47e08fc9f17cf574
_probe_ecvs_deepseek_v4pro_visible_state_discriminator_v1_visiblecarry_vs_maturessrloop_18task_2method_3budget_1run:deepseek_v4pro:rolling_visible_carry_forward:vstdp_v1_mid_13_alias_overwrite_chain:budget_1200:run_1,deepseek_v4pro,vstdp_v1_mid_13_alias_overwrite_chain,diagnostic_controlled_transition,,alias_overwrite_chain,,rolling_visible_carry_forward,rolling_visible_carry_forward,1200,1,2026-06-19T15:25:10.958158+00:00,2026-06-19T15:25:53.124429+00:00,2026-06-19T15:25:10.958188+00:00,2026-06-19T15:25:53.123348+00:00,42.161,3e55ca0d13b98e22312e2409149f678b77ec9aef1850bb20a2b4dd3b9ddb0b1a,ae9ee266ee137a1c2ff39f33da11bf1b348a53adf8f6711deea688206913b3b2,cff0bce020b88a9a2d3d196f5042a127e5ac1ea6714929d2bf3c0f4bcf5107e5,c81bc3394e770df17b75559786c035a8650b51fe0dfc536d0de4d2275cb6c044,e57b5b497f5f11ef7b8a329e7f46c0cc11b2d40ed42341fdbe5e5d298ab120f4,4905317b5f200e6b35322340f5ad78407f9fc8d9c166cd24f83d024a4cc9d724,6d91b7db6f6ecc6962a654e449062c2870004adfc47062d2ad8b74376cc3dd38,6d91b7db6f6ecc6962a654e449062c2870004adfc47062d2ad8b74376cc3dd38,6d91b7db6f6ecc6962a654e449062c2870004adfc47062d2ad8b74376cc3dd38,58a0fd1ab882a25e3a96b570728797ccf9f00e62723ca54e10e593009e9c81ea,direct_provider,deepseek,https://api.deepseek.com,deepseek-v4-pro,https://api.deepseek.com/chat/completions,deepseek-v4-pro,c9da0642059ba98620f7a69e24a1751c9275e916fe3904876738153d2414e896,d36c4b8f2f74aa3f39fbb01515608acead4ab04a35165db758e06a0dcf01ffa9,d914cfc97d9b99822a2b1313c16850fd7be529b097eb356dc8e8e7408a7a00a8,explicit,0,4096,omitted,,omitted,,omitted,,omitted,,omitted,,omitted,,omitted,,omitted,,omitted,,False,thinking.type=disabled,ffe557f53c63f7d0f7e35f80c03f61d8b3548db9e4f51e8dda020b28a920d875,provider_not_exposed,provider_not_exposed,False,,False,False,False,disabled,,stop;stop;stop;stop;stop;stop;stop;stop;stop;stop;stop;stop;stop,stop;stop;stop;stop;stop;stop;stop;stop;stop;stop;stop;stop;stop,8979,2933,0,493,715,0,visible_carry_forward_compactor,,,,,,,,,,1,,1,[],"[""REQ_13_CSDYW3R"", ""LOCK_13_5JDJCR9"", ""SCOPE_13_NPE9E23"", ""CHECK_13_XLXEMLF"", ""ANCHOR_13_CN8Q7G3"", ""EDGE_13_Q9WE4Z4""]",1,"[""SCOPE_13_GUKQMDZ"", ""CHECK_13_QEU6TMF"", ""FRONTIER_13_ZK5QWAF"", ""MERGE_13_9C2JUSL""]",0,[],0,[],0,0,,clean,,46eea5185f60ea4963d8331512e7d875b10000183a9066746c42743b6ca6845c,1cea965c29a3f36384593a7d3b5f1e9f1c5f5ff279ad401217b4d8dea9426158,f53731132ccaaa41e62bf1ccb839f48fe58ad2eae5012fdb26c15e143cf6ddd1,ef45af1def39a3de4a69d891ba8efc5891f08285ec62b205be787d204a1c0e5d,b41b4b9c2421abe3772e1b60f5707482e5c569cd2ed641ccd5f4f7c96f3186c4,released_raw_outputs/model_outputs/_probe_ecvs_deepseek_v4pro_visible_state_discriminator_v1_visiblecarry_vs_maturessrloop_18task_2method_3budget_1run/deepseek/rolling_visible_carry_forward__vstdp_v1_mid_13_alias_overwrite_chain__run_1__budget_1200.jsonl,13,ffe7ee710af74ec60700e028f8aabb17ed302389c17c9940099a29825a4966d1,51abd963f4ce30da929291b63ae612ed2ba335c5fa19e10157b591c087a9f861,f140933e398adc5f815d45be8910efe45885bc01ccc80a40d30eb63b87e7f86b,_probe_ecvs_deepseek_v4pro_visible_state_discriminator_v1_visiblecarry_vs_maturessrloop_18task_2method_3budget_1run,rolling_visible_carry_forward,8d9db20ce97efe30f85c852e25677be982049e6573365705fe9691ec9b104e37,a1ae2b5e72dcafc44203a2b2e13e8616419ab9ba563b673f74f398400d61f6a0,{},e83e5f36720943793cd894d750a4e149b87149e8afc1f3ba9f39379580fbad40,13,rolling_visible_identifier_carry_forward_v1_ecvs_safe_visible_only,rolling_visible_identifier_carry_forward_v1_ecvs_safe_visible_only,1,10,10,10,10,0,738e26e1c2c8589131be8e6f3ea99a6c52d913d8fe0a5f5bbfbf73071a93fd0f
_probe_ecvs_deepseek_v4pro_visible_state_discriminator_v1_visiblecarry_vs_maturessrloop_18task_2method_3budget_1run:deepseek_v4pro:rolling_visible_carry_forward:vstdp_v1_mid_13_alias_overwrite_chain:budget_300:run_1,deepseek_v4pro,vstdp_v1_mid_13_alias_overwrite_chain,diagnostic_controlled_transition,,alias_overwrite_chain,,rolling_visible_carry_forward,rolling_visible_carry_forward,300,1,2026-06-19T15:25:10.957946+00:00,2026-06-19T15:26:37.470776+00:00,2026-06-19T15:25:10.957981+00:00,2026-06-19T15:26:37.468331+00:00,34.279,3e55ca0d13b98e22312e2409149f678b77ec9aef1850bb20a2b4dd3b9ddb0b1a,ae9ee266ee137a1c2ff39f33da11bf1b348a53adf8f6711deea688206913b3b2,cff0bce020b88a9a2d3d196f5042a127e5ac1ea6714929d2bf3c0f4bcf5107e5,c81bc3394e770df17b75559786c035a8650b51fe0dfc536d0de4d2275cb6c044,7ca9c16e012a3ebc577ce275c0e68c88bbb9e570f0a5ba46d30d1596ecaafc85,4905317b5f200e6b35322340f5ad78407f9fc8d9c166cd24f83d024a4cc9d724,6d91b7db6f6ecc6962a654e449062c2870004adfc47062d2ad8b74376cc3dd38,6d91b7db6f6ecc6962a654e449062c2870004adfc47062d2ad8b74376cc3dd38,6d91b7db6f6ecc6962a654e449062c2870004adfc47062d2ad8b74376cc3dd38,58a0fd1ab882a25e3a96b570728797ccf9f00e62723ca54e10e593009e9c81ea,direct_provider,deepseek,https://api.deepseek.com,deepseek-v4-pro,https://api.deepseek.com/chat/completions,deepseek-v4-pro,c9da0642059ba98620f7a69e24a1751c9275e916fe3904876738153d2414e896,d36c4b8f2f74aa3f39fbb01515608acead4ab04a35165db758e06a0dcf01ffa9,d914cfc97d9b99822a2b1313c16850fd7be529b097eb356dc8e8e7408a7a00a8,explicit,0,4096,omitted,,omitted,,omitted,,omitted,,omitted,,omitted,,omitted,,omitted,,omitted,,False,thinking.type=disabled,ffe557f53c63f7d0f7e35f80c03f61d8b3548db9e4f51e8dda020b28a920d875,provider_not_exposed,provider_not_exposed,False,,False,False,False,disabled,,stop;stop;stop;stop;stop;stop;stop;stop;stop;stop;stop;stop;stop,stop;stop;stop;stop;stop;stop;stop;stop;stop;stop;stop;stop;stop,6831,1923,0,367,259,1,visible_carry_forward_compactor,,,,,,,,,,1,,1,[],"[""REQ_13_CSDYW3R"", ""LOCK_13_5JDJCR9"", ""SCOPE_13_NPE9E23"", ""CHECK_13_XLXEMLF"", ""ANCHOR_13_CN8Q7G3"", ""EDGE_13_Q9WE4Z4""]",1,"[""SCOPE_13_GUKQMDZ"", ""CHECK_13_QEU6TMF"", ""FRONTIER_13_ZK5QWAF"", ""MERGE_13_9C2JUSL""]",0,[],0,[],0,0,,clean,,9f04d7398c388166798474fef2eaa3d44927208341b50bd594031377618ec915,1fdf585d27a69975d8b837379544c6b5b303775af20d0ff59c8b6bb5731b0a7e,1508817286990a9a36e9669c6e15498ff876f1fcb3611297f56c8f174a49a42c,3da378079ee333846a67ea2d961a7574d19ca6c988f4ccb2c028393cb5a8b92a,1d83778af84ed58693ce8e542a41aba2f3b47d6c082d5bcd3992e208095bdbb1,released_raw_outputs/model_outputs/_probe_ecvs_deepseek_v4pro_visible_state_discriminator_v1_visiblecarry_vs_maturessrloop_18task_2method_3budget_1run/deepseek/rolling_visible_carry_forward__vstdp_v1_mid_13_alias_overwrite_chain__run_1__budget_300.jsonl,13,0e8de8d0077d6d5d18413219df62714a817abbdc8b76f4c013d6830c2df0a7dd,682b9a59240670de945d1d14c125faa9fbed7d6b35fe258d0b4c68ca6d22dbb9,a0a480c0dd2bb886160aa98ebbd508912f34dd2575586fce176bfb59419f52af,_probe_ecvs_deepseek_v4pro_visible_state_discriminator_v1_visiblecarry_vs_maturessrloop_18task_2method_3budget_1run,rolling_visible_carry_forward,8d9db20ce97efe30f85c852e25677be982049e6573365705fe9691ec9b104e37,a1ae2b5e72dcafc44203a2b2e13e8616419ab9ba563b673f74f398400d61f6a0,{},e83e5f36720943793cd894d750a4e149b87149e8afc1f3ba9f39379580fbad40,13,rolling_visible_identifier_carry_forward_v1_ecvs_safe_visible_only,rolling_visible_identifier_carry_forward_v1_ecvs_safe_visible_only,1,10,10,10,10,0,b745e98700208f6660b0822966f787096d0cc1178d57d3c85a731075f9ebcd4c
_probe_ecvs_deepseek_v4pro_visible_state_discriminator_v1_visiblecarry_vs_maturessrloop_18task_2method_3budget_1run:deepseek_v4pro:rolling_visible_carry_forward:vstdp_v1_mid_13_alias_overwrite_chain:budget_600:run_1,deepseek_v4pro,vstdp_v1_mid_13_alias_overwrite_chain,diagnostic_controlled_transition,,alias_overwrite_chain,,rolling_visible_carry_forward,rolling_visible_carry_forward,600,1,2026-06-19T15:25:10.958276+00:00,2026-06-19T15:26:04.794952+00:00,2026-06-19T15:25:10.958317+00:00,2026-06-19T15:26:04.793879+00:00,35.757,3e55ca0d13b98e22312e2409149f678b77ec9aef1850bb20a2b4dd3b9ddb0b1a,ae9ee266ee137a1c2ff39f33da11bf1b348a53adf8f6711deea688206913b3b2,cff0bce020b88a9a2d3d196f5042a127e5ac1ea6714929d2bf3c0f4bcf5107e5,c81bc3394e770df17b75559786c035a8650b51fe0dfc536d0de4d2275cb6c044,39e7820606738fde7d1dd487ccd7ada42d4f11b390ce652a4e2e248cb25332a2,4905317b5f200e6b35322340f5ad78407f9fc8d9c166cd24f83d024a4cc9d724,6d91b7db6f6ecc6962a654e449062c2870004adfc47062d2ad8b74376cc3dd38,6d91b7db6f6ecc6962a654e449062c2870004adfc47062d2ad8b74376cc3dd38,6d91b7db6f6ecc6962a654e449062c2870004adfc47062d2ad8b74376cc3dd38,58a0fd1ab882a25e3a96b570728797ccf9f00e62723ca54e10e593009e9c81ea,direct_provider,deepseek,https://api.deepseek.com,deepseek-v4-pro,https://api.deepseek.com/chat/completions,deepseek-v4-pro,c9da0642059ba98620f7a69e24a1751c9275e916fe3904876738153d2414e896,d36c4b8f2f74aa3f39fbb01515608acead4ab04a35165db758e06a0dcf01ffa9,d914cfc97d9b99822a2b1313c16850fd7be529b097eb356dc8e8e7408a7a00a8,explicit,0,4096,omitted,,omitted,,omitted,,omitted,,omitted,,omitted,,omitted,,omitted,,omitted,,False,thinking.type=disabled,ffe557f53c63f7d0f7e35f80c03f61d8b3548db9e4f51e8dda020b28a920d875,provider_not_exposed,provider_not_exposed,False,,False,False,False,disabled,,stop;stop;stop;stop;stop;stop;stop;stop;stop;stop;stop;stop;stop,stop;stop;stop;stop;stop;stop;stop;stop;stop;stop;stop;stop;stop,7419,2281,0,385,259,0,visible_carry_forward_compactor,,,,,,,,,,1,,1,[],"[""REQ_13_CSDYW3R"", ""LOCK_13_5JDJCR9"", ""SCOPE_13_NPE9E23"", ""CHECK_13_XLXEMLF"", ""ANCHOR_13_CN8Q7G3"", ""EDGE_13_Q9WE4Z4""]",1,"[""SCOPE_13_GUKQMDZ"", ""CHECK_13_QEU6TMF"", ""FRONTIER_13_ZK5QWAF"", ""MERGE_13_9C2JUSL""]",0,[],0,[],0,0,,clean,,1e2d540ea3b18b92c6a363c69a67a8a9f33a8e916d3189895de9ff2e6406f3e6,ad6a0335207436d93afa6bb00fe0e5c7f8504475ba5009a635cd552ab004d70e,94cb93db3cc58c51d17483971737a9fd7a7f703fc781912c1fefce3c4f42a6d8,6350d7cf8b464436f0884708c5644c2f6d1754364c3ceda14e6af808fea7b341,6b84c8e966ffe620e28f8775c2f33f3908c6455b7a26c333e22d11326d27789e,released_raw_outputs/model_outputs/_probe_ecvs_deepseek_v4pro_visible_state_discriminator_v1_visiblecarry_vs_maturessrloop_18task_2method_3budget_1run/deepseek/rolling_visible_carry_forward__vstdp_v1_mid_13_alias_overwrite_chain__run_1__budget_600.jsonl,13,2a5593c72415dcf17c4f57cc722b661cc6f5bf8b2de12f715ac7984798b42249,2169f97dc784c376d6378daa590a459356d73764838f2f10d7ce0f10695cdda5,da8e02300b38b2fbd19200d3391cdb4675e6eaf0f4c1c42a1febe05852851b90,_probe_ecvs_deepseek_v4pro_visible_state_discriminator_v1_visiblecarry_vs_maturessrloop_18task_2method_3budget_1run,rolling_visible_carry_forward,8d9db20ce97efe30f85c852e25677be982049e6573365705fe9691ec9b104e37,a1ae2b5e72dcafc44203a2b2e13e8616419ab9ba563b673f74f398400d61f6a0,{},e83e5f36720943793cd894d750a4e149b87149e8afc1f3ba9f39379580fbad40,13,rolling_visible_identifier_carry_forward_v1_ecvs_safe_visible_only,rolling_visible_identifier_carry_forward_v1_ecvs_safe_visible_only,1,10,10,10,10,0,b745e98700208f6660b0822966f787096d0cc1178d57d3c85a731075f9ebcd4c
_probe_ecvs_deepseek_v4pro_visible_state_discriminator_v1_visiblecarry_vs_maturessrloop_18task_2method_3budget_1run:deepseek_v4pro:rolling_visible_carry_forward:vstdp_v1_mid_14_pytest_nodeid_alias_retirement:budget_1200:run_1,deepseek_v4pro,vstdp_v1_mid_14_pytest_nodeid_alias_retirement,real_swe_style_controlled_transition,,pytest_nodeid_alias_retirement,,rolling_visible_carry_forward,rolling_visible_carry_forward,1200,1,2026-06-19T15:25:10.959782+00:00,2026-06-19T15:26:09.649356+00:00,2026-06-19T15:25:10.959817+00:00,2026-06-19T15:26:09.643942+00:00,41.6,3e55ca0d13b98e22312e2409149f678b77ec9aef1850bb20a2b4dd3b9ddb0b1a,26816a28dbd7085ac12f834bca0e7c71d213725eaa71902fbb31a31854bb3d28,cff0bce020b88a9a2d3d196f5042a127e5ac1ea6714929d2bf3c0f4bcf5107e5,c70e66c9b0005fbe6a57843456fa198fac246d5aa555b29955348647668112ee,b98a10fe6f5b4f584440ff7e622307bbed22056c71cb2e45c2dd967a396ff042,4905317b5f200e6b35322340f5ad78407f9fc8d9c166cd24f83d024a4cc9d724,6d91b7db6f6ecc6962a654e449062c2870004adfc47062d2ad8b74376cc3dd38,6d91b7db6f6ecc6962a654e449062c2870004adfc47062d2ad8b74376cc3dd38,6d91b7db6f6ecc6962a654e449062c2870004adfc47062d2ad8b74376cc3dd38,58a0fd1ab882a25e3a96b570728797ccf9f00e62723ca54e10e593009e9c81ea,direct_provider,deepseek,https://api.deepseek.com,deepseek-v4-pro,https://api.deepseek.com/chat/completions,deepseek-v4-pro,c9da0642059ba98620f7a69e24a1751c9275e916fe3904876738153d2414e896,d36c4b8f2f74aa3f39fbb01515608acead4ab04a35165db758e06a0dcf01ffa9,d914cfc97d9b99822a2b1313c16850fd7be529b097eb356dc8e8e7408a7a00a8,explicit,0,4096,omitted,,omitted,,omitted,,omitted,,omitted,,omitted,,omitted,,omitted,,omitted,,False,thinking.type=disabled,ffe557f53c63f7d0f7e35f80c03f61d8b3548db9e4f51e8dda020b28a920d875,provider_not_exposed,provider_not_exposed,False,,False,False,False,disabled,,stop;stop;stop;stop;stop;stop;stop;stop;stop;stop;stop;stop;stop,stop;stop;stop;stop;stop;stop;stop;stop;stop;stop;stop;stop;stop,8903,2881,0,743,1009,0,visible_carry_forward_compactor,,,,,,,,,,1,,1,[],"[""REQ_14_LSHSZG6"", ""LOCK_14_FRF3RAA"", ""SCOPE_14_757X5GR"", ""CHECK_14_ETP2XWF"", ""ANCHOR_14_P4RH4SB"", ""EDGE_14_5UURTGP""]",1,"[""SCOPE_14_C84UALZ"", ""CHECK_14_G82QN3Y"", ""FRONTIER_14_5KPF4EP""]",0,[],0,[],0,0,,clean,,765aba5a58a18b95eb755d88015ec4ce59497ab4036ecec9d8288d9bfbd3ffa1,e46bfed0ad91414bc0fa2a4f1cc020ffd36d4ea7f5fbdf9955d5e3ddd9a17ec7,1fe9636475800b31828c226fa3813855c7ee5a0f2e88a6eec6b4145018f30fec,d5c241e16cd748733ce77d6f7cdd9ff0c064067f16f9a99a7288ebe470f6a42c,2a86219f712d38326d13659cdb0780fec4075eca49425f87ea542b84900f4116,released_raw_outputs/model_outputs/_probe_ecvs_deepseek_v4pro_visible_state_discriminator_v1_visiblecarry_vs_maturessrloop_18task_2method_3budget_1run/deepseek/rolling_visible_carry_forward__vstdp_v1_mid_14_pytest_nodeid_alias_retirement__run_1__budget_1200.jsonl,13,ba40009edce07eebd8b5b10976e93d239dd5e6305fe0babd49e00b7f058cbc0b,f879db2b87014fe6bc3bc97d319fcf81f5238ae1976e7994c70653d950572b9a,d3393e3fb56129de7e59ccb5f9f05ca51d0c004f0a389b9a79e5ce49c6421c69,_probe_ecvs_deepseek_v4pro_visible_state_discriminator_v1_visiblecarry_vs_maturessrloop_18task_2method_3budget_1run,rolling_visible_carry_forward,8d9db20ce97efe30f85c852e25677be982049e6573365705fe9691ec9b104e37,6d1d11df7cf8cc386335c7700b2edf0a492f64780547369960ae743d548a6c39,{},e83e5f36720943793cd894d750a4e149b87149e8afc1f3ba9f39379580fbad40,13,rolling_visible_identifier_carry_forward_v1_ecvs_safe_visible_only,rolling_visible_identifier_carry_forward_v1_ecvs_safe_visible_only,1,10,10,10,10,0,486897a2d6d951312f4811936d026abc86f245eccfbe45a194d4dfce8b7d31f5
_probe_ecvs_deepseek_v4pro_visible_state_discriminator_v1_visiblecarry_vs_maturessrloop_18task_2method_3budget_1run:deepseek_v4pro:rolling_visible_carry_forward:vstdp_v1_mid_14_pytest_nodeid_alias_retirement:budget_300:run_1,deepseek_v4pro,vstdp_v1_mid_14_pytest_nodeid_alias_retirement,real_swe_style_controlled_transition,,pytest_nodeid_alias_retirement,,rolling_visible_carry_forward,rolling_visible_carry_forward,300,1,2026-06-19T15:25:10.959231+00:00,2026-06-19T15:25:58.576701+00:00,2026-06-19T15:25:10.959267+00:00,2026-06-19T15:25:58.572819+00:00,30.534,3e55ca0d13b98e22312e2409149f678b77ec9aef1850bb20a2b4dd3b9ddb0b1a,26816a28dbd7085ac12f834bca0e7c71d213725eaa71902fbb31a31854bb3d28,cff0bce020b88a9a2d3d196f5042a127e5ac1ea6714929d2bf3c0f4bcf5107e5,c70e66c9b0005fbe6a57843456fa198fac246d5aa555b29955348647668112ee,3e2ca29aa5a501cdff81c7d7827195d4755f4ad296ed339c7b1f6d1db70e1b26,4905317b5f200e6b35322340f5ad78407f9fc8d9c166cd24f83d024a4cc9d724,6d91b7db6f6ecc6962a654e449062c2870004adfc47062d2ad8b74376cc3dd38,6d91b7db6f6ecc6962a654e449062c2870004adfc47062d2ad8b74376cc3dd38,6d91b7db6f6ecc6962a654e449062c2870004adfc47062d2ad8b74376cc3dd38,58a0fd1ab882a25e3a96b570728797ccf9f00e62723ca54e10e593009e9c81ea,direct_provider,deepseek,https://api.deepseek.com,deepseek-v4-pro,https://api.deepseek.com/chat/completions,deepseek-v4-pro,c9da0642059ba98620f7a69e24a1751c9275e916fe3904876738153d2414e896,d36c4b8f2f74aa3f39fbb01515608acead4ab04a35165db758e06a0dcf01ffa9,d914cfc97d9b99822a2b1313c16850fd7be529b097eb356dc8e8e7408a7a00a8,explicit,0,4096,omitted,,omitted,,omitted,,omitted,,omitted,,omitted,,omitted,,omitted,,omitted,,False,thinking.type=disabled,ffe557f53c63f7d0f7e35f80c03f61d8b3548db9e4f51e8dda020b28a920d875,provider_not_exposed,provider_not_exposed,False,,False,False,False,disabled,,stop;stop;stop;stop;stop;stop;stop;stop;stop;stop;stop;stop;stop,stop;stop;stop;stop;stop;stop;stop;stop;stop;stop;stop;stop;stop,6832,1802,0,365,259,1,visible_carry_forward_compactor,,,,,,,,,,1,,1,[],"[""REQ_14_LSHSZG6"", ""LOCK_14_FRF3RAA"", ""SCOPE_14_757X5GR"", ""CHECK_14_ETP2XWF"", ""ANCHOR_14_P4RH4SB"", ""EDGE_14_5UURTGP""]",1,"[""SCOPE_14_C84UALZ"", ""CHECK_14_G82QN3Y"", ""FRONTIER_14_5KPF4EP"", ""MERGE_14_E8UGKKW""]",0,[],0,[],0,0,,clean,,86714a6e15d075bdc94713bff258b69cbb153b9776d7e4664eb096908b4eb75a,2fbbd7d99080922f3647f47b2c21dc9d7fd54d6c4653269163e43c4cac99fcba,26f9e44a8e8e04aef24e14b93401407fc229703adc8a6ec0192883623fab2fa3,6a0565bf6608d79acab5a8a2b2e45725b7739e6073b93b4873e36910280c57bc,260902798d5babf517794cf75aff59dc57d925703729353b0311960342948a1b,released_raw_outputs/model_outputs/_probe_ecvs_deepseek_v4pro_visible_state_discriminator_v1_visiblecarry_vs_maturessrloop_18task_2method_3budget_1run/deepseek/rolling_visible_carry_forward__vstdp_v1_mid_14_pytest_nodeid_alias_retirement__run_1__budget_300.jsonl,13,4a6f67be401554d3bed9e530ef393917110bdae1796dc8dc026bbfc042bde66a,b5129fbf94d104cdcc81e3d2de2c6ff6569f69f2c3323b479976ffa8815c5a8a,43849b89e2180361c78433f27d6f01c73827d1091706f21029048493c332c565,_probe_ecvs_deepseek_v4pro_visible_state_discriminator_v1_visiblecarry_vs_maturessrloop_18task_2method_3budget_1run,rolling_visible_carry_forward,8d9db20ce97efe30f85c852e25677be982049e6573365705fe9691ec9b104e37,6d1d11df7cf8cc386335c7700b2edf0a492f64780547369960ae743d548a6c39,{},e83e5f36720943793cd894d750a4e149b87149e8afc1f3ba9f39379580fbad40,13,rolling_visible_identifier_carry_forward_v1_ecvs_safe_visible_only,rolling_visible_identifier_carry_forward_v1_ecvs_safe_visible_only,1,10,10,10,10,0,d30395a2283bc61b4172054b62f8c2e48785d8c068c823632a1cfec46c697c5f
_probe_ecvs_deepseek_v4pro_visible_state_discriminator_v1_visiblecarry_vs_maturessrloop_18task_2method_3budget_1run:deepseek_v4pro:rolling_visible_carry_forward:vstdp_v1_mid_14_pytest_nodeid_alias_retirement:budget_600:run_1,deepseek_v4pro,vstdp_v1_mid_14_pytest_nodeid_alias_retirement,real_swe_style_controlled_transition,,pytest_nodeid_alias_retirement,,rolling_visible_carry_forward,rolling_visible_carry_forward,600,1,2026-06-19T15:25:10.959549+00:00,2026-06-19T15:26:36.357770+00:00,2026-06-19T15:25:28.095214+00:00,2026-06-19T15:26:36.356395+00:00,34.101,3e55ca0d13b98e22312e2409149f678b77ec9aef1850bb20a2b4dd3b9ddb0b1a,26816a28dbd7085ac12f834bca0e7c71d213725eaa71902fbb31a31854bb3d28,cff0bce020b88a9a2d3d196f5042a127e5ac1ea6714929d2bf3c0f4bcf5107e5,c70e66c9b0005fbe6a57843456fa198fac246d5aa555b29955348647668112ee,cbda24abe6e1f0cccbc00b3a56d6423a2967a2bf5975e0659eccdd471b6dd522,4905317b5f200e6b35322340f5ad78407f9fc8d9c166cd24f83d024a4cc9d724,6d91b7db6f6ecc6962a654e449062c2870004adfc47062d2ad8b74376cc3dd38,6d91b7db6f6ecc6962a654e449062c2870004adfc47062d2ad8b74376cc3dd38,6d91b7db6f6ecc6962a654e449062c2870004adfc47062d2ad8b74376cc3dd38,58a0fd1ab882a25e3a96b570728797ccf9f00e62723ca54e10e593009e9c81ea,direct_provider,deepseek,https://api.deepseek.com,deepseek-v4-pro,https://api.deepseek.com/chat/completions,deepseek-v4-pro,c9da0642059ba98620f7a69e24a1751c9275e916fe3904876738153d2414e896,d36c4b8f2f74aa3f39fbb01515608acead4ab04a35165db758e06a0dcf01ffa9,d914cfc97d9b99822a2b1313c16850fd7be529b097eb356dc8e8e7408a7a00a8,explicit,0,4096,omitted,,omitted,,omitted,,omitted,,omitted,,omitted,,omitted,,omitted,,omitted,,False,thinking.type=disabled,ffe557f53c63f7d0f7e35f80c03f61d8b3548db9e4f51e8dda020b28a920d875,provider_not_exposed,provider_not_exposed,False,,False,False,False,disabled,,stop;stop;stop;stop;stop;stop;stop;stop;stop;stop;stop;stop;stop,stop;stop;stop;stop;stop;stop;stop;stop;stop;stop;stop;stop;stop,7501,2104,0,504,259,0,visible_carry_forward_compactor,,,,,,,,,,1,,1,[],"[""REQ_14_LSHSZG6"", ""LOCK_14_FRF3RAA"", ""SCOPE_14_757X5GR"", ""CHECK_14_ETP2XWF"", ""ANCHOR_14_P4RH4SB"", ""EDGE_14_5UURTGP""]",1,"[""SCOPE_14_C84UALZ"", ""CHECK_14_G82QN3Y"", ""FRONTIER_14_5KPF4EP"", ""MERGE_14_E8UGKKW""]",0,[],0,[],0,0,,clean,,ea333c5e4bedfa51a98107bb7ba1ceec595461ed2eafc79b1a4cd13362713e80,c2a64cdf5000c977e7b68403563d8ba84dadbf4eb8797022f5591acd716c928b,3886f814f98e05ef497a99587585dd052b48b4eebfd2fcae056ac6b1f96356d5,16fdd4a638c2565a1d06ed80eb5b2504b94f319a21203ae00b19b79add2cb195,85afc768f241278fa0bb563e64afe0b9c1953f709e0bf412fb9caf7bfde270d7,released_raw_outputs/model_outputs/_probe_ecvs_deepseek_v4pro_visible_state_discriminator_v1_visiblecarry_vs_maturessrloop_18task_2method_3budget_1run/deepseek/rolling_visible_carry_forward__vstdp_v1_mid_14_pytest_nodeid_alias_retirement__run_1__budget_600.jsonl,13,60499ed7b1b1e9d9caa2c6c3207b8c57664168044378bd5815dbeb79cb6c22f6,fb8d7a668aa011fb3021eaf57b8eeb9423db9888597a839c1a30f9572dcf705f,74e4e78906610e29fce071ea06e2b9be177bd8aa5a14373c808cd730f1f3324a,_probe_ecvs_deepseek_v4pro_visible_state_discriminator_v1_visiblecarry_vs_maturessrloop_18task_2method_3budget_1run,rolling_visible_carry_forward,8d9db20ce97efe30f85c852e25677be982049e6573365705fe9691ec9b104e37,6d1d11df7cf8cc386335c7700b2edf0a492f64780547369960ae743d548a6c39,{},e83e5f36720943793cd894d750a4e149b87149e8afc1f3ba9f39379580fbad40,13,rolling_visible_identifier_carry_forward_v1_ecvs_safe_visible_only,rolling_visible_identifier_carry_forward_v1_ecvs_safe_visible_only,1,10,10,10,10,0,d30395a2283bc61b4172054b62f8c2e48785d8c068c823632a1cfec46c697c5f
_probe_ecvs_deepseek_v4pro_visible_state_discriminator_v1_visiblecarry_vs_maturessrloop_18task_2method_3budget_1run:deepseek_v4pro:rolling_visible_carry_forward:vstdp_v1_mid_15_schema_migration_gate:budget_1200:run_1,deepseek_v4pro,vstdp_v1_mid_15_schema_migration_gate,semi_real_controlled_transition,,schema_migration_gate,,rolling_visible_carry_forward,rolling_visible_carry_forward,1200,1,2026-06-19T15:25:10.962120+00:00,2026-06-19T15:26:29.254051+00:00,2026-06-19T15:25:10.962168+00:00,2026-06-19T15:26:29.251270+00:00,44.139,3e55ca0d13b98e22312e2409149f678b77ec9aef1850bb20a2b4dd3b9ddb0b1a,0cf5e42092815ea380fd6b18f21c87c15ffa76fb42f10b53f965e9050e993bcf,cff0bce020b88a9a2d3d196f5042a127e5ac1ea6714929d2bf3c0f4bcf5107e5,5d451df97e6ab2c57e18ab3720e2cb4b6ef0058f54e5307e2ac46832a50a6211,926effc71194271dfff48ab22573b2b2f832d30efb0e126ffdf4d21fce93703b,4905317b5f200e6b35322340f5ad78407f9fc8d9c166cd24f83d024a4cc9d724,6d91b7db6f6ecc6962a654e449062c2870004adfc47062d2ad8b74376cc3dd38,6d91b7db6f6ecc6962a654e449062c2870004adfc47062d2ad8b74376cc3dd38,6d91b7db6f6ecc6962a654e449062c2870004adfc47062d2ad8b74376cc3dd38,58a0fd1ab882a25e3a96b570728797ccf9f00e62723ca54e10e593009e9c81ea,direct_provider,deepseek,https://api.deepseek.com,deepseek-v4-pro,https://api.deepseek.com/chat/completions,deepseek-v4-pro,c9da0642059ba98620f7a69e24a1751c9275e916fe3904876738153d2414e896,d36c4b8f2f74aa3f39fbb01515608acead4ab04a35165db758e06a0dcf01ffa9,d914cfc97d9b99822a2b1313c16850fd7be529b097eb356dc8e8e7408a7a00a8,explicit,0,4096,omitted,,omitted,,omitted,,omitted,,omitted,,omitted,,omitted,,omitted,,omitted,,False,thinking.type=disabled,ffe557f53c63f7d0f7e35f80c03f61d8b3548db9e4f51e8dda020b28a920d875,provider_not_exposed,provider_not_exposed,False,,False,False,False,disabled,,stop;stop;stop;stop;stop;stop;stop;stop;stop;stop;stop;stop,stop;stop;stop;stop;stop;stop;stop;stop;stop;stop;stop;stop,8713,2885,0,843,1021,0,visible_carry_forward_compactor,,,,,,,,,,1,,1,[],"[""REQ_15_PXBH5QM"", ""LOCK_15_2XVZECF"", ""SCOPE_15_X94C2UP"", ""CHECK_15_W5D77YF"", ""ANCHOR_15_D7BYSK6"", ""EDGE_15_WVJGTB8""]",0,[],0,[],0,[],1,0,,clean,,164aab05b81105a7f88599509a5d0e32d8b54d18cc9036d5c0e06f416b879aa1,d79346a80001491ca04d3ff38eac95fcce19a5a57ad56cd1478803b39dc160c8,32d0b73855d3f972687eef39b8d51c68e6dbee5b3463cac440f0244d4f853ada,eb4f5d7959484d8b629cc68026cbc46b55404978b802fd97e1da733125a7cfb2,6f990123dbeb9ccfd84fde19be5e5b87a6b39ffe61dec116a6c563d1e5d8dfd8,released_raw_outputs/model_outputs/_probe_ecvs_deepseek_v4pro_visible_state_discriminator_v1_visiblecarry_vs_maturessrloop_18task_2method_3budget_1run/deepseek/rolling_visible_carry_forward__vstdp_v1_mid_15_schema_migration_gate__run_1__budget_1200.jsonl,12,d7b4ebaf1ee334bb18cbef5bbf3bee9486a566537c567312cd07cbcd38e97dc4,5f40416d2e9d27b2e663c9952bc23bfc098b71e8c2c98c7cfc8222281b47968f,0303ddc39c489a991412c280ba8714bbdadaaeb7492a66aa44331327bf3c8be5,_probe_ecvs_deepseek_v4pro_visible_state_discriminator_v1_visiblecarry_vs_maturessrloop_18task_2method_3budget_1run,rolling_visible_carry_forward,8d9db20ce97efe30f85c852e25677be982049e6573365705fe9691ec9b104e37,867526cbf96c151398d11da4676660684df40203baa4e80fe66b97722fbc3060,{},e83e5f36720943793cd894d750a4e149b87149e8afc1f3ba9f39379580fbad40,12,rolling_visible_identifier_carry_forward_v1_ecvs_safe_visible_only,rolling_visible_identifier_carry_forward_v1_ecvs_safe_visible_only,1,10,10,10,10,0,072ab392d41e2828a16497db81a79cbb68f6efa8e20dc7aeeb22b920859f7b9c
_probe_ecvs_deepseek_v4pro_visible_state_discriminator_v1_visiblecarry_vs_maturessrloop_18task_2method_3budget_1run:deepseek_v4pro:rolling_visible_carry_forward:vstdp_v1_mid_15_schema_migration_gate:budget_300:run_1,deepseek_v4pro,vstdp_v1_mid_15_schema_migration_gate,semi_real_controlled_transition,,schema_migration_gate,,rolling_visible_carry_forward,rolling_visible_carry_forward,300,1,2026-06-19T15:25:10.961203+00:00,2026-06-19T15:25:40.800114+00:00,2026-06-19T15:25:10.961241+00:00,2026-06-19T15:25:40.798859+00:00,29.829,3e55ca0d13b98e22312e2409149f678b77ec9aef1850bb20a2b4dd3b9ddb0b1a,0cf5e42092815ea380fd6b18f21c87c15ffa76fb42f10b53f965e9050e993bcf,cff0bce020b88a9a2d3d196f5042a127e5ac1ea6714929d2bf3c0f4bcf5107e5,5d451df97e6ab2c57e18ab3720e2cb4b6ef0058f54e5307e2ac46832a50a6211,1b69f8e22605c0ef8be12a68a3cfe7851164faa39dfa8fed5e2054f407e37158,4905317b5f200e6b35322340f5ad78407f9fc8d9c166cd24f83d024a4cc9d724,6d91b7db6f6ecc6962a654e449062c2870004adfc47062d2ad8b74376cc3dd38,6d91b7db6f6ecc6962a654e449062c2870004adfc47062d2ad8b74376cc3dd38,6d91b7db6f6ecc6962a654e449062c2870004adfc47062d2ad8b74376cc3dd38,58a0fd1ab882a25e3a96b570728797ccf9f00e62723ca54e10e593009e9c81ea,direct_provider,deepseek,https://api.deepseek.com,deepseek-v4-pro,https://api.deepseek.com/chat/completions,deepseek-v4-pro,c9da0642059ba98620f7a69e24a1751c9275e916fe3904876738153d2414e896,d36c4b8f2f74aa3f39fbb01515608acead4ab04a35165db758e06a0dcf01ffa9,d914cfc97d9b99822a2b1313c16850fd7be529b097eb356dc8e8e7408a7a00a8,explicit,0,4096,omitted,,omitted,,omitted,,omitted,,omitted,,omitted,,omitted,,omitted,,omitted,,False,thinking.type=disabled,ffe557f53c63f7d0f7e35f80c03f61d8b3548db9e4f51e8dda020b28a920d875,provider_not_exposed,provider_not_exposed,False,,False,False,False,disabled,,stop;stop;stop;stop;stop;stop;stop;stop;stop;stop;stop;stop,stop;stop;stop;stop;stop;stop;stop;stop;stop;stop;stop;stop,6269,1602,0,385,259,1,visible_carry_forward_compactor,,,,,,,,,,1,,1,[],"[""REQ_15_PXBH5QM"", ""LOCK_15_2XVZECF"", ""SCOPE_15_X94C2UP"", ""CHECK_15_W5D77YF"", ""ANCHOR_15_D7BYSK6"", ""EDGE_15_WVJGTB8""]",1,"[""SCOPE_15_TXPTRZD"", ""CHECK_15_EZZT9KP"", ""FRONTIER_15_SSL7ZZ5"", ""MERGE_15_SE45XKE""]",0,[],0,[],0,0,,clean,,46a35561cf09bdfe1b3d6bc38e3e1aef5bd653989b1f6f3a2704900052161c55,48232bcc6326530f8b4b2a5d83734db0311f44c961e52b3e5637c34724d7bc7b,8e89b827625cccd5ad512183749ea7fbf0e84391b464edcc074350ca491653a7,52aed9fbb35250fd6bf8a8e237824e998fd71cd3a8d9779a1515f303aea11960,ebf6879c3ab4f8bb673ab7c1423918c6cadec44c4f95b44af2a40e8e0bb028bc,released_raw_outputs/model_outputs/_probe_ecvs_deepseek_v4pro_visible_state_discriminator_v1_visiblecarry_vs_maturessrloop_18task_2method_3budget_1run/deepseek/rolling_visible_carry_forward__vstdp_v1_mid_15_schema_migration_gate__run_1__budget_300.jsonl,12,cf3a615d331f1032b550dbc2febad432335cf696b113d9e82506b9b963ede8ac,40b97fa52f8623a3294c62acfd5b4bb228ed9273181d038444cc7e281f9cd5b0,51c51e2638666a60cf05c9bcb28efc40c5cd452dbddd16ef357a126bf3b4ab68,_probe_ecvs_deepseek_v4pro_visible_state_discriminator_v1_visiblecarry_vs_maturessrloop_18task_2method_3budget_1run,rolling_visible_carry_forward,8d9db20ce97efe30f85c852e25677be982049e6573365705fe9691ec9b104e37,867526cbf96c151398d11da4676660684df40203baa4e80fe66b97722fbc3060,{},e83e5f36720943793cd894d750a4e149b87149e8afc1f3ba9f39379580fbad40,12,rolling_visible_identifier_carry_forward_v1_ecvs_safe_visible_only,rolling_visible_identifier_carry_forward_v1_ecvs_safe_visible_only,1,10,10,10,10,0,815f50ac518a257162aff8e85d61279ad8fa896ddfbd4e93e17ce750fbe6a654
_probe_ecvs_deepseek_v4pro_visible_state_discriminator_v1_visiblecarry_vs_maturessrloop_18task_2method_3budget_1run:deepseek_v4pro:rolling_visible_carry_forward:vstdp_v1_mid_15_schema_migration_gate:budget_600:run_1,deepseek_v4pro,vstdp_v1_mid_15_schema_migration_gate,semi_real_controlled_transition,,schema_migration_gate,,rolling_visible_carry_forward,rolling_visible_carry_forward,600,1,2026-06-19T15:25:10.961616+00:00,2026-06-19T15:25:59.034910+00:00,2026-06-19T15:25:10.961652+00:00,2026-06-19T15:25:59.033995+00:00,30.995,3e55ca0d13b98e22312e2409149f678b77ec9aef1850bb20a2b4dd3b9ddb0b1a,0cf5e42092815ea380fd6b18f21c87c15ffa76fb42f10b53f965e9050e993bcf,cff0bce020b88a9a2d3d196f5042a127e5ac1ea6714929d2bf3c0f4bcf5107e5,5d451df97e6ab2c57e18ab3720e2cb4b6ef0058f54e5307e2ac46832a50a6211,8da254dc16cf9d94d9ed43959051e388638734c86243c712abe471a23a22190b,4905317b5f200e6b35322340f5ad78407f9fc8d9c166cd24f83d024a4cc9d724,6d91b7db6f6ecc6962a654e449062c2870004adfc47062d2ad8b74376cc3dd38,6d91b7db6f6ecc6962a654e449062c2870004adfc47062d2ad8b74376cc3dd38,6d91b7db6f6ecc6962a654e449062c2870004adfc47062d2ad8b74376cc3dd38,58a0fd1ab882a25e3a96b570728797ccf9f00e62723ca54e10e593009e9c81ea,direct_provider,deepseek,https://api.deepseek.com,deepseek-v4-pro,https://api.deepseek.com/chat/completions,deepseek-v4-pro,c9da0642059ba98620f7a69e24a1751c9275e916fe3904876738153d2414e896,d36c4b8f2f74aa3f39fbb01515608acead4ab04a35165db758e06a0dcf01ffa9,d914cfc97d9b99822a2b1313c16850fd7be529b097eb356dc8e8e7408a7a00a8,explicit,0,4096,omitted,,omitted,,omitted,,omitted,,omitted,,omitted,,omitted,,omitted,,omitted,,False,thinking.type=disabled,ffe557f53c63f7d0f7e35f80c03f61d8b3548db9e4f51e8dda020b28a920d875,provider_not_exposed,provider_not_exposed,False,,False,False,False,disabled,,stop;stop;stop;stop;stop;stop;stop;stop;stop;stop;stop;stop,stop;stop;stop;stop;stop;stop;stop;stop;stop;stop;stop;stop,6818,1965,0,388,259,0,visible_carry_forward_compactor,,,,,,,,,,1,,1,[],"[""REQ_15_PXBH5QM"", ""LOCK_15_2XVZECF"", ""SCOPE_15_X94C2UP"", ""CHECK_15_W5D77YF"", ""ANCHOR_15_D7BYSK6"", ""EDGE_15_WVJGTB8""]",1,"[""SCOPE_15_TXPTRZD"", ""CHECK_15_EZZT9KP"", ""FRONTIER_15_SSL7ZZ5"", ""MERGE_15_SE45XKE""]",0,[],0,[],0,0,,clean,,fe499c889193ca36b2ec652b6c501f78d04411742129e744d0ebada3a8c709be,2a3484fed7dc03aa4445804ca1bfa512c9e267be20a33716d588f9c019341420,26041159c0be5407ec76b0fc64c8392171d42f3c08578763c937aa5dd4fd2bae,04df0765be65f427ac3741b6a154dfd84f7e7a24db7defb315e566cd13b1ea77,2c118e14f8cd1cdf9afdf437995f9526549ae7ee28ed7c77a528e973b1b2e75b,released_raw_outputs/model_outputs/_probe_ecvs_deepseek_v4pro_visible_state_discriminator_v1_visiblecarry_vs_maturessrloop_18task_2method_3budget_1run/deepseek/rolling_visible_carry_forward__vstdp_v1_mid_15_schema_migration_gate__run_1__budget_600.jsonl,12,f12bc0551a7a0636b15d0561a57d827dadbb87f02bf21df54f932c92754f0e4b,17659984dadea5ca4f88aa3a3b638818e4a25ca03620ce783cb8621d12255f79,c27572c381c766356ae9c1525356a569a00e2967b6169f2255dac30baa0c1471,_probe_ecvs_deepseek_v4pro_visible_state_discriminator_v1_visiblecarry_vs_maturessrloop_18task_2method_3budget_1run,rolling_visible_carry_forward,8d9db20ce97efe30f85c852e25677be982049e6573365705fe9691ec9b104e37,867526cbf96c151398d11da4676660684df40203baa4e80fe66b97722fbc3060,{},e83e5f36720943793cd894d750a4e149b87149e8afc1f3ba9f39379580fbad40,12,rolling_visible_identifier_carry_forward_v1_ecvs_safe_visible_only,rolling_visible_identifier_carry_forward_v1_ecvs_safe_visible_only,1,10,10,10,10,0,815f50ac518a257162aff8e85d61279ad8fa896ddfbd4e93e17ce750fbe6a654
_probe_ecvs_deepseek_v4pro_visible_state_discriminator_v1_visiblecarry_vs_maturessrloop_18task_2method_3budget_1run:deepseek_v4pro:rolling_visible_carry_forward:vstdp_v1_mid_16_telemetry_field_retirement:budget_1200:run_1,deepseek_v4pro,vstdp_v1_mid_16_telemetry_field_retirement,semi_real_controlled_transition,,telemetry_field_retirement,,rolling_visible_carry_forward,rolling_visible_carry_forward,1200,1,2026-06-19T15:25:10.963715+00:00,2026-06-19T15:26:13.352941+00:00,2026-06-19T15:25:10.963776+00:00,2026-06-19T15:26:13.351712+00:00,45.306,3e55ca0d13b98e22312e2409149f678b77ec9aef1850bb20a2b4dd3b9ddb0b1a,422262e023b765eed90bf66a0bde9e64aceacbaa7d8f3459190b65fb832aaab5,cff0bce020b88a9a2d3d196f5042a127e5ac1ea6714929d2bf3c0f4bcf5107e5,c9881824aa9fb68b12db2016ec4d6519368f0bde4748168846da820e539a0d3c,f90cf55dd69fbb50f3a4cf47fe444822e15e918048c32adbc930abb4e114b31a,4905317b5f200e6b35322340f5ad78407f9fc8d9c166cd24f83d024a4cc9d724,6d91b7db6f6ecc6962a654e449062c2870004adfc47062d2ad8b74376cc3dd38,6d91b7db6f6ecc6962a654e449062c2870004adfc47062d2ad8b74376cc3dd38,6d91b7db6f6ecc6962a654e449062c2870004adfc47062d2ad8b74376cc3dd38,58a0fd1ab882a25e3a96b570728797ccf9f00e62723ca54e10e593009e9c81ea,direct_provider,deepseek,https://api.deepseek.com,deepseek-v4-pro,https://api.deepseek.com/chat/completions,deepseek-v4-pro,c9da0642059ba98620f7a69e24a1751c9275e916fe3904876738153d2414e896,d36c4b8f2f74aa3f39fbb01515608acead4ab04a35165db758e06a0dcf01ffa9,d914cfc97d9b99822a2b1313c16850fd7be529b097eb356dc8e8e7408a7a00a8,explicit,0,4096,omitted,,omitted,,omitted,,omitted,,omitted,,omitted,,omitted,,omitted,,omitted,,False,thinking.type=disabled,ffe557f53c63f7d0f7e35f80c03f61d8b3548db9e4f51e8dda020b28a920d875,provider_not_exposed,provider_not_exposed,False,,False,False,False,disabled,,stop;stop;stop;stop;stop;stop;stop;stop;stop;stop;stop;stop;stop,stop;stop;stop;stop;stop;stop;stop;stop;stop;stop;stop;stop;stop,8739,2724,0,722,988,0,visible_carry_forward_compactor,,,,,,,,,,1,,1,[],"[""REQ_16_CLBNFNA"", ""LOCK_16_YWDDB8Z"", ""SCOPE_16_L7RELRR"", ""CHECK_16_NHC44U7"", ""ANCHOR_16_YZR6RU7"", ""EDGE_16_G97EHRY""]",1,"[""SCOPE_16_J8ADYQU"", ""CHECK_16_72UR4SV"", ""FRONTIER_16_JAL5ZQW""]",0,[],0,[],0,0,,clean,,cfe7df6c02c30d905652c994a2f9043036d50ef8fff30ebb2e51ed0ab5420dc3,576be426df4a2b73e91b92c7f0e83dafd381a3075a548d516c798a4216569bfa,24481e70046c505053facf21581f3cdf4a0f0e8cb09021a03733d8b49319298e,9a9dd8c46307beb2dc4c32419d64a669a78e9c7c66bc93fbede7125ce504a911,e840d0a7a7ea2926b3b8412ec671f61e8efb298f3f819df00399cb92f945bea8,released_raw_outputs/model_outputs/_probe_ecvs_deepseek_v4pro_visible_state_discriminator_v1_visiblecarry_vs_maturessrloop_18task_2method_3budget_1run/deepseek/rolling_visible_carry_forward__vstdp_v1_mid_16_telemetry_field_retirement__run_1__budget_1200.jsonl,13,ef816160e41a7463c7e33bb3ab52aceb0aa57ce229a8ea27f86c449d21733f79,b420442d74fc48e11c0e0d5726b9de174b791445a7f35bd5362e1a9232a07c31,3daa8257aa53b05a5a29e531476b1107ec9c775c898005b07900c80980f08d01,_probe_ecvs_deepseek_v4pro_visible_state_discriminator_v1_visiblecarry_vs_maturessrloop_18task_2method_3budget_1run,rolling_visible_carry_forward,8d9db20ce97efe30f85c852e25677be982049e6573365705fe9691ec9b104e37,d08ffab6c6e54707bb8e233c11c9d3b5c6a93b1b883613093f0a321e82364d9e,{},e83e5f36720943793cd894d750a4e149b87149e8afc1f3ba9f39379580fbad40,13,rolling_visible_identifier_carry_forward_v1_ecvs_safe_visible_only,rolling_visible_identifier_carry_forward_v1_ecvs_safe_visible_only,1,10,10,10,10,0,c34f1663fa97beeb58d035e488b532d392708bb1a22798fb97801be32248ed35
_probe_ecvs_deepseek_v4pro_visible_state_discriminator_v1_visiblecarry_vs_maturessrloop_18task_2method_3budget_1run:deepseek_v4pro:rolling_visible_carry_forward:vstdp_v1_mid_16_telemetry_field_retirement:budget_300:run_1,deepseek_v4pro,vstdp_v1_mid_16_telemetry_field_retirement,semi_real_controlled_transition,,telemetry_field_retirement,,rolling_visible_carry_forward,rolling_visible_carry_forward,300,1,2026-06-19T15:25:10.962429+00:00,2026-06-19T15:26:02.160296+00:00,2026-06-19T15:25:28.124038+00:00,2026-06-19T15:26:02.159243+00:00,34.027,3e55ca0d13b98e22312e2409149f678b77ec9aef1850bb20a2b4dd3b9ddb0b1a,422262e023b765eed90bf66a0bde9e64aceacbaa7d8f3459190b65fb832aaab5,cff0bce020b88a9a2d3d196f5042a127e5ac1ea6714929d2bf3c0f4bcf5107e5,c9881824aa9fb68b12db2016ec4d6519368f0bde4748168846da820e539a0d3c,873d72f70f958340ad1924c5ac2fee3a3811bc6606670bfa430048fe9e1ba943,4905317b5f200e6b35322340f5ad78407f9fc8d9c166cd24f83d024a4cc9d724,6d91b7db6f6ecc6962a654e449062c2870004adfc47062d2ad8b74376cc3dd38,6d91b7db6f6ecc6962a654e449062c2870004adfc47062d2ad8b74376cc3dd38,6d91b7db6f6ecc6962a654e449062c2870004adfc47062d2ad8b74376cc3dd38,58a0fd1ab882a25e3a96b570728797ccf9f00e62723ca54e10e593009e9c81ea,direct_provider,deepseek,https://api.deepseek.com,deepseek-v4-pro,https://api.deepseek.com/chat/completions,deepseek-v4-pro,c9da0642059ba98620f7a69e24a1751c9275e916fe3904876738153d2414e896,d36c4b8f2f74aa3f39fbb01515608acead4ab04a35165db758e06a0dcf01ffa9,d914cfc97d9b99822a2b1313c16850fd7be529b097eb356dc8e8e7408a7a00a8,explicit,0,4096,omitted,,omitted,,omitted,,omitted,,omitted,,omitted,,omitted,,omitted,,omitted,,False,thinking.type=disabled,ffe557f53c63f7d0f7e35f80c03f61d8b3548db9e4f51e8dda020b28a920d875,provider_not_exposed,provider_not_exposed,False,,False,False,False,disabled,,stop;stop;stop;stop;stop;stop;stop;stop;stop;stop;stop;stop;stop,stop;stop;stop;stop;stop;stop;stop;stop;stop;stop;stop;stop;stop,6773,1753,0,361,259,1,visible_carry_forward_compactor,,,,,,,,,,1,,1,[],"[""REQ_16_CLBNFNA"", ""LOCK_16_YWDDB8Z"", ""SCOPE_16_L7RELRR"", ""CHECK_16_NHC44U7"", ""ANCHOR_16_YZR6RU7"", ""EDGE_16_G97EHRY""]",1,"[""SCOPE_16_J8ADYQU"", ""CHECK_16_72UR4SV"", ""FRONTIER_16_JAL5ZQW"", ""MERGE_16_HCLSSHN""]",0,[],0,[],0,0,,clean,,71050e70213ee6c770f82b2b15494ef24c5a771bd31c9a6561b6347595da6961,662065c629613a14ba9ff7b2a6235f27d2ee62b69575b7484027e2202bc00010,60bbc8c5587d845eeb63445c0e0ec4209a23d07742a55bd9168aa86de594ce14,dc92e392d92f32f715015d8dccb36e6b13281796335901c16fec2a71e9f8b40c,549055558b9a3e5ed7a796c6ab6393dd351455b7b8bf71c512dc6a0e5d7db166,released_raw_outputs/model_outputs/_probe_ecvs_deepseek_v4pro_visible_state_discriminator_v1_visiblecarry_vs_maturessrloop_18task_2method_3budget_1run/deepseek/rolling_visible_carry_forward__vstdp_v1_mid_16_telemetry_field_retirement__run_1__budget_300.jsonl,13,40699d619fbf712ecdfd5c02da8d5c91a105dc5341d76579414c8bca0bfb1324,917b0119cd72d564c82cca65042768630ebb90e4ef261a7ab0f428c30642c11b,890c553c2bbb8435e16bbf89f61684d36dc3869b1ae5357bcbbc8f9f3b9093e9,_probe_ecvs_deepseek_v4pro_visible_state_discriminator_v1_visiblecarry_vs_maturessrloop_18task_2method_3budget_1run,rolling_visible_carry_forward,8d9db20ce97efe30f85c852e25677be982049e6573365705fe9691ec9b104e37,d08ffab6c6e54707bb8e233c11c9d3b5c6a93b1b883613093f0a321e82364d9e,{},e83e5f36720943793cd894d750a4e149b87149e8afc1f3ba9f39379580fbad40,13,rolling_visible_identifier_carry_forward_v1_ecvs_safe_visible_only,rolling_visible_identifier_carry_forward_v1_ecvs_safe_visible_only,1,10,10,10,10,0,d4538611e731a4e09bfaebdb70f2e73ac1dcc76060d0990a77841c6fc4923c9f
_probe_ecvs_deepseek_v4pro_visible_state_discriminator_v1_visiblecarry_vs_maturessrloop_18task_2method_3budget_1run:deepseek_v4pro:rolling_visible_carry_forward:vstdp_v1_mid_16_telemetry_field_retirement:budget_600:run_1,deepseek_v4pro,vstdp_v1_mid_16_telemetry_field_retirement,semi_real_controlled_transition,,telemetry_field_retirement,,rolling_visible_carry_forward,rolling_visible_carry_forward,600,1,2026-06-19T15:25:10.962660+00:00,2026-06-19T15:25:46.649897+00:00,2026-06-19T15:25:10.962690+00:00,2026-06-19T15:25:46.648816+00:00,35.676,3e55ca0d13b98e22312e2409149f678b77ec9aef1850bb20a2b4dd3b9ddb0b1a,422262e023b765eed90bf66a0bde9e64aceacbaa7d8f3459190b65fb832aaab5,cff0bce020b88a9a2d3d196f5042a127e5ac1ea6714929d2bf3c0f4bcf5107e5,c9881824aa9fb68b12db2016ec4d6519368f0bde4748168846da820e539a0d3c,15df172dfb65917460a922a3e1456d48b61f0bec7e00550dbd4ea91150519b1d,4905317b5f200e6b35322340f5ad78407f9fc8d9c166cd24f83d024a4cc9d724,6d91b7db6f6ecc6962a654e449062c2870004adfc47062d2ad8b74376cc3dd38,6d91b7db6f6ecc6962a654e449062c2870004adfc47062d2ad8b74376cc3dd38,6d91b7db6f6ecc6962a654e449062c2870004adfc47062d2ad8b74376cc3dd38,58a0fd1ab882a25e3a96b570728797ccf9f00e62723ca54e10e593009e9c81ea,direct_provider,deepseek,https://api.deepseek.com,deepseek-v4-pro,https://api.deepseek.com/chat/completions,deepseek-v4-pro,c9da0642059ba98620f7a69e24a1751c9275e916fe3904876738153d2414e896,d36c4b8f2f74aa3f39fbb01515608acead4ab04a35165db758e06a0dcf01ffa9,d914cfc97d9b99822a2b1313c16850fd7be529b097eb356dc8e8e7408a7a00a8,explicit,0,4096,omitted,,omitted,,omitted,,omitted,,omitted,,omitted,,omitted,,omitted,,omitted,,False,thinking.type=disabled,ffe557f53c63f7d0f7e35f80c03f61d8b3548db9e4f51e8dda020b28a920d875,provider_not_exposed,provider_not_exposed,False,,False,False,False,disabled,,stop;stop;stop;stop;stop;stop;stop;stop;stop;stop;stop;stop;stop,stop;stop;stop;stop;stop;stop;stop;stop;stop;stop;stop;stop;stop,7589,2219,0,365,587,0,visible_carry_forward_compactor,,,,,,,,,,1,,1,[],"[""REQ_16_CLBNFNA"", ""LOCK_16_YWDDB8Z"", ""SCOPE_16_L7RELRR"", ""CHECK_16_NHC44U7"", ""ANCHOR_16_YZR6RU7"", ""EDGE_16_G97EHRY""]",1,"[""SCOPE_16_J8ADYQU"", ""CHECK_16_72UR4SV"", ""FRONTIER_16_JAL5ZQW"", ""MERGE_16_HCLSSHN""]",0,[],0,[],0,0,,clean,,68dad454e0eb009190e594a0e4ff148759c29b11b991f6758c23223109a2a4d7,25a521d03a89893e901f75a873877af063c9dbfedd04cfada49acb166ac5c0a1,bdb1216e91111b0b0c1fc97e26c6e4682d4b173c5cc9e6922f5b5c5cc802126a,b9327141d4bbf53cf28440ce69bd762b91626e1591c2782465058751964c2805,c539ce7e2906c3065322ec1f489c2cbb9c1c775b8f69639c6eba7632e077eb33,released_raw_outputs/model_outputs/_probe_ecvs_deepseek_v4pro_visible_state_discriminator_v1_visiblecarry_vs_maturessrloop_18task_2method_3budget_1run/deepseek/rolling_visible_carry_forward__vstdp_v1_mid_16_telemetry_field_retirement__run_1__budget_600.jsonl,13,8e2638eb1b6d9d566a882b0abf1673feeeab42d97f7092d1e909228bd32fcf8e,7314b0625e6ba00101f16dbda6356478507f46edd895b695f5774b9e1f612be6,82bd271525340a5a8577d300d0242217e91a410e44b7acd321d95c135f0054b1,_probe_ecvs_deepseek_v4pro_visible_state_discriminator_v1_visiblecarry_vs_maturessrloop_18task_2method_3budget_1run,rolling_visible_carry_forward,8d9db20ce97efe30f85c852e25677be982049e6573365705fe9691ec9b104e37,d08ffab6c6e54707bb8e233c11c9d3b5c6a93b1b883613093f0a321e82364d9e,{},e83e5f36720943793cd894d750a4e149b87149e8afc1f3ba9f39379580fbad40,13,rolling_visible_identifier_carry_forward_v1_ecvs_safe_visible_only,rolling_visible_identifier_carry_forward_v1_ecvs_safe_visible_only,1,10,10,10,10,0,43c728cb938564cef5965cee35c87dcd92c7dcc2ce58629ac69726b976800038
_probe_ecvs_deepseek_v4pro_visible_state_discriminator_v1_visiblecarry_vs_maturessrloop_18task_2method_3budget_1run:deepseek_v4pro:rolling_visible_carry_forward:vstdp_v1_mid_17_route_precedence_shift:budget_1200:run_1,deepseek_v4pro,vstdp_v1_mid_17_route_precedence_shift,semi_real_controlled_transition,,route_precedence_shift,,rolling_visible_carry_forward,rolling_visible_carry_forward,1200,1,2026-06-19T15:25:10.965145+00:00,2026-06-19T15:26:40.975947+00:00,2026-06-19T15:25:10.965194+00:00,2026-06-19T15:26:40.972625+00:00,37.798,3e55ca0d13b98e22312e2409149f678b77ec9aef1850bb20a2b4dd3b9ddb0b1a,e8bfec4819e8e87e9fc1cd96b88e88e35b70223deed5c2bc5229da78de67fad0,cff0bce020b88a9a2d3d196f5042a127e5ac1ea6714929d2bf3c0f4bcf5107e5,98302907cfaaf17e09e5868a8211fb0c67a2b38517ca1be6593583a8d6af3956,ba45242eecd65ad43a16ade98972b463b4a6eb1b5fccf21e7681c945fb1b832d,4905317b5f200e6b35322340f5ad78407f9fc8d9c166cd24f83d024a4cc9d724,6d91b7db6f6ecc6962a654e449062c2870004adfc47062d2ad8b74376cc3dd38,6d91b7db6f6ecc6962a654e449062c2870004adfc47062d2ad8b74376cc3dd38,6d91b7db6f6ecc6962a654e449062c2870004adfc47062d2ad8b74376cc3dd38,58a0fd1ab882a25e3a96b570728797ccf9f00e62723ca54e10e593009e9c81ea,direct_provider,deepseek,https://api.deepseek.com,deepseek-v4-pro,https://api.deepseek.com/chat/completions,deepseek-v4-pro,c9da0642059ba98620f7a69e24a1751c9275e916fe3904876738153d2414e896,d36c4b8f2f74aa3f39fbb01515608acead4ab04a35165db758e06a0dcf01ffa9,d914cfc97d9b99822a2b1313c16850fd7be529b097eb356dc8e8e7408a7a00a8,explicit,0,4096,omitted,,omitted,,omitted,,omitted,,omitted,,omitted,,omitted,,omitted,,omitted,,False,thinking.type=disabled,ffe557f53c63f7d0f7e35f80c03f61d8b3548db9e4f51e8dda020b28a920d875,provider_not_exposed,provider_not_exposed,False,,False,False,False,disabled,,stop;stop;stop;stop;stop;stop;stop;stop;stop;stop;stop;stop,stop;stop;stop;stop;stop;stop;stop;stop;stop;stop;stop;stop,7960,2506,0,663,889,0,visible_carry_forward_compactor,,,,,,,,,,1,,0,"[""EDGE_17_NUAWT2Y""]","[""REQ_17_WKAM28V"", ""LOCK_17_AZJUYSW"", ""SCOPE_17_6CDYDBN"", ""CHECK_17_BK2AMDH"", ""ANCHOR_17_SNFZU2S"", ""FRONTIER_17_KH4WEMK""]",1,"[""SCOPE_17_VLUSLNP"", ""CHECK_17_FKFVVMD"", ""FRONTIER_17_Z7QYMQW"", ""MERGE_17_G4R6L65""]",0,[],0,[],0,0,,clean,,8863d20e49269d951bb3ae6f56bd5cebdaa4c54e9086de1746dc977a5f84038c,b32251e66d65a82c327c906464a38bff686d0494671e049b966596c0faf41038,56c2217363f80906bdb142122f12585b9ed0f5596fbf0191235f624e8397de61,d3340f85cbb0573699d64386c749935220e791d2a42a9ca00209f919ed90e1b2,413d9aebf1d92781cf5515b3c82e02fc62238ee023662cdff3f169057a284f7a,released_raw_outputs/model_outputs/_probe_ecvs_deepseek_v4pro_visible_state_discriminator_v1_visiblecarry_vs_maturessrloop_18task_2method_3budget_1run/deepseek/rolling_visible_carry_forward__vstdp_v1_mid_17_route_precedence_shift__run_1__budget_1200.jsonl,12,e3702de2a8c066b89f80d21119ce4243e89b7940dcfe70a8f6d24172647efa09,5fdd6a1d6967a653a9df7cfaa2d2fbb93308e3197783f55d6fe1ec5f15ec845e,9d4974636d4b5c042bb794c017e6d9f5da35aa9d84629cee5ad31e17accc357b,_probe_ecvs_deepseek_v4pro_visible_state_discriminator_v1_visiblecarry_vs_maturessrloop_18task_2method_3budget_1run,rolling_visible_carry_forward,8d9db20ce97efe30f85c852e25677be982049e6573365705fe9691ec9b104e37,d4deafc3c73bb45a629d6b5707b1281b731bd1e4fd995d6162620c538ff479cc,{},e83e5f36720943793cd894d750a4e149b87149e8afc1f3ba9f39379580fbad40,12,rolling_visible_identifier_carry_forward_v1_ecvs_safe_visible_only,rolling_visible_identifier_carry_forward_v1_ecvs_safe_visible_only,1,10,10,10,10,0,af0490d174c189d26b9c1b1af020644529f66f3a94e5a5b97df78114c8690751
_probe_ecvs_deepseek_v4pro_visible_state_discriminator_v1_visiblecarry_vs_maturessrloop_18task_2method_3budget_1run:deepseek_v4pro:rolling_visible_carry_forward:vstdp_v1_mid_17_route_precedence_shift:budget_300:run_1,deepseek_v4pro,vstdp_v1_mid_17_route_precedence_shift,semi_real_controlled_transition,,route_precedence_shift,,rolling_visible_carry_forward,rolling_visible_carry_forward,300,1,2026-06-19T15:25:10.964585+00:00,2026-06-19T15:25:57.320163+00:00,2026-06-19T15:25:10.964623+00:00,2026-06-19T15:25:57.319026+00:00,29.276,3e55ca0d13b98e22312e2409149f678b77ec9aef1850bb20a2b4dd3b9ddb0b1a,e8bfec4819e8e87e9fc1cd96b88e88e35b70223deed5c2bc5229da78de67fad0,cff0bce020b88a9a2d3d196f5042a127e5ac1ea6714929d2bf3c0f4bcf5107e5,98302907cfaaf17e09e5868a8211fb0c67a2b38517ca1be6593583a8d6af3956,d6ab38ac64b591909bf599721919ff5709b20d3d095f433608b8811ed0add816,4905317b5f200e6b35322340f5ad78407f9fc8d9c166cd24f83d024a4cc9d724,6d91b7db6f6ecc6962a654e449062c2870004adfc47062d2ad8b74376cc3dd38,6d91b7db6f6ecc6962a654e449062c2870004adfc47062d2ad8b74376cc3dd38,6d91b7db6f6ecc6962a654e449062c2870004adfc47062d2ad8b74376cc3dd38,58a0fd1ab882a25e3a96b570728797ccf9f00e62723ca54e10e593009e9c81ea,direct_provider,deepseek,https://api.deepseek.com,deepseek-v4-pro,https://api.deepseek.com/chat/completions,deepseek-v4-pro,c9da0642059ba98620f7a69e24a1751c9275e916fe3904876738153d2414e896,d36c4b8f2f74aa3f39fbb01515608acead4ab04a35165db758e06a0dcf01ffa9,d914cfc97d9b99822a2b1313c16850fd7be529b097eb356dc8e8e7408a7a00a8,explicit,0,4096,omitted,,omitted,,omitted,,omitted,,omitted,,omitted,,omitted,,omitted,,omitted,,False,thinking.type=disabled,ffe557f53c63f7d0f7e35f80c03f61d8b3548db9e4f51e8dda020b28a920d875,provider_not_exposed,provider_not_exposed,False,,False,False,False,disabled,,stop;stop;stop;stop;stop;stop;stop;stop;stop;stop;stop;stop,stop;stop;stop;stop;stop;stop;stop;stop;stop;stop;stop;stop,6263,1616,0,380,263,1,visible_carry_forward_compactor,,,,,,,,,,1,,0,"[""EDGE_17_NUAWT2Y""]","[""REQ_17_WKAM28V"", ""LOCK_17_AZJUYSW"", ""SCOPE_17_6CDYDBN"", ""CHECK_17_BK2AMDH"", ""ANCHOR_17_SNFZU2S"", ""FRONTIER_17_KH4WEMK""]",1,"[""SCOPE_17_VLUSLNP"", ""CHECK_17_FKFVVMD"", ""FRONTIER_17_Z7QYMQW"", ""MERGE_17_G4R6L65""]",0,[],0,[],0,0,,clean,,be4a9ebd094b3ce93608254cf5325a527c17511b90fc3e263b06ea53a14e5c70,1cab29d27a92a922ebdd3097550758f33bbfa7d089b462afda038d02dd11cc15,75aade4df98ea7df848ec283323ebafefba62ac2c60013f09c74c69ca7021019,c59bcf5bb5f556577a37938004d24a1bee5acc5f33a6f56a53d5a716ad30722c,519992c167a86786d8ba6714b08db5a4632abe138df74e7066cda02814758471,released_raw_outputs/model_outputs/_probe_ecvs_deepseek_v4pro_visible_state_discriminator_v1_visiblecarry_vs_maturessrloop_18task_2method_3budget_1run/deepseek/rolling_visible_carry_forward__vstdp_v1_mid_17_route_precedence_shift__run_1__budget_300.jsonl,12,1004879cf71f7094b87d40d6a0fe89058d593ea0194d34593745de2869db094e,bd72695f25d01f98882fff56648ef9c2d2b542bffe30a2ac52061e6498600ce0,ca16dc095ac7a993d8ad63c7dbd38be34ffcf2f55aefa7291f0fd6dc7eeaffdb,_probe_ecvs_deepseek_v4pro_visible_state_discriminator_v1_visiblecarry_vs_maturessrloop_18task_2method_3budget_1run,rolling_visible_carry_forward,8d9db20ce97efe30f85c852e25677be982049e6573365705fe9691ec9b104e37,d4deafc3c73bb45a629d6b5707b1281b731bd1e4fd995d6162620c538ff479cc,{},e83e5f36720943793cd894d750a4e149b87149e8afc1f3ba9f39379580fbad40,12,rolling_visible_identifier_carry_forward_v1_ecvs_safe_visible_only,rolling_visible_identifier_carry_forward_v1_ecvs_safe_visible_only,1,10,10,10,10,0,e098232c0988d25b279c2fa4052ce6802d626acfa695f07d054ae704c498b211
_probe_ecvs_deepseek_v4pro_visible_state_discriminator_v1_visiblecarry_vs_maturessrloop_18task_2method_3budget_1run:deepseek_v4pro:rolling_visible_carry_forward:vstdp_v1_mid_17_route_precedence_shift:budget_600:run_1,deepseek_v4pro,vstdp_v1_mid_17_route_precedence_shift,semi_real_controlled_transition,,route_precedence_shift,,rolling_visible_carry_forward,rolling_visible_carry_forward,600,1,2026-06-19T15:25:10.964834+00:00,2026-06-19T15:25:44.915000+00:00,2026-06-19T15:25:10.964861+00:00,2026-06-19T15:25:44.913950+00:00,33.941,3e55ca0d13b98e22312e2409149f678b77ec9aef1850bb20a2b4dd3b9ddb0b1a,e8bfec4819e8e87e9fc1cd96b88e88e35b70223deed5c2bc5229da78de67fad0,cff0bce020b88a9a2d3d196f5042a127e5ac1ea6714929d2bf3c0f4bcf5107e5,98302907cfaaf17e09e5868a8211fb0c67a2b38517ca1be6593583a8d6af3956,41d2ea326c59517e5e17e5470ca3d951b2c24dc1347d54142b6ca5cb7264e1b7,4905317b5f200e6b35322340f5ad78407f9fc8d9c166cd24f83d024a4cc9d724,6d91b7db6f6ecc6962a654e449062c2870004adfc47062d2ad8b74376cc3dd38,6d91b7db6f6ecc6962a654e449062c2870004adfc47062d2ad8b74376cc3dd38,6d91b7db6f6ecc6962a654e449062c2870004adfc47062d2ad8b74376cc3dd38,58a0fd1ab882a25e3a96b570728797ccf9f00e62723ca54e10e593009e9c81ea,direct_provider,deepseek,https://api.deepseek.com,deepseek-v4-pro,https://api.deepseek.com/chat/completions,deepseek-v4-pro,c9da0642059ba98620f7a69e24a1751c9275e916fe3904876738153d2414e896,d36c4b8f2f74aa3f39fbb01515608acead4ab04a35165db758e06a0dcf01ffa9,d914cfc97d9b99822a2b1313c16850fd7be529b097eb356dc8e8e7408a7a00a8,explicit,0,4096,omitted,,omitted,,omitted,,omitted,,omitted,,omitted,,omitted,,omitted,,omitted,,False,thinking.type=disabled,ffe557f53c63f7d0f7e35f80c03f61d8b3548db9e4f51e8dda020b28a920d875,provider_not_exposed,provider_not_exposed,False,,False,False,False,disabled,,stop;stop;stop;stop;stop;stop;stop;stop;stop;stop;stop;stop,stop;stop;stop;stop;stop;stop;stop;stop;stop;stop;stop;stop,6803,1876,0,387,263,0,visible_carry_forward_compactor,,,,,,,,,,1,,0,"[""EDGE_17_NUAWT2Y""]","[""REQ_17_WKAM28V"", ""LOCK_17_AZJUYSW"", ""SCOPE_17_6CDYDBN"", ""CHECK_17_BK2AMDH"", ""ANCHOR_17_SNFZU2S"", ""FRONTIER_17_KH4WEMK""]",1,"[""SCOPE_17_VLUSLNP"", ""CHECK_17_FKFVVMD"", ""FRONTIER_17_Z7QYMQW"", ""MERGE_17_G4R6L65""]",0,[],0,[],0,0,,clean,,bd81f291b9da723953646775e1cdd24a8e2c0654e3e08ea1ef99636af56ba071,ddf0b38968aba38c1720cb82a4005b4e417dca087ca0990918908a43bd2fcd5a,10f498a495c05a6da75ee277ad13ea94c326e0a8617384bbb8b0eba98a0e200c,897ede7151292f00b029851f56b56d830bf3733e0b51282ad1c3995cac84b297,7fb440a14e0bd3e7d8ca554fdbca6fe1bdccb0deb349df5534aebaf909ac7551,released_raw_outputs/model_outputs/_probe_ecvs_deepseek_v4pro_visible_state_discriminator_v1_visiblecarry_vs_maturessrloop_18task_2method_3budget_1run/deepseek/rolling_visible_carry_forward__vstdp_v1_mid_17_route_precedence_shift__run_1__budget_600.jsonl,12,cde2082f41255ddeadcd69791a9b02a611e115e95872a1bb3528c097c6ff99f2,cf547d925fe29050d903485352024e17337a4131737eb0b18a30ddf2b8c75ada,93f4ec7b8ab53f815b3ffba44e9a5a63f1cafcac683cd72b590df6c6ba524e3d,_probe_ecvs_deepseek_v4pro_visible_state_discriminator_v1_visiblecarry_vs_maturessrloop_18task_2method_3budget_1run,rolling_visible_carry_forward,8d9db20ce97efe30f85c852e25677be982049e6573365705fe9691ec9b104e37,d4deafc3c73bb45a629d6b5707b1281b731bd1e4fd995d6162620c538ff479cc,{},e83e5f36720943793cd894d750a4e149b87149e8afc1f3ba9f39379580fbad40,12,rolling_visible_identifier_carry_forward_v1_ecvs_safe_visible_only,rolling_visible_identifier_carry_forward_v1_ecvs_safe_visible_only,1,10,10,10,10,0,e098232c0988d25b279c2fa4052ce6802d626acfa695f07d054ae704c498b211
_probe_ecvs_deepseek_v4pro_visible_state_discriminator_v1_visiblecarry_vs_maturessrloop_18task_2method_3budget_1run:deepseek_v4pro:rolling_visible_carry_forward:vstdp_v1_mid_18_pandas_timezone_schema_update:budget_1200:run_1,deepseek_v4pro,vstdp_v1_mid_18_pandas_timezone_schema_update,real_swe_style_controlled_transition,,pandas_timezone_schema_update,,rolling_visible_carry_forward,rolling_visible_carry_forward,1200,1,2026-06-19T15:25:44.191222+00:00,2026-06-19T15:26:24.444188+00:00,2026-06-19T15:25:44.191318+00:00,2026-06-19T15:26:24.443140+00:00,40.241,3e55ca0d13b98e22312e2409149f678b77ec9aef1850bb20a2b4dd3b9ddb0b1a,073c206cce5208fbacebdf448859ec83acc7f4065882210a7e97586d1cb255bb,cff0bce020b88a9a2d3d196f5042a127e5ac1ea6714929d2bf3c0f4bcf5107e5,6ab036b077e880880b66226c2b6b940dd59a8237843d67edbcc929617b2172a2,c3823dc251037eafc138695239601790a25089f034f7ddd39e2daeddbd7581a7,4905317b5f200e6b35322340f5ad78407f9fc8d9c166cd24f83d024a4cc9d724,6d91b7db6f6ecc6962a654e449062c2870004adfc47062d2ad8b74376cc3dd38,6d91b7db6f6ecc6962a654e449062c2870004adfc47062d2ad8b74376cc3dd38,6d91b7db6f6ecc6962a654e449062c2870004adfc47062d2ad8b74376cc3dd38,58a0fd1ab882a25e3a96b570728797ccf9f00e62723ca54e10e593009e9c81ea,direct_provider,deepseek,https://api.deepseek.com,deepseek-v4-pro,https://api.deepseek.com/chat/completions,deepseek-v4-pro,c9da0642059ba98620f7a69e24a1751c9275e916fe3904876738153d2414e896,d36c4b8f2f74aa3f39fbb01515608acead4ab04a35165db758e06a0dcf01ffa9,d914cfc97d9b99822a2b1313c16850fd7be529b097eb356dc8e8e7408a7a00a8,explicit,0,4096,omitted,,omitted,,omitted,,omitted,,omitted,,omitted,,omitted,,omitted,,omitted,,False,thinking.type=disabled,ffe557f53c63f7d0f7e35f80c03f61d8b3548db9e4f51e8dda020b28a920d875,provider_not_exposed,provider_not_exposed,False,,False,False,False,disabled,,stop;stop;stop;stop;stop;stop;stop;stop;stop;stop;stop;stop,stop;stop;stop;stop;stop;stop;stop;stop;stop;stop;stop;stop,8467,2638,0,950,1176,0,visible_carry_forward_compactor,,,,,,,,,,1,,0,"[""EDGE_18_25D2UL3""]","[""REQ_18_P3K6GEX"", ""LOCK_18_LKM9XNA"", ""SCOPE_18_P4D94L4"", ""CHECK_18_DBCGHX3"", ""ANCHOR_18_RTY29M7"", ""FRONTIER_18_5WCAN8Y""]",1,"[""SCOPE_18_SA9TQY3"", ""CHECK_18_JE2YPDY"", ""FRONTIER_18_B5JYACS"", ""MERGE_18_TSQEWME""]",0,[],0,[],0,0,,clean,,91f9e0e38e6e7e6f530774f97a4a17824ace4152667f6c56ababc19364c46e39,591f941bc1ee63c5991d29faaac26da26f8e92c7ff4bef8379076f7ab6d25131,8b1130ce549747715ccef908497a2c157d0fc3f7f621a1381c98e81a8c1d8711,f152b6276df75247f7bda30122f4ac87ba0b829e611a66f701c9d8da3205f2bc,78d576b82ab89e1ea6c0a879787133c9ae1ebed064ecf7bfe6e14885d606b169,released_raw_outputs/model_outputs/_probe_ecvs_deepseek_v4pro_visible_state_discriminator_v1_visiblecarry_vs_maturessrloop_18task_2method_3budget_1run/deepseek/rolling_visible_carry_forward__vstdp_v1_mid_18_pandas_timezone_schema_update__run_1__budget_1200.jsonl,12,14ad89240f14bd98c99060859347fb270199b601d0ca03a4cf6e7129a0db6d38,7c26c5ee5f1cafc305d470f8f3c6abed212321de6203e7fa195c4be260a85544,cb55616daddd6abe7dc0f3e0724c94e01ebf0edaa97f63cc10ffd5370328cbd0,_probe_ecvs_deepseek_v4pro_visible_state_discriminator_v1_visiblecarry_vs_maturessrloop_18task_2method_3budget_1run,rolling_visible_carry_forward,8d9db20ce97efe30f85c852e25677be982049e6573365705fe9691ec9b104e37,d70de73a9252a2de014d4c6d03395ffb6f8b1a007e5c8c6c155674dd088792d6,{},e83e5f36720943793cd894d750a4e149b87149e8afc1f3ba9f39379580fbad40,12,rolling_visible_identifier_carry_forward_v1_ecvs_safe_visible_only,rolling_visible_identifier_carry_forward_v1_ecvs_safe_visible_only,1,10,10,10,10,0,63040984a651f8868edc7da4a91fd0616164aa021841a8ff5db0f45c96c1bcba
_probe_ecvs_deepseek_v4pro_visible_state_discriminator_v1_visiblecarry_vs_maturessrloop_18task_2method_3budget_1run:deepseek_v4pro:rolling_visible_carry_forward:vstdp_v1_mid_18_pandas_timezone_schema_update:budget_300:run_1,deepseek_v4pro,vstdp_v1_mid_18_pandas_timezone_schema_update,real_swe_style_controlled_transition,,pandas_timezone_schema_update,,rolling_visible_carry_forward,rolling_visible_carry_forward,300,1,2026-06-19T15:25:43.340512+00:00,2026-06-19T15:26:16.411731+00:00,2026-06-19T15:25:43.340568+00:00,2026-06-19T15:26:16.410649+00:00,33.062,3e55ca0d13b98e22312e2409149f678b77ec9aef1850bb20a2b4dd3b9ddb0b1a,073c206cce5208fbacebdf448859ec83acc7f4065882210a7e97586d1cb255bb,cff0bce020b88a9a2d3d196f5042a127e5ac1ea6714929d2bf3c0f4bcf5107e5,6ab036b077e880880b66226c2b6b940dd59a8237843d67edbcc929617b2172a2,1999888dae8f6ab50833ce8fce1cc63c973cd61da052fb63977e7aa28eb478e7,4905317b5f200e6b35322340f5ad78407f9fc8d9c166cd24f83d024a4cc9d724,6d91b7db6f6ecc6962a654e449062c2870004adfc47062d2ad8b74376cc3dd38,6d91b7db6f6ecc6962a654e449062c2870004adfc47062d2ad8b74376cc3dd38,6d91b7db6f6ecc6962a654e449062c2870004adfc47062d2ad8b74376cc3dd38,58a0fd1ab882a25e3a96b570728797ccf9f00e62723ca54e10e593009e9c81ea,direct_provider,deepseek,https://api.deepseek.com,deepseek-v4-pro,https://api.deepseek.com/chat/completions,deepseek-v4-pro,c9da0642059ba98620f7a69e24a1751c9275e916fe3904876738153d2414e896,d36c4b8f2f74aa3f39fbb01515608acead4ab04a35165db758e06a0dcf01ffa9,d914cfc97d9b99822a2b1313c16850fd7be529b097eb356dc8e8e7408a7a00a8,explicit,0,4096,omitted,,omitted,,omitted,,omitted,,omitted,,omitted,,omitted,,omitted,,omitted,,False,thinking.type=disabled,ffe557f53c63f7d0f7e35f80c03f61d8b3548db9e4f51e8dda020b28a920d875,provider_not_exposed,provider_not_exposed,False,,False,False,False,disabled,,stop;stop;stop;stop;stop;stop;stop;stop;stop;stop;stop;stop,stop;stop;stop;stop;stop;stop;stop;stop;stop;stop;stop;stop,6328,1780,0,365,263,1,visible_carry_forward_compactor,,,,,,,,,,1,,0,"[""EDGE_18_25D2UL3""]","[""REQ_18_P3K6GEX"", ""LOCK_18_LKM9XNA"", ""SCOPE_18_P4D94L4"", ""CHECK_18_DBCGHX3"", ""ANCHOR_18_RTY29M7"", ""FRONTIER_18_5WCAN8Y""]",1,"[""SCOPE_18_SA9TQY3"", ""CHECK_18_JE2YPDY"", ""FRONTIER_18_B5JYACS"", ""MERGE_18_TSQEWME""]",0,[],0,[],0,0,,clean,,8791960dc97efb295a76903a42f0d35baa4523c2809017e1d8fe1a1311789d20,7319809c06fc34c373bbd0d570da910443db8b1fb267fdc6b68600c6939387f9,760561a97561dc6dc18483e39b9474bb531e39280e11c1eac790f154e0bcad7c,051f1f774766ed26b9f6965333e4521d090e98a857c19e933050b61ea9b31c35,c70094e6fdbcfcace83dd5da31b96401029975db41f268c03277df9c9ecc4b81,released_raw_outputs/model_outputs/_probe_ecvs_deepseek_v4pro_visible_state_discriminator_v1_visiblecarry_vs_maturessrloop_18task_2method_3budget_1run/deepseek/rolling_visible_carry_forward__vstdp_v1_mid_18_pandas_timezone_schema_update__run_1__budget_300.jsonl,12,184a8fbcea72f7987d00328ec5bcb2b929c2b4ee9f7e929fecb48f8b55f67858,6262a38d212249ef9763bee13c8746963c7f5edcd65240f2490cce75dcd69012,bd78c94f640c6e47605a1310760d06fc47d61200837a42e2c8168652f9281083,_probe_ecvs_deepseek_v4pro_visible_state_discriminator_v1_visiblecarry_vs_maturessrloop_18task_2method_3budget_1run,rolling_visible_carry_forward,8d9db20ce97efe30f85c852e25677be982049e6573365705fe9691ec9b104e37,d70de73a9252a2de014d4c6d03395ffb6f8b1a007e5c8c6c155674dd088792d6,{},e83e5f36720943793cd894d750a4e149b87149e8afc1f3ba9f39379580fbad40,12,rolling_visible_identifier_carry_forward_v1_ecvs_safe_visible_only,rolling_visible_identifier_carry_forward_v1_ecvs_safe_visible_only,1,10,10,10,10,0,dd9e583cb963cf6369551eab1f8481225fc099271f1ba9cbddeaef4893fb96eb
_probe_ecvs_deepseek_v4pro_visible_state_discriminator_v1_visiblecarry_vs_maturessrloop_18task_2method_3budget_1run:deepseek_v4pro:rolling_visible_carry_forward:vstdp_v1_mid_18_pandas_timezone_schema_update:budget_600:run_1,deepseek_v4pro,vstdp_v1_mid_18_pandas_timezone_schema_update,real_swe_style_controlled_transition,,pandas_timezone_schema_update,,rolling_visible_carry_forward,rolling_visible_carry_forward,600,1,2026-06-19T15:25:43.546474+00:00,2026-06-19T15:26:37.153420+00:00,2026-06-19T15:25:43.546541+00:00,2026-06-19T15:26:37.151225+00:00,35.528,3e55ca0d13b98e22312e2409149f678b77ec9aef1850bb20a2b4dd3b9ddb0b1a,073c206cce5208fbacebdf448859ec83acc7f4065882210a7e97586d1cb255bb,cff0bce020b88a9a2d3d196f5042a127e5ac1ea6714929d2bf3c0f4bcf5107e5,6ab036b077e880880b66226c2b6b940dd59a8237843d67edbcc929617b2172a2,1ea762f5feff5401d5aceef4a97f189c748cb9304756dfae567833ef83cb2ef0,4905317b5f200e6b35322340f5ad78407f9fc8d9c166cd24f83d024a4cc9d724,6d91b7db6f6ecc6962a654e449062c2870004adfc47062d2ad8b74376cc3dd38,6d91b7db6f6ecc6962a654e449062c2870004adfc47062d2ad8b74376cc3dd38,6d91b7db6f6ecc6962a654e449062c2870004adfc47062d2ad8b74376cc3dd38,58a0fd1ab882a25e3a96b570728797ccf9f00e62723ca54e10e593009e9c81ea,direct_provider,deepseek,https://api.deepseek.com,deepseek-v4-pro,https://api.deepseek.com/chat/completions,deepseek-v4-pro,c9da0642059ba98620f7a69e24a1751c9275e916fe3904876738153d2414e896,d36c4b8f2f74aa3f39fbb01515608acead4ab04a35165db758e06a0dcf01ffa9,d914cfc97d9b99822a2b1313c16850fd7be529b097eb356dc8e8e7408a7a00a8,explicit,0,4096,omitted,,omitted,,omitted,,omitted,,omitted,,omitted,,omitted,,omitted,,omitted,,False,thinking.type=disabled,ffe557f53c63f7d0f7e35f80c03f61d8b3548db9e4f51e8dda020b28a920d875,provider_not_exposed,provider_not_exposed,False,,False,False,False,disabled,,stop;stop;stop;stop;stop;stop;stop;stop;stop;stop;stop;stop,stop;stop;stop;stop;stop;stop;stop;stop;stop;stop;stop;stop,6879,2127,0,395,263,0,visible_carry_forward_compactor,,,,,,,,,,1,,0,"[""EDGE_18_25D2UL3""]","[""REQ_18_P3K6GEX"", ""LOCK_18_LKM9XNA"", ""SCOPE_18_P4D94L4"", ""CHECK_18_DBCGHX3"", ""ANCHOR_18_RTY29M7"", ""FRONTIER_18_5WCAN8Y""]",1,"[""SCOPE_18_SA9TQY3"", ""CHECK_18_JE2YPDY"", ""FRONTIER_18_B5JYACS"", ""MERGE_18_TSQEWME""]",0,[],0,[],0,0,,clean,,158675c827ee9a451415c2b27ba17ca07103468ebfa261cdf72997e4afdbf17f,b9ba4027a75c5ed7934c969e589c0e84d6619169470e875986aebaa8aca3b673,84b9a5f7df5f62cf9f6db71dbb8225d637fa6e0781307f7dc5f13cc1f1c3cf1a,f15262db73a2d2e98891329e9381d9a0274205f5bfe5bbc6a6d688566a28249b,eff3bc6e0db8184d693e0acc8270ef54cfe18c2d4e0c8dcd32225094572916ac,released_raw_outputs/model_outputs/_probe_ecvs_deepseek_v4pro_visible_state_discriminator_v1_visiblecarry_vs_maturessrloop_18task_2method_3budget_1run/deepseek/rolling_visible_carry_forward__vstdp_v1_mid_18_pandas_timezone_schema_update__run_1__budget_600.jsonl,12,e6f2948e6d7b272d7e1b4ed216a04963401e5ab715562ca81f608f688d4ab9c0,4bb55cd95b40e02ab1d38782092a31e31d28689a94d86e9fa5d09a12edf42cac,5a9333c11f66dfe82e6356e54d9c13d2f189238421b7267d6fd2203065996b2d,_probe_ecvs_deepseek_v4pro_visible_state_discriminator_v1_visiblecarry_vs_maturessrloop_18task_2method_3budget_1run,rolling_visible_carry_forward,8d9db20ce97efe30f85c852e25677be982049e6573365705fe9691ec9b104e37,d70de73a9252a2de014d4c6d03395ffb6f8b1a007e5c8c6c155674dd088792d6,{},e83e5f36720943793cd894d750a4e149b87149e8afc1f3ba9f39379580fbad40,12,rolling_visible_identifier_carry_forward_v1_ecvs_safe_visible_only,rolling_visible_identifier_carry_forward_v1_ecvs_safe_visible_only,1,10,10,10,10,0,dd9e583cb963cf6369551eab1f8481225fc099271f1ba9cbddeaef4893fb96eb
