global_artifact_id,condition_id,task_id,source_type,difficulty_tier,task_family,selection_group,method,method_label,state_budget,run_index,run_started_at_utc,run_finished_at_utc,request_started_at_utc,request_finished_at_utc,latency_seconds,task_manifest_sha256,task_entry_sha256,scorer_oracle_manifest_sha256,scorer_oracle_sha256,prompt_hash,config_sha256,runner_sha256,parser_sha256,eval_harness_sha256,environment_hash_or_commit,requested_provider_or_access_path,provider,base_url,requested_model,selected_provider_or_endpoint,selected_model_or_returned_model,supported_parameter_snapshot_sha256,model_snapshot_proxy_sha256,decoding_parameter_freeze_sha256,temperature_send_mode,temperature_value,max_tokens,top_p_send_mode,top_p_value,top_k_send_mode,top_k_value,min_p_send_mode,min_p_value,top_a_send_mode,top_a_value,frequency_penalty_send_mode,frequency_penalty_value,presence_penalty_send_mode,presence_penalty_value,repetition_penalty_send_mode,repetition_penalty_value,stop_send_mode,stop_value_sha256,seed_send_mode,seed_value,stream,reasoning_disable_mode,reasoning_control_request_sha256,reasoning_tokens_observed,reasoning_tokens_source,reasoning_content_present,reasoning_content_sha256,fallback_enabled,tools_enabled,web_enabled,cache_policy,provider_not_exposed_fields,finish_reason,native_finish_reason,input_tokens,output_tokens,state_hard_cap_used,state_chars_before_budget,state_chars_after_budget,state_budget_violation,state_compaction_strategy,ssr_protocol_version,ssr_budget_native_compaction_used,ssr_priority_compaction_used,ssr_visible_allowed_candidates,ssr_out_tokens_before_compaction,ssr_out_tokens_after_compaction,ssr_visible_candidates_preserved_in_state,ssr_visible_candidates_missing_from_state,compiled_ssr_fields_sha256,final_json_parse_success,final_json_parse_error,final_exact_success,missing_exact_tokens,present_exact_tokens,forbidden_token_leakage,forbidden_token_hits,forbidden_action_violation,forbidden_action_hits,boundary_violation,boundary_violation_hits,reliable_success,backend_error,backend_error_brief,gate_status,gate_reason,request_hash,response_metadata_sha256,usage_metadata_sha256,raw_response_sha256,parsed_output_sha256,private_raw_ref,private_raw_line_count,metric_record_sha256,manifest_entry_hash,h5_chain_hash,experiment_id,internal_method,task_provenance_manifest_sha256,task_provenance_entry_sha256,static_difficulty_features,task_selection_csv_sha256,call_count,method_protocol_version,carry_forward_protocol_version,visible_carry_forward_used,visible_allowed_candidates,visible_candidates_before_compaction,visible_candidates_after_compaction,visible_candidates_preserved_in_state,visible_candidates_missing_from_state,compiled_carry_forward_fields_sha256
_probe_ecvs_qwen37max_harder_stress_v1_visiblecarry_vs_maturessrloop_15task_2method_3budget_1run:qwen37max:mature_ssr_loop:harder_stress_v1_frontierpp_01_parser_error_taxonomy:budget_1200:run_1,qwen37max,harder_stress_v1_frontierpp_01_parser_error_taxonomy,semi_real_repo_style_controlled_frontier_plus,frontier_plus,parser_error_contract,,mature_ssr_loop,mature_ssr_loop,1200,1,2026-06-19T09:08:00.567211+00:00,2026-06-19T09:08:02.609338+00:00,2026-06-19T09:08:00.567248+00:00,2026-06-19T09:08:02.599706+00:00,0.026,33146312feffa160a32e762c32a2b0a3b61464eaaeb147e93bec4f257a858730,4aa390d28bc8bd4dc50656884aac36d674a455975664a49da7dbf0e6f9205236,24c2aa4fdaf72321ee311eeeb023714d65b6477b681b763519a40c830f2f1974,887a6d006aac8099ec06a93ec184d085a034a1e69e569beca6b6cfd6a49678c7,478b1594c92993216d770294ca965c6ea18e75e58b0cf1bedad8297fcb805bb0,64a026a4236b1b40dd4c84896182d83ca4a5200fe4828b5f7e31afce8fcfcf72,6a7458aebaa10ebcc76a6d226fd20a8e6168750a89bacc574882c405bc40e8f4,6a7458aebaa10ebcc76a6d226fd20a8e6168750a89bacc574882c405bc40e8f4,6a7458aebaa10ebcc76a6d226fd20a8e6168750a89bacc574882c405bc40e8f4,bf0630beb52372c3453c4d395f8a77d60030282c3d46201d3fc218055acf60ee,direct_provider,dashscope,https://dashscope.aliyuncs.com/compatible-mode/v1,qwen3.7-max,https://dashscope.aliyuncs.com/compatible-mode/v1/chat/completions,qwen3.7-max,460fcbdb2292588d3356bf33464f23d8d6279a1f2188e11f9a1ff121452a2423,71aa9cbc0f0da53c5949b6545a569c3cf94a778a6ead9faea79db09fcc74a0db,ddfd5de40cdb4c18b26ca6ad4cfe860ea517f64a63c6b8d5288fc91b7539eaa6,explicit,0.7,4096,omitted,,omitted,,omitted,,omitted,,omitted,,omitted,,omitted,,omitted,,omitted,,False,dashscope_enable_thinking_false,e2146d526bd896be1b7b059a2c4d87319a36bf94bc6aef96d3136bf76e6853a4,provider_not_exposed,provider_not_exposed,False,,False,False,False,disabled,,,,0,0,0,0,0,0,none,mature_ssr_loop_protocol_v1_ecvs_safe_visible_only,0,0,0,0,0,0,0,,0,,0,"[""REQ_01_T7CERAGQ"", ""LOCK_01_QGARE"", ""SCOPE_01_CERAG"", ""CHECK_01_7CERA"", ""ANCHOR_01_GAREC"", ""EDGE_01_ERAGQ"", ""FRONTIER_01_QGAREC"", ""MERGE_01_T7CQGA"", ""VERIFY_01_ERAGQ"", ""PLAN_01_REC7T"", ""CONTRACT_01_T7CER"", ""FINAL_01_QGARGQ""]",[],0,[],0,[],0,[],0,1,URLError: <urlopen error [Errno 1] Operation not permitted>,rerun_required,backend_error,2cd5fd8d1504a4327647199ce4405b60cc9af6e6ccb6f03740d2ed450010f333,7c077ca2308714493d07163e1033c4282bd869ff6d477b3e77408587f95e2930,7c077ca2308714493d07163e1033c4282bd869ff6d477b3e77408587f95e2930,78b9c6a3aacba408617f72ae758c3638598dbade3a6cbb06098ca77fc0251e8c,4e9d12956ae2160b40196f9a3154f303eb8c72586afa8ee52c10947e63a4fabe,released_raw_outputs/model_outputs/_probe_ecvs_qwen37max_harder_stress_v1_visiblecarry_vs_maturessrloop_15task_2method_3budget_1run/qwen37max/mature_ssr_loop__harder_stress_v1_frontierpp_01_parser_error_taxonomy__run_1__budget_1200.jsonl,1,d238dfe8bcf27c9536f0fb839ceaf317dd1042571c9cbf55cfaec3eb765bae08,c36e46caf512cdadfae49baeb0ba6b9ce305e817c0211aedd6dd41c3e37c000c,d4bcd392a8fa7014d9881ea2b65b740a936d0e45d3d047f916d107387985a0c1,_probe_ecvs_qwen37max_harder_stress_v1_visiblecarry_vs_maturessrloop_15task_2method_3budget_1run,ssr_loop,d239781121d1d6a6cd4cbcab5e859463831be69b2bcfc1a1884a2ada2c1ef299,91fccf8709cab6d0076dd63a4fd5792772fdf6737a0abe9276906059747a534c,"{""boundary_constraint_count"": 5, ""budgets_supported"": [300, 600, 1200], ""conditional_constraint_count"": 4, ""decoy_count"": 10, ""difficulty_factors"": [""decoy_overload"", ""overwrite_update"", ""conditional_allowed_state"", ""forbidden_boundary_pressure"", ""multi_file_component_consistency"", ""distractor_segment"", ""budget_pressure""], ""files_touched_estimate"": 3, ""method_specific_selection_used"": false, ""model_outcomes_used"": false, ""required_output_size"": 12, ""segment_count"": 16, ""source_candidate_id"": ""frontier_candidate_parser_error_taxonomy"", ""strict_json_contract"": true, ""update_count"": 4}",649fa93b196242a19e144bd5297cf90abac45ad4aab2596921bacaa4f809894a,1,mature_ssr_loop_protocol_v1_ecvs_safe_visible_only,,,,,,,,
_probe_ecvs_qwen37max_harder_stress_v1_visiblecarry_vs_maturessrloop_15task_2method_3budget_1run:qwen37max:mature_ssr_loop:harder_stress_v1_frontierpp_01_parser_error_taxonomy:budget_300:run_1,qwen37max,harder_stress_v1_frontierpp_01_parser_error_taxonomy,semi_real_repo_style_controlled_frontier_plus,frontier_plus,parser_error_contract,,mature_ssr_loop,mature_ssr_loop,300,1,2026-06-19T09:08:00.566303+00:00,2026-06-19T09:08:02.602700+00:00,2026-06-19T09:08:00.566364+00:00,2026-06-19T09:08:02.593783+00:00,0.027,33146312feffa160a32e762c32a2b0a3b61464eaaeb147e93bec4f257a858730,4aa390d28bc8bd4dc50656884aac36d674a455975664a49da7dbf0e6f9205236,24c2aa4fdaf72321ee311eeeb023714d65b6477b681b763519a40c830f2f1974,887a6d006aac8099ec06a93ec184d085a034a1e69e569beca6b6cfd6a49678c7,3045099a61dcc2514ca065ef5886159f68288082311c6d20e3e01e6c108df763,64a026a4236b1b40dd4c84896182d83ca4a5200fe4828b5f7e31afce8fcfcf72,6a7458aebaa10ebcc76a6d226fd20a8e6168750a89bacc574882c405bc40e8f4,6a7458aebaa10ebcc76a6d226fd20a8e6168750a89bacc574882c405bc40e8f4,6a7458aebaa10ebcc76a6d226fd20a8e6168750a89bacc574882c405bc40e8f4,bf0630beb52372c3453c4d395f8a77d60030282c3d46201d3fc218055acf60ee,direct_provider,dashscope,https://dashscope.aliyuncs.com/compatible-mode/v1,qwen3.7-max,https://dashscope.aliyuncs.com/compatible-mode/v1/chat/completions,qwen3.7-max,460fcbdb2292588d3356bf33464f23d8d6279a1f2188e11f9a1ff121452a2423,71aa9cbc0f0da53c5949b6545a569c3cf94a778a6ead9faea79db09fcc74a0db,ddfd5de40cdb4c18b26ca6ad4cfe860ea517f64a63c6b8d5288fc91b7539eaa6,explicit,0.7,4096,omitted,,omitted,,omitted,,omitted,,omitted,,omitted,,omitted,,omitted,,omitted,,False,dashscope_enable_thinking_false,e2146d526bd896be1b7b059a2c4d87319a36bf94bc6aef96d3136bf76e6853a4,provider_not_exposed,provider_not_exposed,False,,False,False,False,disabled,,,,0,0,0,0,0,0,none,mature_ssr_loop_protocol_v1_ecvs_safe_visible_only,0,0,0,0,0,0,0,,0,,0,"[""REQ_01_T7CERAGQ"", ""LOCK_01_QGARE"", ""SCOPE_01_CERAG"", ""CHECK_01_7CERA"", ""ANCHOR_01_GAREC"", ""EDGE_01_ERAGQ"", ""FRONTIER_01_QGAREC"", ""MERGE_01_T7CQGA"", ""VERIFY_01_ERAGQ"", ""PLAN_01_REC7T"", ""CONTRACT_01_T7CER"", ""FINAL_01_QGARGQ""]",[],0,[],0,[],0,[],0,1,URLError: <urlopen error [Errno 1] Operation not permitted>,rerun_required,backend_error,38c417e1d94ec551b7e6e29880e60f162807ebf105b8ad0a755a7ca1bd701b78,7c077ca2308714493d07163e1033c4282bd869ff6d477b3e77408587f95e2930,7c077ca2308714493d07163e1033c4282bd869ff6d477b3e77408587f95e2930,78b9c6a3aacba408617f72ae758c3638598dbade3a6cbb06098ca77fc0251e8c,5dd864cafe3244e7e19fe468b6511250d4ae318f91bd1f6a8b3ff280bfc7c67b,released_raw_outputs/model_outputs/_probe_ecvs_qwen37max_harder_stress_v1_visiblecarry_vs_maturessrloop_15task_2method_3budget_1run/qwen37max/mature_ssr_loop__harder_stress_v1_frontierpp_01_parser_error_taxonomy__run_1__budget_300.jsonl,1,65c4f7901d4546d81cf209d3fdf3c2c23f38619471bf70938da88d9a558d1756,da16cad621a007966c16ee9bba071c02a2e6d44559e0367567af0441e94d80a4,cdb28d654ec47395d9f3806c5bd2548bb303b21648e07b4e05ea17b14b3eaf3c,_probe_ecvs_qwen37max_harder_stress_v1_visiblecarry_vs_maturessrloop_15task_2method_3budget_1run,ssr_loop,d239781121d1d6a6cd4cbcab5e859463831be69b2bcfc1a1884a2ada2c1ef299,91fccf8709cab6d0076dd63a4fd5792772fdf6737a0abe9276906059747a534c,"{""boundary_constraint_count"": 5, ""budgets_supported"": [300, 600, 1200], ""conditional_constraint_count"": 4, ""decoy_count"": 10, ""difficulty_factors"": [""decoy_overload"", ""overwrite_update"", ""conditional_allowed_state"", ""forbidden_boundary_pressure"", ""multi_file_component_consistency"", ""distractor_segment"", ""budget_pressure""], ""files_touched_estimate"": 3, ""method_specific_selection_used"": false, ""model_outcomes_used"": false, ""required_output_size"": 12, ""segment_count"": 16, ""source_candidate_id"": ""frontier_candidate_parser_error_taxonomy"", ""strict_json_contract"": true, ""update_count"": 4}",649fa93b196242a19e144bd5297cf90abac45ad4aab2596921bacaa4f809894a,1,mature_ssr_loop_protocol_v1_ecvs_safe_visible_only,,,,,,,,
_probe_ecvs_qwen37max_harder_stress_v1_visiblecarry_vs_maturessrloop_15task_2method_3budget_1run:qwen37max:mature_ssr_loop:harder_stress_v1_frontierpp_01_parser_error_taxonomy:budget_600:run_1,qwen37max,harder_stress_v1_frontierpp_01_parser_error_taxonomy,semi_real_repo_style_controlled_frontier_plus,frontier_plus,parser_error_contract,,mature_ssr_loop,mature_ssr_loop,600,1,2026-06-19T09:08:00.567005+00:00,2026-06-19T09:08:02.615422+00:00,2026-06-19T09:08:00.567048+00:00,2026-06-19T09:08:02.606732+00:00,0.031,33146312feffa160a32e762c32a2b0a3b61464eaaeb147e93bec4f257a858730,4aa390d28bc8bd4dc50656884aac36d674a455975664a49da7dbf0e6f9205236,24c2aa4fdaf72321ee311eeeb023714d65b6477b681b763519a40c830f2f1974,887a6d006aac8099ec06a93ec184d085a034a1e69e569beca6b6cfd6a49678c7,5404e9d102d7ef6c64d0006a65bed9acdb288d24f0ede9b4d62c61ea1790fc85,64a026a4236b1b40dd4c84896182d83ca4a5200fe4828b5f7e31afce8fcfcf72,6a7458aebaa10ebcc76a6d226fd20a8e6168750a89bacc574882c405bc40e8f4,6a7458aebaa10ebcc76a6d226fd20a8e6168750a89bacc574882c405bc40e8f4,6a7458aebaa10ebcc76a6d226fd20a8e6168750a89bacc574882c405bc40e8f4,bf0630beb52372c3453c4d395f8a77d60030282c3d46201d3fc218055acf60ee,direct_provider,dashscope,https://dashscope.aliyuncs.com/compatible-mode/v1,qwen3.7-max,https://dashscope.aliyuncs.com/compatible-mode/v1/chat/completions,qwen3.7-max,460fcbdb2292588d3356bf33464f23d8d6279a1f2188e11f9a1ff121452a2423,71aa9cbc0f0da53c5949b6545a569c3cf94a778a6ead9faea79db09fcc74a0db,ddfd5de40cdb4c18b26ca6ad4cfe860ea517f64a63c6b8d5288fc91b7539eaa6,explicit,0.7,4096,omitted,,omitted,,omitted,,omitted,,omitted,,omitted,,omitted,,omitted,,omitted,,False,dashscope_enable_thinking_false,e2146d526bd896be1b7b059a2c4d87319a36bf94bc6aef96d3136bf76e6853a4,provider_not_exposed,provider_not_exposed,False,,False,False,False,disabled,,,,0,0,0,0,0,0,none,mature_ssr_loop_protocol_v1_ecvs_safe_visible_only,0,0,0,0,0,0,0,,0,,0,"[""REQ_01_T7CERAGQ"", ""LOCK_01_QGARE"", ""SCOPE_01_CERAG"", ""CHECK_01_7CERA"", ""ANCHOR_01_GAREC"", ""EDGE_01_ERAGQ"", ""FRONTIER_01_QGAREC"", ""MERGE_01_T7CQGA"", ""VERIFY_01_ERAGQ"", ""PLAN_01_REC7T"", ""CONTRACT_01_T7CER"", ""FINAL_01_QGARGQ""]",[],0,[],0,[],0,[],0,1,URLError: <urlopen error [Errno 1] Operation not permitted>,rerun_required,backend_error,9cc0a3057a2f4c1946d3e5279b08d14b3d03cd406b8b922486950b75bf75e5e4,7c077ca2308714493d07163e1033c4282bd869ff6d477b3e77408587f95e2930,7c077ca2308714493d07163e1033c4282bd869ff6d477b3e77408587f95e2930,78b9c6a3aacba408617f72ae758c3638598dbade3a6cbb06098ca77fc0251e8c,a70a90c4d214fce396c59ea4dc15d2d838a1566a3ba83ab22b528c35c27b9c78,released_raw_outputs/model_outputs/_probe_ecvs_qwen37max_harder_stress_v1_visiblecarry_vs_maturessrloop_15task_2method_3budget_1run/qwen37max/mature_ssr_loop__harder_stress_v1_frontierpp_01_parser_error_taxonomy__run_1__budget_600.jsonl,1,1fdf0913831afdda28d900c0a1058c3bfb9cd0ddf169d89c59f97db754bde7c4,2e4f5d726f9e461ff7d80a8c7c7a28467c621ea7e6f9d906926afe454b075302,bcca2b83eea7fd806482073d0fb9cf26b65d97748015bb978a264e9eb6afebe8,_probe_ecvs_qwen37max_harder_stress_v1_visiblecarry_vs_maturessrloop_15task_2method_3budget_1run,ssr_loop,d239781121d1d6a6cd4cbcab5e859463831be69b2bcfc1a1884a2ada2c1ef299,91fccf8709cab6d0076dd63a4fd5792772fdf6737a0abe9276906059747a534c,"{""boundary_constraint_count"": 5, ""budgets_supported"": [300, 600, 1200], ""conditional_constraint_count"": 4, ""decoy_count"": 10, ""difficulty_factors"": [""decoy_overload"", ""overwrite_update"", ""conditional_allowed_state"", ""forbidden_boundary_pressure"", ""multi_file_component_consistency"", ""distractor_segment"", ""budget_pressure""], ""files_touched_estimate"": 3, ""method_specific_selection_used"": false, ""model_outcomes_used"": false, ""required_output_size"": 12, ""segment_count"": 16, ""source_candidate_id"": ""frontier_candidate_parser_error_taxonomy"", ""strict_json_contract"": true, ""update_count"": 4}",649fa93b196242a19e144bd5297cf90abac45ad4aab2596921bacaa4f809894a,1,mature_ssr_loop_protocol_v1_ecvs_safe_visible_only,,,,,,,,
_probe_ecvs_qwen37max_harder_stress_v1_visiblecarry_vs_maturessrloop_15task_2method_3budget_1run:qwen37max:mature_ssr_loop:harder_stress_v1_frontierpp_02_staged_schema_migration:budget_1200:run_1,qwen37max,harder_stress_v1_frontierpp_02_staged_schema_migration,semi_real_repo_style_controlled_frontier_plus,frontier_plus,schema_json_contract,,mature_ssr_loop,mature_ssr_loop,1200,1,2026-06-19T09:08:00.570838+00:00,2026-06-19T09:08:02.594128+00:00,2026-06-19T09:08:00.570950+00:00,2026-06-19T09:08:02.593184+00:00,0.019,33146312feffa160a32e762c32a2b0a3b61464eaaeb147e93bec4f257a858730,2380c738ee1071f43dc5dc77fba7ca4b6a87e81ed8c4f04f3c913ea410498706,24c2aa4fdaf72321ee311eeeb023714d65b6477b681b763519a40c830f2f1974,2f06c9884c6cbe4e071b63932c3b6b7747cbd986e8849025d5b8a181203c267b,db5c43a8650d83b9b7aa78c4accf69a9b3650b2da5516d5705ec33da3403cf8d,64a026a4236b1b40dd4c84896182d83ca4a5200fe4828b5f7e31afce8fcfcf72,6a7458aebaa10ebcc76a6d226fd20a8e6168750a89bacc574882c405bc40e8f4,6a7458aebaa10ebcc76a6d226fd20a8e6168750a89bacc574882c405bc40e8f4,6a7458aebaa10ebcc76a6d226fd20a8e6168750a89bacc574882c405bc40e8f4,bf0630beb52372c3453c4d395f8a77d60030282c3d46201d3fc218055acf60ee,direct_provider,dashscope,https://dashscope.aliyuncs.com/compatible-mode/v1,qwen3.7-max,https://dashscope.aliyuncs.com/compatible-mode/v1/chat/completions,qwen3.7-max,460fcbdb2292588d3356bf33464f23d8d6279a1f2188e11f9a1ff121452a2423,71aa9cbc0f0da53c5949b6545a569c3cf94a778a6ead9faea79db09fcc74a0db,ddfd5de40cdb4c18b26ca6ad4cfe860ea517f64a63c6b8d5288fc91b7539eaa6,explicit,0.7,4096,omitted,,omitted,,omitted,,omitted,,omitted,,omitted,,omitted,,omitted,,omitted,,False,dashscope_enable_thinking_false,e2146d526bd896be1b7b059a2c4d87319a36bf94bc6aef96d3136bf76e6853a4,provider_not_exposed,provider_not_exposed,False,,False,False,False,disabled,,,,0,0,0,0,0,0,none,mature_ssr_loop_protocol_v1_ecvs_safe_visible_only,0,0,0,0,0,0,0,,0,,0,"[""REQ_02_UFR6Y4P4"", ""LOCK_02_4P4Y6"", ""SCOPE_02_R6Y4P"", ""CHECK_02_FR6Y4"", ""ANCHOR_02_P4Y6R"", ""EDGE_02_6Y4P4"", ""FRONTIER_02_4P4Y6R"", ""MERGE_02_UFR4P4"", ""VERIFY_02_6Y4P4"", ""PLAN_02_Y6RFU"", ""CONTRACT_02_UFR6Y"", ""FINAL_02_4P4YP4""]",[],0,[],0,[],0,[],0,1,URLError: <urlopen error [Errno 1] Operation not permitted>,rerun_required,backend_error,8995cf3017bbd679e2e969ac0695ae2a4257d0e32dfc0187428965218d510220,7c077ca2308714493d07163e1033c4282bd869ff6d477b3e77408587f95e2930,7c077ca2308714493d07163e1033c4282bd869ff6d477b3e77408587f95e2930,78b9c6a3aacba408617f72ae758c3638598dbade3a6cbb06098ca77fc0251e8c,a31df93b1c7ef3807b84ab6b2cfe87c412c9242e0cc7071f64a3dfdc45a43fc2,released_raw_outputs/model_outputs/_probe_ecvs_qwen37max_harder_stress_v1_visiblecarry_vs_maturessrloop_15task_2method_3budget_1run/qwen37max/mature_ssr_loop__harder_stress_v1_frontierpp_02_staged_schema_migration__run_1__budget_1200.jsonl,1,a38dcd857aaf45ad3aff81683d6cb5f888952c7c5985bf9e66d858868d4c4df4,7c1f8b9adbc4f65ac545a811a8cce54e8d1a7e74c4cab36baf7d028f8d4e0f6c,297ad9f4eeea65776eacde4fbe648d53b1541d2d229abb6378afc346d91ac9a9,_probe_ecvs_qwen37max_harder_stress_v1_visiblecarry_vs_maturessrloop_15task_2method_3budget_1run,ssr_loop,d239781121d1d6a6cd4cbcab5e859463831be69b2bcfc1a1884a2ada2c1ef299,ae3dac738762ac8af97a865afb767ba00d9230deba706ad1f8103ca6e7d28918,"{""boundary_constraint_count"": 3, ""budgets_supported"": [300, 600, 1200], ""conditional_constraint_count"": 3, ""decoy_count"": 8, ""difficulty_factors"": [""decoy_overload"", ""overwrite_update"", ""conditional_allowed_state"", ""multi_file_component_consistency"", ""final_output_contract_pressure"", ""distractor_segment"", ""budget_pressure""], ""files_touched_estimate"": 3, ""method_specific_selection_used"": false, ""model_outcomes_used"": false, ""required_output_size"": 11, ""segment_count"": 14, ""source_candidate_id"": ""frontier_candidate_staged_schema_migration"", ""strict_json_contract"": true, ""update_count"": 3}",649fa93b196242a19e144bd5297cf90abac45ad4aab2596921bacaa4f809894a,1,mature_ssr_loop_protocol_v1_ecvs_safe_visible_only,,,,,,,,
_probe_ecvs_qwen37max_harder_stress_v1_visiblecarry_vs_maturessrloop_15task_2method_3budget_1run:qwen37max:mature_ssr_loop:harder_stress_v1_frontierpp_02_staged_schema_migration:budget_300:run_1,qwen37max,harder_stress_v1_frontierpp_02_staged_schema_migration,semi_real_repo_style_controlled_frontier_plus,frontier_plus,schema_json_contract,,mature_ssr_loop,mature_ssr_loop,300,1,2026-06-19T09:08:00.568203+00:00,2026-06-19T09:08:02.613476+00:00,2026-06-19T09:08:00.568246+00:00,2026-06-19T09:08:02.602592+00:00,0.027,33146312feffa160a32e762c32a2b0a3b61464eaaeb147e93bec4f257a858730,2380c738ee1071f43dc5dc77fba7ca4b6a87e81ed8c4f04f3c913ea410498706,24c2aa4fdaf72321ee311eeeb023714d65b6477b681b763519a40c830f2f1974,2f06c9884c6cbe4e071b63932c3b6b7747cbd986e8849025d5b8a181203c267b,05ccaa0453a13e3be6fbc1780bbedcd7c8af9b4827bd7b27d6d2a6011ff6380c,64a026a4236b1b40dd4c84896182d83ca4a5200fe4828b5f7e31afce8fcfcf72,6a7458aebaa10ebcc76a6d226fd20a8e6168750a89bacc574882c405bc40e8f4,6a7458aebaa10ebcc76a6d226fd20a8e6168750a89bacc574882c405bc40e8f4,6a7458aebaa10ebcc76a6d226fd20a8e6168750a89bacc574882c405bc40e8f4,bf0630beb52372c3453c4d395f8a77d60030282c3d46201d3fc218055acf60ee,direct_provider,dashscope,https://dashscope.aliyuncs.com/compatible-mode/v1,qwen3.7-max,https://dashscope.aliyuncs.com/compatible-mode/v1/chat/completions,qwen3.7-max,460fcbdb2292588d3356bf33464f23d8d6279a1f2188e11f9a1ff121452a2423,71aa9cbc0f0da53c5949b6545a569c3cf94a778a6ead9faea79db09fcc74a0db,ddfd5de40cdb4c18b26ca6ad4cfe860ea517f64a63c6b8d5288fc91b7539eaa6,explicit,0.7,4096,omitted,,omitted,,omitted,,omitted,,omitted,,omitted,,omitted,,omitted,,omitted,,False,dashscope_enable_thinking_false,e2146d526bd896be1b7b059a2c4d87319a36bf94bc6aef96d3136bf76e6853a4,provider_not_exposed,provider_not_exposed,False,,False,False,False,disabled,,,,0,0,0,0,0,0,none,mature_ssr_loop_protocol_v1_ecvs_safe_visible_only,0,0,0,0,0,0,0,,0,,0,"[""REQ_02_UFR6Y4P4"", ""LOCK_02_4P4Y6"", ""SCOPE_02_R6Y4P"", ""CHECK_02_FR6Y4"", ""ANCHOR_02_P4Y6R"", ""EDGE_02_6Y4P4"", ""FRONTIER_02_4P4Y6R"", ""MERGE_02_UFR4P4"", ""VERIFY_02_6Y4P4"", ""PLAN_02_Y6RFU"", ""CONTRACT_02_UFR6Y"", ""FINAL_02_4P4YP4""]",[],0,[],0,[],0,[],0,1,URLError: <urlopen error [Errno 1] Operation not permitted>,rerun_required,backend_error,26284ded6221ef07708c059eb4bd94392241722cb3a5e089424ff076dc8d120a,7c077ca2308714493d07163e1033c4282bd869ff6d477b3e77408587f95e2930,7c077ca2308714493d07163e1033c4282bd869ff6d477b3e77408587f95e2930,78b9c6a3aacba408617f72ae758c3638598dbade3a6cbb06098ca77fc0251e8c,48eb329012f25064bfe46d44d55408a9581a25514d7491a122a29c240977bbd1,released_raw_outputs/model_outputs/_probe_ecvs_qwen37max_harder_stress_v1_visiblecarry_vs_maturessrloop_15task_2method_3budget_1run/qwen37max/mature_ssr_loop__harder_stress_v1_frontierpp_02_staged_schema_migration__run_1__budget_300.jsonl,1,ea100cda1662a3f08cfa11afbefa64b6424dea3aba504f8d9300ab4f15e2f03f,20d57a50d71976b5f4b8dbe150cca9544d3ddadb91c07ca88a11ec790cd9f22c,c3184637dfc13aa92050d001ed405574e77211095a0444851f42c3d45e545b90,_probe_ecvs_qwen37max_harder_stress_v1_visiblecarry_vs_maturessrloop_15task_2method_3budget_1run,ssr_loop,d239781121d1d6a6cd4cbcab5e859463831be69b2bcfc1a1884a2ada2c1ef299,ae3dac738762ac8af97a865afb767ba00d9230deba706ad1f8103ca6e7d28918,"{""boundary_constraint_count"": 3, ""budgets_supported"": [300, 600, 1200], ""conditional_constraint_count"": 3, ""decoy_count"": 8, ""difficulty_factors"": [""decoy_overload"", ""overwrite_update"", ""conditional_allowed_state"", ""multi_file_component_consistency"", ""final_output_contract_pressure"", ""distractor_segment"", ""budget_pressure""], ""files_touched_estimate"": 3, ""method_specific_selection_used"": false, ""model_outcomes_used"": false, ""required_output_size"": 11, ""segment_count"": 14, ""source_candidate_id"": ""frontier_candidate_staged_schema_migration"", ""strict_json_contract"": true, ""update_count"": 3}",649fa93b196242a19e144bd5297cf90abac45ad4aab2596921bacaa4f809894a,1,mature_ssr_loop_protocol_v1_ecvs_safe_visible_only,,,,,,,,
_probe_ecvs_qwen37max_harder_stress_v1_visiblecarry_vs_maturessrloop_15task_2method_3budget_1run:qwen37max:mature_ssr_loop:harder_stress_v1_frontierpp_02_staged_schema_migration:budget_600:run_1,qwen37max,harder_stress_v1_frontierpp_02_staged_schema_migration,semi_real_repo_style_controlled_frontier_plus,frontier_plus,schema_json_contract,,mature_ssr_loop,mature_ssr_loop,600,1,2026-06-19T09:08:00.568661+00:00,2026-06-19T09:08:02.601452+00:00,2026-06-19T09:08:00.568726+00:00,2026-06-19T09:08:02.594107+00:00,0.021,33146312feffa160a32e762c32a2b0a3b61464eaaeb147e93bec4f257a858730,2380c738ee1071f43dc5dc77fba7ca4b6a87e81ed8c4f04f3c913ea410498706,24c2aa4fdaf72321ee311eeeb023714d65b6477b681b763519a40c830f2f1974,2f06c9884c6cbe4e071b63932c3b6b7747cbd986e8849025d5b8a181203c267b,539481fc19b769a4931604770e262d53a0f3e9bc392c22317b56f157bf6bfc96,64a026a4236b1b40dd4c84896182d83ca4a5200fe4828b5f7e31afce8fcfcf72,6a7458aebaa10ebcc76a6d226fd20a8e6168750a89bacc574882c405bc40e8f4,6a7458aebaa10ebcc76a6d226fd20a8e6168750a89bacc574882c405bc40e8f4,6a7458aebaa10ebcc76a6d226fd20a8e6168750a89bacc574882c405bc40e8f4,bf0630beb52372c3453c4d395f8a77d60030282c3d46201d3fc218055acf60ee,direct_provider,dashscope,https://dashscope.aliyuncs.com/compatible-mode/v1,qwen3.7-max,https://dashscope.aliyuncs.com/compatible-mode/v1/chat/completions,qwen3.7-max,460fcbdb2292588d3356bf33464f23d8d6279a1f2188e11f9a1ff121452a2423,71aa9cbc0f0da53c5949b6545a569c3cf94a778a6ead9faea79db09fcc74a0db,ddfd5de40cdb4c18b26ca6ad4cfe860ea517f64a63c6b8d5288fc91b7539eaa6,explicit,0.7,4096,omitted,,omitted,,omitted,,omitted,,omitted,,omitted,,omitted,,omitted,,omitted,,False,dashscope_enable_thinking_false,e2146d526bd896be1b7b059a2c4d87319a36bf94bc6aef96d3136bf76e6853a4,provider_not_exposed,provider_not_exposed,False,,False,False,False,disabled,,,,0,0,0,0,0,0,none,mature_ssr_loop_protocol_v1_ecvs_safe_visible_only,0,0,0,0,0,0,0,,0,,0,"[""REQ_02_UFR6Y4P4"", ""LOCK_02_4P4Y6"", ""SCOPE_02_R6Y4P"", ""CHECK_02_FR6Y4"", ""ANCHOR_02_P4Y6R"", ""EDGE_02_6Y4P4"", ""FRONTIER_02_4P4Y6R"", ""MERGE_02_UFR4P4"", ""VERIFY_02_6Y4P4"", ""PLAN_02_Y6RFU"", ""CONTRACT_02_UFR6Y"", ""FINAL_02_4P4YP4""]",[],0,[],0,[],0,[],0,1,URLError: <urlopen error [Errno 1] Operation not permitted>,rerun_required,backend_error,40f612b483d5926c9632047ac6170280f6febc3de3164881d0a0ff1cd6c45dfa,7c077ca2308714493d07163e1033c4282bd869ff6d477b3e77408587f95e2930,7c077ca2308714493d07163e1033c4282bd869ff6d477b3e77408587f95e2930,78b9c6a3aacba408617f72ae758c3638598dbade3a6cbb06098ca77fc0251e8c,bb59b54f6e335ba52c7fa5a2e317e17fc0b299378dceb285e01809416b86b5d1,released_raw_outputs/model_outputs/_probe_ecvs_qwen37max_harder_stress_v1_visiblecarry_vs_maturessrloop_15task_2method_3budget_1run/qwen37max/mature_ssr_loop__harder_stress_v1_frontierpp_02_staged_schema_migration__run_1__budget_600.jsonl,1,4b0ae5c4fdb833fb6c4b14d8d7ec27c3a06b018a6f06038663f667efa9354c28,bef43c679871095256c36ee0202110579cc06c5c673cc7b9fa0f82b85c9e3b14,13428a1023b6b30b2838ff7e3abf06aefed15b090dbe6435f9fcbbd66c7770fc,_probe_ecvs_qwen37max_harder_stress_v1_visiblecarry_vs_maturessrloop_15task_2method_3budget_1run,ssr_loop,d239781121d1d6a6cd4cbcab5e859463831be69b2bcfc1a1884a2ada2c1ef299,ae3dac738762ac8af97a865afb767ba00d9230deba706ad1f8103ca6e7d28918,"{""boundary_constraint_count"": 3, ""budgets_supported"": [300, 600, 1200], ""conditional_constraint_count"": 3, ""decoy_count"": 8, ""difficulty_factors"": [""decoy_overload"", ""overwrite_update"", ""conditional_allowed_state"", ""multi_file_component_consistency"", ""final_output_contract_pressure"", ""distractor_segment"", ""budget_pressure""], ""files_touched_estimate"": 3, ""method_specific_selection_used"": false, ""model_outcomes_used"": false, ""required_output_size"": 11, ""segment_count"": 14, ""source_candidate_id"": ""frontier_candidate_staged_schema_migration"", ""strict_json_contract"": true, ""update_count"": 3}",649fa93b196242a19e144bd5297cf90abac45ad4aab2596921bacaa4f809894a,1,mature_ssr_loop_protocol_v1_ecvs_safe_visible_only,,,,,,,,
_probe_ecvs_qwen37max_harder_stress_v1_visiblecarry_vs_maturessrloop_15task_2method_3budget_1run:qwen37max:mature_ssr_loop:harder_stress_v1_frontierpp_03_policy_alias_cascade:budget_1200:run_1,qwen37max,harder_stress_v1_frontierpp_03_policy_alias_cascade,diagnostic_controlled_frontier_plus,frontier_plus,policy_alias_binding,,mature_ssr_loop,mature_ssr_loop,1200,1,2026-06-19T09:08:00.589048+00:00,2026-06-19T09:08:02.597576+00:00,2026-06-19T09:08:00.589170+00:00,2026-06-19T09:08:02.592363+00:00,0.001,33146312feffa160a32e762c32a2b0a3b61464eaaeb147e93bec4f257a858730,845b40a5ccd3a43048dea7ae2c42e35b95c020808d8cb3dd945b43f0b736e95c,24c2aa4fdaf72321ee311eeeb023714d65b6477b681b763519a40c830f2f1974,b594f110c1c3bc5cb57d5ddd948b9ab79fc1ec71fe218d92920e97ed5472ad7b,dc56bf71f155377e5a5fdde47f3a3d44ee12fcb0078f9b853d5e09e6563cac34,64a026a4236b1b40dd4c84896182d83ca4a5200fe4828b5f7e31afce8fcfcf72,6a7458aebaa10ebcc76a6d226fd20a8e6168750a89bacc574882c405bc40e8f4,6a7458aebaa10ebcc76a6d226fd20a8e6168750a89bacc574882c405bc40e8f4,6a7458aebaa10ebcc76a6d226fd20a8e6168750a89bacc574882c405bc40e8f4,bf0630beb52372c3453c4d395f8a77d60030282c3d46201d3fc218055acf60ee,direct_provider,dashscope,https://dashscope.aliyuncs.com/compatible-mode/v1,qwen3.7-max,https://dashscope.aliyuncs.com/compatible-mode/v1/chat/completions,qwen3.7-max,460fcbdb2292588d3356bf33464f23d8d6279a1f2188e11f9a1ff121452a2423,71aa9cbc0f0da53c5949b6545a569c3cf94a778a6ead9faea79db09fcc74a0db,ddfd5de40cdb4c18b26ca6ad4cfe860ea517f64a63c6b8d5288fc91b7539eaa6,explicit,0.7,4096,omitted,,omitted,,omitted,,omitted,,omitted,,omitted,,omitted,,omitted,,omitted,,False,dashscope_enable_thinking_false,e2146d526bd896be1b7b059a2c4d87319a36bf94bc6aef96d3136bf76e6853a4,provider_not_exposed,provider_not_exposed,False,,False,False,False,disabled,,,,0,0,0,0,0,0,none,mature_ssr_loop_protocol_v1_ecvs_safe_visible_only,0,0,0,0,0,0,0,,0,,0,"[""REQ_03_DKX4J4UR"", ""LOCK_03_RU4J4"", ""SCOPE_03_X4J4U"", ""CHECK_03_KX4J4"", ""ANCHOR_03_U4J4X"", ""EDGE_03_4J4UR"", ""FRONTIER_03_RU4J4X"", ""MERGE_03_DKXRU4"", ""VERIFY_03_4J4UR"", ""PLAN_03_J4XKD"", ""CONTRACT_03_DKX4J"", ""FINAL_03_RU4JUR""]",[],0,[],0,[],0,[],0,1,URLError: <urlopen error [Errno 1] Operation not permitted>,rerun_required,backend_error,3a96287f25c867935c03e1ed26c0e27b25e802c75c5b6ebc99bb05cb470fdb5f,7c077ca2308714493d07163e1033c4282bd869ff6d477b3e77408587f95e2930,7c077ca2308714493d07163e1033c4282bd869ff6d477b3e77408587f95e2930,78b9c6a3aacba408617f72ae758c3638598dbade3a6cbb06098ca77fc0251e8c,aaed075753a80d01ef689c3005b36dca85eb642c62b533453fe912fc9d6c41ab,released_raw_outputs/model_outputs/_probe_ecvs_qwen37max_harder_stress_v1_visiblecarry_vs_maturessrloop_15task_2method_3budget_1run/qwen37max/mature_ssr_loop__harder_stress_v1_frontierpp_03_policy_alias_cascade__run_1__budget_1200.jsonl,1,5b5d4e91fb515c4ff435c142665a226aaffe76fac241af61c4350a124bb708cb,188913cddfafbb989a4f10932ea06880f5a02be898df06c9348f3e42292f3a19,8a034ef51b2e791f86fc54abe714014b26a44f48ddb5b5a3a115be08da7d9922,_probe_ecvs_qwen37max_harder_stress_v1_visiblecarry_vs_maturessrloop_15task_2method_3budget_1run,ssr_loop,d239781121d1d6a6cd4cbcab5e859463831be69b2bcfc1a1884a2ada2c1ef299,43215e9b88bd006bc5c3b5a9badbe1cde279eec840123cd1239ba938d210cce2,"{""boundary_constraint_count"": 4, ""budgets_supported"": [300, 600, 1200], ""conditional_constraint_count"": 3, ""decoy_count"": 9, ""difficulty_factors"": [""decoy_overload"", ""overwrite_update"", ""conditional_allowed_state"", ""forbidden_boundary_pressure"", ""plan_consistency"", ""delayed_critical_constraint"", ""budget_pressure""], ""files_touched_estimate"": 2, ""method_specific_selection_used"": false, ""model_outcomes_used"": false, ""required_output_size"": 12, ""segment_count"": 15, ""source_candidate_id"": ""frontier_candidate_policy_alias_cascade"", ""strict_json_contract"": true, ""update_count"": 4}",649fa93b196242a19e144bd5297cf90abac45ad4aab2596921bacaa4f809894a,1,mature_ssr_loop_protocol_v1_ecvs_safe_visible_only,,,,,,,,
_probe_ecvs_qwen37max_harder_stress_v1_visiblecarry_vs_maturessrloop_15task_2method_3budget_1run:qwen37max:mature_ssr_loop:harder_stress_v1_frontierpp_03_policy_alias_cascade:budget_300:run_1,qwen37max,harder_stress_v1_frontierpp_03_policy_alias_cascade,diagnostic_controlled_frontier_plus,frontier_plus,policy_alias_binding,,mature_ssr_loop,mature_ssr_loop,300,1,2026-06-19T09:08:00.573042+00:00,2026-06-19T09:08:02.602319+00:00,2026-06-19T09:08:00.573099+00:00,2026-06-19T09:08:02.593389+00:00,0.019,33146312feffa160a32e762c32a2b0a3b61464eaaeb147e93bec4f257a858730,845b40a5ccd3a43048dea7ae2c42e35b95c020808d8cb3dd945b43f0b736e95c,24c2aa4fdaf72321ee311eeeb023714d65b6477b681b763519a40c830f2f1974,b594f110c1c3bc5cb57d5ddd948b9ab79fc1ec71fe218d92920e97ed5472ad7b,7c09eaa4d229cda319590ea796a0e14aa638913e02100d8e0a8392ec9d82a9f0,64a026a4236b1b40dd4c84896182d83ca4a5200fe4828b5f7e31afce8fcfcf72,6a7458aebaa10ebcc76a6d226fd20a8e6168750a89bacc574882c405bc40e8f4,6a7458aebaa10ebcc76a6d226fd20a8e6168750a89bacc574882c405bc40e8f4,6a7458aebaa10ebcc76a6d226fd20a8e6168750a89bacc574882c405bc40e8f4,bf0630beb52372c3453c4d395f8a77d60030282c3d46201d3fc218055acf60ee,direct_provider,dashscope,https://dashscope.aliyuncs.com/compatible-mode/v1,qwen3.7-max,https://dashscope.aliyuncs.com/compatible-mode/v1/chat/completions,qwen3.7-max,460fcbdb2292588d3356bf33464f23d8d6279a1f2188e11f9a1ff121452a2423,71aa9cbc0f0da53c5949b6545a569c3cf94a778a6ead9faea79db09fcc74a0db,ddfd5de40cdb4c18b26ca6ad4cfe860ea517f64a63c6b8d5288fc91b7539eaa6,explicit,0.7,4096,omitted,,omitted,,omitted,,omitted,,omitted,,omitted,,omitted,,omitted,,omitted,,False,dashscope_enable_thinking_false,e2146d526bd896be1b7b059a2c4d87319a36bf94bc6aef96d3136bf76e6853a4,provider_not_exposed,provider_not_exposed,False,,False,False,False,disabled,,,,0,0,0,0,0,0,none,mature_ssr_loop_protocol_v1_ecvs_safe_visible_only,0,0,0,0,0,0,0,,0,,0,"[""REQ_03_DKX4J4UR"", ""LOCK_03_RU4J4"", ""SCOPE_03_X4J4U"", ""CHECK_03_KX4J4"", ""ANCHOR_03_U4J4X"", ""EDGE_03_4J4UR"", ""FRONTIER_03_RU4J4X"", ""MERGE_03_DKXRU4"", ""VERIFY_03_4J4UR"", ""PLAN_03_J4XKD"", ""CONTRACT_03_DKX4J"", ""FINAL_03_RU4JUR""]",[],0,[],0,[],0,[],0,1,URLError: <urlopen error [Errno 1] Operation not permitted>,rerun_required,backend_error,b748a909f5809425494cdbaaea56b2a9730fbf7b04fb1cea1a8beb095782fd01,7c077ca2308714493d07163e1033c4282bd869ff6d477b3e77408587f95e2930,7c077ca2308714493d07163e1033c4282bd869ff6d477b3e77408587f95e2930,78b9c6a3aacba408617f72ae758c3638598dbade3a6cbb06098ca77fc0251e8c,56867f5e39f319fbd7b036e682e289a680b229fa1f8995efaf7914b20b88b769,released_raw_outputs/model_outputs/_probe_ecvs_qwen37max_harder_stress_v1_visiblecarry_vs_maturessrloop_15task_2method_3budget_1run/qwen37max/mature_ssr_loop__harder_stress_v1_frontierpp_03_policy_alias_cascade__run_1__budget_300.jsonl,1,2358650a88213c2a9d4a5aea4ad063e71ab76608c98ddd66bb7c450d67e063df,ffa7f9be17b50e24c7dde75c4b002bc414e461cf8745b90b30bbebb12ce472ae,1de17f2de3496cdcc2366b630ef922f609275078265ac448289a37326fdfaa93,_probe_ecvs_qwen37max_harder_stress_v1_visiblecarry_vs_maturessrloop_15task_2method_3budget_1run,ssr_loop,d239781121d1d6a6cd4cbcab5e859463831be69b2bcfc1a1884a2ada2c1ef299,43215e9b88bd006bc5c3b5a9badbe1cde279eec840123cd1239ba938d210cce2,"{""boundary_constraint_count"": 4, ""budgets_supported"": [300, 600, 1200], ""conditional_constraint_count"": 3, ""decoy_count"": 9, ""difficulty_factors"": [""decoy_overload"", ""overwrite_update"", ""conditional_allowed_state"", ""forbidden_boundary_pressure"", ""plan_consistency"", ""delayed_critical_constraint"", ""budget_pressure""], ""files_touched_estimate"": 2, ""method_specific_selection_used"": false, ""model_outcomes_used"": false, ""required_output_size"": 12, ""segment_count"": 15, ""source_candidate_id"": ""frontier_candidate_policy_alias_cascade"", ""strict_json_contract"": true, ""update_count"": 4}",649fa93b196242a19e144bd5297cf90abac45ad4aab2596921bacaa4f809894a,1,mature_ssr_loop_protocol_v1_ecvs_safe_visible_only,,,,,,,,
_probe_ecvs_qwen37max_harder_stress_v1_visiblecarry_vs_maturessrloop_15task_2method_3budget_1run:qwen37max:mature_ssr_loop:harder_stress_v1_frontierpp_03_policy_alias_cascade:budget_600:run_1,qwen37max,harder_stress_v1_frontierpp_03_policy_alias_cascade,diagnostic_controlled_frontier_plus,frontier_plus,policy_alias_binding,,mature_ssr_loop,mature_ssr_loop,600,1,2026-06-19T09:08:00.587282+00:00,2026-06-19T09:08:02.596683+00:00,2026-06-19T09:08:00.587331+00:00,2026-06-19T09:08:02.592790+00:00,0.0,33146312feffa160a32e762c32a2b0a3b61464eaaeb147e93bec4f257a858730,845b40a5ccd3a43048dea7ae2c42e35b95c020808d8cb3dd945b43f0b736e95c,24c2aa4fdaf72321ee311eeeb023714d65b6477b681b763519a40c830f2f1974,b594f110c1c3bc5cb57d5ddd948b9ab79fc1ec71fe218d92920e97ed5472ad7b,7795a4f7fbae0e8ecc75ca96f6f49f2a51e5094e251ce1ef028f259058f3fad4,64a026a4236b1b40dd4c84896182d83ca4a5200fe4828b5f7e31afce8fcfcf72,6a7458aebaa10ebcc76a6d226fd20a8e6168750a89bacc574882c405bc40e8f4,6a7458aebaa10ebcc76a6d226fd20a8e6168750a89bacc574882c405bc40e8f4,6a7458aebaa10ebcc76a6d226fd20a8e6168750a89bacc574882c405bc40e8f4,bf0630beb52372c3453c4d395f8a77d60030282c3d46201d3fc218055acf60ee,direct_provider,dashscope,https://dashscope.aliyuncs.com/compatible-mode/v1,qwen3.7-max,https://dashscope.aliyuncs.com/compatible-mode/v1/chat/completions,qwen3.7-max,460fcbdb2292588d3356bf33464f23d8d6279a1f2188e11f9a1ff121452a2423,71aa9cbc0f0da53c5949b6545a569c3cf94a778a6ead9faea79db09fcc74a0db,ddfd5de40cdb4c18b26ca6ad4cfe860ea517f64a63c6b8d5288fc91b7539eaa6,explicit,0.7,4096,omitted,,omitted,,omitted,,omitted,,omitted,,omitted,,omitted,,omitted,,omitted,,False,dashscope_enable_thinking_false,e2146d526bd896be1b7b059a2c4d87319a36bf94bc6aef96d3136bf76e6853a4,provider_not_exposed,provider_not_exposed,False,,False,False,False,disabled,,,,0,0,0,0,0,0,none,mature_ssr_loop_protocol_v1_ecvs_safe_visible_only,0,0,0,0,0,0,0,,0,,0,"[""REQ_03_DKX4J4UR"", ""LOCK_03_RU4J4"", ""SCOPE_03_X4J4U"", ""CHECK_03_KX4J4"", ""ANCHOR_03_U4J4X"", ""EDGE_03_4J4UR"", ""FRONTIER_03_RU4J4X"", ""MERGE_03_DKXRU4"", ""VERIFY_03_4J4UR"", ""PLAN_03_J4XKD"", ""CONTRACT_03_DKX4J"", ""FINAL_03_RU4JUR""]",[],0,[],0,[],0,[],0,1,URLError: <urlopen error [Errno 1] Operation not permitted>,rerun_required,backend_error,fd7fea7adb513f3a076cd16121525a2bd2a66a5d6f5225e65da19fd67841faff,7c077ca2308714493d07163e1033c4282bd869ff6d477b3e77408587f95e2930,7c077ca2308714493d07163e1033c4282bd869ff6d477b3e77408587f95e2930,78b9c6a3aacba408617f72ae758c3638598dbade3a6cbb06098ca77fc0251e8c,4ab8150c8b96dd7efcc2ea1ccce5eefa5de679ca3d0e4706e66d6b83004829fc,released_raw_outputs/model_outputs/_probe_ecvs_qwen37max_harder_stress_v1_visiblecarry_vs_maturessrloop_15task_2method_3budget_1run/qwen37max/mature_ssr_loop__harder_stress_v1_frontierpp_03_policy_alias_cascade__run_1__budget_600.jsonl,1,31b4e1c594a04aaaf321d7c36696dabfb80e8134b24d6a8f3c73e94315728830,2adb619e190ab1c8258f93f624886df7ff3eb5ebad4f825245512ad4cf6cc5b8,186b40b85540c49d91d423d68d43d33273b6134ae586cccc52564e3f09e950c1,_probe_ecvs_qwen37max_harder_stress_v1_visiblecarry_vs_maturessrloop_15task_2method_3budget_1run,ssr_loop,d239781121d1d6a6cd4cbcab5e859463831be69b2bcfc1a1884a2ada2c1ef299,43215e9b88bd006bc5c3b5a9badbe1cde279eec840123cd1239ba938d210cce2,"{""boundary_constraint_count"": 4, ""budgets_supported"": [300, 600, 1200], ""conditional_constraint_count"": 3, ""decoy_count"": 9, ""difficulty_factors"": [""decoy_overload"", ""overwrite_update"", ""conditional_allowed_state"", ""forbidden_boundary_pressure"", ""plan_consistency"", ""delayed_critical_constraint"", ""budget_pressure""], ""files_touched_estimate"": 2, ""method_specific_selection_used"": false, ""model_outcomes_used"": false, ""required_output_size"": 12, ""segment_count"": 15, ""source_candidate_id"": ""frontier_candidate_policy_alias_cascade"", ""strict_json_contract"": true, ""update_count"": 4}",649fa93b196242a19e144bd5297cf90abac45ad4aab2596921bacaa4f809894a,1,mature_ssr_loop_protocol_v1_ecvs_safe_visible_only,,,,,,,,
_probe_ecvs_qwen37max_harder_stress_v1_visiblecarry_vs_maturessrloop_15task_2method_3budget_1run:qwen37max:mature_ssr_loop:harder_stress_v1_frontierpp_04_export_retention_window:budget_1200:run_1,qwen37max,harder_stress_v1_frontierpp_04_export_retention_window,diagnostic_controlled_frontier_plus,frontier_plus,data_export_retention,,mature_ssr_loop,mature_ssr_loop,1200,1,2026-06-19T09:08:00.592588+00:00,2026-06-19T09:08:02.612229+00:00,2026-06-19T09:08:00.592628+00:00,2026-06-19T09:08:02.608535+00:00,0.011,33146312feffa160a32e762c32a2b0a3b61464eaaeb147e93bec4f257a858730,dfcad272c2813c709c37e6d994119ece9987e5095caeb996afe26649a02c87b4,24c2aa4fdaf72321ee311eeeb023714d65b6477b681b763519a40c830f2f1974,27ad11c73cb4b091af35050d306e237e1caf7a44b33ce239e27ce40d49de9045,13f1018ec6fe4d0c31897e93540163cf73d51b95bbc90fc1d9b880c796c99599,64a026a4236b1b40dd4c84896182d83ca4a5200fe4828b5f7e31afce8fcfcf72,6a7458aebaa10ebcc76a6d226fd20a8e6168750a89bacc574882c405bc40e8f4,6a7458aebaa10ebcc76a6d226fd20a8e6168750a89bacc574882c405bc40e8f4,6a7458aebaa10ebcc76a6d226fd20a8e6168750a89bacc574882c405bc40e8f4,bf0630beb52372c3453c4d395f8a77d60030282c3d46201d3fc218055acf60ee,direct_provider,dashscope,https://dashscope.aliyuncs.com/compatible-mode/v1,qwen3.7-max,https://dashscope.aliyuncs.com/compatible-mode/v1/chat/completions,qwen3.7-max,460fcbdb2292588d3356bf33464f23d8d6279a1f2188e11f9a1ff121452a2423,71aa9cbc0f0da53c5949b6545a569c3cf94a778a6ead9faea79db09fcc74a0db,ddfd5de40cdb4c18b26ca6ad4cfe860ea517f64a63c6b8d5288fc91b7539eaa6,explicit,0.7,4096,omitted,,omitted,,omitted,,omitted,,omitted,,omitted,,omitted,,omitted,,omitted,,False,dashscope_enable_thinking_false,e2146d526bd896be1b7b059a2c4d87319a36bf94bc6aef96d3136bf76e6853a4,provider_not_exposed,provider_not_exposed,False,,False,False,False,disabled,,,,0,0,0,0,0,0,none,mature_ssr_loop_protocol_v1_ecvs_safe_visible_only,0,0,0,0,0,0,0,,0,,0,"[""REQ_04_KMDM3RZJ"", ""LOCK_04_JZR3M"", ""SCOPE_04_DM3RZ"", ""CHECK_04_MDM3R"", ""ANCHOR_04_ZR3MD"", ""EDGE_04_M3RZJ"", ""FRONTIER_04_JZR3MD"", ""MERGE_04_KMDJZR"", ""VERIFY_04_M3RZJ"", ""PLAN_04_3MDMK"", ""CONTRACT_04_KMDM3"", ""FINAL_04_JZR3ZJ""]",[],0,[],0,[],0,[],0,1,URLError: <urlopen error [Errno 1] Operation not permitted>,rerun_required,backend_error,b46732392fe33ed248dd9498734d4259d31971fa2e205b32e643ff7144a0d56e,7c077ca2308714493d07163e1033c4282bd869ff6d477b3e77408587f95e2930,7c077ca2308714493d07163e1033c4282bd869ff6d477b3e77408587f95e2930,78b9c6a3aacba408617f72ae758c3638598dbade3a6cbb06098ca77fc0251e8c,e2c20f399c9cfd89e82cbbbe4d9ba02ab91622bb25b7702f22e108975bb1fefc,released_raw_outputs/model_outputs/_probe_ecvs_qwen37max_harder_stress_v1_visiblecarry_vs_maturessrloop_15task_2method_3budget_1run/qwen37max/mature_ssr_loop__harder_stress_v1_frontierpp_04_export_retention_window__run_1__budget_1200.jsonl,1,da049f803fb984bdd1e177b45c861f5ac60eae86df203e98f34da350a9e4232e,6449eedbabdab3cb71a121cd72fa92ac3224d29ec020c5ae3fd4a3314d5218c7,05de13da060068d0728bbb33991b087eefc93de570c66e10d54c1df5a19819ac,_probe_ecvs_qwen37max_harder_stress_v1_visiblecarry_vs_maturessrloop_15task_2method_3budget_1run,ssr_loop,d239781121d1d6a6cd4cbcab5e859463831be69b2bcfc1a1884a2ada2c1ef299,49f67b0d9ee6664926a59c59d7f03291c4428ad22afa5cdd731d87f14c126097,"{""boundary_constraint_count"": 5, ""budgets_supported"": [300, 600, 1200], ""conditional_constraint_count"": 3, ""decoy_count"": 9, ""difficulty_factors"": [""decoy_overload"", ""overwrite_update"", ""conditional_allowed_state"", ""forbidden_boundary_pressure"", ""multi_file_component_consistency"", ""final_output_contract_pressure"", ""budget_pressure""], ""files_touched_estimate"": 3, ""method_specific_selection_used"": false, ""model_outcomes_used"": false, ""required_output_size"": 12, ""segment_count"": 15, ""source_candidate_id"": ""frontier_candidate_export_retention_window"", ""strict_json_contract"": true, ""update_count"": 4}",649fa93b196242a19e144bd5297cf90abac45ad4aab2596921bacaa4f809894a,1,mature_ssr_loop_protocol_v1_ecvs_safe_visible_only,,,,,,,,
_probe_ecvs_qwen37max_harder_stress_v1_visiblecarry_vs_maturessrloop_15task_2method_3budget_1run:qwen37max:mature_ssr_loop:harder_stress_v1_frontierpp_04_export_retention_window:budget_300:run_1,qwen37max,harder_stress_v1_frontierpp_04_export_retention_window,diagnostic_controlled_frontier_plus,frontier_plus,data_export_retention,,mature_ssr_loop,mature_ssr_loop,300,1,2026-06-19T09:08:00.591473+00:00,2026-06-19T09:08:02.610459+00:00,2026-06-19T09:08:00.591517+00:00,2026-06-19T09:08:02.598797+00:00,0.003,33146312feffa160a32e762c32a2b0a3b61464eaaeb147e93bec4f257a858730,dfcad272c2813c709c37e6d994119ece9987e5095caeb996afe26649a02c87b4,24c2aa4fdaf72321ee311eeeb023714d65b6477b681b763519a40c830f2f1974,27ad11c73cb4b091af35050d306e237e1caf7a44b33ce239e27ce40d49de9045,3ab5f1164a344bbbafbf11c236e4bae041a2b5bef6eedadc5991d586ba635827,64a026a4236b1b40dd4c84896182d83ca4a5200fe4828b5f7e31afce8fcfcf72,6a7458aebaa10ebcc76a6d226fd20a8e6168750a89bacc574882c405bc40e8f4,6a7458aebaa10ebcc76a6d226fd20a8e6168750a89bacc574882c405bc40e8f4,6a7458aebaa10ebcc76a6d226fd20a8e6168750a89bacc574882c405bc40e8f4,bf0630beb52372c3453c4d395f8a77d60030282c3d46201d3fc218055acf60ee,direct_provider,dashscope,https://dashscope.aliyuncs.com/compatible-mode/v1,qwen3.7-max,https://dashscope.aliyuncs.com/compatible-mode/v1/chat/completions,qwen3.7-max,460fcbdb2292588d3356bf33464f23d8d6279a1f2188e11f9a1ff121452a2423,71aa9cbc0f0da53c5949b6545a569c3cf94a778a6ead9faea79db09fcc74a0db,ddfd5de40cdb4c18b26ca6ad4cfe860ea517f64a63c6b8d5288fc91b7539eaa6,explicit,0.7,4096,omitted,,omitted,,omitted,,omitted,,omitted,,omitted,,omitted,,omitted,,omitted,,False,dashscope_enable_thinking_false,e2146d526bd896be1b7b059a2c4d87319a36bf94bc6aef96d3136bf76e6853a4,provider_not_exposed,provider_not_exposed,False,,False,False,False,disabled,,,,0,0,0,0,0,0,none,mature_ssr_loop_protocol_v1_ecvs_safe_visible_only,0,0,0,0,0,0,0,,0,,0,"[""REQ_04_KMDM3RZJ"", ""LOCK_04_JZR3M"", ""SCOPE_04_DM3RZ"", ""CHECK_04_MDM3R"", ""ANCHOR_04_ZR3MD"", ""EDGE_04_M3RZJ"", ""FRONTIER_04_JZR3MD"", ""MERGE_04_KMDJZR"", ""VERIFY_04_M3RZJ"", ""PLAN_04_3MDMK"", ""CONTRACT_04_KMDM3"", ""FINAL_04_JZR3ZJ""]",[],0,[],0,[],0,[],0,1,URLError: <urlopen error [Errno 1] Operation not permitted>,rerun_required,backend_error,2274093d0eaf07031bbf86dcbc97152b285a2fec46750e330c2aacb5210865b3,7c077ca2308714493d07163e1033c4282bd869ff6d477b3e77408587f95e2930,7c077ca2308714493d07163e1033c4282bd869ff6d477b3e77408587f95e2930,78b9c6a3aacba408617f72ae758c3638598dbade3a6cbb06098ca77fc0251e8c,ab45f1bad00dd6b73ba5a5d9d1da014c7c520485a12424328262abe1770f012a,released_raw_outputs/model_outputs/_probe_ecvs_qwen37max_harder_stress_v1_visiblecarry_vs_maturessrloop_15task_2method_3budget_1run/qwen37max/mature_ssr_loop__harder_stress_v1_frontierpp_04_export_retention_window__run_1__budget_300.jsonl,1,b87250689436eece83fb6dd855293f21dfbf3c08f0656b4ca023a2022a04d57b,c84c84bf84a27ca7c8683d31a8807e9af0ad8c1189d5700d92d7530d69976526,2e5edd9353bd926c6cb7b1ec11956ad2ddf9503fd356b6abf278b2e642e5f060,_probe_ecvs_qwen37max_harder_stress_v1_visiblecarry_vs_maturessrloop_15task_2method_3budget_1run,ssr_loop,d239781121d1d6a6cd4cbcab5e859463831be69b2bcfc1a1884a2ada2c1ef299,49f67b0d9ee6664926a59c59d7f03291c4428ad22afa5cdd731d87f14c126097,"{""boundary_constraint_count"": 5, ""budgets_supported"": [300, 600, 1200], ""conditional_constraint_count"": 3, ""decoy_count"": 9, ""difficulty_factors"": [""decoy_overload"", ""overwrite_update"", ""conditional_allowed_state"", ""forbidden_boundary_pressure"", ""multi_file_component_consistency"", ""final_output_contract_pressure"", ""budget_pressure""], ""files_touched_estimate"": 3, ""method_specific_selection_used"": false, ""model_outcomes_used"": false, ""required_output_size"": 12, ""segment_count"": 15, ""source_candidate_id"": ""frontier_candidate_export_retention_window"", ""strict_json_contract"": true, ""update_count"": 4}",649fa93b196242a19e144bd5297cf90abac45ad4aab2596921bacaa4f809894a,1,mature_ssr_loop_protocol_v1_ecvs_safe_visible_only,,,,,,,,
_probe_ecvs_qwen37max_harder_stress_v1_visiblecarry_vs_maturessrloop_15task_2method_3budget_1run:qwen37max:mature_ssr_loop:harder_stress_v1_frontierpp_04_export_retention_window:budget_600:run_1,qwen37max,harder_stress_v1_frontierpp_04_export_retention_window,diagnostic_controlled_frontier_plus,frontier_plus,data_export_retention,,mature_ssr_loop,mature_ssr_loop,600,1,2026-06-19T09:08:00.592212+00:00,2026-06-19T09:08:02.606068+00:00,2026-06-19T09:08:00.592259+00:00,2026-06-19T09:08:02.600324+00:00,0.003,33146312feffa160a32e762c32a2b0a3b61464eaaeb147e93bec4f257a858730,dfcad272c2813c709c37e6d994119ece9987e5095caeb996afe26649a02c87b4,24c2aa4fdaf72321ee311eeeb023714d65b6477b681b763519a40c830f2f1974,27ad11c73cb4b091af35050d306e237e1caf7a44b33ce239e27ce40d49de9045,8b3f435042f13119df5f49f16a7f9351c0d5dd0183c178d717ecce1e0d25251b,64a026a4236b1b40dd4c84896182d83ca4a5200fe4828b5f7e31afce8fcfcf72,6a7458aebaa10ebcc76a6d226fd20a8e6168750a89bacc574882c405bc40e8f4,6a7458aebaa10ebcc76a6d226fd20a8e6168750a89bacc574882c405bc40e8f4,6a7458aebaa10ebcc76a6d226fd20a8e6168750a89bacc574882c405bc40e8f4,bf0630beb52372c3453c4d395f8a77d60030282c3d46201d3fc218055acf60ee,direct_provider,dashscope,https://dashscope.aliyuncs.com/compatible-mode/v1,qwen3.7-max,https://dashscope.aliyuncs.com/compatible-mode/v1/chat/completions,qwen3.7-max,460fcbdb2292588d3356bf33464f23d8d6279a1f2188e11f9a1ff121452a2423,71aa9cbc0f0da53c5949b6545a569c3cf94a778a6ead9faea79db09fcc74a0db,ddfd5de40cdb4c18b26ca6ad4cfe860ea517f64a63c6b8d5288fc91b7539eaa6,explicit,0.7,4096,omitted,,omitted,,omitted,,omitted,,omitted,,omitted,,omitted,,omitted,,omitted,,False,dashscope_enable_thinking_false,e2146d526bd896be1b7b059a2c4d87319a36bf94bc6aef96d3136bf76e6853a4,provider_not_exposed,provider_not_exposed,False,,False,False,False,disabled,,,,0,0,0,0,0,0,none,mature_ssr_loop_protocol_v1_ecvs_safe_visible_only,0,0,0,0,0,0,0,,0,,0,"[""REQ_04_KMDM3RZJ"", ""LOCK_04_JZR3M"", ""SCOPE_04_DM3RZ"", ""CHECK_04_MDM3R"", ""ANCHOR_04_ZR3MD"", ""EDGE_04_M3RZJ"", ""FRONTIER_04_JZR3MD"", ""MERGE_04_KMDJZR"", ""VERIFY_04_M3RZJ"", ""PLAN_04_3MDMK"", ""CONTRACT_04_KMDM3"", ""FINAL_04_JZR3ZJ""]",[],0,[],0,[],0,[],0,1,URLError: <urlopen error [Errno 1] Operation not permitted>,rerun_required,backend_error,cce1851fc2ece837543e05d8cacc59c6b5121882a96a0a374c277b2c6e0b6403,7c077ca2308714493d07163e1033c4282bd869ff6d477b3e77408587f95e2930,7c077ca2308714493d07163e1033c4282bd869ff6d477b3e77408587f95e2930,78b9c6a3aacba408617f72ae758c3638598dbade3a6cbb06098ca77fc0251e8c,8b0de6011eb5318fd03a37f716145403992984143e18a3f268f1210f3fedf530,released_raw_outputs/model_outputs/_probe_ecvs_qwen37max_harder_stress_v1_visiblecarry_vs_maturessrloop_15task_2method_3budget_1run/qwen37max/mature_ssr_loop__harder_stress_v1_frontierpp_04_export_retention_window__run_1__budget_600.jsonl,1,0544183ef64feb177b710bd4db265c3af34fe5c5ef5bb7aaf380a8ee71c8881e,e49a123627be9a9d1c738ea1009d4cc1d0c85000f55ee0b9252374c4f81da37c,21ae5aece29bc138a440ce0179ae597f54b0f99e5e87efe41f7c00a70c8d1802,_probe_ecvs_qwen37max_harder_stress_v1_visiblecarry_vs_maturessrloop_15task_2method_3budget_1run,ssr_loop,d239781121d1d6a6cd4cbcab5e859463831be69b2bcfc1a1884a2ada2c1ef299,49f67b0d9ee6664926a59c59d7f03291c4428ad22afa5cdd731d87f14c126097,"{""boundary_constraint_count"": 5, ""budgets_supported"": [300, 600, 1200], ""conditional_constraint_count"": 3, ""decoy_count"": 9, ""difficulty_factors"": [""decoy_overload"", ""overwrite_update"", ""conditional_allowed_state"", ""forbidden_boundary_pressure"", ""multi_file_component_consistency"", ""final_output_contract_pressure"", ""budget_pressure""], ""files_touched_estimate"": 3, ""method_specific_selection_used"": false, ""model_outcomes_used"": false, ""required_output_size"": 12, ""segment_count"": 15, ""source_candidate_id"": ""frontier_candidate_export_retention_window"", ""strict_json_contract"": true, ""update_count"": 4}",649fa93b196242a19e144bd5297cf90abac45ad4aab2596921bacaa4f809894a,1,mature_ssr_loop_protocol_v1_ecvs_safe_visible_only,,,,,,,,
_probe_ecvs_qwen37max_harder_stress_v1_visiblecarry_vs_maturessrloop_15task_2method_3budget_1run:qwen37max:mature_ssr_loop:harder_stress_v1_frontierpp_05_telemetry_redaction_contract:budget_1200:run_1,qwen37max,harder_stress_v1_frontierpp_05_telemetry_redaction_contract,diagnostic_controlled_frontier_plus,frontier_plus,telemetry_redaction,,mature_ssr_loop,mature_ssr_loop,1200,1,2026-06-19T09:08:00.593730+00:00,2026-06-19T09:08:02.614937+00:00,2026-06-19T09:08:00.593761+00:00,2026-06-19T09:08:02.605809+00:00,0.009,33146312feffa160a32e762c32a2b0a3b61464eaaeb147e93bec4f257a858730,f965325b583ede54ed427a7918ac3a249995541cdc943e16053d462217d5b663,24c2aa4fdaf72321ee311eeeb023714d65b6477b681b763519a40c830f2f1974,7cd1793139610562c40bfcbc61b02070ed36273bf01796fd75b7b37f9c1e2624,3097aa474c0a87de62f16fd39f6380b28a1c2f278aa03c154a1f34002e18ad34,64a026a4236b1b40dd4c84896182d83ca4a5200fe4828b5f7e31afce8fcfcf72,6a7458aebaa10ebcc76a6d226fd20a8e6168750a89bacc574882c405bc40e8f4,6a7458aebaa10ebcc76a6d226fd20a8e6168750a89bacc574882c405bc40e8f4,6a7458aebaa10ebcc76a6d226fd20a8e6168750a89bacc574882c405bc40e8f4,bf0630beb52372c3453c4d395f8a77d60030282c3d46201d3fc218055acf60ee,direct_provider,dashscope,https://dashscope.aliyuncs.com/compatible-mode/v1,qwen3.7-max,https://dashscope.aliyuncs.com/compatible-mode/v1/chat/completions,qwen3.7-max,460fcbdb2292588d3356bf33464f23d8d6279a1f2188e11f9a1ff121452a2423,71aa9cbc0f0da53c5949b6545a569c3cf94a778a6ead9faea79db09fcc74a0db,ddfd5de40cdb4c18b26ca6ad4cfe860ea517f64a63c6b8d5288fc91b7539eaa6,explicit,0.7,4096,omitted,,omitted,,omitted,,omitted,,omitted,,omitted,,omitted,,omitted,,omitted,,False,dashscope_enable_thinking_false,e2146d526bd896be1b7b059a2c4d87319a36bf94bc6aef96d3136bf76e6853a4,provider_not_exposed,provider_not_exposed,False,,False,False,False,disabled,,,,0,0,0,0,0,0,none,mature_ssr_loop_protocol_v1_ecvs_safe_visible_only,0,0,0,0,0,0,0,,0,,0,"[""REQ_05_39GLLQGQ"", ""LOCK_05_QGQLL"", ""SCOPE_05_GLLQG"", ""CHECK_05_9GLLQ"", ""ANCHOR_05_GQLLG"", ""EDGE_05_LLQGQ"", ""FRONTIER_05_QGQLLG"", ""MERGE_05_39GQGQ"", ""VERIFY_05_LLQGQ"", ""PLAN_05_LLG93"", ""CONTRACT_05_39GLL"", ""FINAL_05_QGQLGQ""]",[],0,[],0,[],0,[],0,1,URLError: <urlopen error [Errno 1] Operation not permitted>,rerun_required,backend_error,7db334a51670146eb04d1bd8db359a1aaa001b8f52abb56aba66d06bfa502137,7c077ca2308714493d07163e1033c4282bd869ff6d477b3e77408587f95e2930,7c077ca2308714493d07163e1033c4282bd869ff6d477b3e77408587f95e2930,78b9c6a3aacba408617f72ae758c3638598dbade3a6cbb06098ca77fc0251e8c,85d4f5a1de373fb3cdfe2285819e65a3f3aeabd15adf3cc66911312fab34515e,released_raw_outputs/model_outputs/_probe_ecvs_qwen37max_harder_stress_v1_visiblecarry_vs_maturessrloop_15task_2method_3budget_1run/qwen37max/mature_ssr_loop__harder_stress_v1_frontierpp_05_telemetry_redaction_contract__run_1__budget_1200.jsonl,1,ddfb6d7b88af52c77b8de1be7de603d9faf25fde9735922202e190cb1d32cd2e,e985da2f98cecd63ccc6c8873f3a84631e80d07000c01cf88713e161d95b94e3,ace6f70963c76e99ac8e965fbdb368dacca9842a56423d77ae81f0236049c866,_probe_ecvs_qwen37max_harder_stress_v1_visiblecarry_vs_maturessrloop_15task_2method_3budget_1run,ssr_loop,d239781121d1d6a6cd4cbcab5e859463831be69b2bcfc1a1884a2ada2c1ef299,b6d2f7a793eeef90f26127696b8808792e0f4a2cdbffdb2547e0cfa18850f30e,"{""boundary_constraint_count"": 6, ""budgets_supported"": [300, 600, 1200], ""conditional_constraint_count"": 4, ""decoy_count"": 10, ""difficulty_factors"": [""decoy_overload"", ""overwrite_update"", ""conditional_allowed_state"", ""forbidden_boundary_pressure"", ""multi_file_component_consistency"", ""plan_consistency"", ""budget_pressure""], ""files_touched_estimate"": 2, ""method_specific_selection_used"": false, ""model_outcomes_used"": false, ""required_output_size"": 12, ""segment_count"": 16, ""source_candidate_id"": ""frontier_candidate_telemetry_redaction_contract"", ""strict_json_contract"": true, ""update_count"": 4}",649fa93b196242a19e144bd5297cf90abac45ad4aab2596921bacaa4f809894a,1,mature_ssr_loop_protocol_v1_ecvs_safe_visible_only,,,,,,,,
_probe_ecvs_qwen37max_harder_stress_v1_visiblecarry_vs_maturessrloop_15task_2method_3budget_1run:qwen37max:mature_ssr_loop:harder_stress_v1_frontierpp_05_telemetry_redaction_contract:budget_300:run_1,qwen37max,harder_stress_v1_frontierpp_05_telemetry_redaction_contract,diagnostic_controlled_frontier_plus,frontier_plus,telemetry_redaction,,mature_ssr_loop,mature_ssr_loop,300,1,2026-06-19T09:08:00.593443+00:00,2026-06-19T09:08:02.609875+00:00,2026-06-19T09:08:00.593477+00:00,2026-06-19T09:08:02.600832+00:00,0.003,33146312feffa160a32e762c32a2b0a3b61464eaaeb147e93bec4f257a858730,f965325b583ede54ed427a7918ac3a249995541cdc943e16053d462217d5b663,24c2aa4fdaf72321ee311eeeb023714d65b6477b681b763519a40c830f2f1974,7cd1793139610562c40bfcbc61b02070ed36273bf01796fd75b7b37f9c1e2624,6cdcb7f65d69aaef42cdeed866cf0dbb5c4ccd0d545d45e34d5241afb31d483a,64a026a4236b1b40dd4c84896182d83ca4a5200fe4828b5f7e31afce8fcfcf72,6a7458aebaa10ebcc76a6d226fd20a8e6168750a89bacc574882c405bc40e8f4,6a7458aebaa10ebcc76a6d226fd20a8e6168750a89bacc574882c405bc40e8f4,6a7458aebaa10ebcc76a6d226fd20a8e6168750a89bacc574882c405bc40e8f4,bf0630beb52372c3453c4d395f8a77d60030282c3d46201d3fc218055acf60ee,direct_provider,dashscope,https://dashscope.aliyuncs.com/compatible-mode/v1,qwen3.7-max,https://dashscope.aliyuncs.com/compatible-mode/v1/chat/completions,qwen3.7-max,460fcbdb2292588d3356bf33464f23d8d6279a1f2188e11f9a1ff121452a2423,71aa9cbc0f0da53c5949b6545a569c3cf94a778a6ead9faea79db09fcc74a0db,ddfd5de40cdb4c18b26ca6ad4cfe860ea517f64a63c6b8d5288fc91b7539eaa6,explicit,0.7,4096,omitted,,omitted,,omitted,,omitted,,omitted,,omitted,,omitted,,omitted,,omitted,,False,dashscope_enable_thinking_false,e2146d526bd896be1b7b059a2c4d87319a36bf94bc6aef96d3136bf76e6853a4,provider_not_exposed,provider_not_exposed,False,,False,False,False,disabled,,,,0,0,0,0,0,0,none,mature_ssr_loop_protocol_v1_ecvs_safe_visible_only,0,0,0,0,0,0,0,,0,,0,"[""REQ_05_39GLLQGQ"", ""LOCK_05_QGQLL"", ""SCOPE_05_GLLQG"", ""CHECK_05_9GLLQ"", ""ANCHOR_05_GQLLG"", ""EDGE_05_LLQGQ"", ""FRONTIER_05_QGQLLG"", ""MERGE_05_39GQGQ"", ""VERIFY_05_LLQGQ"", ""PLAN_05_LLG93"", ""CONTRACT_05_39GLL"", ""FINAL_05_QGQLGQ""]",[],0,[],0,[],0,[],0,1,URLError: <urlopen error [Errno 1] Operation not permitted>,rerun_required,backend_error,3b61958888e6da3728023127a02fbe0228ea1e352147b43b0653905de53cb8ae,7c077ca2308714493d07163e1033c4282bd869ff6d477b3e77408587f95e2930,7c077ca2308714493d07163e1033c4282bd869ff6d477b3e77408587f95e2930,78b9c6a3aacba408617f72ae758c3638598dbade3a6cbb06098ca77fc0251e8c,f52cf19197d0654f921113118eb8a61bfc3cb619304fbb2a91a4ab68e103e3ba,released_raw_outputs/model_outputs/_probe_ecvs_qwen37max_harder_stress_v1_visiblecarry_vs_maturessrloop_15task_2method_3budget_1run/qwen37max/mature_ssr_loop__harder_stress_v1_frontierpp_05_telemetry_redaction_contract__run_1__budget_300.jsonl,1,0a831bcbbc93989bc6b52272e42fa9e124e05ed36723356b823fe244c2a124f6,f1c2001d30667e23fe9ec17d2d9b098c1ae0d995f902c56315604683fda87796,d1c3ff91e4e4e755537d787eb0fe5e1c5752519c0c827aa4530484062ea35205,_probe_ecvs_qwen37max_harder_stress_v1_visiblecarry_vs_maturessrloop_15task_2method_3budget_1run,ssr_loop,d239781121d1d6a6cd4cbcab5e859463831be69b2bcfc1a1884a2ada2c1ef299,b6d2f7a793eeef90f26127696b8808792e0f4a2cdbffdb2547e0cfa18850f30e,"{""boundary_constraint_count"": 6, ""budgets_supported"": [300, 600, 1200], ""conditional_constraint_count"": 4, ""decoy_count"": 10, ""difficulty_factors"": [""decoy_overload"", ""overwrite_update"", ""conditional_allowed_state"", ""forbidden_boundary_pressure"", ""multi_file_component_consistency"", ""plan_consistency"", ""budget_pressure""], ""files_touched_estimate"": 2, ""method_specific_selection_used"": false, ""model_outcomes_used"": false, ""required_output_size"": 12, ""segment_count"": 16, ""source_candidate_id"": ""frontier_candidate_telemetry_redaction_contract"", ""strict_json_contract"": true, ""update_count"": 4}",649fa93b196242a19e144bd5297cf90abac45ad4aab2596921bacaa4f809894a,1,mature_ssr_loop_protocol_v1_ecvs_safe_visible_only,,,,,,,,
_probe_ecvs_qwen37max_harder_stress_v1_visiblecarry_vs_maturessrloop_15task_2method_3budget_1run:qwen37max:mature_ssr_loop:harder_stress_v1_frontierpp_05_telemetry_redaction_contract:budget_600:run_1,qwen37max,harder_stress_v1_frontierpp_05_telemetry_redaction_contract,diagnostic_controlled_frontier_plus,frontier_plus,telemetry_redaction,,mature_ssr_loop,mature_ssr_loop,600,1,2026-06-19T09:08:00.593547+00:00,2026-06-19T09:08:02.607550+00:00,2026-06-19T09:08:00.593584+00:00,2026-06-19T09:08:02.600588+00:00,0.005,33146312feffa160a32e762c32a2b0a3b61464eaaeb147e93bec4f257a858730,f965325b583ede54ed427a7918ac3a249995541cdc943e16053d462217d5b663,24c2aa4fdaf72321ee311eeeb023714d65b6477b681b763519a40c830f2f1974,7cd1793139610562c40bfcbc61b02070ed36273bf01796fd75b7b37f9c1e2624,36dd242e4a5512175d732368096e8d9bbdb7e90d3a427658b1d7bde637333d3f,64a026a4236b1b40dd4c84896182d83ca4a5200fe4828b5f7e31afce8fcfcf72,6a7458aebaa10ebcc76a6d226fd20a8e6168750a89bacc574882c405bc40e8f4,6a7458aebaa10ebcc76a6d226fd20a8e6168750a89bacc574882c405bc40e8f4,6a7458aebaa10ebcc76a6d226fd20a8e6168750a89bacc574882c405bc40e8f4,bf0630beb52372c3453c4d395f8a77d60030282c3d46201d3fc218055acf60ee,direct_provider,dashscope,https://dashscope.aliyuncs.com/compatible-mode/v1,qwen3.7-max,https://dashscope.aliyuncs.com/compatible-mode/v1/chat/completions,qwen3.7-max,460fcbdb2292588d3356bf33464f23d8d6279a1f2188e11f9a1ff121452a2423,71aa9cbc0f0da53c5949b6545a569c3cf94a778a6ead9faea79db09fcc74a0db,ddfd5de40cdb4c18b26ca6ad4cfe860ea517f64a63c6b8d5288fc91b7539eaa6,explicit,0.7,4096,omitted,,omitted,,omitted,,omitted,,omitted,,omitted,,omitted,,omitted,,omitted,,False,dashscope_enable_thinking_false,e2146d526bd896be1b7b059a2c4d87319a36bf94bc6aef96d3136bf76e6853a4,provider_not_exposed,provider_not_exposed,False,,False,False,False,disabled,,,,0,0,0,0,0,0,none,mature_ssr_loop_protocol_v1_ecvs_safe_visible_only,0,0,0,0,0,0,0,,0,,0,"[""REQ_05_39GLLQGQ"", ""LOCK_05_QGQLL"", ""SCOPE_05_GLLQG"", ""CHECK_05_9GLLQ"", ""ANCHOR_05_GQLLG"", ""EDGE_05_LLQGQ"", ""FRONTIER_05_QGQLLG"", ""MERGE_05_39GQGQ"", ""VERIFY_05_LLQGQ"", ""PLAN_05_LLG93"", ""CONTRACT_05_39GLL"", ""FINAL_05_QGQLGQ""]",[],0,[],0,[],0,[],0,1,URLError: <urlopen error [Errno 1] Operation not permitted>,rerun_required,backend_error,9f0771fa9bdcc55a0bbb7ba8e057688e1ce0d1c9899ff1ec5e26546a4b3fa8ad,7c077ca2308714493d07163e1033c4282bd869ff6d477b3e77408587f95e2930,7c077ca2308714493d07163e1033c4282bd869ff6d477b3e77408587f95e2930,78b9c6a3aacba408617f72ae758c3638598dbade3a6cbb06098ca77fc0251e8c,e2dd949940dab7b1e49d974f3f68a11fd49a4049acb75049d9ea690291ffc30e,released_raw_outputs/model_outputs/_probe_ecvs_qwen37max_harder_stress_v1_visiblecarry_vs_maturessrloop_15task_2method_3budget_1run/qwen37max/mature_ssr_loop__harder_stress_v1_frontierpp_05_telemetry_redaction_contract__run_1__budget_600.jsonl,1,d606d35ae44ebf85a75a411c5d2fe152573da4bd99c9815d737daad5bce4464c,54241711dfc7c81e5b0166bb2f70ddabef64199a6b341068f52251c205e91901,54fb55e022adadf3b99a3d22f2adc26f1b09dc0b9096137769167619227d0fb8,_probe_ecvs_qwen37max_harder_stress_v1_visiblecarry_vs_maturessrloop_15task_2method_3budget_1run,ssr_loop,d239781121d1d6a6cd4cbcab5e859463831be69b2bcfc1a1884a2ada2c1ef299,b6d2f7a793eeef90f26127696b8808792e0f4a2cdbffdb2547e0cfa18850f30e,"{""boundary_constraint_count"": 6, ""budgets_supported"": [300, 600, 1200], ""conditional_constraint_count"": 4, ""decoy_count"": 10, ""difficulty_factors"": [""decoy_overload"", ""overwrite_update"", ""conditional_allowed_state"", ""forbidden_boundary_pressure"", ""multi_file_component_consistency"", ""plan_consistency"", ""budget_pressure""], ""files_touched_estimate"": 2, ""method_specific_selection_used"": false, ""model_outcomes_used"": false, ""required_output_size"": 12, ""segment_count"": 16, ""source_candidate_id"": ""frontier_candidate_telemetry_redaction_contract"", ""strict_json_contract"": true, ""update_count"": 4}",649fa93b196242a19e144bd5297cf90abac45ad4aab2596921bacaa4f809894a,1,mature_ssr_loop_protocol_v1_ecvs_safe_visible_only,,,,,,,,
_probe_ecvs_qwen37max_harder_stress_v1_visiblecarry_vs_maturessrloop_15task_2method_3budget_1run:qwen37max:mature_ssr_loop:harder_stress_v1_frontierpp_06_cache_invalidation_mesh:budget_1200:run_1,qwen37max,harder_stress_v1_frontierpp_06_cache_invalidation_mesh,semi_real_repo_style_controlled_frontier_plus,frontier_plus,multi_store_cache_invalidation,,mature_ssr_loop,mature_ssr_loop,1200,1,2026-06-19T09:08:00.595388+00:00,2026-06-19T09:08:02.619082+00:00,2026-06-19T09:08:00.595429+00:00,2026-06-19T09:08:02.604975+00:00,0.003,33146312feffa160a32e762c32a2b0a3b61464eaaeb147e93bec4f257a858730,fa4b3b010acb2188cd1cfe43babf0aad1df3f23504836440edc4a40a44198158,24c2aa4fdaf72321ee311eeeb023714d65b6477b681b763519a40c830f2f1974,8eed7a82c3da83720b48c2dd49ec5e06093874a55f185d766484ba71bb7869cd,b11a0acd6727ace713825a235f2f0fafb71c3282d041076a2af937527b9e0dc7,64a026a4236b1b40dd4c84896182d83ca4a5200fe4828b5f7e31afce8fcfcf72,6a7458aebaa10ebcc76a6d226fd20a8e6168750a89bacc574882c405bc40e8f4,6a7458aebaa10ebcc76a6d226fd20a8e6168750a89bacc574882c405bc40e8f4,6a7458aebaa10ebcc76a6d226fd20a8e6168750a89bacc574882c405bc40e8f4,bf0630beb52372c3453c4d395f8a77d60030282c3d46201d3fc218055acf60ee,direct_provider,dashscope,https://dashscope.aliyuncs.com/compatible-mode/v1,qwen3.7-max,https://dashscope.aliyuncs.com/compatible-mode/v1/chat/completions,qwen3.7-max,460fcbdb2292588d3356bf33464f23d8d6279a1f2188e11f9a1ff121452a2423,71aa9cbc0f0da53c5949b6545a569c3cf94a778a6ead9faea79db09fcc74a0db,ddfd5de40cdb4c18b26ca6ad4cfe860ea517f64a63c6b8d5288fc91b7539eaa6,explicit,0.7,4096,omitted,,omitted,,omitted,,omitted,,omitted,,omitted,,omitted,,omitted,,omitted,,False,dashscope_enable_thinking_false,e2146d526bd896be1b7b059a2c4d87319a36bf94bc6aef96d3136bf76e6853a4,provider_not_exposed,provider_not_exposed,False,,False,False,False,disabled,,,,0,0,0,0,0,0,none,mature_ssr_loop_protocol_v1_ecvs_safe_visible_only,0,0,0,0,0,0,0,,0,,0,"[""REQ_06_JEG3S4CK"", ""LOCK_06_KC4S3"", ""SCOPE_06_G3S4C"", ""CHECK_06_EG3S4"", ""ANCHOR_06_C4S3G"", ""EDGE_06_3S4CK"", ""FRONTIER_06_KC4S3G"", ""MERGE_06_JEGKC4"", ""VERIFY_06_3S4CK"", ""PLAN_06_S3GEJ"", ""CONTRACT_06_JEG3S"", ""FINAL_06_KC4SCK""]",[],0,[],0,[],0,[],0,1,URLError: <urlopen error [Errno 1] Operation not permitted>,rerun_required,backend_error,c03c85dfabeee1f8a988cd204e24ce2df8e48c4172b915c25a28b0a12cc652ac,7c077ca2308714493d07163e1033c4282bd869ff6d477b3e77408587f95e2930,7c077ca2308714493d07163e1033c4282bd869ff6d477b3e77408587f95e2930,78b9c6a3aacba408617f72ae758c3638598dbade3a6cbb06098ca77fc0251e8c,ca4d3b924327d791cd9c9a83da2dc5ebc6c520f3b857316c4f0396781ab5ea87,released_raw_outputs/model_outputs/_probe_ecvs_qwen37max_harder_stress_v1_visiblecarry_vs_maturessrloop_15task_2method_3budget_1run/qwen37max/mature_ssr_loop__harder_stress_v1_frontierpp_06_cache_invalidation_mesh__run_1__budget_1200.jsonl,1,df6157a79c57fb169a2e8f014482890a04a13876f61e01020cd5693e98511085,8f991ac5a63bb3600443d15c8c493848d6f7ae313318819770fdb3241bd61bfb,b3ccf15ad633a000f8e8e04016d59256e3c7bbaa7fd9b6ec0e7a4e83f43b12dc,_probe_ecvs_qwen37max_harder_stress_v1_visiblecarry_vs_maturessrloop_15task_2method_3budget_1run,ssr_loop,d239781121d1d6a6cd4cbcab5e859463831be69b2bcfc1a1884a2ada2c1ef299,2f0d3f4869fc42756bd1ce16c89b28b4562e66fe5f908181d2ef06b766037a1b,"{""boundary_constraint_count"": 5, ""budgets_supported"": [300, 600, 1200], ""conditional_constraint_count"": 4, ""decoy_count"": 10, ""difficulty_factors"": [""decoy_overload"", ""overwrite_update"", ""conditional_allowed_state"", ""forbidden_boundary_pressure"", ""multi_file_component_consistency"", ""plan_consistency"", ""budget_pressure""], ""files_touched_estimate"": 2, ""method_specific_selection_used"": false, ""model_outcomes_used"": false, ""required_output_size"": 12, ""segment_count"": 16, ""source_candidate_id"": ""frontier_candidate_cache_invalidation_mesh"", ""strict_json_contract"": true, ""update_count"": 4}",649fa93b196242a19e144bd5297cf90abac45ad4aab2596921bacaa4f809894a,1,mature_ssr_loop_protocol_v1_ecvs_safe_visible_only,,,,,,,,
_probe_ecvs_qwen37max_harder_stress_v1_visiblecarry_vs_maturessrloop_15task_2method_3budget_1run:qwen37max:mature_ssr_loop:harder_stress_v1_frontierpp_06_cache_invalidation_mesh:budget_300:run_1,qwen37max,harder_stress_v1_frontierpp_06_cache_invalidation_mesh,semi_real_repo_style_controlled_frontier_plus,frontier_plus,multi_store_cache_invalidation,,mature_ssr_loop,mature_ssr_loop,300,1,2026-06-19T09:08:00.594578+00:00,2026-06-19T09:08:02.613251+00:00,2026-06-19T09:08:00.594612+00:00,2026-06-19T09:08:02.604233+00:00,0.003,33146312feffa160a32e762c32a2b0a3b61464eaaeb147e93bec4f257a858730,fa4b3b010acb2188cd1cfe43babf0aad1df3f23504836440edc4a40a44198158,24c2aa4fdaf72321ee311eeeb023714d65b6477b681b763519a40c830f2f1974,8eed7a82c3da83720b48c2dd49ec5e06093874a55f185d766484ba71bb7869cd,518b6b9b1acf362a8d8edc765ae850b84719799e6fbe1c09853e1c79d009a7df,64a026a4236b1b40dd4c84896182d83ca4a5200fe4828b5f7e31afce8fcfcf72,6a7458aebaa10ebcc76a6d226fd20a8e6168750a89bacc574882c405bc40e8f4,6a7458aebaa10ebcc76a6d226fd20a8e6168750a89bacc574882c405bc40e8f4,6a7458aebaa10ebcc76a6d226fd20a8e6168750a89bacc574882c405bc40e8f4,bf0630beb52372c3453c4d395f8a77d60030282c3d46201d3fc218055acf60ee,direct_provider,dashscope,https://dashscope.aliyuncs.com/compatible-mode/v1,qwen3.7-max,https://dashscope.aliyuncs.com/compatible-mode/v1/chat/completions,qwen3.7-max,460fcbdb2292588d3356bf33464f23d8d6279a1f2188e11f9a1ff121452a2423,71aa9cbc0f0da53c5949b6545a569c3cf94a778a6ead9faea79db09fcc74a0db,ddfd5de40cdb4c18b26ca6ad4cfe860ea517f64a63c6b8d5288fc91b7539eaa6,explicit,0.7,4096,omitted,,omitted,,omitted,,omitted,,omitted,,omitted,,omitted,,omitted,,omitted,,False,dashscope_enable_thinking_false,e2146d526bd896be1b7b059a2c4d87319a36bf94bc6aef96d3136bf76e6853a4,provider_not_exposed,provider_not_exposed,False,,False,False,False,disabled,,,,0,0,0,0,0,0,none,mature_ssr_loop_protocol_v1_ecvs_safe_visible_only,0,0,0,0,0,0,0,,0,,0,"[""REQ_06_JEG3S4CK"", ""LOCK_06_KC4S3"", ""SCOPE_06_G3S4C"", ""CHECK_06_EG3S4"", ""ANCHOR_06_C4S3G"", ""EDGE_06_3S4CK"", ""FRONTIER_06_KC4S3G"", ""MERGE_06_JEGKC4"", ""VERIFY_06_3S4CK"", ""PLAN_06_S3GEJ"", ""CONTRACT_06_JEG3S"", ""FINAL_06_KC4SCK""]",[],0,[],0,[],0,[],0,1,URLError: <urlopen error [Errno 1] Operation not permitted>,rerun_required,backend_error,e61a501e0f61f9e55efc67caf3f414066e39cff0e107f7f7e58ea284be8b9943,7c077ca2308714493d07163e1033c4282bd869ff6d477b3e77408587f95e2930,7c077ca2308714493d07163e1033c4282bd869ff6d477b3e77408587f95e2930,78b9c6a3aacba408617f72ae758c3638598dbade3a6cbb06098ca77fc0251e8c,60404f498f08622a95e49d50b804e8c60376a77bcdc0092805166c118bafab35,released_raw_outputs/model_outputs/_probe_ecvs_qwen37max_harder_stress_v1_visiblecarry_vs_maturessrloop_15task_2method_3budget_1run/qwen37max/mature_ssr_loop__harder_stress_v1_frontierpp_06_cache_invalidation_mesh__run_1__budget_300.jsonl,1,36cfda63bdbbe2c278265b62551848771b5d9555877b6e4e4895edc72cf1ab0b,73f2eb9654527be60069632a5533057b9b7bdec7a97ee2c048c83b4a6a55aa5c,c0fea9f2671af01dbc475fa9e880ee4567f2a612b704d0814177f42501a53df2,_probe_ecvs_qwen37max_harder_stress_v1_visiblecarry_vs_maturessrloop_15task_2method_3budget_1run,ssr_loop,d239781121d1d6a6cd4cbcab5e859463831be69b2bcfc1a1884a2ada2c1ef299,2f0d3f4869fc42756bd1ce16c89b28b4562e66fe5f908181d2ef06b766037a1b,"{""boundary_constraint_count"": 5, ""budgets_supported"": [300, 600, 1200], ""conditional_constraint_count"": 4, ""decoy_count"": 10, ""difficulty_factors"": [""decoy_overload"", ""overwrite_update"", ""conditional_allowed_state"", ""forbidden_boundary_pressure"", ""multi_file_component_consistency"", ""plan_consistency"", ""budget_pressure""], ""files_touched_estimate"": 2, ""method_specific_selection_used"": false, ""model_outcomes_used"": false, ""required_output_size"": 12, ""segment_count"": 16, ""source_candidate_id"": ""frontier_candidate_cache_invalidation_mesh"", ""strict_json_contract"": true, ""update_count"": 4}",649fa93b196242a19e144bd5297cf90abac45ad4aab2596921bacaa4f809894a,1,mature_ssr_loop_protocol_v1_ecvs_safe_visible_only,,,,,,,,
_probe_ecvs_qwen37max_harder_stress_v1_visiblecarry_vs_maturessrloop_15task_2method_3budget_1run:qwen37max:mature_ssr_loop:harder_stress_v1_frontierpp_06_cache_invalidation_mesh:budget_600:run_1,qwen37max,harder_stress_v1_frontierpp_06_cache_invalidation_mesh,semi_real_repo_style_controlled_frontier_plus,frontier_plus,multi_store_cache_invalidation,,mature_ssr_loop,mature_ssr_loop,600,1,2026-06-19T09:08:00.594812+00:00,2026-06-19T09:08:02.615244+00:00,2026-06-19T09:08:00.594859+00:00,2026-06-19T09:08:02.607157+00:00,0.006,33146312feffa160a32e762c32a2b0a3b61464eaaeb147e93bec4f257a858730,fa4b3b010acb2188cd1cfe43babf0aad1df3f23504836440edc4a40a44198158,24c2aa4fdaf72321ee311eeeb023714d65b6477b681b763519a40c830f2f1974,8eed7a82c3da83720b48c2dd49ec5e06093874a55f185d766484ba71bb7869cd,6e0cb172ab8f41671a9304265db92a9c98fc6c450c904926d817b63e240d3a9c,64a026a4236b1b40dd4c84896182d83ca4a5200fe4828b5f7e31afce8fcfcf72,6a7458aebaa10ebcc76a6d226fd20a8e6168750a89bacc574882c405bc40e8f4,6a7458aebaa10ebcc76a6d226fd20a8e6168750a89bacc574882c405bc40e8f4,6a7458aebaa10ebcc76a6d226fd20a8e6168750a89bacc574882c405bc40e8f4,bf0630beb52372c3453c4d395f8a77d60030282c3d46201d3fc218055acf60ee,direct_provider,dashscope,https://dashscope.aliyuncs.com/compatible-mode/v1,qwen3.7-max,https://dashscope.aliyuncs.com/compatible-mode/v1/chat/completions,qwen3.7-max,460fcbdb2292588d3356bf33464f23d8d6279a1f2188e11f9a1ff121452a2423,71aa9cbc0f0da53c5949b6545a569c3cf94a778a6ead9faea79db09fcc74a0db,ddfd5de40cdb4c18b26ca6ad4cfe860ea517f64a63c6b8d5288fc91b7539eaa6,explicit,0.7,4096,omitted,,omitted,,omitted,,omitted,,omitted,,omitted,,omitted,,omitted,,omitted,,False,dashscope_enable_thinking_false,e2146d526bd896be1b7b059a2c4d87319a36bf94bc6aef96d3136bf76e6853a4,provider_not_exposed,provider_not_exposed,False,,False,False,False,disabled,,,,0,0,0,0,0,0,none,mature_ssr_loop_protocol_v1_ecvs_safe_visible_only,0,0,0,0,0,0,0,,0,,0,"[""REQ_06_JEG3S4CK"", ""LOCK_06_KC4S3"", ""SCOPE_06_G3S4C"", ""CHECK_06_EG3S4"", ""ANCHOR_06_C4S3G"", ""EDGE_06_3S4CK"", ""FRONTIER_06_KC4S3G"", ""MERGE_06_JEGKC4"", ""VERIFY_06_3S4CK"", ""PLAN_06_S3GEJ"", ""CONTRACT_06_JEG3S"", ""FINAL_06_KC4SCK""]",[],0,[],0,[],0,[],0,1,URLError: <urlopen error [Errno 1] Operation not permitted>,rerun_required,backend_error,68ac4939a7c4920a8e7c4f0fdb16d60b2f7ed2e100d822e45326d602156c3e0e,7c077ca2308714493d07163e1033c4282bd869ff6d477b3e77408587f95e2930,7c077ca2308714493d07163e1033c4282bd869ff6d477b3e77408587f95e2930,78b9c6a3aacba408617f72ae758c3638598dbade3a6cbb06098ca77fc0251e8c,ce96704f3090c10a11bfc8c340ae0a995f6f6b1fa27a0d54803db7b7b22a9bfd,released_raw_outputs/model_outputs/_probe_ecvs_qwen37max_harder_stress_v1_visiblecarry_vs_maturessrloop_15task_2method_3budget_1run/qwen37max/mature_ssr_loop__harder_stress_v1_frontierpp_06_cache_invalidation_mesh__run_1__budget_600.jsonl,1,570f185fea083c7ece358b1716a86d0d91482693c28af2be7b7600fb63b26f85,e53538ce6d7cebaa4e4bea66d4e377c49a8ba627a3b756b0659195149d8cc50f,4b2f326fec3211f070c92b7617754b873e133c6229384ccd2a42074adcdb3d99,_probe_ecvs_qwen37max_harder_stress_v1_visiblecarry_vs_maturessrloop_15task_2method_3budget_1run,ssr_loop,d239781121d1d6a6cd4cbcab5e859463831be69b2bcfc1a1884a2ada2c1ef299,2f0d3f4869fc42756bd1ce16c89b28b4562e66fe5f908181d2ef06b766037a1b,"{""boundary_constraint_count"": 5, ""budgets_supported"": [300, 600, 1200], ""conditional_constraint_count"": 4, ""decoy_count"": 10, ""difficulty_factors"": [""decoy_overload"", ""overwrite_update"", ""conditional_allowed_state"", ""forbidden_boundary_pressure"", ""multi_file_component_consistency"", ""plan_consistency"", ""budget_pressure""], ""files_touched_estimate"": 2, ""method_specific_selection_used"": false, ""model_outcomes_used"": false, ""required_output_size"": 12, ""segment_count"": 16, ""source_candidate_id"": ""frontier_candidate_cache_invalidation_mesh"", ""strict_json_contract"": true, ""update_count"": 4}",649fa93b196242a19e144bd5297cf90abac45ad4aab2596921bacaa4f809894a,1,mature_ssr_loop_protocol_v1_ecvs_safe_visible_only,,,,,,,,
_probe_ecvs_qwen37max_harder_stress_v1_visiblecarry_vs_maturessrloop_15task_2method_3budget_1run:qwen37max:mature_ssr_loop:harder_stress_v1_frontierpp_07_plugin_registry_resolution:budget_1200:run_1,qwen37max,harder_stress_v1_frontierpp_07_plugin_registry_resolution,semi_real_repo_style_controlled_frontier_plus,frontier_plus,plugin_registry,,mature_ssr_loop,mature_ssr_loop,1200,1,2026-06-19T09:08:00.597163+00:00,2026-06-19T09:08:02.613089+00:00,2026-06-19T09:08:00.597212+00:00,2026-06-19T09:08:02.603457+00:00,0.004,33146312feffa160a32e762c32a2b0a3b61464eaaeb147e93bec4f257a858730,7b25a266621d2d1685aa651509acd4926f65cbd2e27ff04b5a6c851edfae2d5b,24c2aa4fdaf72321ee311eeeb023714d65b6477b681b763519a40c830f2f1974,85dc46dff30e8f8e6eaac220ab166ed58e5923ffa31e648046ba74d6eb9662fd,541eb1bbcaee4f3e08b5fb9111323635a8c22649c0efbc5700cb5a898d0e4e9e,64a026a4236b1b40dd4c84896182d83ca4a5200fe4828b5f7e31afce8fcfcf72,6a7458aebaa10ebcc76a6d226fd20a8e6168750a89bacc574882c405bc40e8f4,6a7458aebaa10ebcc76a6d226fd20a8e6168750a89bacc574882c405bc40e8f4,6a7458aebaa10ebcc76a6d226fd20a8e6168750a89bacc574882c405bc40e8f4,bf0630beb52372c3453c4d395f8a77d60030282c3d46201d3fc218055acf60ee,direct_provider,dashscope,https://dashscope.aliyuncs.com/compatible-mode/v1,qwen3.7-max,https://dashscope.aliyuncs.com/compatible-mode/v1/chat/completions,qwen3.7-max,460fcbdb2292588d3356bf33464f23d8d6279a1f2188e11f9a1ff121452a2423,71aa9cbc0f0da53c5949b6545a569c3cf94a778a6ead9faea79db09fcc74a0db,ddfd5de40cdb4c18b26ca6ad4cfe860ea517f64a63c6b8d5288fc91b7539eaa6,explicit,0.7,4096,omitted,,omitted,,omitted,,omitted,,omitted,,omitted,,omitted,,omitted,,omitted,,False,dashscope_enable_thinking_false,e2146d526bd896be1b7b059a2c4d87319a36bf94bc6aef96d3136bf76e6853a4,provider_not_exposed,provider_not_exposed,False,,False,False,False,disabled,,,,0,0,0,0,0,0,none,mature_ssr_loop_protocol_v1_ecvs_safe_visible_only,0,0,0,0,0,0,0,,0,,0,"[""REQ_07_JWSQFLK3"", ""LOCK_07_3KLFQ"", ""SCOPE_07_SQFLK"", ""CHECK_07_WSQFL"", ""ANCHOR_07_KLFQS"", ""EDGE_07_QFLK3"", ""FRONTIER_07_3KLFQS"", ""MERGE_07_JWS3KL"", ""VERIFY_07_QFLK3"", ""PLAN_07_FQSWJ"", ""CONTRACT_07_JWSQF"", ""FINAL_07_3KLFK3""]",[],0,[],0,[],0,[],0,1,URLError: <urlopen error [Errno 1] Operation not permitted>,rerun_required,backend_error,57d17793125c2f8e381c70912f6e3f9fe92e41da36190859e5a2036a1fc6ae73,7c077ca2308714493d07163e1033c4282bd869ff6d477b3e77408587f95e2930,7c077ca2308714493d07163e1033c4282bd869ff6d477b3e77408587f95e2930,78b9c6a3aacba408617f72ae758c3638598dbade3a6cbb06098ca77fc0251e8c,106c7d7d92529bd74ab713162084e779725b35b303f9dd699cfa52b7c6efddb6,released_raw_outputs/model_outputs/_probe_ecvs_qwen37max_harder_stress_v1_visiblecarry_vs_maturessrloop_15task_2method_3budget_1run/qwen37max/mature_ssr_loop__harder_stress_v1_frontierpp_07_plugin_registry_resolution__run_1__budget_1200.jsonl,1,2710897d566ff4b1c1d765fd5f850d755d5c274b2eb9e5ec267bde27fb40608c,d362c6a8a351b710d721bea4d501b64c637635cbaaeea5ee25c43ee8cb316f7e,2c0b9dc2e74d0142a88194f76516743cb7444fbd0a0b55bf852087c2fb0f6777,_probe_ecvs_qwen37max_harder_stress_v1_visiblecarry_vs_maturessrloop_15task_2method_3budget_1run,ssr_loop,d239781121d1d6a6cd4cbcab5e859463831be69b2bcfc1a1884a2ada2c1ef299,dcd305f3cbd79b636cdaf7134f1f50ff54fbf33bc17d4a59fbb7174e4eefb60c,"{""boundary_constraint_count"": 5, ""budgets_supported"": [300, 600, 1200], ""conditional_constraint_count"": 4, ""decoy_count"": 9, ""difficulty_factors"": [""decoy_overload"", ""overwrite_update"", ""conditional_allowed_state"", ""forbidden_boundary_pressure"", ""plan_consistency"", ""delayed_critical_constraint"", ""budget_pressure""], ""files_touched_estimate"": 2, ""method_specific_selection_used"": false, ""model_outcomes_used"": false, ""required_output_size"": 12, ""segment_count"": 15, ""source_candidate_id"": ""frontier_candidate_plugin_registry_resolution"", ""strict_json_contract"": true, ""update_count"": 4}",649fa93b196242a19e144bd5297cf90abac45ad4aab2596921bacaa4f809894a,1,mature_ssr_loop_protocol_v1_ecvs_safe_visible_only,,,,,,,,
_probe_ecvs_qwen37max_harder_stress_v1_visiblecarry_vs_maturessrloop_15task_2method_3budget_1run:qwen37max:mature_ssr_loop:harder_stress_v1_frontierpp_07_plugin_registry_resolution:budget_300:run_1,qwen37max,harder_stress_v1_frontierpp_07_plugin_registry_resolution,semi_real_repo_style_controlled_frontier_plus,frontier_plus,plugin_registry,,mature_ssr_loop,mature_ssr_loop,300,1,2026-06-19T09:08:00.596824+00:00,2026-06-19T09:08:02.618906+00:00,2026-06-19T09:08:00.596870+00:00,2026-06-19T09:08:02.609659+00:00,0.006,33146312feffa160a32e762c32a2b0a3b61464eaaeb147e93bec4f257a858730,7b25a266621d2d1685aa651509acd4926f65cbd2e27ff04b5a6c851edfae2d5b,24c2aa4fdaf72321ee311eeeb023714d65b6477b681b763519a40c830f2f1974,85dc46dff30e8f8e6eaac220ab166ed58e5923ffa31e648046ba74d6eb9662fd,b3802c169cdf870b85be1ba1ab9b0992091d402ecfddd7d78c635755aabfaaed,64a026a4236b1b40dd4c84896182d83ca4a5200fe4828b5f7e31afce8fcfcf72,6a7458aebaa10ebcc76a6d226fd20a8e6168750a89bacc574882c405bc40e8f4,6a7458aebaa10ebcc76a6d226fd20a8e6168750a89bacc574882c405bc40e8f4,6a7458aebaa10ebcc76a6d226fd20a8e6168750a89bacc574882c405bc40e8f4,bf0630beb52372c3453c4d395f8a77d60030282c3d46201d3fc218055acf60ee,direct_provider,dashscope,https://dashscope.aliyuncs.com/compatible-mode/v1,qwen3.7-max,https://dashscope.aliyuncs.com/compatible-mode/v1/chat/completions,qwen3.7-max,460fcbdb2292588d3356bf33464f23d8d6279a1f2188e11f9a1ff121452a2423,71aa9cbc0f0da53c5949b6545a569c3cf94a778a6ead9faea79db09fcc74a0db,ddfd5de40cdb4c18b26ca6ad4cfe860ea517f64a63c6b8d5288fc91b7539eaa6,explicit,0.7,4096,omitted,,omitted,,omitted,,omitted,,omitted,,omitted,,omitted,,omitted,,omitted,,False,dashscope_enable_thinking_false,e2146d526bd896be1b7b059a2c4d87319a36bf94bc6aef96d3136bf76e6853a4,provider_not_exposed,provider_not_exposed,False,,False,False,False,disabled,,,,0,0,0,0,0,0,none,mature_ssr_loop_protocol_v1_ecvs_safe_visible_only,0,0,0,0,0,0,0,,0,,0,"[""REQ_07_JWSQFLK3"", ""LOCK_07_3KLFQ"", ""SCOPE_07_SQFLK"", ""CHECK_07_WSQFL"", ""ANCHOR_07_KLFQS"", ""EDGE_07_QFLK3"", ""FRONTIER_07_3KLFQS"", ""MERGE_07_JWS3KL"", ""VERIFY_07_QFLK3"", ""PLAN_07_FQSWJ"", ""CONTRACT_07_JWSQF"", ""FINAL_07_3KLFK3""]",[],0,[],0,[],0,[],0,1,URLError: <urlopen error [Errno 1] Operation not permitted>,rerun_required,backend_error,32a4ca69f0c48635df0933e0fbafa73e9595b72744d58c2bf3543dd8476d9c91,7c077ca2308714493d07163e1033c4282bd869ff6d477b3e77408587f95e2930,7c077ca2308714493d07163e1033c4282bd869ff6d477b3e77408587f95e2930,78b9c6a3aacba408617f72ae758c3638598dbade3a6cbb06098ca77fc0251e8c,cc4302482c3876ba2b5f8ffff099cf0708ef1a9c603dc40bcf098f55381e4b3a,released_raw_outputs/model_outputs/_probe_ecvs_qwen37max_harder_stress_v1_visiblecarry_vs_maturessrloop_15task_2method_3budget_1run/qwen37max/mature_ssr_loop__harder_stress_v1_frontierpp_07_plugin_registry_resolution__run_1__budget_300.jsonl,1,e24b8680c7d285f8cf9d7886256f68740c757f9771536a2f65bdb51520c5f402,bad14274296e15f741e7dcf642e3fec40210f4944e8dbfbe726117ffb00ef703,c4612193c907c43dfb9dee1ccd5d1928096e0b95feaefb8045703318ff613519,_probe_ecvs_qwen37max_harder_stress_v1_visiblecarry_vs_maturessrloop_15task_2method_3budget_1run,ssr_loop,d239781121d1d6a6cd4cbcab5e859463831be69b2bcfc1a1884a2ada2c1ef299,dcd305f3cbd79b636cdaf7134f1f50ff54fbf33bc17d4a59fbb7174e4eefb60c,"{""boundary_constraint_count"": 5, ""budgets_supported"": [300, 600, 1200], ""conditional_constraint_count"": 4, ""decoy_count"": 9, ""difficulty_factors"": [""decoy_overload"", ""overwrite_update"", ""conditional_allowed_state"", ""forbidden_boundary_pressure"", ""plan_consistency"", ""delayed_critical_constraint"", ""budget_pressure""], ""files_touched_estimate"": 2, ""method_specific_selection_used"": false, ""model_outcomes_used"": false, ""required_output_size"": 12, ""segment_count"": 15, ""source_candidate_id"": ""frontier_candidate_plugin_registry_resolution"", ""strict_json_contract"": true, ""update_count"": 4}",649fa93b196242a19e144bd5297cf90abac45ad4aab2596921bacaa4f809894a,1,mature_ssr_loop_protocol_v1_ecvs_safe_visible_only,,,,,,,,
_probe_ecvs_qwen37max_harder_stress_v1_visiblecarry_vs_maturessrloop_15task_2method_3budget_1run:qwen37max:mature_ssr_loop:harder_stress_v1_frontierpp_07_plugin_registry_resolution:budget_600:run_1,qwen37max,harder_stress_v1_frontierpp_07_plugin_registry_resolution,semi_real_repo_style_controlled_frontier_plus,frontier_plus,plugin_registry,,mature_ssr_loop,mature_ssr_loop,600,1,2026-06-19T09:08:00.596553+00:00,2026-06-19T09:08:02.617373+00:00,2026-06-19T09:08:00.596608+00:00,2026-06-19T09:08:02.606599+00:00,0.003,33146312feffa160a32e762c32a2b0a3b61464eaaeb147e93bec4f257a858730,7b25a266621d2d1685aa651509acd4926f65cbd2e27ff04b5a6c851edfae2d5b,24c2aa4fdaf72321ee311eeeb023714d65b6477b681b763519a40c830f2f1974,85dc46dff30e8f8e6eaac220ab166ed58e5923ffa31e648046ba74d6eb9662fd,c1ad3783c7f7387014eb3d3f4ac806e946899c75ba6bb1462bafcf841c5ab5a8,64a026a4236b1b40dd4c84896182d83ca4a5200fe4828b5f7e31afce8fcfcf72,6a7458aebaa10ebcc76a6d226fd20a8e6168750a89bacc574882c405bc40e8f4,6a7458aebaa10ebcc76a6d226fd20a8e6168750a89bacc574882c405bc40e8f4,6a7458aebaa10ebcc76a6d226fd20a8e6168750a89bacc574882c405bc40e8f4,bf0630beb52372c3453c4d395f8a77d60030282c3d46201d3fc218055acf60ee,direct_provider,dashscope,https://dashscope.aliyuncs.com/compatible-mode/v1,qwen3.7-max,https://dashscope.aliyuncs.com/compatible-mode/v1/chat/completions,qwen3.7-max,460fcbdb2292588d3356bf33464f23d8d6279a1f2188e11f9a1ff121452a2423,71aa9cbc0f0da53c5949b6545a569c3cf94a778a6ead9faea79db09fcc74a0db,ddfd5de40cdb4c18b26ca6ad4cfe860ea517f64a63c6b8d5288fc91b7539eaa6,explicit,0.7,4096,omitted,,omitted,,omitted,,omitted,,omitted,,omitted,,omitted,,omitted,,omitted,,False,dashscope_enable_thinking_false,e2146d526bd896be1b7b059a2c4d87319a36bf94bc6aef96d3136bf76e6853a4,provider_not_exposed,provider_not_exposed,False,,False,False,False,disabled,,,,0,0,0,0,0,0,none,mature_ssr_loop_protocol_v1_ecvs_safe_visible_only,0,0,0,0,0,0,0,,0,,0,"[""REQ_07_JWSQFLK3"", ""LOCK_07_3KLFQ"", ""SCOPE_07_SQFLK"", ""CHECK_07_WSQFL"", ""ANCHOR_07_KLFQS"", ""EDGE_07_QFLK3"", ""FRONTIER_07_3KLFQS"", ""MERGE_07_JWS3KL"", ""VERIFY_07_QFLK3"", ""PLAN_07_FQSWJ"", ""CONTRACT_07_JWSQF"", ""FINAL_07_3KLFK3""]",[],0,[],0,[],0,[],0,1,URLError: <urlopen error [Errno 1] Operation not permitted>,rerun_required,backend_error,b406b700ee990ea3a271f3446ece96fc470d3dffbd4369cbf9e7a5a6c2a86c03,7c077ca2308714493d07163e1033c4282bd869ff6d477b3e77408587f95e2930,7c077ca2308714493d07163e1033c4282bd869ff6d477b3e77408587f95e2930,78b9c6a3aacba408617f72ae758c3638598dbade3a6cbb06098ca77fc0251e8c,1241cc6411ebf1cdf34000a4bbe0db01eaa0bda638eefbf7103e51e47f1b9cec,released_raw_outputs/model_outputs/_probe_ecvs_qwen37max_harder_stress_v1_visiblecarry_vs_maturessrloop_15task_2method_3budget_1run/qwen37max/mature_ssr_loop__harder_stress_v1_frontierpp_07_plugin_registry_resolution__run_1__budget_600.jsonl,1,d8c0920a12f84ed113c6a9f4d77319678ae1603d142335f2a41e8a7ed13ca7fe,013b0cc226299dd95ee4bb078326a8a7d1acfa6f8e73d757311e23af3f9abbc4,f5aba039ce3901f5d182ab5f4104da3cb66a7a20d087f76d6e8191ac9ba02010,_probe_ecvs_qwen37max_harder_stress_v1_visiblecarry_vs_maturessrloop_15task_2method_3budget_1run,ssr_loop,d239781121d1d6a6cd4cbcab5e859463831be69b2bcfc1a1884a2ada2c1ef299,dcd305f3cbd79b636cdaf7134f1f50ff54fbf33bc17d4a59fbb7174e4eefb60c,"{""boundary_constraint_count"": 5, ""budgets_supported"": [300, 600, 1200], ""conditional_constraint_count"": 4, ""decoy_count"": 9, ""difficulty_factors"": [""decoy_overload"", ""overwrite_update"", ""conditional_allowed_state"", ""forbidden_boundary_pressure"", ""plan_consistency"", ""delayed_critical_constraint"", ""budget_pressure""], ""files_touched_estimate"": 2, ""method_specific_selection_used"": false, ""model_outcomes_used"": false, ""required_output_size"": 12, ""segment_count"": 15, ""source_candidate_id"": ""frontier_candidate_plugin_registry_resolution"", ""strict_json_contract"": true, ""update_count"": 4}",649fa93b196242a19e144bd5297cf90abac45ad4aab2596921bacaa4f809894a,1,mature_ssr_loop_protocol_v1_ecvs_safe_visible_only,,,,,,,,
_probe_ecvs_qwen37max_harder_stress_v1_visiblecarry_vs_maturessrloop_15task_2method_3budget_1run:qwen37max:mature_ssr_loop:harder_stress_v1_frontierpp_08_retry_route_matrix:budget_1200:run_1,qwen37max,harder_stress_v1_frontierpp_08_retry_route_matrix,semi_real_repo_style_controlled_frontier_plus,frontier_plus,workflow_retry_routing,,mature_ssr_loop,mature_ssr_loop,1200,1,2026-06-19T09:08:00.599302+00:00,2026-06-19T09:08:02.618701+00:00,2026-06-19T09:08:00.599346+00:00,2026-06-19T09:08:02.610095+00:00,0.003,33146312feffa160a32e762c32a2b0a3b61464eaaeb147e93bec4f257a858730,27ec429399550d324d651260d526f9abb8bd5213ab8f24bfcdae1fbf88759859,24c2aa4fdaf72321ee311eeeb023714d65b6477b681b763519a40c830f2f1974,192d989af232bca96cacb28ec2c010bec154fec1d62df199a00ed923a7331a0d,67f7e577c071a416811307ae60657a37001af561f42d143d0f8e7e2b5fc93768,64a026a4236b1b40dd4c84896182d83ca4a5200fe4828b5f7e31afce8fcfcf72,6a7458aebaa10ebcc76a6d226fd20a8e6168750a89bacc574882c405bc40e8f4,6a7458aebaa10ebcc76a6d226fd20a8e6168750a89bacc574882c405bc40e8f4,6a7458aebaa10ebcc76a6d226fd20a8e6168750a89bacc574882c405bc40e8f4,bf0630beb52372c3453c4d395f8a77d60030282c3d46201d3fc218055acf60ee,direct_provider,dashscope,https://dashscope.aliyuncs.com/compatible-mode/v1,qwen3.7-max,https://dashscope.aliyuncs.com/compatible-mode/v1/chat/completions,qwen3.7-max,460fcbdb2292588d3356bf33464f23d8d6279a1f2188e11f9a1ff121452a2423,71aa9cbc0f0da53c5949b6545a569c3cf94a778a6ead9faea79db09fcc74a0db,ddfd5de40cdb4c18b26ca6ad4cfe860ea517f64a63c6b8d5288fc91b7539eaa6,explicit,0.7,4096,omitted,,omitted,,omitted,,omitted,,omitted,,omitted,,omitted,,omitted,,omitted,,False,dashscope_enable_thinking_false,e2146d526bd896be1b7b059a2c4d87319a36bf94bc6aef96d3136bf76e6853a4,provider_not_exposed,provider_not_exposed,False,,False,False,False,disabled,,,,0,0,0,0,0,0,none,mature_ssr_loop_protocol_v1_ecvs_safe_visible_only,0,0,0,0,0,0,0,,0,,0,"[""REQ_08_XYCZRKRB"", ""LOCK_08_BRKRZ"", ""SCOPE_08_CZRKR"", ""CHECK_08_YCZRK"", ""ANCHOR_08_RKRZC"", ""EDGE_08_ZRKRB"", ""FRONTIER_08_BRKRZC"", ""MERGE_08_XYCBRK"", ""VERIFY_08_ZRKRB"", ""PLAN_08_RZCYX"", ""CONTRACT_08_XYCZR"", ""FINAL_08_BRKRRB""]",[],0,[],0,[],0,[],0,1,URLError: <urlopen error [Errno 1] Operation not permitted>,rerun_required,backend_error,e50b117d15def6cbcaf3dc9f76752170606b85e557be3527c77d400ef8bc7745,7c077ca2308714493d07163e1033c4282bd869ff6d477b3e77408587f95e2930,7c077ca2308714493d07163e1033c4282bd869ff6d477b3e77408587f95e2930,78b9c6a3aacba408617f72ae758c3638598dbade3a6cbb06098ca77fc0251e8c,de47652a8341c2b7b99cc3f97bc7bdcd74df0db8a8bceeb6b8b2b335afc49dcf,released_raw_outputs/model_outputs/_probe_ecvs_qwen37max_harder_stress_v1_visiblecarry_vs_maturessrloop_15task_2method_3budget_1run/qwen37max/mature_ssr_loop__harder_stress_v1_frontierpp_08_retry_route_matrix__run_1__budget_1200.jsonl,1,1a96541820bf5665d3de3040fd1051e2a311800c1e786361a01a9419ac25fa57,c885bd2aad5bc1509a6f1d251163f8c910f5b7deba81013e216cd4c7323b3c62,62a86fa753411bb52ed9569c342d0ae866e75a21fed5599d7971f7eda5ea8570,_probe_ecvs_qwen37max_harder_stress_v1_visiblecarry_vs_maturessrloop_15task_2method_3budget_1run,ssr_loop,d239781121d1d6a6cd4cbcab5e859463831be69b2bcfc1a1884a2ada2c1ef299,54d98abb596036bf8c4d06485bc4f3581005033da98384b71d83c31bcb2e7316,"{""boundary_constraint_count"": 3, ""budgets_supported"": [300, 600, 1200], ""conditional_constraint_count"": 3, ""decoy_count"": 8, ""difficulty_factors"": [""decoy_overload"", ""overwrite_update"", ""conditional_allowed_state"", ""multi_file_component_consistency"", ""plan_consistency"", ""final_output_contract_pressure"", ""budget_pressure""], ""files_touched_estimate"": 3, ""method_specific_selection_used"": false, ""model_outcomes_used"": false, ""required_output_size"": 12, ""segment_count"": 15, ""source_candidate_id"": ""frontier_candidate_retry_route_matrix"", ""strict_json_contract"": true, ""update_count"": 4}",649fa93b196242a19e144bd5297cf90abac45ad4aab2596921bacaa4f809894a,1,mature_ssr_loop_protocol_v1_ecvs_safe_visible_only,,,,,,,,
_probe_ecvs_qwen37max_harder_stress_v1_visiblecarry_vs_maturessrloop_15task_2method_3budget_1run:qwen37max:mature_ssr_loop:harder_stress_v1_frontierpp_08_retry_route_matrix:budget_300:run_1,qwen37max,harder_stress_v1_frontierpp_08_retry_route_matrix,semi_real_repo_style_controlled_frontier_plus,frontier_plus,workflow_retry_routing,,mature_ssr_loop,mature_ssr_loop,300,1,2026-06-19T09:08:00.598119+00:00,2026-06-19T09:08:02.618469+00:00,2026-06-19T09:08:00.598161+00:00,2026-06-19T09:08:02.608562+00:00,0.004,33146312feffa160a32e762c32a2b0a3b61464eaaeb147e93bec4f257a858730,27ec429399550d324d651260d526f9abb8bd5213ab8f24bfcdae1fbf88759859,24c2aa4fdaf72321ee311eeeb023714d65b6477b681b763519a40c830f2f1974,192d989af232bca96cacb28ec2c010bec154fec1d62df199a00ed923a7331a0d,2360cc0c53c4f95f3442d15d5f5e695ee5c8b80a85f9dd2b4208ab16570b4cfa,64a026a4236b1b40dd4c84896182d83ca4a5200fe4828b5f7e31afce8fcfcf72,6a7458aebaa10ebcc76a6d226fd20a8e6168750a89bacc574882c405bc40e8f4,6a7458aebaa10ebcc76a6d226fd20a8e6168750a89bacc574882c405bc40e8f4,6a7458aebaa10ebcc76a6d226fd20a8e6168750a89bacc574882c405bc40e8f4,bf0630beb52372c3453c4d395f8a77d60030282c3d46201d3fc218055acf60ee,direct_provider,dashscope,https://dashscope.aliyuncs.com/compatible-mode/v1,qwen3.7-max,https://dashscope.aliyuncs.com/compatible-mode/v1/chat/completions,qwen3.7-max,460fcbdb2292588d3356bf33464f23d8d6279a1f2188e11f9a1ff121452a2423,71aa9cbc0f0da53c5949b6545a569c3cf94a778a6ead9faea79db09fcc74a0db,ddfd5de40cdb4c18b26ca6ad4cfe860ea517f64a63c6b8d5288fc91b7539eaa6,explicit,0.7,4096,omitted,,omitted,,omitted,,omitted,,omitted,,omitted,,omitted,,omitted,,omitted,,False,dashscope_enable_thinking_false,e2146d526bd896be1b7b059a2c4d87319a36bf94bc6aef96d3136bf76e6853a4,provider_not_exposed,provider_not_exposed,False,,False,False,False,disabled,,,,0,0,0,0,0,0,none,mature_ssr_loop_protocol_v1_ecvs_safe_visible_only,0,0,0,0,0,0,0,,0,,0,"[""REQ_08_XYCZRKRB"", ""LOCK_08_BRKRZ"", ""SCOPE_08_CZRKR"", ""CHECK_08_YCZRK"", ""ANCHOR_08_RKRZC"", ""EDGE_08_ZRKRB"", ""FRONTIER_08_BRKRZC"", ""MERGE_08_XYCBRK"", ""VERIFY_08_ZRKRB"", ""PLAN_08_RZCYX"", ""CONTRACT_08_XYCZR"", ""FINAL_08_BRKRRB""]",[],0,[],0,[],0,[],0,1,URLError: <urlopen error [Errno 1] Operation not permitted>,rerun_required,backend_error,e11dced3924a2a61f265e04dd4df6e50c401debfc02c6b56d0172270561422be,7c077ca2308714493d07163e1033c4282bd869ff6d477b3e77408587f95e2930,7c077ca2308714493d07163e1033c4282bd869ff6d477b3e77408587f95e2930,78b9c6a3aacba408617f72ae758c3638598dbade3a6cbb06098ca77fc0251e8c,f8dd1ec894896d0d327d3427cc27c3265b98f6cb3200cc798d0bd9eb9ef68c32,released_raw_outputs/model_outputs/_probe_ecvs_qwen37max_harder_stress_v1_visiblecarry_vs_maturessrloop_15task_2method_3budget_1run/qwen37max/mature_ssr_loop__harder_stress_v1_frontierpp_08_retry_route_matrix__run_1__budget_300.jsonl,1,4079ed730f1eeea3cb59d6975939830935235396295e6b3963450306b06a54e6,e05a76b8e30c70ece3d1e25600f94ed54654711420dd04d8830d44a6d9741b12,56409e76755c705c5ef9f5f7459b4b32d0a4e9b14ff0399e6c50e37c07480b3e,_probe_ecvs_qwen37max_harder_stress_v1_visiblecarry_vs_maturessrloop_15task_2method_3budget_1run,ssr_loop,d239781121d1d6a6cd4cbcab5e859463831be69b2bcfc1a1884a2ada2c1ef299,54d98abb596036bf8c4d06485bc4f3581005033da98384b71d83c31bcb2e7316,"{""boundary_constraint_count"": 3, ""budgets_supported"": [300, 600, 1200], ""conditional_constraint_count"": 3, ""decoy_count"": 8, ""difficulty_factors"": [""decoy_overload"", ""overwrite_update"", ""conditional_allowed_state"", ""multi_file_component_consistency"", ""plan_consistency"", ""final_output_contract_pressure"", ""budget_pressure""], ""files_touched_estimate"": 3, ""method_specific_selection_used"": false, ""model_outcomes_used"": false, ""required_output_size"": 12, ""segment_count"": 15, ""source_candidate_id"": ""frontier_candidate_retry_route_matrix"", ""strict_json_contract"": true, ""update_count"": 4}",649fa93b196242a19e144bd5297cf90abac45ad4aab2596921bacaa4f809894a,1,mature_ssr_loop_protocol_v1_ecvs_safe_visible_only,,,,,,,,
_probe_ecvs_qwen37max_harder_stress_v1_visiblecarry_vs_maturessrloop_15task_2method_3budget_1run:qwen37max:mature_ssr_loop:harder_stress_v1_frontierpp_08_retry_route_matrix:budget_600:run_1,qwen37max,harder_stress_v1_frontierpp_08_retry_route_matrix,semi_real_repo_style_controlled_frontier_plus,frontier_plus,workflow_retry_routing,,mature_ssr_loop,mature_ssr_loop,600,1,2026-06-19T09:08:00.598480+00:00,2026-06-19T09:08:02.610278+00:00,2026-06-19T09:08:00.598517+00:00,2026-06-19T09:08:02.604164+00:00,0.004,33146312feffa160a32e762c32a2b0a3b61464eaaeb147e93bec4f257a858730,27ec429399550d324d651260d526f9abb8bd5213ab8f24bfcdae1fbf88759859,24c2aa4fdaf72321ee311eeeb023714d65b6477b681b763519a40c830f2f1974,192d989af232bca96cacb28ec2c010bec154fec1d62df199a00ed923a7331a0d,d2ba9dc5fd83de81f2cbb45db75439648c0fff73bae27d45575e5045df61ec39,64a026a4236b1b40dd4c84896182d83ca4a5200fe4828b5f7e31afce8fcfcf72,6a7458aebaa10ebcc76a6d226fd20a8e6168750a89bacc574882c405bc40e8f4,6a7458aebaa10ebcc76a6d226fd20a8e6168750a89bacc574882c405bc40e8f4,6a7458aebaa10ebcc76a6d226fd20a8e6168750a89bacc574882c405bc40e8f4,bf0630beb52372c3453c4d395f8a77d60030282c3d46201d3fc218055acf60ee,direct_provider,dashscope,https://dashscope.aliyuncs.com/compatible-mode/v1,qwen3.7-max,https://dashscope.aliyuncs.com/compatible-mode/v1/chat/completions,qwen3.7-max,460fcbdb2292588d3356bf33464f23d8d6279a1f2188e11f9a1ff121452a2423,71aa9cbc0f0da53c5949b6545a569c3cf94a778a6ead9faea79db09fcc74a0db,ddfd5de40cdb4c18b26ca6ad4cfe860ea517f64a63c6b8d5288fc91b7539eaa6,explicit,0.7,4096,omitted,,omitted,,omitted,,omitted,,omitted,,omitted,,omitted,,omitted,,omitted,,False,dashscope_enable_thinking_false,e2146d526bd896be1b7b059a2c4d87319a36bf94bc6aef96d3136bf76e6853a4,provider_not_exposed,provider_not_exposed,False,,False,False,False,disabled,,,,0,0,0,0,0,0,none,mature_ssr_loop_protocol_v1_ecvs_safe_visible_only,0,0,0,0,0,0,0,,0,,0,"[""REQ_08_XYCZRKRB"", ""LOCK_08_BRKRZ"", ""SCOPE_08_CZRKR"", ""CHECK_08_YCZRK"", ""ANCHOR_08_RKRZC"", ""EDGE_08_ZRKRB"", ""FRONTIER_08_BRKRZC"", ""MERGE_08_XYCBRK"", ""VERIFY_08_ZRKRB"", ""PLAN_08_RZCYX"", ""CONTRACT_08_XYCZR"", ""FINAL_08_BRKRRB""]",[],0,[],0,[],0,[],0,1,URLError: <urlopen error [Errno 1] Operation not permitted>,rerun_required,backend_error,8339cba2dd550e455f87d996a383a2867c996c8b61bc1453a54f9a575b28e513,7c077ca2308714493d07163e1033c4282bd869ff6d477b3e77408587f95e2930,7c077ca2308714493d07163e1033c4282bd869ff6d477b3e77408587f95e2930,78b9c6a3aacba408617f72ae758c3638598dbade3a6cbb06098ca77fc0251e8c,fda6e73304c9c1897f60c99cfc884701da7f508d6ad211b8aad9a22993fa2621,released_raw_outputs/model_outputs/_probe_ecvs_qwen37max_harder_stress_v1_visiblecarry_vs_maturessrloop_15task_2method_3budget_1run/qwen37max/mature_ssr_loop__harder_stress_v1_frontierpp_08_retry_route_matrix__run_1__budget_600.jsonl,1,0b6993e47ad2b1164068a26d434b938dea6187deb1b47cbf792f206cba11cf41,4a3f30934f660946fffcf27a1bd6ab942bd231ee0edf92da2e54066e46e4f547,5373e0a57c1c40f91787f968da39ef3785b4a4845bbb2918a3b7a42bacfd919a,_probe_ecvs_qwen37max_harder_stress_v1_visiblecarry_vs_maturessrloop_15task_2method_3budget_1run,ssr_loop,d239781121d1d6a6cd4cbcab5e859463831be69b2bcfc1a1884a2ada2c1ef299,54d98abb596036bf8c4d06485bc4f3581005033da98384b71d83c31bcb2e7316,"{""boundary_constraint_count"": 3, ""budgets_supported"": [300, 600, 1200], ""conditional_constraint_count"": 3, ""decoy_count"": 8, ""difficulty_factors"": [""decoy_overload"", ""overwrite_update"", ""conditional_allowed_state"", ""multi_file_component_consistency"", ""plan_consistency"", ""final_output_contract_pressure"", ""budget_pressure""], ""files_touched_estimate"": 3, ""method_specific_selection_used"": false, ""model_outcomes_used"": false, ""required_output_size"": 12, ""segment_count"": 15, ""source_candidate_id"": ""frontier_candidate_retry_route_matrix"", ""strict_json_contract"": true, ""update_count"": 4}",649fa93b196242a19e144bd5297cf90abac45ad4aab2596921bacaa4f809894a,1,mature_ssr_loop_protocol_v1_ecvs_safe_visible_only,,,,,,,,
_probe_ecvs_qwen37max_harder_stress_v1_visiblecarry_vs_maturessrloop_15task_2method_3budget_1run:qwen37max:mature_ssr_loop:harder_stress_v1_frontierpp_09_auth_claim_boundary:budget_1200:run_1,qwen37max,harder_stress_v1_frontierpp_09_auth_claim_boundary,diagnostic_controlled_frontier_plus,frontier_plus,security_boundary,,mature_ssr_loop,mature_ssr_loop,1200,1,2026-06-19T09:08:02.602864+00:00,2026-06-19T09:08:04.611313+00:00,2026-06-19T09:08:02.602908+00:00,2026-06-19T09:08:04.610925+00:00,0.005,33146312feffa160a32e762c32a2b0a3b61464eaaeb147e93bec4f257a858730,34b5814df6e66aa1097f49aec048f68274466f91ea738505588277dc88f1cd4b,24c2aa4fdaf72321ee311eeeb023714d65b6477b681b763519a40c830f2f1974,ad15b2efd317279f59d37769669c2799bdb5464c6f465c36a4510ca09c6b87a3,3933a2975ec8fec6576bfcc6a7ee3eda6f962d18a6d3fbeec89bbf87b78c55ca,64a026a4236b1b40dd4c84896182d83ca4a5200fe4828b5f7e31afce8fcfcf72,6a7458aebaa10ebcc76a6d226fd20a8e6168750a89bacc574882c405bc40e8f4,6a7458aebaa10ebcc76a6d226fd20a8e6168750a89bacc574882c405bc40e8f4,6a7458aebaa10ebcc76a6d226fd20a8e6168750a89bacc574882c405bc40e8f4,bf0630beb52372c3453c4d395f8a77d60030282c3d46201d3fc218055acf60ee,direct_provider,dashscope,https://dashscope.aliyuncs.com/compatible-mode/v1,qwen3.7-max,https://dashscope.aliyuncs.com/compatible-mode/v1/chat/completions,qwen3.7-max,460fcbdb2292588d3356bf33464f23d8d6279a1f2188e11f9a1ff121452a2423,71aa9cbc0f0da53c5949b6545a569c3cf94a778a6ead9faea79db09fcc74a0db,ddfd5de40cdb4c18b26ca6ad4cfe860ea517f64a63c6b8d5288fc91b7539eaa6,explicit,0.7,4096,omitted,,omitted,,omitted,,omitted,,omitted,,omitted,,omitted,,omitted,,omitted,,False,dashscope_enable_thinking_false,e2146d526bd896be1b7b059a2c4d87319a36bf94bc6aef96d3136bf76e6853a4,provider_not_exposed,provider_not_exposed,False,,False,False,False,disabled,,,,0,0,0,0,0,0,none,mature_ssr_loop_protocol_v1_ecvs_safe_visible_only,0,0,0,0,0,0,0,,0,,0,"[""REQ_09_RMCZ4BDV"", ""LOCK_09_VDB4Z"", ""SCOPE_09_CZ4BD"", ""CHECK_09_MCZ4B"", ""ANCHOR_09_DB4ZC"", ""EDGE_09_Z4BDV"", ""FRONTIER_09_VDB4ZC"", ""MERGE_09_RMCVDB"", ""VERIFY_09_Z4BDV"", ""PLAN_09_4ZCMR"", ""CONTRACT_09_RMCZ4"", ""FINAL_09_VDB4DV""]",[],0,[],0,[],0,[],0,1,URLError: <urlopen error [Errno 1] Operation not permitted>,rerun_required,backend_error,4957f94d6903aacadb69261deaf03fca76253771507d72fde2fd7510ecf8bf07,7c077ca2308714493d07163e1033c4282bd869ff6d477b3e77408587f95e2930,7c077ca2308714493d07163e1033c4282bd869ff6d477b3e77408587f95e2930,78b9c6a3aacba408617f72ae758c3638598dbade3a6cbb06098ca77fc0251e8c,d39ea2b08f8cb3326c2a8aff66525c0444e985c6639d26fcdb45b41c2e2a6307,released_raw_outputs/model_outputs/_probe_ecvs_qwen37max_harder_stress_v1_visiblecarry_vs_maturessrloop_15task_2method_3budget_1run/qwen37max/mature_ssr_loop__harder_stress_v1_frontierpp_09_auth_claim_boundary__run_1__budget_1200.jsonl,1,3f41c28f4c3a62d0d069ad5a23d9469dff64b3326304a1af84b60bf7b76acc29,1294409cb50e634078c1d6872981ef02e4b00e1ec078caf368165e1f14fdfe70,6aef9615bfb8e2fe1e44cdbb576b7fd2705694192e56c25aefe05dd796aa6407,_probe_ecvs_qwen37max_harder_stress_v1_visiblecarry_vs_maturessrloop_15task_2method_3budget_1run,ssr_loop,d239781121d1d6a6cd4cbcab5e859463831be69b2bcfc1a1884a2ada2c1ef299,f1670223cdb18cbebe5670181c127a5dc490184cc50ed55bb49cae0dd6b81125,"{""boundary_constraint_count"": 5, ""budgets_supported"": [300, 600, 1200], ""conditional_constraint_count"": 4, ""decoy_count"": 9, ""difficulty_factors"": [""decoy_overload"", ""overwrite_update"", ""conditional_allowed_state"", ""forbidden_boundary_pressure"", ""final_output_contract_pressure"", ""delayed_critical_constraint"", ""budget_pressure""], ""files_touched_estimate"": 2, ""method_specific_selection_used"": false, ""model_outcomes_used"": false, ""required_output_size"": 12, ""segment_count"": 15, ""source_candidate_id"": ""frontier_candidate_auth_claim_boundary"", ""strict_json_contract"": true, ""update_count"": 4}",649fa93b196242a19e144bd5297cf90abac45ad4aab2596921bacaa4f809894a,1,mature_ssr_loop_protocol_v1_ecvs_safe_visible_only,,,,,,,,
_probe_ecvs_qwen37max_harder_stress_v1_visiblecarry_vs_maturessrloop_15task_2method_3budget_1run:qwen37max:mature_ssr_loop:harder_stress_v1_frontierpp_09_auth_claim_boundary:budget_300:run_1,qwen37max,harder_stress_v1_frontierpp_09_auth_claim_boundary,diagnostic_controlled_frontier_plus,frontier_plus,security_boundary,,mature_ssr_loop,mature_ssr_loop,300,1,2026-06-19T09:08:02.603607+00:00,2026-06-19T09:08:04.611902+00:00,2026-06-19T09:08:02.603650+00:00,2026-06-19T09:08:04.610788+00:00,0.005,33146312feffa160a32e762c32a2b0a3b61464eaaeb147e93bec4f257a858730,34b5814df6e66aa1097f49aec048f68274466f91ea738505588277dc88f1cd4b,24c2aa4fdaf72321ee311eeeb023714d65b6477b681b763519a40c830f2f1974,ad15b2efd317279f59d37769669c2799bdb5464c6f465c36a4510ca09c6b87a3,5b020dc99d1abd01b64396198fea5eeff66212dfd043d40a571c82ec086b1387,64a026a4236b1b40dd4c84896182d83ca4a5200fe4828b5f7e31afce8fcfcf72,6a7458aebaa10ebcc76a6d226fd20a8e6168750a89bacc574882c405bc40e8f4,6a7458aebaa10ebcc76a6d226fd20a8e6168750a89bacc574882c405bc40e8f4,6a7458aebaa10ebcc76a6d226fd20a8e6168750a89bacc574882c405bc40e8f4,bf0630beb52372c3453c4d395f8a77d60030282c3d46201d3fc218055acf60ee,direct_provider,dashscope,https://dashscope.aliyuncs.com/compatible-mode/v1,qwen3.7-max,https://dashscope.aliyuncs.com/compatible-mode/v1/chat/completions,qwen3.7-max,460fcbdb2292588d3356bf33464f23d8d6279a1f2188e11f9a1ff121452a2423,71aa9cbc0f0da53c5949b6545a569c3cf94a778a6ead9faea79db09fcc74a0db,ddfd5de40cdb4c18b26ca6ad4cfe860ea517f64a63c6b8d5288fc91b7539eaa6,explicit,0.7,4096,omitted,,omitted,,omitted,,omitted,,omitted,,omitted,,omitted,,omitted,,omitted,,False,dashscope_enable_thinking_false,e2146d526bd896be1b7b059a2c4d87319a36bf94bc6aef96d3136bf76e6853a4,provider_not_exposed,provider_not_exposed,False,,False,False,False,disabled,,,,0,0,0,0,0,0,none,mature_ssr_loop_protocol_v1_ecvs_safe_visible_only,0,0,0,0,0,0,0,,0,,0,"[""REQ_09_RMCZ4BDV"", ""LOCK_09_VDB4Z"", ""SCOPE_09_CZ4BD"", ""CHECK_09_MCZ4B"", ""ANCHOR_09_DB4ZC"", ""EDGE_09_Z4BDV"", ""FRONTIER_09_VDB4ZC"", ""MERGE_09_RMCVDB"", ""VERIFY_09_Z4BDV"", ""PLAN_09_4ZCMR"", ""CONTRACT_09_RMCZ4"", ""FINAL_09_VDB4DV""]",[],0,[],0,[],0,[],0,1,URLError: <urlopen error [Errno 1] Operation not permitted>,rerun_required,backend_error,965522de0e0ba0cc20c7565423d3c1f8444d75f1a0d121dbe2c6b8faf74a0b74,7c077ca2308714493d07163e1033c4282bd869ff6d477b3e77408587f95e2930,7c077ca2308714493d07163e1033c4282bd869ff6d477b3e77408587f95e2930,78b9c6a3aacba408617f72ae758c3638598dbade3a6cbb06098ca77fc0251e8c,2ac0981afcf1fd18ad8e4f0ba32dbe577029066ef5946663e62a2d8e84a4bbde,released_raw_outputs/model_outputs/_probe_ecvs_qwen37max_harder_stress_v1_visiblecarry_vs_maturessrloop_15task_2method_3budget_1run/qwen37max/mature_ssr_loop__harder_stress_v1_frontierpp_09_auth_claim_boundary__run_1__budget_300.jsonl,1,1243eecbb4209934cf64b22869d3d8bdcbf4ba7aeca83e38524e97cb4df7cb24,645e111777135f8b4560097b6f320839b35f426c1f74f7fd04b8e1500069b7bf,c60a9a9bc7cc566638ba83bf4d535727f47831783c45b8d136aa4cbd4c953759,_probe_ecvs_qwen37max_harder_stress_v1_visiblecarry_vs_maturessrloop_15task_2method_3budget_1run,ssr_loop,d239781121d1d6a6cd4cbcab5e859463831be69b2bcfc1a1884a2ada2c1ef299,f1670223cdb18cbebe5670181c127a5dc490184cc50ed55bb49cae0dd6b81125,"{""boundary_constraint_count"": 5, ""budgets_supported"": [300, 600, 1200], ""conditional_constraint_count"": 4, ""decoy_count"": 9, ""difficulty_factors"": [""decoy_overload"", ""overwrite_update"", ""conditional_allowed_state"", ""forbidden_boundary_pressure"", ""final_output_contract_pressure"", ""delayed_critical_constraint"", ""budget_pressure""], ""files_touched_estimate"": 2, ""method_specific_selection_used"": false, ""model_outcomes_used"": false, ""required_output_size"": 12, ""segment_count"": 15, ""source_candidate_id"": ""frontier_candidate_auth_claim_boundary"", ""strict_json_contract"": true, ""update_count"": 4}",649fa93b196242a19e144bd5297cf90abac45ad4aab2596921bacaa4f809894a,1,mature_ssr_loop_protocol_v1_ecvs_safe_visible_only,,,,,,,,
_probe_ecvs_qwen37max_harder_stress_v1_visiblecarry_vs_maturessrloop_15task_2method_3budget_1run:qwen37max:mature_ssr_loop:harder_stress_v1_frontierpp_09_auth_claim_boundary:budget_600:run_1,qwen37max,harder_stress_v1_frontierpp_09_auth_claim_boundary,diagnostic_controlled_frontier_plus,frontier_plus,security_boundary,,mature_ssr_loop,mature_ssr_loop,600,1,2026-06-19T09:08:02.598897+00:00,2026-06-19T09:08:04.615417+00:00,2026-06-19T09:08:02.598960+00:00,2026-06-19T09:08:04.613034+00:00,0.009,33146312feffa160a32e762c32a2b0a3b61464eaaeb147e93bec4f257a858730,34b5814df6e66aa1097f49aec048f68274466f91ea738505588277dc88f1cd4b,24c2aa4fdaf72321ee311eeeb023714d65b6477b681b763519a40c830f2f1974,ad15b2efd317279f59d37769669c2799bdb5464c6f465c36a4510ca09c6b87a3,c4b128c7ed5b9203e29c22125bb9ff1bbf86de2bbb02a77a94d7ffc0b956f032,64a026a4236b1b40dd4c84896182d83ca4a5200fe4828b5f7e31afce8fcfcf72,6a7458aebaa10ebcc76a6d226fd20a8e6168750a89bacc574882c405bc40e8f4,6a7458aebaa10ebcc76a6d226fd20a8e6168750a89bacc574882c405bc40e8f4,6a7458aebaa10ebcc76a6d226fd20a8e6168750a89bacc574882c405bc40e8f4,bf0630beb52372c3453c4d395f8a77d60030282c3d46201d3fc218055acf60ee,direct_provider,dashscope,https://dashscope.aliyuncs.com/compatible-mode/v1,qwen3.7-max,https://dashscope.aliyuncs.com/compatible-mode/v1/chat/completions,qwen3.7-max,460fcbdb2292588d3356bf33464f23d8d6279a1f2188e11f9a1ff121452a2423,71aa9cbc0f0da53c5949b6545a569c3cf94a778a6ead9faea79db09fcc74a0db,ddfd5de40cdb4c18b26ca6ad4cfe860ea517f64a63c6b8d5288fc91b7539eaa6,explicit,0.7,4096,omitted,,omitted,,omitted,,omitted,,omitted,,omitted,,omitted,,omitted,,omitted,,False,dashscope_enable_thinking_false,e2146d526bd896be1b7b059a2c4d87319a36bf94bc6aef96d3136bf76e6853a4,provider_not_exposed,provider_not_exposed,False,,False,False,False,disabled,,,,0,0,0,0,0,0,none,mature_ssr_loop_protocol_v1_ecvs_safe_visible_only,0,0,0,0,0,0,0,,0,,0,"[""REQ_09_RMCZ4BDV"", ""LOCK_09_VDB4Z"", ""SCOPE_09_CZ4BD"", ""CHECK_09_MCZ4B"", ""ANCHOR_09_DB4ZC"", ""EDGE_09_Z4BDV"", ""FRONTIER_09_VDB4ZC"", ""MERGE_09_RMCVDB"", ""VERIFY_09_Z4BDV"", ""PLAN_09_4ZCMR"", ""CONTRACT_09_RMCZ4"", ""FINAL_09_VDB4DV""]",[],0,[],0,[],0,[],0,1,URLError: <urlopen error [Errno 1] Operation not permitted>,rerun_required,backend_error,3d0e963393f8330dbd117f7d90a80bee3ddb069ae3a3ddd524288438b9f772ea,7c077ca2308714493d07163e1033c4282bd869ff6d477b3e77408587f95e2930,7c077ca2308714493d07163e1033c4282bd869ff6d477b3e77408587f95e2930,78b9c6a3aacba408617f72ae758c3638598dbade3a6cbb06098ca77fc0251e8c,5525f4aec10b166ff16bc22d2b3c3c897c842c9dc8a195f851667ee1c016b3fd,released_raw_outputs/model_outputs/_probe_ecvs_qwen37max_harder_stress_v1_visiblecarry_vs_maturessrloop_15task_2method_3budget_1run/qwen37max/mature_ssr_loop__harder_stress_v1_frontierpp_09_auth_claim_boundary__run_1__budget_600.jsonl,1,3c528484040f247b4006479fb2d7257e66690aa8663d0ccdad0c2133d06776d7,3f60ed9c75a37fcce7d0d6e25a6e76321d2038c36fc3b8b458e5e29aa9b2d5c6,05e12ac07849e022f1554e206fd2699bbd8e028ae090a5c831afd63a1da90566,_probe_ecvs_qwen37max_harder_stress_v1_visiblecarry_vs_maturessrloop_15task_2method_3budget_1run,ssr_loop,d239781121d1d6a6cd4cbcab5e859463831be69b2bcfc1a1884a2ada2c1ef299,f1670223cdb18cbebe5670181c127a5dc490184cc50ed55bb49cae0dd6b81125,"{""boundary_constraint_count"": 5, ""budgets_supported"": [300, 600, 1200], ""conditional_constraint_count"": 4, ""decoy_count"": 9, ""difficulty_factors"": [""decoy_overload"", ""overwrite_update"", ""conditional_allowed_state"", ""forbidden_boundary_pressure"", ""final_output_contract_pressure"", ""delayed_critical_constraint"", ""budget_pressure""], ""files_touched_estimate"": 2, ""method_specific_selection_used"": false, ""model_outcomes_used"": false, ""required_output_size"": 12, ""segment_count"": 15, ""source_candidate_id"": ""frontier_candidate_auth_claim_boundary"", ""strict_json_contract"": true, ""update_count"": 4}",649fa93b196242a19e144bd5297cf90abac45ad4aab2596921bacaa4f809894a,1,mature_ssr_loop_protocol_v1_ecvs_safe_visible_only,,,,,,,,
_probe_ecvs_qwen37max_harder_stress_v1_visiblecarry_vs_maturessrloop_15task_2method_3budget_1run:qwen37max:mature_ssr_loop:harder_stress_v1_frontierpp_10_build_matrix_compat:budget_1200:run_1,qwen37max,harder_stress_v1_frontierpp_10_build_matrix_compat,semi_real_repo_style_controlled_frontier_plus,frontier_plus,build_config_matrix,,mature_ssr_loop,mature_ssr_loop,1200,1,2026-06-19T09:08:02.605279+00:00,2026-06-19T09:08:04.616618+00:00,2026-06-19T09:08:02.605320+00:00,2026-06-19T09:08:04.614006+00:00,0.004,33146312feffa160a32e762c32a2b0a3b61464eaaeb147e93bec4f257a858730,238585ceb733650a4958514902e2934768c400f5690b5fe38d85f5d363ef93b4,24c2aa4fdaf72321ee311eeeb023714d65b6477b681b763519a40c830f2f1974,229fcfcd7cd6174d7ea6eb9097e6e2f750b5a5aa4ac798d333d166b4de7d961a,34d327cd7266638710bba0c8cc753efa6ce9d313bc0c4747cefc322b10ec849f,64a026a4236b1b40dd4c84896182d83ca4a5200fe4828b5f7e31afce8fcfcf72,6a7458aebaa10ebcc76a6d226fd20a8e6168750a89bacc574882c405bc40e8f4,6a7458aebaa10ebcc76a6d226fd20a8e6168750a89bacc574882c405bc40e8f4,6a7458aebaa10ebcc76a6d226fd20a8e6168750a89bacc574882c405bc40e8f4,bf0630beb52372c3453c4d395f8a77d60030282c3d46201d3fc218055acf60ee,direct_provider,dashscope,https://dashscope.aliyuncs.com/compatible-mode/v1,qwen3.7-max,https://dashscope.aliyuncs.com/compatible-mode/v1/chat/completions,qwen3.7-max,460fcbdb2292588d3356bf33464f23d8d6279a1f2188e11f9a1ff121452a2423,71aa9cbc0f0da53c5949b6545a569c3cf94a778a6ead9faea79db09fcc74a0db,ddfd5de40cdb4c18b26ca6ad4cfe860ea517f64a63c6b8d5288fc91b7539eaa6,explicit,0.7,4096,omitted,,omitted,,omitted,,omitted,,omitted,,omitted,,omitted,,omitted,,omitted,,False,dashscope_enable_thinking_false,e2146d526bd896be1b7b059a2c4d87319a36bf94bc6aef96d3136bf76e6853a4,provider_not_exposed,provider_not_exposed,False,,False,False,False,disabled,,,,0,0,0,0,0,0,none,mature_ssr_loop_protocol_v1_ecvs_safe_visible_only,0,0,0,0,0,0,0,,0,,0,"[""REQ_10_BD5YAL7M"", ""LOCK_10_M7LAY"", ""SCOPE_10_5YAL7"", ""CHECK_10_D5YAL"", ""ANCHOR_10_7LAY5"", ""EDGE_10_YAL7M"", ""FRONTIER_10_M7LAY5"", ""MERGE_10_BD5M7L"", ""VERIFY_10_YAL7M"", ""PLAN_10_AY5DB"", ""CONTRACT_10_BD5YA"", ""FINAL_10_M7LA7M""]",[],0,[],0,[],0,[],0,1,URLError: <urlopen error [Errno 1] Operation not permitted>,rerun_required,backend_error,8eb3bf507a54aa2c726a5aa7d9c755fe60425bf25ce152da8702ffc7bb9cebb7,7c077ca2308714493d07163e1033c4282bd869ff6d477b3e77408587f95e2930,7c077ca2308714493d07163e1033c4282bd869ff6d477b3e77408587f95e2930,78b9c6a3aacba408617f72ae758c3638598dbade3a6cbb06098ca77fc0251e8c,ce23615c29215a90ad8552fe30fd7a135e9de8231b28f966f6dd63b9d0cc06b9,released_raw_outputs/model_outputs/_probe_ecvs_qwen37max_harder_stress_v1_visiblecarry_vs_maturessrloop_15task_2method_3budget_1run/qwen37max/mature_ssr_loop__harder_stress_v1_frontierpp_10_build_matrix_compat__run_1__budget_1200.jsonl,1,4017dab219ae684735dd6704257f269fb209e215737e3e6a9853e5257420c776,74e8d1e73e6da2f284f6523ac49e5d9702ff4cdf55c4e4e8c6700d0e9a3dca2c,26466ee765428fde3277c2ba9a39d4f77abe1a9d92c525bdb879207ef162e488,_probe_ecvs_qwen37max_harder_stress_v1_visiblecarry_vs_maturessrloop_15task_2method_3budget_1run,ssr_loop,d239781121d1d6a6cd4cbcab5e859463831be69b2bcfc1a1884a2ada2c1ef299,6468b2a1c3b53d84d153cfb23e17eb49b760ad82da5267c303d090717ca7400d,"{""boundary_constraint_count"": 3, ""budgets_supported"": [300, 600, 1200], ""conditional_constraint_count"": 3, ""decoy_count"": 8, ""difficulty_factors"": [""decoy_overload"", ""overwrite_update"", ""conditional_allowed_state"", ""multi_file_component_consistency"", ""distractor_segment"", ""final_output_contract_pressure"", ""budget_pressure""], ""files_touched_estimate"": 3, ""method_specific_selection_used"": false, ""model_outcomes_used"": false, ""required_output_size"": 11, ""segment_count"": 14, ""source_candidate_id"": ""frontier_candidate_build_matrix_compat"", ""strict_json_contract"": true, ""update_count"": 3}",649fa93b196242a19e144bd5297cf90abac45ad4aab2596921bacaa4f809894a,1,mature_ssr_loop_protocol_v1_ecvs_safe_visible_only,,,,,,,,
_probe_ecvs_qwen37max_harder_stress_v1_visiblecarry_vs_maturessrloop_15task_2method_3budget_1run:qwen37max:mature_ssr_loop:harder_stress_v1_frontierpp_10_build_matrix_compat:budget_300:run_1,qwen37max,harder_stress_v1_frontierpp_10_build_matrix_compat,semi_real_repo_style_controlled_frontier_plus,frontier_plus,build_config_matrix,,mature_ssr_loop,mature_ssr_loop,300,1,2026-06-19T09:08:02.604263+00:00,2026-06-19T09:08:04.614847+00:00,2026-06-19T09:08:02.604305+00:00,2026-06-19T09:08:04.613481+00:00,0.004,33146312feffa160a32e762c32a2b0a3b61464eaaeb147e93bec4f257a858730,238585ceb733650a4958514902e2934768c400f5690b5fe38d85f5d363ef93b4,24c2aa4fdaf72321ee311eeeb023714d65b6477b681b763519a40c830f2f1974,229fcfcd7cd6174d7ea6eb9097e6e2f750b5a5aa4ac798d333d166b4de7d961a,c617c60a677412d72ad8eabcbf656cc5aaa2afd8c5431996f01b02d4185eb81a,64a026a4236b1b40dd4c84896182d83ca4a5200fe4828b5f7e31afce8fcfcf72,6a7458aebaa10ebcc76a6d226fd20a8e6168750a89bacc574882c405bc40e8f4,6a7458aebaa10ebcc76a6d226fd20a8e6168750a89bacc574882c405bc40e8f4,6a7458aebaa10ebcc76a6d226fd20a8e6168750a89bacc574882c405bc40e8f4,bf0630beb52372c3453c4d395f8a77d60030282c3d46201d3fc218055acf60ee,direct_provider,dashscope,https://dashscope.aliyuncs.com/compatible-mode/v1,qwen3.7-max,https://dashscope.aliyuncs.com/compatible-mode/v1/chat/completions,qwen3.7-max,460fcbdb2292588d3356bf33464f23d8d6279a1f2188e11f9a1ff121452a2423,71aa9cbc0f0da53c5949b6545a569c3cf94a778a6ead9faea79db09fcc74a0db,ddfd5de40cdb4c18b26ca6ad4cfe860ea517f64a63c6b8d5288fc91b7539eaa6,explicit,0.7,4096,omitted,,omitted,,omitted,,omitted,,omitted,,omitted,,omitted,,omitted,,omitted,,False,dashscope_enable_thinking_false,e2146d526bd896be1b7b059a2c4d87319a36bf94bc6aef96d3136bf76e6853a4,provider_not_exposed,provider_not_exposed,False,,False,False,False,disabled,,,,0,0,0,0,0,0,none,mature_ssr_loop_protocol_v1_ecvs_safe_visible_only,0,0,0,0,0,0,0,,0,,0,"[""REQ_10_BD5YAL7M"", ""LOCK_10_M7LAY"", ""SCOPE_10_5YAL7"", ""CHECK_10_D5YAL"", ""ANCHOR_10_7LAY5"", ""EDGE_10_YAL7M"", ""FRONTIER_10_M7LAY5"", ""MERGE_10_BD5M7L"", ""VERIFY_10_YAL7M"", ""PLAN_10_AY5DB"", ""CONTRACT_10_BD5YA"", ""FINAL_10_M7LA7M""]",[],0,[],0,[],0,[],0,1,URLError: <urlopen error [Errno 1] Operation not permitted>,rerun_required,backend_error,9771af66945ddcb711c3e8e019bc56f0cc2e1cfe5e262d0a217ab92dba60e68a,7c077ca2308714493d07163e1033c4282bd869ff6d477b3e77408587f95e2930,7c077ca2308714493d07163e1033c4282bd869ff6d477b3e77408587f95e2930,78b9c6a3aacba408617f72ae758c3638598dbade3a6cbb06098ca77fc0251e8c,b46dca6f547727ef4ddf362c2f9cfee872ef1bf2e2f840b7299745467bd507d2,released_raw_outputs/model_outputs/_probe_ecvs_qwen37max_harder_stress_v1_visiblecarry_vs_maturessrloop_15task_2method_3budget_1run/qwen37max/mature_ssr_loop__harder_stress_v1_frontierpp_10_build_matrix_compat__run_1__budget_300.jsonl,1,aca2b1515a490d98044e8b5e76150888fd7cc1edc55c692d9b519aff8111a141,2f782e9318b1c9897ba858daf95d27daa1b46bd42904d7f31c2ed4b91046c0cb,eb28e898016d90b24d24875c088b7f9c71d735b381005d055f5b04972e399499,_probe_ecvs_qwen37max_harder_stress_v1_visiblecarry_vs_maturessrloop_15task_2method_3budget_1run,ssr_loop,d239781121d1d6a6cd4cbcab5e859463831be69b2bcfc1a1884a2ada2c1ef299,6468b2a1c3b53d84d153cfb23e17eb49b760ad82da5267c303d090717ca7400d,"{""boundary_constraint_count"": 3, ""budgets_supported"": [300, 600, 1200], ""conditional_constraint_count"": 3, ""decoy_count"": 8, ""difficulty_factors"": [""decoy_overload"", ""overwrite_update"", ""conditional_allowed_state"", ""multi_file_component_consistency"", ""distractor_segment"", ""final_output_contract_pressure"", ""budget_pressure""], ""files_touched_estimate"": 3, ""method_specific_selection_used"": false, ""model_outcomes_used"": false, ""required_output_size"": 11, ""segment_count"": 14, ""source_candidate_id"": ""frontier_candidate_build_matrix_compat"", ""strict_json_contract"": true, ""update_count"": 3}",649fa93b196242a19e144bd5297cf90abac45ad4aab2596921bacaa4f809894a,1,mature_ssr_loop_protocol_v1_ecvs_safe_visible_only,,,,,,,,
_probe_ecvs_qwen37max_harder_stress_v1_visiblecarry_vs_maturessrloop_15task_2method_3budget_1run:qwen37max:mature_ssr_loop:harder_stress_v1_frontierpp_10_build_matrix_compat:budget_600:run_1,qwen37max,harder_stress_v1_frontierpp_10_build_matrix_compat,semi_real_repo_style_controlled_frontier_plus,frontier_plus,build_config_matrix,,mature_ssr_loop,mature_ssr_loop,600,1,2026-06-19T09:08:02.604423+00:00,2026-06-19T09:08:04.616435+00:00,2026-06-19T09:08:02.604480+00:00,2026-06-19T09:08:04.614407+00:00,0.006,33146312feffa160a32e762c32a2b0a3b61464eaaeb147e93bec4f257a858730,238585ceb733650a4958514902e2934768c400f5690b5fe38d85f5d363ef93b4,24c2aa4fdaf72321ee311eeeb023714d65b6477b681b763519a40c830f2f1974,229fcfcd7cd6174d7ea6eb9097e6e2f750b5a5aa4ac798d333d166b4de7d961a,a545d463e7db22ca227d4704dbc448216aa0db7cc9e861bd98e2df68ee1d09f0,64a026a4236b1b40dd4c84896182d83ca4a5200fe4828b5f7e31afce8fcfcf72,6a7458aebaa10ebcc76a6d226fd20a8e6168750a89bacc574882c405bc40e8f4,6a7458aebaa10ebcc76a6d226fd20a8e6168750a89bacc574882c405bc40e8f4,6a7458aebaa10ebcc76a6d226fd20a8e6168750a89bacc574882c405bc40e8f4,bf0630beb52372c3453c4d395f8a77d60030282c3d46201d3fc218055acf60ee,direct_provider,dashscope,https://dashscope.aliyuncs.com/compatible-mode/v1,qwen3.7-max,https://dashscope.aliyuncs.com/compatible-mode/v1/chat/completions,qwen3.7-max,460fcbdb2292588d3356bf33464f23d8d6279a1f2188e11f9a1ff121452a2423,71aa9cbc0f0da53c5949b6545a569c3cf94a778a6ead9faea79db09fcc74a0db,ddfd5de40cdb4c18b26ca6ad4cfe860ea517f64a63c6b8d5288fc91b7539eaa6,explicit,0.7,4096,omitted,,omitted,,omitted,,omitted,,omitted,,omitted,,omitted,,omitted,,omitted,,False,dashscope_enable_thinking_false,e2146d526bd896be1b7b059a2c4d87319a36bf94bc6aef96d3136bf76e6853a4,provider_not_exposed,provider_not_exposed,False,,False,False,False,disabled,,,,0,0,0,0,0,0,none,mature_ssr_loop_protocol_v1_ecvs_safe_visible_only,0,0,0,0,0,0,0,,0,,0,"[""REQ_10_BD5YAL7M"", ""LOCK_10_M7LAY"", ""SCOPE_10_5YAL7"", ""CHECK_10_D5YAL"", ""ANCHOR_10_7LAY5"", ""EDGE_10_YAL7M"", ""FRONTIER_10_M7LAY5"", ""MERGE_10_BD5M7L"", ""VERIFY_10_YAL7M"", ""PLAN_10_AY5DB"", ""CONTRACT_10_BD5YA"", ""FINAL_10_M7LA7M""]",[],0,[],0,[],0,[],0,1,URLError: <urlopen error [Errno 1] Operation not permitted>,rerun_required,backend_error,59d03a654c22af82e8c7601c4d731bb9a1a74ea0e06e2d56844e6b9ee051371d,7c077ca2308714493d07163e1033c4282bd869ff6d477b3e77408587f95e2930,7c077ca2308714493d07163e1033c4282bd869ff6d477b3e77408587f95e2930,78b9c6a3aacba408617f72ae758c3638598dbade3a6cbb06098ca77fc0251e8c,c1bb93d6d75a3457860b51c52270c42bc7a21c94686030f4dcaab1694149426b,released_raw_outputs/model_outputs/_probe_ecvs_qwen37max_harder_stress_v1_visiblecarry_vs_maturessrloop_15task_2method_3budget_1run/qwen37max/mature_ssr_loop__harder_stress_v1_frontierpp_10_build_matrix_compat__run_1__budget_600.jsonl,1,71a5903bd8abff10de12e53051939115c16fe4ce753ef39741ca7eeb345734b9,30ceb0b123adbbc70652d8c10f2c90cac63ed6964011eae159203ac5996e5b15,dac1bb3aeeaac3bd789438823ffd6a97a7455b7da0498edd3d6d2debb5feb212,_probe_ecvs_qwen37max_harder_stress_v1_visiblecarry_vs_maturessrloop_15task_2method_3budget_1run,ssr_loop,d239781121d1d6a6cd4cbcab5e859463831be69b2bcfc1a1884a2ada2c1ef299,6468b2a1c3b53d84d153cfb23e17eb49b760ad82da5267c303d090717ca7400d,"{""boundary_constraint_count"": 3, ""budgets_supported"": [300, 600, 1200], ""conditional_constraint_count"": 3, ""decoy_count"": 8, ""difficulty_factors"": [""decoy_overload"", ""overwrite_update"", ""conditional_allowed_state"", ""multi_file_component_consistency"", ""distractor_segment"", ""final_output_contract_pressure"", ""budget_pressure""], ""files_touched_estimate"": 3, ""method_specific_selection_used"": false, ""model_outcomes_used"": false, ""required_output_size"": 11, ""segment_count"": 14, ""source_candidate_id"": ""frontier_candidate_build_matrix_compat"", ""strict_json_contract"": true, ""update_count"": 3}",649fa93b196242a19e144bd5297cf90abac45ad4aab2596921bacaa4f809894a,1,mature_ssr_loop_protocol_v1_ecvs_safe_visible_only,,,,,,,,
_probe_ecvs_qwen37max_harder_stress_v1_visiblecarry_vs_maturessrloop_15task_2method_3budget_1run:qwen37max:mature_ssr_loop:harder_stress_v1_realswe_01_django_upload_path_boundary:budget_1200:run_1,qwen37max,harder_stress_v1_realswe_01_django_upload_path_boundary,real_swe_style_controlled_plus,real_swe_plus,path_security_boundary,,mature_ssr_loop,mature_ssr_loop,1200,1,2026-06-19T09:08:02.609524+00:00,2026-06-19T09:08:04.619154+00:00,2026-06-19T09:08:02.609565+00:00,2026-06-19T09:08:04.616047+00:00,0.006,33146312feffa160a32e762c32a2b0a3b61464eaaeb147e93bec4f257a858730,1db73a038b8f80cba85f08968de0630f60078867fac02d2f124363411d4e6152,24c2aa4fdaf72321ee311eeeb023714d65b6477b681b763519a40c830f2f1974,c0e6ab9c861e910895a812ca0f38f41dd2e0ca2dc6fcba2fea6708f45fa4ba85,760c78923505deb081c4505ce2f546be852494f40fabbba22e8cbbdfdb142297,64a026a4236b1b40dd4c84896182d83ca4a5200fe4828b5f7e31afce8fcfcf72,6a7458aebaa10ebcc76a6d226fd20a8e6168750a89bacc574882c405bc40e8f4,6a7458aebaa10ebcc76a6d226fd20a8e6168750a89bacc574882c405bc40e8f4,6a7458aebaa10ebcc76a6d226fd20a8e6168750a89bacc574882c405bc40e8f4,bf0630beb52372c3453c4d395f8a77d60030282c3d46201d3fc218055acf60ee,direct_provider,dashscope,https://dashscope.aliyuncs.com/compatible-mode/v1,qwen3.7-max,https://dashscope.aliyuncs.com/compatible-mode/v1/chat/completions,qwen3.7-max,460fcbdb2292588d3356bf33464f23d8d6279a1f2188e11f9a1ff121452a2423,71aa9cbc0f0da53c5949b6545a569c3cf94a778a6ead9faea79db09fcc74a0db,ddfd5de40cdb4c18b26ca6ad4cfe860ea517f64a63c6b8d5288fc91b7539eaa6,explicit,0.7,4096,omitted,,omitted,,omitted,,omitted,,omitted,,omitted,,omitted,,omitted,,omitted,,False,dashscope_enable_thinking_false,e2146d526bd896be1b7b059a2c4d87319a36bf94bc6aef96d3136bf76e6853a4,provider_not_exposed,provider_not_exposed,False,,False,False,False,disabled,,,,0,0,0,0,0,0,none,mature_ssr_loop_protocol_v1_ecvs_safe_visible_only,0,0,0,0,0,0,0,,0,,0,"[""REQ_01_YA4SS7TE"", ""LOCK_01_ET7SS"", ""SCOPE_01_4SS7T"", ""CHECK_01_A4SS7"", ""ANCHOR_01_T7SS4"", ""EDGE_01_SS7TE"", ""FRONTIER_01_ET7SS4"", ""MERGE_01_YA4ET7"", ""VERIFY_01_SS7TE"", ""PLAN_01_SS4AY"", ""CONTRACT_01_YA4SS"", ""FINAL_01_ET7STE""]",[],0,[],0,[],0,[],0,1,URLError: <urlopen error [Errno 1] Operation not permitted>,rerun_required,backend_error,7f6fb9b03777cdb41e006f6e9f2699958808bdc6e70dbaa8632fa7dd77e52283,7c077ca2308714493d07163e1033c4282bd869ff6d477b3e77408587f95e2930,7c077ca2308714493d07163e1033c4282bd869ff6d477b3e77408587f95e2930,78b9c6a3aacba408617f72ae758c3638598dbade3a6cbb06098ca77fc0251e8c,eda9c1b58e6456340ec86e087fd493691c54d7454a7b10ec5a0fcd957b123f75,released_raw_outputs/model_outputs/_probe_ecvs_qwen37max_harder_stress_v1_visiblecarry_vs_maturessrloop_15task_2method_3budget_1run/qwen37max/mature_ssr_loop__harder_stress_v1_realswe_01_django_upload_path_boundary__run_1__budget_1200.jsonl,1,134648dcbb6ac9a6a5851ed59e4654bdb4ac9971b51cc34e5245e089ad008f05,8a1db4ce69407edcb5ee0e26785cc010444d8a5afff89003135b43770f38aa91,16bb1e274723709527d03a6ebe40c2e9b0467cd083f4a53730452c453fe1a7eb,_probe_ecvs_qwen37max_harder_stress_v1_visiblecarry_vs_maturessrloop_15task_2method_3budget_1run,ssr_loop,d239781121d1d6a6cd4cbcab5e859463831be69b2bcfc1a1884a2ada2c1ef299,2cc56050dca06d1a174ba1c389a479223fb92b93b30bc99f265984a6f142509c,"{""boundary_constraint_count"": 5, ""budgets_supported"": [300, 600, 1200], ""conditional_constraint_count"": 3, ""config_path_sensitivity"": 5, ""decoy_count"": 8, ""difficulty_factors"": [""decoy_overload"", ""overwrite_update"", ""conditional_allowed_state"", ""forbidden_boundary_pressure"", ""multi_file_component_consistency"", ""budget_pressure""], ""files_touched_estimate"": 2, ""method_specific_selection_used"": false, ""model_outcomes_used"": false, ""required_output_size"": 11, ""segment_count"": 14, ""source_candidate_id"": ""realstyle_candidate_django_upload_path_boundary"", ""strict_json_contract"": true, ""test_contract_complexity"": 4, ""update_count"": 3}",649fa93b196242a19e144bd5297cf90abac45ad4aab2596921bacaa4f809894a,1,mature_ssr_loop_protocol_v1_ecvs_safe_visible_only,,,,,,,,
_probe_ecvs_qwen37max_harder_stress_v1_visiblecarry_vs_maturessrloop_15task_2method_3budget_1run:qwen37max:mature_ssr_loop:harder_stress_v1_realswe_01_django_upload_path_boundary:budget_300:run_1,qwen37max,harder_stress_v1_realswe_01_django_upload_path_boundary,real_swe_style_controlled_plus,real_swe_plus,path_security_boundary,,mature_ssr_loop,mature_ssr_loop,300,1,2026-06-19T09:08:02.608367+00:00,2026-06-19T09:08:04.617421+00:00,2026-06-19T09:08:02.608411+00:00,2026-06-19T09:08:04.614361+00:00,0.002,33146312feffa160a32e762c32a2b0a3b61464eaaeb147e93bec4f257a858730,1db73a038b8f80cba85f08968de0630f60078867fac02d2f124363411d4e6152,24c2aa4fdaf72321ee311eeeb023714d65b6477b681b763519a40c830f2f1974,c0e6ab9c861e910895a812ca0f38f41dd2e0ca2dc6fcba2fea6708f45fa4ba85,07b88cb807b412bb857eef05fc36375b8b1021e1a5def32be464f624e5c3a272,64a026a4236b1b40dd4c84896182d83ca4a5200fe4828b5f7e31afce8fcfcf72,6a7458aebaa10ebcc76a6d226fd20a8e6168750a89bacc574882c405bc40e8f4,6a7458aebaa10ebcc76a6d226fd20a8e6168750a89bacc574882c405bc40e8f4,6a7458aebaa10ebcc76a6d226fd20a8e6168750a89bacc574882c405bc40e8f4,bf0630beb52372c3453c4d395f8a77d60030282c3d46201d3fc218055acf60ee,direct_provider,dashscope,https://dashscope.aliyuncs.com/compatible-mode/v1,qwen3.7-max,https://dashscope.aliyuncs.com/compatible-mode/v1/chat/completions,qwen3.7-max,460fcbdb2292588d3356bf33464f23d8d6279a1f2188e11f9a1ff121452a2423,71aa9cbc0f0da53c5949b6545a569c3cf94a778a6ead9faea79db09fcc74a0db,ddfd5de40cdb4c18b26ca6ad4cfe860ea517f64a63c6b8d5288fc91b7539eaa6,explicit,0.7,4096,omitted,,omitted,,omitted,,omitted,,omitted,,omitted,,omitted,,omitted,,omitted,,False,dashscope_enable_thinking_false,e2146d526bd896be1b7b059a2c4d87319a36bf94bc6aef96d3136bf76e6853a4,provider_not_exposed,provider_not_exposed,False,,False,False,False,disabled,,,,0,0,0,0,0,0,none,mature_ssr_loop_protocol_v1_ecvs_safe_visible_only,0,0,0,0,0,0,0,,0,,0,"[""REQ_01_YA4SS7TE"", ""LOCK_01_ET7SS"", ""SCOPE_01_4SS7T"", ""CHECK_01_A4SS7"", ""ANCHOR_01_T7SS4"", ""EDGE_01_SS7TE"", ""FRONTIER_01_ET7SS4"", ""MERGE_01_YA4ET7"", ""VERIFY_01_SS7TE"", ""PLAN_01_SS4AY"", ""CONTRACT_01_YA4SS"", ""FINAL_01_ET7STE""]",[],0,[],0,[],0,[],0,1,URLError: <urlopen error [Errno 1] Operation not permitted>,rerun_required,backend_error,d9fa9c54e51b0408239267b83816d1b95f9a47299725b1890842610e098eab93,7c077ca2308714493d07163e1033c4282bd869ff6d477b3e77408587f95e2930,7c077ca2308714493d07163e1033c4282bd869ff6d477b3e77408587f95e2930,78b9c6a3aacba408617f72ae758c3638598dbade3a6cbb06098ca77fc0251e8c,68b65db1127f39cdb29bb641ac3402e2e3d1b87a378a55b35e3bdc2074799baa,released_raw_outputs/model_outputs/_probe_ecvs_qwen37max_harder_stress_v1_visiblecarry_vs_maturessrloop_15task_2method_3budget_1run/qwen37max/mature_ssr_loop__harder_stress_v1_realswe_01_django_upload_path_boundary__run_1__budget_300.jsonl,1,788824cfb88f08612aefc333adfb3d45aab97843c965f52206465e920f63504c,4ff8b7723292efa088301bbb743abaa11481d995bcfd1ec46bb7c596ae07ad3e,f8f2d026dea540188fa14a503801470416f7ca635be474b8c53b19abcac5a75a,_probe_ecvs_qwen37max_harder_stress_v1_visiblecarry_vs_maturessrloop_15task_2method_3budget_1run,ssr_loop,d239781121d1d6a6cd4cbcab5e859463831be69b2bcfc1a1884a2ada2c1ef299,2cc56050dca06d1a174ba1c389a479223fb92b93b30bc99f265984a6f142509c,"{""boundary_constraint_count"": 5, ""budgets_supported"": [300, 600, 1200], ""conditional_constraint_count"": 3, ""config_path_sensitivity"": 5, ""decoy_count"": 8, ""difficulty_factors"": [""decoy_overload"", ""overwrite_update"", ""conditional_allowed_state"", ""forbidden_boundary_pressure"", ""multi_file_component_consistency"", ""budget_pressure""], ""files_touched_estimate"": 2, ""method_specific_selection_used"": false, ""model_outcomes_used"": false, ""required_output_size"": 11, ""segment_count"": 14, ""source_candidate_id"": ""realstyle_candidate_django_upload_path_boundary"", ""strict_json_contract"": true, ""test_contract_complexity"": 4, ""update_count"": 3}",649fa93b196242a19e144bd5297cf90abac45ad4aab2596921bacaa4f809894a,1,mature_ssr_loop_protocol_v1_ecvs_safe_visible_only,,,,,,,,
_probe_ecvs_qwen37max_harder_stress_v1_visiblecarry_vs_maturessrloop_15task_2method_3budget_1run:qwen37max:mature_ssr_loop:harder_stress_v1_realswe_01_django_upload_path_boundary:budget_600:run_1,qwen37max,harder_stress_v1_realswe_01_django_upload_path_boundary,real_swe_style_controlled_plus,real_swe_plus,path_security_boundary,,mature_ssr_loop,mature_ssr_loop,600,1,2026-06-19T09:08:02.610735+00:00,2026-06-19T09:08:04.624858+00:00,2026-06-19T09:08:02.610775+00:00,2026-06-19T09:08:04.622689+00:00,0.007,33146312feffa160a32e762c32a2b0a3b61464eaaeb147e93bec4f257a858730,1db73a038b8f80cba85f08968de0630f60078867fac02d2f124363411d4e6152,24c2aa4fdaf72321ee311eeeb023714d65b6477b681b763519a40c830f2f1974,c0e6ab9c861e910895a812ca0f38f41dd2e0ca2dc6fcba2fea6708f45fa4ba85,930acf210c1a469de617fb0db193c8a7c5b46f61700274ed52020cd3a06e7784,64a026a4236b1b40dd4c84896182d83ca4a5200fe4828b5f7e31afce8fcfcf72,6a7458aebaa10ebcc76a6d226fd20a8e6168750a89bacc574882c405bc40e8f4,6a7458aebaa10ebcc76a6d226fd20a8e6168750a89bacc574882c405bc40e8f4,6a7458aebaa10ebcc76a6d226fd20a8e6168750a89bacc574882c405bc40e8f4,bf0630beb52372c3453c4d395f8a77d60030282c3d46201d3fc218055acf60ee,direct_provider,dashscope,https://dashscope.aliyuncs.com/compatible-mode/v1,qwen3.7-max,https://dashscope.aliyuncs.com/compatible-mode/v1/chat/completions,qwen3.7-max,460fcbdb2292588d3356bf33464f23d8d6279a1f2188e11f9a1ff121452a2423,71aa9cbc0f0da53c5949b6545a569c3cf94a778a6ead9faea79db09fcc74a0db,ddfd5de40cdb4c18b26ca6ad4cfe860ea517f64a63c6b8d5288fc91b7539eaa6,explicit,0.7,4096,omitted,,omitted,,omitted,,omitted,,omitted,,omitted,,omitted,,omitted,,omitted,,False,dashscope_enable_thinking_false,e2146d526bd896be1b7b059a2c4d87319a36bf94bc6aef96d3136bf76e6853a4,provider_not_exposed,provider_not_exposed,False,,False,False,False,disabled,,,,0,0,0,0,0,0,none,mature_ssr_loop_protocol_v1_ecvs_safe_visible_only,0,0,0,0,0,0,0,,0,,0,"[""REQ_01_YA4SS7TE"", ""LOCK_01_ET7SS"", ""SCOPE_01_4SS7T"", ""CHECK_01_A4SS7"", ""ANCHOR_01_T7SS4"", ""EDGE_01_SS7TE"", ""FRONTIER_01_ET7SS4"", ""MERGE_01_YA4ET7"", ""VERIFY_01_SS7TE"", ""PLAN_01_SS4AY"", ""CONTRACT_01_YA4SS"", ""FINAL_01_ET7STE""]",[],0,[],0,[],0,[],0,1,URLError: <urlopen error [Errno 1] Operation not permitted>,rerun_required,backend_error,bd9c81cbe7dcf08d6851988d4c1eb83ffb9f314ac018b60669aefd91a458af89,7c077ca2308714493d07163e1033c4282bd869ff6d477b3e77408587f95e2930,7c077ca2308714493d07163e1033c4282bd869ff6d477b3e77408587f95e2930,78b9c6a3aacba408617f72ae758c3638598dbade3a6cbb06098ca77fc0251e8c,bc2b4a67f22515a2ee0b1445524bc6cb240f5d20e1cf5c5c0834aa6519908362,released_raw_outputs/model_outputs/_probe_ecvs_qwen37max_harder_stress_v1_visiblecarry_vs_maturessrloop_15task_2method_3budget_1run/qwen37max/mature_ssr_loop__harder_stress_v1_realswe_01_django_upload_path_boundary__run_1__budget_600.jsonl,1,0a73b67e0cd813bdcfcea36d1c178ebc38897dff3944760e846885cf68e59616,048fc7228af15030bf0ba9d6793c3e35f642a71d188451f88f2ba314c32b8fc0,b93a0e64c1b86e0d9a10f976695ac78cfd7f751edc30a9b998986630ef75ba2d,_probe_ecvs_qwen37max_harder_stress_v1_visiblecarry_vs_maturessrloop_15task_2method_3budget_1run,ssr_loop,d239781121d1d6a6cd4cbcab5e859463831be69b2bcfc1a1884a2ada2c1ef299,2cc56050dca06d1a174ba1c389a479223fb92b93b30bc99f265984a6f142509c,"{""boundary_constraint_count"": 5, ""budgets_supported"": [300, 600, 1200], ""conditional_constraint_count"": 3, ""config_path_sensitivity"": 5, ""decoy_count"": 8, ""difficulty_factors"": [""decoy_overload"", ""overwrite_update"", ""conditional_allowed_state"", ""forbidden_boundary_pressure"", ""multi_file_component_consistency"", ""budget_pressure""], ""files_touched_estimate"": 2, ""method_specific_selection_used"": false, ""model_outcomes_used"": false, ""required_output_size"": 11, ""segment_count"": 14, ""source_candidate_id"": ""realstyle_candidate_django_upload_path_boundary"", ""strict_json_contract"": true, ""test_contract_complexity"": 4, ""update_count"": 3}",649fa93b196242a19e144bd5297cf90abac45ad4aab2596921bacaa4f809894a,1,mature_ssr_loop_protocol_v1_ecvs_safe_visible_only,,,,,,,,
_probe_ecvs_qwen37max_harder_stress_v1_visiblecarry_vs_maturessrloop_15task_2method_3budget_1run:qwen37max:mature_ssr_loop:harder_stress_v1_realswe_02_requests_proxy_redirect_auth:budget_1200:run_1,qwen37max,harder_stress_v1_realswe_02_requests_proxy_redirect_auth,real_swe_style_controlled_plus,real_swe_plus,network_auth_boundary,,mature_ssr_loop,mature_ssr_loop,1200,1,2026-06-19T09:08:02.616849+00:00,2026-06-19T09:08:04.631837+00:00,2026-06-19T09:08:02.616885+00:00,2026-06-19T09:08:04.626634+00:00,0.007,33146312feffa160a32e762c32a2b0a3b61464eaaeb147e93bec4f257a858730,788201e978ef8757927f19ca9f6786fb0c7034e9c2464e97b9a2c390f754a1db,24c2aa4fdaf72321ee311eeeb023714d65b6477b681b763519a40c830f2f1974,a88a608eac743207085093b331252567a461c4ed62aca3f571cc614054237a6a,2248c6b6367f81c205aba563114928f0f9f50b75e66a936b9945875709d8995a,64a026a4236b1b40dd4c84896182d83ca4a5200fe4828b5f7e31afce8fcfcf72,6a7458aebaa10ebcc76a6d226fd20a8e6168750a89bacc574882c405bc40e8f4,6a7458aebaa10ebcc76a6d226fd20a8e6168750a89bacc574882c405bc40e8f4,6a7458aebaa10ebcc76a6d226fd20a8e6168750a89bacc574882c405bc40e8f4,bf0630beb52372c3453c4d395f8a77d60030282c3d46201d3fc218055acf60ee,direct_provider,dashscope,https://dashscope.aliyuncs.com/compatible-mode/v1,qwen3.7-max,https://dashscope.aliyuncs.com/compatible-mode/v1/chat/completions,qwen3.7-max,460fcbdb2292588d3356bf33464f23d8d6279a1f2188e11f9a1ff121452a2423,71aa9cbc0f0da53c5949b6545a569c3cf94a778a6ead9faea79db09fcc74a0db,ddfd5de40cdb4c18b26ca6ad4cfe860ea517f64a63c6b8d5288fc91b7539eaa6,explicit,0.7,4096,omitted,,omitted,,omitted,,omitted,,omitted,,omitted,,omitted,,omitted,,omitted,,False,dashscope_enable_thinking_false,e2146d526bd896be1b7b059a2c4d87319a36bf94bc6aef96d3136bf76e6853a4,provider_not_exposed,provider_not_exposed,False,,False,False,False,disabled,,,,0,0,0,0,0,0,none,mature_ssr_loop_protocol_v1_ecvs_safe_visible_only,0,0,0,0,0,0,0,,0,,0,"[""REQ_02_NYX5B9NF"", ""LOCK_02_FN9B5"", ""SCOPE_02_X5B9N"", ""CHECK_02_YX5B9"", ""ANCHOR_02_N9B5X"", ""EDGE_02_5B9NF"", ""FRONTIER_02_FN9B5X"", ""MERGE_02_NYXFN9"", ""VERIFY_02_5B9NF"", ""PLAN_02_B5XYN"", ""CONTRACT_02_NYX5B"", ""FINAL_02_FN9BNF""]",[],0,[],0,[],0,[],0,1,URLError: <urlopen error [Errno 1] Operation not permitted>,rerun_required,backend_error,d0c5dd9475249d48b325bf60c3c7d74cfb7736ad79ec48426af5bd5b4dbcbca4,7c077ca2308714493d07163e1033c4282bd869ff6d477b3e77408587f95e2930,7c077ca2308714493d07163e1033c4282bd869ff6d477b3e77408587f95e2930,78b9c6a3aacba408617f72ae758c3638598dbade3a6cbb06098ca77fc0251e8c,0ce0cd56372cb5b9d7a1f797c2f43a53e692b55c976c7ce51a7881053b2733ff,released_raw_outputs/model_outputs/_probe_ecvs_qwen37max_harder_stress_v1_visiblecarry_vs_maturessrloop_15task_2method_3budget_1run/qwen37max/mature_ssr_loop__harder_stress_v1_realswe_02_requests_proxy_redirect_auth__run_1__budget_1200.jsonl,1,5dbf6ee5e026d0d8f9e85e259a6136d95cd360de49787de11cd35cf872385a14,deda85d199d0cf426d580c86cd6199b6ac56e2bda2f5fe23a7edc181f29cbb60,47521793178b30c26ca92433cb97a7f7d802e7d6af1c64360a4e971d7c4fa302,_probe_ecvs_qwen37max_harder_stress_v1_visiblecarry_vs_maturessrloop_15task_2method_3budget_1run,ssr_loop,d239781121d1d6a6cd4cbcab5e859463831be69b2bcfc1a1884a2ada2c1ef299,5a9f5ac7be50f19bb9bc52f18619bb9ec8b5bd964116d6ca4a3fa9e027a7dd08,"{""boundary_constraint_count"": 6, ""budgets_supported"": [300, 600, 1200], ""conditional_constraint_count"": 4, ""conflicting_deprecated_api_mentions"": 4, ""decoy_count"": 9, ""difficulty_factors"": [""decoy_overload"", ""overwrite_update"", ""conditional_allowed_state"", ""forbidden_boundary_pressure"", ""multi_file_component_consistency"", ""plan_consistency"", ""budget_pressure""], ""files_touched_estimate"": 2, ""method_specific_selection_used"": false, ""model_outcomes_used"": false, ""required_output_size"": 12, ""security_boundary_relevance"": 5, ""segment_count"": 15, ""source_candidate_id"": ""realstyle_candidate_requests_proxy_redirect_auth"", ""strict_json_contract"": true, ""update_count"": 4}",649fa93b196242a19e144bd5297cf90abac45ad4aab2596921bacaa4f809894a,1,mature_ssr_loop_protocol_v1_ecvs_safe_visible_only,,,,,,,,
_probe_ecvs_qwen37max_harder_stress_v1_visiblecarry_vs_maturessrloop_15task_2method_3budget_1run:qwen37max:mature_ssr_loop:harder_stress_v1_realswe_02_requests_proxy_redirect_auth:budget_300:run_1,qwen37max,harder_stress_v1_realswe_02_requests_proxy_redirect_auth,real_swe_style_controlled_plus,real_swe_plus,network_auth_boundary,,mature_ssr_loop,mature_ssr_loop,300,1,2026-06-19T09:08:02.613673+00:00,2026-06-19T09:08:04.630466+00:00,2026-06-19T09:08:02.613711+00:00,2026-06-19T09:08:04.625694+00:00,0.007,33146312feffa160a32e762c32a2b0a3b61464eaaeb147e93bec4f257a858730,788201e978ef8757927f19ca9f6786fb0c7034e9c2464e97b9a2c390f754a1db,24c2aa4fdaf72321ee311eeeb023714d65b6477b681b763519a40c830f2f1974,a88a608eac743207085093b331252567a461c4ed62aca3f571cc614054237a6a,7aabf9569f523b426f86927f5db7a465f57d81935824537e7d8507dfc637dcf4,64a026a4236b1b40dd4c84896182d83ca4a5200fe4828b5f7e31afce8fcfcf72,6a7458aebaa10ebcc76a6d226fd20a8e6168750a89bacc574882c405bc40e8f4,6a7458aebaa10ebcc76a6d226fd20a8e6168750a89bacc574882c405bc40e8f4,6a7458aebaa10ebcc76a6d226fd20a8e6168750a89bacc574882c405bc40e8f4,bf0630beb52372c3453c4d395f8a77d60030282c3d46201d3fc218055acf60ee,direct_provider,dashscope,https://dashscope.aliyuncs.com/compatible-mode/v1,qwen3.7-max,https://dashscope.aliyuncs.com/compatible-mode/v1/chat/completions,qwen3.7-max,460fcbdb2292588d3356bf33464f23d8d6279a1f2188e11f9a1ff121452a2423,71aa9cbc0f0da53c5949b6545a569c3cf94a778a6ead9faea79db09fcc74a0db,ddfd5de40cdb4c18b26ca6ad4cfe860ea517f64a63c6b8d5288fc91b7539eaa6,explicit,0.7,4096,omitted,,omitted,,omitted,,omitted,,omitted,,omitted,,omitted,,omitted,,omitted,,False,dashscope_enable_thinking_false,e2146d526bd896be1b7b059a2c4d87319a36bf94bc6aef96d3136bf76e6853a4,provider_not_exposed,provider_not_exposed,False,,False,False,False,disabled,,,,0,0,0,0,0,0,none,mature_ssr_loop_protocol_v1_ecvs_safe_visible_only,0,0,0,0,0,0,0,,0,,0,"[""REQ_02_NYX5B9NF"", ""LOCK_02_FN9B5"", ""SCOPE_02_X5B9N"", ""CHECK_02_YX5B9"", ""ANCHOR_02_N9B5X"", ""EDGE_02_5B9NF"", ""FRONTIER_02_FN9B5X"", ""MERGE_02_NYXFN9"", ""VERIFY_02_5B9NF"", ""PLAN_02_B5XYN"", ""CONTRACT_02_NYX5B"", ""FINAL_02_FN9BNF""]",[],0,[],0,[],0,[],0,1,URLError: <urlopen error [Errno 1] Operation not permitted>,rerun_required,backend_error,f7b16a5c7051eb6796f1b00b9f784c8b8dd7dbe3840be2770919af8609df7928,7c077ca2308714493d07163e1033c4282bd869ff6d477b3e77408587f95e2930,7c077ca2308714493d07163e1033c4282bd869ff6d477b3e77408587f95e2930,78b9c6a3aacba408617f72ae758c3638598dbade3a6cbb06098ca77fc0251e8c,c08ae96c631d3b18da966857d0714474e1c4e5f12e8961cc9e28460756385bd7,released_raw_outputs/model_outputs/_probe_ecvs_qwen37max_harder_stress_v1_visiblecarry_vs_maturessrloop_15task_2method_3budget_1run/qwen37max/mature_ssr_loop__harder_stress_v1_realswe_02_requests_proxy_redirect_auth__run_1__budget_300.jsonl,1,219992d062d1b386377763340e3aa8a17c26b311c606f118aa2d057613c1727f,807310ec05f4c43738dace19b984369ed13b50ec31aa1118e4cc1798c6f48296,66845cc25d9aec1bd3c2334a9672546c8c5b4847fb0b896ad2b95e7154f7d3f3,_probe_ecvs_qwen37max_harder_stress_v1_visiblecarry_vs_maturessrloop_15task_2method_3budget_1run,ssr_loop,d239781121d1d6a6cd4cbcab5e859463831be69b2bcfc1a1884a2ada2c1ef299,5a9f5ac7be50f19bb9bc52f18619bb9ec8b5bd964116d6ca4a3fa9e027a7dd08,"{""boundary_constraint_count"": 6, ""budgets_supported"": [300, 600, 1200], ""conditional_constraint_count"": 4, ""conflicting_deprecated_api_mentions"": 4, ""decoy_count"": 9, ""difficulty_factors"": [""decoy_overload"", ""overwrite_update"", ""conditional_allowed_state"", ""forbidden_boundary_pressure"", ""multi_file_component_consistency"", ""plan_consistency"", ""budget_pressure""], ""files_touched_estimate"": 2, ""method_specific_selection_used"": false, ""model_outcomes_used"": false, ""required_output_size"": 12, ""security_boundary_relevance"": 5, ""segment_count"": 15, ""source_candidate_id"": ""realstyle_candidate_requests_proxy_redirect_auth"", ""strict_json_contract"": true, ""update_count"": 4}",649fa93b196242a19e144bd5297cf90abac45ad4aab2596921bacaa4f809894a,1,mature_ssr_loop_protocol_v1_ecvs_safe_visible_only,,,,,,,,
_probe_ecvs_qwen37max_harder_stress_v1_visiblecarry_vs_maturessrloop_15task_2method_3budget_1run:qwen37max:mature_ssr_loop:harder_stress_v1_realswe_02_requests_proxy_redirect_auth:budget_600:run_1,qwen37max,harder_stress_v1_realswe_02_requests_proxy_redirect_auth,real_swe_style_controlled_plus,real_swe_plus,network_auth_boundary,,mature_ssr_loop,mature_ssr_loop,600,1,2026-06-19T09:08:02.617661+00:00,2026-06-19T09:08:04.628529+00:00,2026-06-19T09:08:02.617694+00:00,2026-06-19T09:08:04.623949+00:00,0.004,33146312feffa160a32e762c32a2b0a3b61464eaaeb147e93bec4f257a858730,788201e978ef8757927f19ca9f6786fb0c7034e9c2464e97b9a2c390f754a1db,24c2aa4fdaf72321ee311eeeb023714d65b6477b681b763519a40c830f2f1974,a88a608eac743207085093b331252567a461c4ed62aca3f571cc614054237a6a,08f3c6c275d203a6a7344c69011c8dfab20d3ed3581910721c27e3acccfd439d,64a026a4236b1b40dd4c84896182d83ca4a5200fe4828b5f7e31afce8fcfcf72,6a7458aebaa10ebcc76a6d226fd20a8e6168750a89bacc574882c405bc40e8f4,6a7458aebaa10ebcc76a6d226fd20a8e6168750a89bacc574882c405bc40e8f4,6a7458aebaa10ebcc76a6d226fd20a8e6168750a89bacc574882c405bc40e8f4,bf0630beb52372c3453c4d395f8a77d60030282c3d46201d3fc218055acf60ee,direct_provider,dashscope,https://dashscope.aliyuncs.com/compatible-mode/v1,qwen3.7-max,https://dashscope.aliyuncs.com/compatible-mode/v1/chat/completions,qwen3.7-max,460fcbdb2292588d3356bf33464f23d8d6279a1f2188e11f9a1ff121452a2423,71aa9cbc0f0da53c5949b6545a569c3cf94a778a6ead9faea79db09fcc74a0db,ddfd5de40cdb4c18b26ca6ad4cfe860ea517f64a63c6b8d5288fc91b7539eaa6,explicit,0.7,4096,omitted,,omitted,,omitted,,omitted,,omitted,,omitted,,omitted,,omitted,,omitted,,False,dashscope_enable_thinking_false,e2146d526bd896be1b7b059a2c4d87319a36bf94bc6aef96d3136bf76e6853a4,provider_not_exposed,provider_not_exposed,False,,False,False,False,disabled,,,,0,0,0,0,0,0,none,mature_ssr_loop_protocol_v1_ecvs_safe_visible_only,0,0,0,0,0,0,0,,0,,0,"[""REQ_02_NYX5B9NF"", ""LOCK_02_FN9B5"", ""SCOPE_02_X5B9N"", ""CHECK_02_YX5B9"", ""ANCHOR_02_N9B5X"", ""EDGE_02_5B9NF"", ""FRONTIER_02_FN9B5X"", ""MERGE_02_NYXFN9"", ""VERIFY_02_5B9NF"", ""PLAN_02_B5XYN"", ""CONTRACT_02_NYX5B"", ""FINAL_02_FN9BNF""]",[],0,[],0,[],0,[],0,1,URLError: <urlopen error [Errno 1] Operation not permitted>,rerun_required,backend_error,3bbd20ca7a9fddc3458f50dd7ea8550a51dea20728ef7d1bfa0eed641547b3f0,7c077ca2308714493d07163e1033c4282bd869ff6d477b3e77408587f95e2930,7c077ca2308714493d07163e1033c4282bd869ff6d477b3e77408587f95e2930,78b9c6a3aacba408617f72ae758c3638598dbade3a6cbb06098ca77fc0251e8c,aac0ff6aefe12a3a7ad1013cef66156b52a567b2af5a0a4d1368b3fbbd084de4,released_raw_outputs/model_outputs/_probe_ecvs_qwen37max_harder_stress_v1_visiblecarry_vs_maturessrloop_15task_2method_3budget_1run/qwen37max/mature_ssr_loop__harder_stress_v1_realswe_02_requests_proxy_redirect_auth__run_1__budget_600.jsonl,1,124bc42399f33f706c2c7f07de4c8387eb6aa0398d17f32cb1326ebeae97b0ff,eb65af0251f3a5bb9614f33bd3ed1b11f9bfe4a5e12e5ced66deebcbe064ded8,fffeba6c83f188d9e39df16e8ceb072b94d64591e1af5d572fc6052f9201a5ca,_probe_ecvs_qwen37max_harder_stress_v1_visiblecarry_vs_maturessrloop_15task_2method_3budget_1run,ssr_loop,d239781121d1d6a6cd4cbcab5e859463831be69b2bcfc1a1884a2ada2c1ef299,5a9f5ac7be50f19bb9bc52f18619bb9ec8b5bd964116d6ca4a3fa9e027a7dd08,"{""boundary_constraint_count"": 6, ""budgets_supported"": [300, 600, 1200], ""conditional_constraint_count"": 4, ""conflicting_deprecated_api_mentions"": 4, ""decoy_count"": 9, ""difficulty_factors"": [""decoy_overload"", ""overwrite_update"", ""conditional_allowed_state"", ""forbidden_boundary_pressure"", ""multi_file_component_consistency"", ""plan_consistency"", ""budget_pressure""], ""files_touched_estimate"": 2, ""method_specific_selection_used"": false, ""model_outcomes_used"": false, ""required_output_size"": 12, ""security_boundary_relevance"": 5, ""segment_count"": 15, ""source_candidate_id"": ""realstyle_candidate_requests_proxy_redirect_auth"", ""strict_json_contract"": true, ""update_count"": 4}",649fa93b196242a19e144bd5297cf90abac45ad4aab2596921bacaa4f809894a,1,mature_ssr_loop_protocol_v1_ecvs_safe_visible_only,,,,,,,,
_probe_ecvs_qwen37max_harder_stress_v1_visiblecarry_vs_maturessrloop_15task_2method_3budget_1run:qwen37max:mature_ssr_loop:harder_stress_v1_realswe_03_pandas_tz_csv_roundtrip:budget_1200:run_1,qwen37max,harder_stress_v1_realswe_03_pandas_tz_csv_roundtrip,real_swe_style_controlled_plus,real_swe_plus,timezone_serialization_contract,,mature_ssr_loop,mature_ssr_loop,1200,1,2026-06-19T09:08:02.617508+00:00,2026-06-19T09:08:04.632025+00:00,2026-06-19T09:08:02.617541+00:00,2026-06-19T09:08:04.625384+00:00,0.004,33146312feffa160a32e762c32a2b0a3b61464eaaeb147e93bec4f257a858730,0a4a0c98ac37ff27a1737fe8dff4840f7ccadec2658dd81d92ddc03cac1d0cb2,24c2aa4fdaf72321ee311eeeb023714d65b6477b681b763519a40c830f2f1974,d266cccdd567f5319d2fe5e0462477c9873b7898080a48c143cb00423c8fc80a,a1b82f2912ea7623c5a476497675e9044e5e3b057d52b62bda2c667c07681ebb,64a026a4236b1b40dd4c84896182d83ca4a5200fe4828b5f7e31afce8fcfcf72,6a7458aebaa10ebcc76a6d226fd20a8e6168750a89bacc574882c405bc40e8f4,6a7458aebaa10ebcc76a6d226fd20a8e6168750a89bacc574882c405bc40e8f4,6a7458aebaa10ebcc76a6d226fd20a8e6168750a89bacc574882c405bc40e8f4,bf0630beb52372c3453c4d395f8a77d60030282c3d46201d3fc218055acf60ee,direct_provider,dashscope,https://dashscope.aliyuncs.com/compatible-mode/v1,qwen3.7-max,https://dashscope.aliyuncs.com/compatible-mode/v1/chat/completions,qwen3.7-max,460fcbdb2292588d3356bf33464f23d8d6279a1f2188e11f9a1ff121452a2423,71aa9cbc0f0da53c5949b6545a569c3cf94a778a6ead9faea79db09fcc74a0db,ddfd5de40cdb4c18b26ca6ad4cfe860ea517f64a63c6b8d5288fc91b7539eaa6,explicit,0.7,4096,omitted,,omitted,,omitted,,omitted,,omitted,,omitted,,omitted,,omitted,,omitted,,False,dashscope_enable_thinking_false,e2146d526bd896be1b7b059a2c4d87319a36bf94bc6aef96d3136bf76e6853a4,provider_not_exposed,provider_not_exposed,False,,False,False,False,disabled,,,,0,0,0,0,0,0,none,mature_ssr_loop_protocol_v1_ecvs_safe_visible_only,0,0,0,0,0,0,0,,0,,0,"[""REQ_03_XLQZ4LRA"", ""LOCK_03_ARL4Z"", ""SCOPE_03_QZ4LR"", ""CHECK_03_LQZ4L"", ""ANCHOR_03_RL4ZQ"", ""EDGE_03_Z4LRA"", ""FRONTIER_03_ARL4ZQ"", ""MERGE_03_XLQARL"", ""VERIFY_03_Z4LRA"", ""PLAN_03_4ZQLX"", ""CONTRACT_03_XLQZ4"", ""FINAL_03_ARL4RA""]",[],0,[],0,[],0,[],0,1,URLError: <urlopen error [Errno 1] Operation not permitted>,rerun_required,backend_error,338bf43387315170a4a519a37551d78add17fcbf2b5d8041b514f57d05393597,7c077ca2308714493d07163e1033c4282bd869ff6d477b3e77408587f95e2930,7c077ca2308714493d07163e1033c4282bd869ff6d477b3e77408587f95e2930,78b9c6a3aacba408617f72ae758c3638598dbade3a6cbb06098ca77fc0251e8c,94dd8c9dbddcabd813da514cc1eb47148f784b49fe12ffea4c2c6ade7c129f77,released_raw_outputs/model_outputs/_probe_ecvs_qwen37max_harder_stress_v1_visiblecarry_vs_maturessrloop_15task_2method_3budget_1run/qwen37max/mature_ssr_loop__harder_stress_v1_realswe_03_pandas_tz_csv_roundtrip__run_1__budget_1200.jsonl,1,75e8fcf8e04822370d6b54970b76580c87180cb1a550969883151badccca2423,8edf8d771cf9640be7628dbe700984451e9b64bd697559508cf9a9f03cd87fa0,66b53cb75e220cb68657fb191da797c4fcc2eb9a594388905d810e39b0234cf2,_probe_ecvs_qwen37max_harder_stress_v1_visiblecarry_vs_maturessrloop_15task_2method_3budget_1run,ssr_loop,d239781121d1d6a6cd4cbcab5e859463831be69b2bcfc1a1884a2ada2c1ef299,86a076235c0bae8c15aa2505d93ff9992c0c2c9962f05262267159d4930939c1,"{""boundary_constraint_count"": 4, ""budgets_supported"": [300, 600, 1200], ""conditional_constraint_count"": 3, ""decoy_count"": 8, ""dependency_import_interaction"": 4, ""difficulty_factors"": [""decoy_overload"", ""overwrite_update"", ""conditional_allowed_state"", ""multi_file_component_consistency"", ""final_output_contract_pressure"", ""budget_pressure""], ""files_touched_estimate"": 3, ""method_specific_selection_used"": false, ""model_outcomes_used"": false, ""required_output_size"": 11, ""segment_count"": 15, ""source_candidate_id"": ""realstyle_candidate_pandas_tz_csv_roundtrip"", ""strict_json_contract"": true, ""test_contract_complexity"": 5, ""update_count"": 4}",649fa93b196242a19e144bd5297cf90abac45ad4aab2596921bacaa4f809894a,1,mature_ssr_loop_protocol_v1_ecvs_safe_visible_only,,,,,,,,
_probe_ecvs_qwen37max_harder_stress_v1_visiblecarry_vs_maturessrloop_15task_2method_3budget_1run:qwen37max:mature_ssr_loop:harder_stress_v1_realswe_03_pandas_tz_csv_roundtrip:budget_300:run_1,qwen37max,harder_stress_v1_realswe_03_pandas_tz_csv_roundtrip,real_swe_style_controlled_plus,real_swe_plus,timezone_serialization_contract,,mature_ssr_loop,mature_ssr_loop,300,1,2026-06-19T09:08:02.615865+00:00,2026-06-19T09:08:04.627897+00:00,2026-06-19T09:08:02.615904+00:00,2026-06-19T09:08:04.625120+00:00,0.007,33146312feffa160a32e762c32a2b0a3b61464eaaeb147e93bec4f257a858730,0a4a0c98ac37ff27a1737fe8dff4840f7ccadec2658dd81d92ddc03cac1d0cb2,24c2aa4fdaf72321ee311eeeb023714d65b6477b681b763519a40c830f2f1974,d266cccdd567f5319d2fe5e0462477c9873b7898080a48c143cb00423c8fc80a,e12492bc62b3480404867b70b6c400d50934c1f152dabff60dc9c12648900b04,64a026a4236b1b40dd4c84896182d83ca4a5200fe4828b5f7e31afce8fcfcf72,6a7458aebaa10ebcc76a6d226fd20a8e6168750a89bacc574882c405bc40e8f4,6a7458aebaa10ebcc76a6d226fd20a8e6168750a89bacc574882c405bc40e8f4,6a7458aebaa10ebcc76a6d226fd20a8e6168750a89bacc574882c405bc40e8f4,bf0630beb52372c3453c4d395f8a77d60030282c3d46201d3fc218055acf60ee,direct_provider,dashscope,https://dashscope.aliyuncs.com/compatible-mode/v1,qwen3.7-max,https://dashscope.aliyuncs.com/compatible-mode/v1/chat/completions,qwen3.7-max,460fcbdb2292588d3356bf33464f23d8d6279a1f2188e11f9a1ff121452a2423,71aa9cbc0f0da53c5949b6545a569c3cf94a778a6ead9faea79db09fcc74a0db,ddfd5de40cdb4c18b26ca6ad4cfe860ea517f64a63c6b8d5288fc91b7539eaa6,explicit,0.7,4096,omitted,,omitted,,omitted,,omitted,,omitted,,omitted,,omitted,,omitted,,omitted,,False,dashscope_enable_thinking_false,e2146d526bd896be1b7b059a2c4d87319a36bf94bc6aef96d3136bf76e6853a4,provider_not_exposed,provider_not_exposed,False,,False,False,False,disabled,,,,0,0,0,0,0,0,none,mature_ssr_loop_protocol_v1_ecvs_safe_visible_only,0,0,0,0,0,0,0,,0,,0,"[""REQ_03_XLQZ4LRA"", ""LOCK_03_ARL4Z"", ""SCOPE_03_QZ4LR"", ""CHECK_03_LQZ4L"", ""ANCHOR_03_RL4ZQ"", ""EDGE_03_Z4LRA"", ""FRONTIER_03_ARL4ZQ"", ""MERGE_03_XLQARL"", ""VERIFY_03_Z4LRA"", ""PLAN_03_4ZQLX"", ""CONTRACT_03_XLQZ4"", ""FINAL_03_ARL4RA""]",[],0,[],0,[],0,[],0,1,URLError: <urlopen error [Errno 1] Operation not permitted>,rerun_required,backend_error,1d70a8b79ac7e0a19a323f30354f8bc15b9c75e1c2d81907cad33726c83054bd,7c077ca2308714493d07163e1033c4282bd869ff6d477b3e77408587f95e2930,7c077ca2308714493d07163e1033c4282bd869ff6d477b3e77408587f95e2930,78b9c6a3aacba408617f72ae758c3638598dbade3a6cbb06098ca77fc0251e8c,5d9eaaf0dde878f66561fdf028ee89d55bf49f620e24c14dc3ef6fead5173efd,released_raw_outputs/model_outputs/_probe_ecvs_qwen37max_harder_stress_v1_visiblecarry_vs_maturessrloop_15task_2method_3budget_1run/qwen37max/mature_ssr_loop__harder_stress_v1_realswe_03_pandas_tz_csv_roundtrip__run_1__budget_300.jsonl,1,ce72dae89c8cb72940d235a397e725d11a0d83d172d3849bf5846999d4dce2d9,be514f22b46bc20c8e6d607b96bbe75e3efb12a6d9dec26fcc87e5bdb20bbb09,db989442fa485bc06c05a1715d57def159df263595a5d43809616c56610f7ce4,_probe_ecvs_qwen37max_harder_stress_v1_visiblecarry_vs_maturessrloop_15task_2method_3budget_1run,ssr_loop,d239781121d1d6a6cd4cbcab5e859463831be69b2bcfc1a1884a2ada2c1ef299,86a076235c0bae8c15aa2505d93ff9992c0c2c9962f05262267159d4930939c1,"{""boundary_constraint_count"": 4, ""budgets_supported"": [300, 600, 1200], ""conditional_constraint_count"": 3, ""decoy_count"": 8, ""dependency_import_interaction"": 4, ""difficulty_factors"": [""decoy_overload"", ""overwrite_update"", ""conditional_allowed_state"", ""multi_file_component_consistency"", ""final_output_contract_pressure"", ""budget_pressure""], ""files_touched_estimate"": 3, ""method_specific_selection_used"": false, ""model_outcomes_used"": false, ""required_output_size"": 11, ""segment_count"": 15, ""source_candidate_id"": ""realstyle_candidate_pandas_tz_csv_roundtrip"", ""strict_json_contract"": true, ""test_contract_complexity"": 5, ""update_count"": 4}",649fa93b196242a19e144bd5297cf90abac45ad4aab2596921bacaa4f809894a,1,mature_ssr_loop_protocol_v1_ecvs_safe_visible_only,,,,,,,,
_probe_ecvs_qwen37max_harder_stress_v1_visiblecarry_vs_maturessrloop_15task_2method_3budget_1run:qwen37max:mature_ssr_loop:harder_stress_v1_realswe_03_pandas_tz_csv_roundtrip:budget_600:run_1,qwen37max,harder_stress_v1_realswe_03_pandas_tz_csv_roundtrip,real_swe_style_controlled_plus,real_swe_plus,timezone_serialization_contract,,mature_ssr_loop,mature_ssr_loop,600,1,2026-06-19T09:08:02.617834+00:00,2026-06-19T09:08:04.631167+00:00,2026-06-19T09:08:02.617869+00:00,2026-06-19T09:08:04.625265+00:00,0.003,33146312feffa160a32e762c32a2b0a3b61464eaaeb147e93bec4f257a858730,0a4a0c98ac37ff27a1737fe8dff4840f7ccadec2658dd81d92ddc03cac1d0cb2,24c2aa4fdaf72321ee311eeeb023714d65b6477b681b763519a40c830f2f1974,d266cccdd567f5319d2fe5e0462477c9873b7898080a48c143cb00423c8fc80a,45b9a5af81644b3e12afc2b0d3a04e7dda41d67c68b4137213628c3f87ff9f69,64a026a4236b1b40dd4c84896182d83ca4a5200fe4828b5f7e31afce8fcfcf72,6a7458aebaa10ebcc76a6d226fd20a8e6168750a89bacc574882c405bc40e8f4,6a7458aebaa10ebcc76a6d226fd20a8e6168750a89bacc574882c405bc40e8f4,6a7458aebaa10ebcc76a6d226fd20a8e6168750a89bacc574882c405bc40e8f4,bf0630beb52372c3453c4d395f8a77d60030282c3d46201d3fc218055acf60ee,direct_provider,dashscope,https://dashscope.aliyuncs.com/compatible-mode/v1,qwen3.7-max,https://dashscope.aliyuncs.com/compatible-mode/v1/chat/completions,qwen3.7-max,460fcbdb2292588d3356bf33464f23d8d6279a1f2188e11f9a1ff121452a2423,71aa9cbc0f0da53c5949b6545a569c3cf94a778a6ead9faea79db09fcc74a0db,ddfd5de40cdb4c18b26ca6ad4cfe860ea517f64a63c6b8d5288fc91b7539eaa6,explicit,0.7,4096,omitted,,omitted,,omitted,,omitted,,omitted,,omitted,,omitted,,omitted,,omitted,,False,dashscope_enable_thinking_false,e2146d526bd896be1b7b059a2c4d87319a36bf94bc6aef96d3136bf76e6853a4,provider_not_exposed,provider_not_exposed,False,,False,False,False,disabled,,,,0,0,0,0,0,0,none,mature_ssr_loop_protocol_v1_ecvs_safe_visible_only,0,0,0,0,0,0,0,,0,,0,"[""REQ_03_XLQZ4LRA"", ""LOCK_03_ARL4Z"", ""SCOPE_03_QZ4LR"", ""CHECK_03_LQZ4L"", ""ANCHOR_03_RL4ZQ"", ""EDGE_03_Z4LRA"", ""FRONTIER_03_ARL4ZQ"", ""MERGE_03_XLQARL"", ""VERIFY_03_Z4LRA"", ""PLAN_03_4ZQLX"", ""CONTRACT_03_XLQZ4"", ""FINAL_03_ARL4RA""]",[],0,[],0,[],0,[],0,1,URLError: <urlopen error [Errno 1] Operation not permitted>,rerun_required,backend_error,cb3840b49caf357736e2521c6d8eb716745cfefae89d31e34331ce02302b8a58,7c077ca2308714493d07163e1033c4282bd869ff6d477b3e77408587f95e2930,7c077ca2308714493d07163e1033c4282bd869ff6d477b3e77408587f95e2930,78b9c6a3aacba408617f72ae758c3638598dbade3a6cbb06098ca77fc0251e8c,d0a003248ff57051f211e62243493fa0d0212576863912a5b01c1f74dfb66244,released_raw_outputs/model_outputs/_probe_ecvs_qwen37max_harder_stress_v1_visiblecarry_vs_maturessrloop_15task_2method_3budget_1run/qwen37max/mature_ssr_loop__harder_stress_v1_realswe_03_pandas_tz_csv_roundtrip__run_1__budget_600.jsonl,1,df4325569837f89dfc81b5ccf1d824abaf2e38d3b57f2e750951374b485b72ea,8e7d6a6f66ed150084d27c7d88ad08503e0bd003a5129e98a9b2e0fe0cbe782b,e24353f30462400209af9accb2f1d587b5cdd64e4fb685a5a7d0646ebd3d3aac,_probe_ecvs_qwen37max_harder_stress_v1_visiblecarry_vs_maturessrloop_15task_2method_3budget_1run,ssr_loop,d239781121d1d6a6cd4cbcab5e859463831be69b2bcfc1a1884a2ada2c1ef299,86a076235c0bae8c15aa2505d93ff9992c0c2c9962f05262267159d4930939c1,"{""boundary_constraint_count"": 4, ""budgets_supported"": [300, 600, 1200], ""conditional_constraint_count"": 3, ""decoy_count"": 8, ""dependency_import_interaction"": 4, ""difficulty_factors"": [""decoy_overload"", ""overwrite_update"", ""conditional_allowed_state"", ""multi_file_component_consistency"", ""final_output_contract_pressure"", ""budget_pressure""], ""files_touched_estimate"": 3, ""method_specific_selection_used"": false, ""model_outcomes_used"": false, ""required_output_size"": 11, ""segment_count"": 15, ""source_candidate_id"": ""realstyle_candidate_pandas_tz_csv_roundtrip"", ""strict_json_contract"": true, ""test_contract_complexity"": 5, ""update_count"": 4}",649fa93b196242a19e144bd5297cf90abac45ad4aab2596921bacaa4f809894a,1,mature_ssr_loop_protocol_v1_ecvs_safe_visible_only,,,,,,,,
_probe_ecvs_qwen37max_harder_stress_v1_visiblecarry_vs_maturessrloop_15task_2method_3budget_1run:qwen37max:mature_ssr_loop:harder_stress_v1_realswe_04_pytest_nodeid_stability:budget_1200:run_1,qwen37max,harder_stress_v1_realswe_04_pytest_nodeid_stability,real_swe_style_controlled_plus,real_swe_plus,test_nodeid_contract,,mature_ssr_loop,mature_ssr_loop,1200,1,2026-06-19T09:08:02.620896+00:00,2026-06-19T09:08:04.635214+00:00,2026-06-19T09:08:02.620931+00:00,2026-06-19T09:08:04.631030+00:00,0.005,33146312feffa160a32e762c32a2b0a3b61464eaaeb147e93bec4f257a858730,370f14611458b94f4e183ca79c06877ad477670da8cc63b9ba4e4b5949ea36f7,24c2aa4fdaf72321ee311eeeb023714d65b6477b681b763519a40c830f2f1974,e901244984964694be3a2552404ff41ddacda4f86461f199a1959272a7006b9b,8239f07ee7016d23b9cfcdff4a3c5c8e3d71c0661d90cf7058dd60027ac7d59c,64a026a4236b1b40dd4c84896182d83ca4a5200fe4828b5f7e31afce8fcfcf72,6a7458aebaa10ebcc76a6d226fd20a8e6168750a89bacc574882c405bc40e8f4,6a7458aebaa10ebcc76a6d226fd20a8e6168750a89bacc574882c405bc40e8f4,6a7458aebaa10ebcc76a6d226fd20a8e6168750a89bacc574882c405bc40e8f4,bf0630beb52372c3453c4d395f8a77d60030282c3d46201d3fc218055acf60ee,direct_provider,dashscope,https://dashscope.aliyuncs.com/compatible-mode/v1,qwen3.7-max,https://dashscope.aliyuncs.com/compatible-mode/v1/chat/completions,qwen3.7-max,460fcbdb2292588d3356bf33464f23d8d6279a1f2188e11f9a1ff121452a2423,71aa9cbc0f0da53c5949b6545a569c3cf94a778a6ead9faea79db09fcc74a0db,ddfd5de40cdb4c18b26ca6ad4cfe860ea517f64a63c6b8d5288fc91b7539eaa6,explicit,0.7,4096,omitted,,omitted,,omitted,,omitted,,omitted,,omitted,,omitted,,omitted,,omitted,,False,dashscope_enable_thinking_false,e2146d526bd896be1b7b059a2c4d87319a36bf94bc6aef96d3136bf76e6853a4,provider_not_exposed,provider_not_exposed,False,,False,False,False,disabled,,,,0,0,0,0,0,0,none,mature_ssr_loop_protocol_v1_ecvs_safe_visible_only,0,0,0,0,0,0,0,,0,,0,"[""REQ_04_ZXN9QHWJ"", ""LOCK_04_JWHQ9"", ""SCOPE_04_N9QHW"", ""CHECK_04_XN9QH"", ""ANCHOR_04_WHQ9N"", ""EDGE_04_9QHWJ"", ""FRONTIER_04_JWHQ9N"", ""MERGE_04_ZXNJWH"", ""VERIFY_04_9QHWJ"", ""PLAN_04_Q9NXZ"", ""CONTRACT_04_ZXN9Q"", ""FINAL_04_JWHQWJ""]",[],0,[],0,[],0,[],0,1,URLError: <urlopen error [Errno 1] Operation not permitted>,rerun_required,backend_error,71fbcddfb70120bdb85bb9241389eed19945565460fb0a9b15b3ee22c11f03a0,7c077ca2308714493d07163e1033c4282bd869ff6d477b3e77408587f95e2930,7c077ca2308714493d07163e1033c4282bd869ff6d477b3e77408587f95e2930,78b9c6a3aacba408617f72ae758c3638598dbade3a6cbb06098ca77fc0251e8c,674ea773cbfd9ffa403e75322e994df406621f8e09191e8ff5f78ed2d36da7ac,released_raw_outputs/model_outputs/_probe_ecvs_qwen37max_harder_stress_v1_visiblecarry_vs_maturessrloop_15task_2method_3budget_1run/qwen37max/mature_ssr_loop__harder_stress_v1_realswe_04_pytest_nodeid_stability__run_1__budget_1200.jsonl,1,751e016d20bb307b8320f1f3c76466dbc3094eb860373819441b2a7cb02f2fd1,141f422075c9a134bf8834fafde2f6b69d0eb56ad9ce36d1a6ae0fc0c50f6f2a,b150bb78c351ea327723535dd3e2465fb09dbe1658306b583509b512c3d56dde,_probe_ecvs_qwen37max_harder_stress_v1_visiblecarry_vs_maturessrloop_15task_2method_3budget_1run,ssr_loop,d239781121d1d6a6cd4cbcab5e859463831be69b2bcfc1a1884a2ada2c1ef299,43d516f27aeb301203ff4cedfff5c1ba5667ca5b2e803069c79c8cba129ae1fb,"{""boundary_constraint_count"": 4, ""budgets_supported"": [300, 600, 1200], ""conditional_constraint_count"": 4, ""decoy_count"": 10, ""difficulty_factors"": [""decoy_overload"", ""overwrite_update"", ""conditional_allowed_state"", ""multi_file_component_consistency"", ""distractor_segment"", ""final_output_contract_pressure"", ""budget_pressure""], ""files_touched_estimate"": 3, ""method_specific_selection_used"": false, ""model_outcomes_used"": false, ""patch_location_ambiguity"": 4, ""required_output_size"": 12, ""segment_count"": 16, ""source_candidate_id"": ""realstyle_candidate_pytest_nodeid_stability"", ""strict_json_contract"": true, ""test_contract_complexity"": 5, ""update_count"": 4}",649fa93b196242a19e144bd5297cf90abac45ad4aab2596921bacaa4f809894a,1,mature_ssr_loop_protocol_v1_ecvs_safe_visible_only,,,,,,,,
_probe_ecvs_qwen37max_harder_stress_v1_visiblecarry_vs_maturessrloop_15task_2method_3budget_1run:qwen37max:mature_ssr_loop:harder_stress_v1_realswe_04_pytest_nodeid_stability:budget_300:run_1,qwen37max,harder_stress_v1_realswe_04_pytest_nodeid_stability,real_swe_style_controlled_plus,real_swe_plus,test_nodeid_contract,,mature_ssr_loop,mature_ssr_loop,300,1,2026-06-19T09:08:02.619324+00:00,2026-06-19T09:08:04.626018+00:00,2026-06-19T09:08:02.619358+00:00,2026-06-19T09:08:04.622300+00:00,0.002,33146312feffa160a32e762c32a2b0a3b61464eaaeb147e93bec4f257a858730,370f14611458b94f4e183ca79c06877ad477670da8cc63b9ba4e4b5949ea36f7,24c2aa4fdaf72321ee311eeeb023714d65b6477b681b763519a40c830f2f1974,e901244984964694be3a2552404ff41ddacda4f86461f199a1959272a7006b9b,ba2f0652b1f63bf4d4e83732ab56f072d5ca227c9e403c0a2545aa8473484114,64a026a4236b1b40dd4c84896182d83ca4a5200fe4828b5f7e31afce8fcfcf72,6a7458aebaa10ebcc76a6d226fd20a8e6168750a89bacc574882c405bc40e8f4,6a7458aebaa10ebcc76a6d226fd20a8e6168750a89bacc574882c405bc40e8f4,6a7458aebaa10ebcc76a6d226fd20a8e6168750a89bacc574882c405bc40e8f4,bf0630beb52372c3453c4d395f8a77d60030282c3d46201d3fc218055acf60ee,direct_provider,dashscope,https://dashscope.aliyuncs.com/compatible-mode/v1,qwen3.7-max,https://dashscope.aliyuncs.com/compatible-mode/v1/chat/completions,qwen3.7-max,460fcbdb2292588d3356bf33464f23d8d6279a1f2188e11f9a1ff121452a2423,71aa9cbc0f0da53c5949b6545a569c3cf94a778a6ead9faea79db09fcc74a0db,ddfd5de40cdb4c18b26ca6ad4cfe860ea517f64a63c6b8d5288fc91b7539eaa6,explicit,0.7,4096,omitted,,omitted,,omitted,,omitted,,omitted,,omitted,,omitted,,omitted,,omitted,,False,dashscope_enable_thinking_false,e2146d526bd896be1b7b059a2c4d87319a36bf94bc6aef96d3136bf76e6853a4,provider_not_exposed,provider_not_exposed,False,,False,False,False,disabled,,,,0,0,0,0,0,0,none,mature_ssr_loop_protocol_v1_ecvs_safe_visible_only,0,0,0,0,0,0,0,,0,,0,"[""REQ_04_ZXN9QHWJ"", ""LOCK_04_JWHQ9"", ""SCOPE_04_N9QHW"", ""CHECK_04_XN9QH"", ""ANCHOR_04_WHQ9N"", ""EDGE_04_9QHWJ"", ""FRONTIER_04_JWHQ9N"", ""MERGE_04_ZXNJWH"", ""VERIFY_04_9QHWJ"", ""PLAN_04_Q9NXZ"", ""CONTRACT_04_ZXN9Q"", ""FINAL_04_JWHQWJ""]",[],0,[],0,[],0,[],0,1,URLError: <urlopen error [Errno 1] Operation not permitted>,rerun_required,backend_error,932474b2a7e1999d69a43b7192bfa6a95c48e766d0b79c2239d5a2a37485a033,7c077ca2308714493d07163e1033c4282bd869ff6d477b3e77408587f95e2930,7c077ca2308714493d07163e1033c4282bd869ff6d477b3e77408587f95e2930,78b9c6a3aacba408617f72ae758c3638598dbade3a6cbb06098ca77fc0251e8c,c06f59ef26698ba60ccbedcc6e5ccca056b9477f340005ca885499b88fe5af17,released_raw_outputs/model_outputs/_probe_ecvs_qwen37max_harder_stress_v1_visiblecarry_vs_maturessrloop_15task_2method_3budget_1run/qwen37max/mature_ssr_loop__harder_stress_v1_realswe_04_pytest_nodeid_stability__run_1__budget_300.jsonl,1,f4550121a0acc3630ff9b72eb3627336ed46f6917e70f54316a7a61be518b979,9ad4f1b8ec63a89ca65bacc3c49d0b1c748c2164079c2cd9a4f2765289691c44,146411df2abc001c814830f0dded08f94107688d261b56489528f0846e1fdad7,_probe_ecvs_qwen37max_harder_stress_v1_visiblecarry_vs_maturessrloop_15task_2method_3budget_1run,ssr_loop,d239781121d1d6a6cd4cbcab5e859463831be69b2bcfc1a1884a2ada2c1ef299,43d516f27aeb301203ff4cedfff5c1ba5667ca5b2e803069c79c8cba129ae1fb,"{""boundary_constraint_count"": 4, ""budgets_supported"": [300, 600, 1200], ""conditional_constraint_count"": 4, ""decoy_count"": 10, ""difficulty_factors"": [""decoy_overload"", ""overwrite_update"", ""conditional_allowed_state"", ""multi_file_component_consistency"", ""distractor_segment"", ""final_output_contract_pressure"", ""budget_pressure""], ""files_touched_estimate"": 3, ""method_specific_selection_used"": false, ""model_outcomes_used"": false, ""patch_location_ambiguity"": 4, ""required_output_size"": 12, ""segment_count"": 16, ""source_candidate_id"": ""realstyle_candidate_pytest_nodeid_stability"", ""strict_json_contract"": true, ""test_contract_complexity"": 5, ""update_count"": 4}",649fa93b196242a19e144bd5297cf90abac45ad4aab2596921bacaa4f809894a,1,mature_ssr_loop_protocol_v1_ecvs_safe_visible_only,,,,,,,,
_probe_ecvs_qwen37max_harder_stress_v1_visiblecarry_vs_maturessrloop_15task_2method_3budget_1run:qwen37max:mature_ssr_loop:harder_stress_v1_realswe_04_pytest_nodeid_stability:budget_600:run_1,qwen37max,harder_stress_v1_realswe_04_pytest_nodeid_stability,real_swe_style_controlled_plus,real_swe_plus,test_nodeid_contract,,mature_ssr_loop,mature_ssr_loop,600,1,2026-06-19T09:08:02.617953+00:00,2026-06-19T09:08:04.632653+00:00,2026-06-19T09:08:02.617986+00:00,2026-06-19T09:08:04.628152+00:00,0.007,33146312feffa160a32e762c32a2b0a3b61464eaaeb147e93bec4f257a858730,370f14611458b94f4e183ca79c06877ad477670da8cc63b9ba4e4b5949ea36f7,24c2aa4fdaf72321ee311eeeb023714d65b6477b681b763519a40c830f2f1974,e901244984964694be3a2552404ff41ddacda4f86461f199a1959272a7006b9b,f2cac64fa70e7db7acdf17b3517c427ccd62b5c604fc6b014c20dcbb0cdce73a,64a026a4236b1b40dd4c84896182d83ca4a5200fe4828b5f7e31afce8fcfcf72,6a7458aebaa10ebcc76a6d226fd20a8e6168750a89bacc574882c405bc40e8f4,6a7458aebaa10ebcc76a6d226fd20a8e6168750a89bacc574882c405bc40e8f4,6a7458aebaa10ebcc76a6d226fd20a8e6168750a89bacc574882c405bc40e8f4,bf0630beb52372c3453c4d395f8a77d60030282c3d46201d3fc218055acf60ee,direct_provider,dashscope,https://dashscope.aliyuncs.com/compatible-mode/v1,qwen3.7-max,https://dashscope.aliyuncs.com/compatible-mode/v1/chat/completions,qwen3.7-max,460fcbdb2292588d3356bf33464f23d8d6279a1f2188e11f9a1ff121452a2423,71aa9cbc0f0da53c5949b6545a569c3cf94a778a6ead9faea79db09fcc74a0db,ddfd5de40cdb4c18b26ca6ad4cfe860ea517f64a63c6b8d5288fc91b7539eaa6,explicit,0.7,4096,omitted,,omitted,,omitted,,omitted,,omitted,,omitted,,omitted,,omitted,,omitted,,False,dashscope_enable_thinking_false,e2146d526bd896be1b7b059a2c4d87319a36bf94bc6aef96d3136bf76e6853a4,provider_not_exposed,provider_not_exposed,False,,False,False,False,disabled,,,,0,0,0,0,0,0,none,mature_ssr_loop_protocol_v1_ecvs_safe_visible_only,0,0,0,0,0,0,0,,0,,0,"[""REQ_04_ZXN9QHWJ"", ""LOCK_04_JWHQ9"", ""SCOPE_04_N9QHW"", ""CHECK_04_XN9QH"", ""ANCHOR_04_WHQ9N"", ""EDGE_04_9QHWJ"", ""FRONTIER_04_JWHQ9N"", ""MERGE_04_ZXNJWH"", ""VERIFY_04_9QHWJ"", ""PLAN_04_Q9NXZ"", ""CONTRACT_04_ZXN9Q"", ""FINAL_04_JWHQWJ""]",[],0,[],0,[],0,[],0,1,URLError: <urlopen error [Errno 1] Operation not permitted>,rerun_required,backend_error,0b4012a8da6bbfd28228fd9a5457692e4320eb92ba1ba9e0a8752163b7290274,7c077ca2308714493d07163e1033c4282bd869ff6d477b3e77408587f95e2930,7c077ca2308714493d07163e1033c4282bd869ff6d477b3e77408587f95e2930,78b9c6a3aacba408617f72ae758c3638598dbade3a6cbb06098ca77fc0251e8c,aab9fbbc8784897c5be8361f1d2f42ccb6d9704e49a0918d466b70c07edc3af1,released_raw_outputs/model_outputs/_probe_ecvs_qwen37max_harder_stress_v1_visiblecarry_vs_maturessrloop_15task_2method_3budget_1run/qwen37max/mature_ssr_loop__harder_stress_v1_realswe_04_pytest_nodeid_stability__run_1__budget_600.jsonl,1,b53a41275e00a0aed2c1de80cb3a282d78b8f846188c56c24daf4fac0c859a89,c8b1cb9a597ceba63412645d40bf6c62b9256012f849007b82fb3eabfc70fe90,e46c6636aa86ea867c506449c13feb527a3b2d6da2c324bc811082d5b252b825,_probe_ecvs_qwen37max_harder_stress_v1_visiblecarry_vs_maturessrloop_15task_2method_3budget_1run,ssr_loop,d239781121d1d6a6cd4cbcab5e859463831be69b2bcfc1a1884a2ada2c1ef299,43d516f27aeb301203ff4cedfff5c1ba5667ca5b2e803069c79c8cba129ae1fb,"{""boundary_constraint_count"": 4, ""budgets_supported"": [300, 600, 1200], ""conditional_constraint_count"": 4, ""decoy_count"": 10, ""difficulty_factors"": [""decoy_overload"", ""overwrite_update"", ""conditional_allowed_state"", ""multi_file_component_consistency"", ""distractor_segment"", ""final_output_contract_pressure"", ""budget_pressure""], ""files_touched_estimate"": 3, ""method_specific_selection_used"": false, ""model_outcomes_used"": false, ""patch_location_ambiguity"": 4, ""required_output_size"": 12, ""segment_count"": 16, ""source_candidate_id"": ""realstyle_candidate_pytest_nodeid_stability"", ""strict_json_contract"": true, ""test_contract_complexity"": 5, ""update_count"": 4}",649fa93b196242a19e144bd5297cf90abac45ad4aab2596921bacaa4f809894a,1,mature_ssr_loop_protocol_v1_ecvs_safe_visible_only,,,,,,,,
_probe_ecvs_qwen37max_harder_stress_v1_visiblecarry_vs_maturessrloop_15task_2method_3budget_1run:qwen37max:mature_ssr_loop:harder_stress_v1_realswe_05_fastapi_dependency_precedence:budget_1200:run_1,qwen37max,harder_stress_v1_realswe_05_fastapi_dependency_precedence,real_swe_style_controlled_plus,real_swe_plus,dependency_resolution_order,,mature_ssr_loop,mature_ssr_loop,1200,1,2026-06-19T09:08:02.620417+00:00,2026-06-19T09:08:04.628851+00:00,2026-06-19T09:08:02.620451+00:00,2026-06-19T09:08:04.625288+00:00,0.003,33146312feffa160a32e762c32a2b0a3b61464eaaeb147e93bec4f257a858730,f067d263f2cd1558aabd2a817f0c25c27b716831c6e929f4ed0e9b02db7efe9e,24c2aa4fdaf72321ee311eeeb023714d65b6477b681b763519a40c830f2f1974,f16ce65d656bc7396f4bdd1ec70e171f2cc4d0cc0fe1e22ac77149e9eac14906,c0cc8688c2f3a133002444c85bc5b34bc1c76bcbc8b352214ce097a14f584cc5,64a026a4236b1b40dd4c84896182d83ca4a5200fe4828b5f7e31afce8fcfcf72,6a7458aebaa10ebcc76a6d226fd20a8e6168750a89bacc574882c405bc40e8f4,6a7458aebaa10ebcc76a6d226fd20a8e6168750a89bacc574882c405bc40e8f4,6a7458aebaa10ebcc76a6d226fd20a8e6168750a89bacc574882c405bc40e8f4,bf0630beb52372c3453c4d395f8a77d60030282c3d46201d3fc218055acf60ee,direct_provider,dashscope,https://dashscope.aliyuncs.com/compatible-mode/v1,qwen3.7-max,https://dashscope.aliyuncs.com/compatible-mode/v1/chat/completions,qwen3.7-max,460fcbdb2292588d3356bf33464f23d8d6279a1f2188e11f9a1ff121452a2423,71aa9cbc0f0da53c5949b6545a569c3cf94a778a6ead9faea79db09fcc74a0db,ddfd5de40cdb4c18b26ca6ad4cfe860ea517f64a63c6b8d5288fc91b7539eaa6,explicit,0.7,4096,omitted,,omitted,,omitted,,omitted,,omitted,,omitted,,omitted,,omitted,,omitted,,False,dashscope_enable_thinking_false,e2146d526bd896be1b7b059a2c4d87319a36bf94bc6aef96d3136bf76e6853a4,provider_not_exposed,provider_not_exposed,False,,False,False,False,disabled,,,,0,0,0,0,0,0,none,mature_ssr_loop_protocol_v1_ecvs_safe_visible_only,0,0,0,0,0,0,0,,0,,0,"[""REQ_05_K2P4S7S7"", ""LOCK_05_7S7S4"", ""SCOPE_05_P4S7S"", ""CHECK_05_2P4S7"", ""ANCHOR_05_S7S4P"", ""EDGE_05_4S7S7"", ""FRONTIER_05_7S7S4P"", ""MERGE_05_K2P7S7"", ""VERIFY_05_4S7S7"", ""PLAN_05_S4P2K"", ""CONTRACT_05_K2P4S"", ""FINAL_05_7S7SS7""]",[],0,[],0,[],0,[],0,1,URLError: <urlopen error [Errno 1] Operation not permitted>,rerun_required,backend_error,7480459b65aaf3e747d535c0b97784aeb55065026dca2481c4a68eafeaa9af10,7c077ca2308714493d07163e1033c4282bd869ff6d477b3e77408587f95e2930,7c077ca2308714493d07163e1033c4282bd869ff6d477b3e77408587f95e2930,78b9c6a3aacba408617f72ae758c3638598dbade3a6cbb06098ca77fc0251e8c,faf332471065ad839775bd13d411e7399138c5f4d59e47298324c95e2debd00c,released_raw_outputs/model_outputs/_probe_ecvs_qwen37max_harder_stress_v1_visiblecarry_vs_maturessrloop_15task_2method_3budget_1run/qwen37max/mature_ssr_loop__harder_stress_v1_realswe_05_fastapi_dependency_precedence__run_1__budget_1200.jsonl,1,23de7f6e97d98b5d5b2418288458d0c3842cae7c3e0b813a9d7662ab9ace4773,dc1efdbf05b8041ac2287e391eba2a6cc19767f1e437d05d4f8d87ea94eb4e06,2bb29e8581ba8ba7086eca127ab00690edde79e14de0fbbf8af805e6b1506a7f,_probe_ecvs_qwen37max_harder_stress_v1_visiblecarry_vs_maturessrloop_15task_2method_3budget_1run,ssr_loop,d239781121d1d6a6cd4cbcab5e859463831be69b2bcfc1a1884a2ada2c1ef299,230906266a8d0bfd20dba4e335d7806984724850f46b25559b45eddc827152d6,"{""boundary_constraint_count"": 5, ""budgets_supported"": [300, 600, 1200], ""conditional_constraint_count"": 4, ""decoy_count"": 9, ""difficulty_factors"": [""decoy_overload"", ""overwrite_update"", ""conditional_allowed_state"", ""forbidden_boundary_pressure"", ""multi_file_component_consistency"", ""plan_consistency"", ""budget_pressure""], ""files_touched_estimate"": 2, ""method_specific_selection_used"": false, ""model_outcomes_used"": false, ""number_of_relevant_symbols"": 7, ""patch_location_ambiguity"": 5, ""required_output_size"": 12, ""segment_count"": 15, ""source_candidate_id"": ""realstyle_candidate_fastapi_dependency_precedence"", ""strict_json_contract"": true, ""update_count"": 4}",649fa93b196242a19e144bd5297cf90abac45ad4aab2596921bacaa4f809894a,1,mature_ssr_loop_protocol_v1_ecvs_safe_visible_only,,,,,,,,
_probe_ecvs_qwen37max_harder_stress_v1_visiblecarry_vs_maturessrloop_15task_2method_3budget_1run:qwen37max:mature_ssr_loop:harder_stress_v1_realswe_05_fastapi_dependency_precedence:budget_300:run_1,qwen37max,harder_stress_v1_realswe_05_fastapi_dependency_precedence,real_swe_style_controlled_plus,real_swe_plus,dependency_resolution_order,,mature_ssr_loop,mature_ssr_loop,300,1,2026-06-19T09:08:02.620307+00:00,2026-06-19T09:08:04.630158+00:00,2026-06-19T09:08:02.620343+00:00,2026-06-19T09:08:04.627417+00:00,0.004,33146312feffa160a32e762c32a2b0a3b61464eaaeb147e93bec4f257a858730,f067d263f2cd1558aabd2a817f0c25c27b716831c6e929f4ed0e9b02db7efe9e,24c2aa4fdaf72321ee311eeeb023714d65b6477b681b763519a40c830f2f1974,f16ce65d656bc7396f4bdd1ec70e171f2cc4d0cc0fe1e22ac77149e9eac14906,23127c3a4cf5d40873ca7a35b642e38e905d42877c6c79fec89d734f314e922b,64a026a4236b1b40dd4c84896182d83ca4a5200fe4828b5f7e31afce8fcfcf72,6a7458aebaa10ebcc76a6d226fd20a8e6168750a89bacc574882c405bc40e8f4,6a7458aebaa10ebcc76a6d226fd20a8e6168750a89bacc574882c405bc40e8f4,6a7458aebaa10ebcc76a6d226fd20a8e6168750a89bacc574882c405bc40e8f4,bf0630beb52372c3453c4d395f8a77d60030282c3d46201d3fc218055acf60ee,direct_provider,dashscope,https://dashscope.aliyuncs.com/compatible-mode/v1,qwen3.7-max,https://dashscope.aliyuncs.com/compatible-mode/v1/chat/completions,qwen3.7-max,460fcbdb2292588d3356bf33464f23d8d6279a1f2188e11f9a1ff121452a2423,71aa9cbc0f0da53c5949b6545a569c3cf94a778a6ead9faea79db09fcc74a0db,ddfd5de40cdb4c18b26ca6ad4cfe860ea517f64a63c6b8d5288fc91b7539eaa6,explicit,0.7,4096,omitted,,omitted,,omitted,,omitted,,omitted,,omitted,,omitted,,omitted,,omitted,,False,dashscope_enable_thinking_false,e2146d526bd896be1b7b059a2c4d87319a36bf94bc6aef96d3136bf76e6853a4,provider_not_exposed,provider_not_exposed,False,,False,False,False,disabled,,,,0,0,0,0,0,0,none,mature_ssr_loop_protocol_v1_ecvs_safe_visible_only,0,0,0,0,0,0,0,,0,,0,"[""REQ_05_K2P4S7S7"", ""LOCK_05_7S7S4"", ""SCOPE_05_P4S7S"", ""CHECK_05_2P4S7"", ""ANCHOR_05_S7S4P"", ""EDGE_05_4S7S7"", ""FRONTIER_05_7S7S4P"", ""MERGE_05_K2P7S7"", ""VERIFY_05_4S7S7"", ""PLAN_05_S4P2K"", ""CONTRACT_05_K2P4S"", ""FINAL_05_7S7SS7""]",[],0,[],0,[],0,[],0,1,URLError: <urlopen error [Errno 1] Operation not permitted>,rerun_required,backend_error,78f0bcb4a1c7ecb02f44a2afffe24b45d0d8002fa06dbf1bb62a19819f1b28b0,7c077ca2308714493d07163e1033c4282bd869ff6d477b3e77408587f95e2930,7c077ca2308714493d07163e1033c4282bd869ff6d477b3e77408587f95e2930,78b9c6a3aacba408617f72ae758c3638598dbade3a6cbb06098ca77fc0251e8c,bb65d2120d1d785e239226a1e11dd06fd746df877e6406a73e19e492ab332378,released_raw_outputs/model_outputs/_probe_ecvs_qwen37max_harder_stress_v1_visiblecarry_vs_maturessrloop_15task_2method_3budget_1run/qwen37max/mature_ssr_loop__harder_stress_v1_realswe_05_fastapi_dependency_precedence__run_1__budget_300.jsonl,1,199926e12b7e2414600fe45f3f3024ab1cb0d9aa2bd469ff254b1a70bf32c313,b60e991b0846e7125886241d7edc4045a3f78cd9230598d121a02fa95b2b53f2,24c232986f894e74c5509cfc5de7c61fcb8041e71f3ee265fd6b0e663b99b397,_probe_ecvs_qwen37max_harder_stress_v1_visiblecarry_vs_maturessrloop_15task_2method_3budget_1run,ssr_loop,d239781121d1d6a6cd4cbcab5e859463831be69b2bcfc1a1884a2ada2c1ef299,230906266a8d0bfd20dba4e335d7806984724850f46b25559b45eddc827152d6,"{""boundary_constraint_count"": 5, ""budgets_supported"": [300, 600, 1200], ""conditional_constraint_count"": 4, ""decoy_count"": 9, ""difficulty_factors"": [""decoy_overload"", ""overwrite_update"", ""conditional_allowed_state"", ""forbidden_boundary_pressure"", ""multi_file_component_consistency"", ""plan_consistency"", ""budget_pressure""], ""files_touched_estimate"": 2, ""method_specific_selection_used"": false, ""model_outcomes_used"": false, ""number_of_relevant_symbols"": 7, ""patch_location_ambiguity"": 5, ""required_output_size"": 12, ""segment_count"": 15, ""source_candidate_id"": ""realstyle_candidate_fastapi_dependency_precedence"", ""strict_json_contract"": true, ""update_count"": 4}",649fa93b196242a19e144bd5297cf90abac45ad4aab2596921bacaa4f809894a,1,mature_ssr_loop_protocol_v1_ecvs_safe_visible_only,,,,,,,,
_probe_ecvs_qwen37max_harder_stress_v1_visiblecarry_vs_maturessrloop_15task_2method_3budget_1run:qwen37max:mature_ssr_loop:harder_stress_v1_realswe_05_fastapi_dependency_precedence:budget_600:run_1,qwen37max,harder_stress_v1_realswe_05_fastapi_dependency_precedence,real_swe_style_controlled_plus,real_swe_plus,dependency_resolution_order,,mature_ssr_loop,mature_ssr_loop,600,1,2026-06-19T09:08:02.619861+00:00,2026-06-19T09:08:04.636333+00:00,2026-06-19T09:08:02.619898+00:00,2026-06-19T09:08:04.632249+00:00,0.009,33146312feffa160a32e762c32a2b0a3b61464eaaeb147e93bec4f257a858730,f067d263f2cd1558aabd2a817f0c25c27b716831c6e929f4ed0e9b02db7efe9e,24c2aa4fdaf72321ee311eeeb023714d65b6477b681b763519a40c830f2f1974,f16ce65d656bc7396f4bdd1ec70e171f2cc4d0cc0fe1e22ac77149e9eac14906,51b4b4ede006933827a9243a2d0ce08ee5c8f47354749162dc2a3d01a14550b0,64a026a4236b1b40dd4c84896182d83ca4a5200fe4828b5f7e31afce8fcfcf72,6a7458aebaa10ebcc76a6d226fd20a8e6168750a89bacc574882c405bc40e8f4,6a7458aebaa10ebcc76a6d226fd20a8e6168750a89bacc574882c405bc40e8f4,6a7458aebaa10ebcc76a6d226fd20a8e6168750a89bacc574882c405bc40e8f4,bf0630beb52372c3453c4d395f8a77d60030282c3d46201d3fc218055acf60ee,direct_provider,dashscope,https://dashscope.aliyuncs.com/compatible-mode/v1,qwen3.7-max,https://dashscope.aliyuncs.com/compatible-mode/v1/chat/completions,qwen3.7-max,460fcbdb2292588d3356bf33464f23d8d6279a1f2188e11f9a1ff121452a2423,71aa9cbc0f0da53c5949b6545a569c3cf94a778a6ead9faea79db09fcc74a0db,ddfd5de40cdb4c18b26ca6ad4cfe860ea517f64a63c6b8d5288fc91b7539eaa6,explicit,0.7,4096,omitted,,omitted,,omitted,,omitted,,omitted,,omitted,,omitted,,omitted,,omitted,,False,dashscope_enable_thinking_false,e2146d526bd896be1b7b059a2c4d87319a36bf94bc6aef96d3136bf76e6853a4,provider_not_exposed,provider_not_exposed,False,,False,False,False,disabled,,,,0,0,0,0,0,0,none,mature_ssr_loop_protocol_v1_ecvs_safe_visible_only,0,0,0,0,0,0,0,,0,,0,"[""REQ_05_K2P4S7S7"", ""LOCK_05_7S7S4"", ""SCOPE_05_P4S7S"", ""CHECK_05_2P4S7"", ""ANCHOR_05_S7S4P"", ""EDGE_05_4S7S7"", ""FRONTIER_05_7S7S4P"", ""MERGE_05_K2P7S7"", ""VERIFY_05_4S7S7"", ""PLAN_05_S4P2K"", ""CONTRACT_05_K2P4S"", ""FINAL_05_7S7SS7""]",[],0,[],0,[],0,[],0,1,URLError: <urlopen error [Errno 1] Operation not permitted>,rerun_required,backend_error,86217dff640c8788527a030f4da18c59185695292f92a053d0137427542b2db0,7c077ca2308714493d07163e1033c4282bd869ff6d477b3e77408587f95e2930,7c077ca2308714493d07163e1033c4282bd869ff6d477b3e77408587f95e2930,78b9c6a3aacba408617f72ae758c3638598dbade3a6cbb06098ca77fc0251e8c,08c799e7ddbbf4e039a7d3d38033bfd29e4d5ea35ed58b1ce8ba3ef5414fad20,released_raw_outputs/model_outputs/_probe_ecvs_qwen37max_harder_stress_v1_visiblecarry_vs_maturessrloop_15task_2method_3budget_1run/qwen37max/mature_ssr_loop__harder_stress_v1_realswe_05_fastapi_dependency_precedence__run_1__budget_600.jsonl,1,e34de8cbf8b386ceb4469cd51a98166f0df6b2d15b1789c6246d29668131a0b8,3adaf104b3f65c649cfce533e0d1827e775dac0ce4c5e488830075485088186a,bf878e51d84d76699b1bee102ed3b20fce800a4acc370c0352f4c7b76424b34c,_probe_ecvs_qwen37max_harder_stress_v1_visiblecarry_vs_maturessrloop_15task_2method_3budget_1run,ssr_loop,d239781121d1d6a6cd4cbcab5e859463831be69b2bcfc1a1884a2ada2c1ef299,230906266a8d0bfd20dba4e335d7806984724850f46b25559b45eddc827152d6,"{""boundary_constraint_count"": 5, ""budgets_supported"": [300, 600, 1200], ""conditional_constraint_count"": 4, ""decoy_count"": 9, ""difficulty_factors"": [""decoy_overload"", ""overwrite_update"", ""conditional_allowed_state"", ""forbidden_boundary_pressure"", ""multi_file_component_consistency"", ""plan_consistency"", ""budget_pressure""], ""files_touched_estimate"": 2, ""method_specific_selection_used"": false, ""model_outcomes_used"": false, ""number_of_relevant_symbols"": 7, ""patch_location_ambiguity"": 5, ""required_output_size"": 12, ""segment_count"": 15, ""source_candidate_id"": ""realstyle_candidate_fastapi_dependency_precedence"", ""strict_json_contract"": true, ""update_count"": 4}",649fa93b196242a19e144bd5297cf90abac45ad4aab2596921bacaa4f809894a,1,mature_ssr_loop_protocol_v1_ecvs_safe_visible_only,,,,,,,,
_probe_ecvs_qwen37max_harder_stress_v1_visiblecarry_vs_maturessrloop_15task_2method_3budget_1run:qwen37max:rolling_visible_carry_forward:harder_stress_v1_frontierpp_01_parser_error_taxonomy:budget_1200:run_1,qwen37max,harder_stress_v1_frontierpp_01_parser_error_taxonomy,semi_real_repo_style_controlled_frontier_plus,frontier_plus,parser_error_contract,,rolling_visible_carry_forward,rolling_visible_carry_forward,1200,1,2026-06-19T09:08:00.566574+00:00,2026-06-19T09:08:02.612870+00:00,2026-06-19T09:08:00.566618+00:00,2026-06-19T09:08:02.606626+00:00,0.033,33146312feffa160a32e762c32a2b0a3b61464eaaeb147e93bec4f257a858730,4aa390d28bc8bd4dc50656884aac36d674a455975664a49da7dbf0e6f9205236,24c2aa4fdaf72321ee311eeeb023714d65b6477b681b763519a40c830f2f1974,887a6d006aac8099ec06a93ec184d085a034a1e69e569beca6b6cfd6a49678c7,f79acf4f84583fb64b7b1bc1c913b1c399ca15f8a74f85fbb6a4e8fd7c0352d5,64a026a4236b1b40dd4c84896182d83ca4a5200fe4828b5f7e31afce8fcfcf72,6a7458aebaa10ebcc76a6d226fd20a8e6168750a89bacc574882c405bc40e8f4,6a7458aebaa10ebcc76a6d226fd20a8e6168750a89bacc574882c405bc40e8f4,6a7458aebaa10ebcc76a6d226fd20a8e6168750a89bacc574882c405bc40e8f4,bf0630beb52372c3453c4d395f8a77d60030282c3d46201d3fc218055acf60ee,direct_provider,dashscope,https://dashscope.aliyuncs.com/compatible-mode/v1,qwen3.7-max,https://dashscope.aliyuncs.com/compatible-mode/v1/chat/completions,qwen3.7-max,460fcbdb2292588d3356bf33464f23d8d6279a1f2188e11f9a1ff121452a2423,71aa9cbc0f0da53c5949b6545a569c3cf94a778a6ead9faea79db09fcc74a0db,ddfd5de40cdb4c18b26ca6ad4cfe860ea517f64a63c6b8d5288fc91b7539eaa6,explicit,0.7,4096,omitted,,omitted,,omitted,,omitted,,omitted,,omitted,,omitted,,omitted,,omitted,,False,dashscope_enable_thinking_false,e2146d526bd896be1b7b059a2c4d87319a36bf94bc6aef96d3136bf76e6853a4,provider_not_exposed,provider_not_exposed,False,,False,False,False,disabled,,,,0,0,0,0,0,0,none,,,,,,,,,,0,,0,"[""REQ_01_T7CERAGQ"", ""LOCK_01_QGARE"", ""SCOPE_01_CERAG"", ""CHECK_01_7CERA"", ""ANCHOR_01_GAREC"", ""EDGE_01_ERAGQ"", ""FRONTIER_01_QGAREC"", ""MERGE_01_T7CQGA"", ""VERIFY_01_ERAGQ"", ""PLAN_01_REC7T"", ""CONTRACT_01_T7CER"", ""FINAL_01_QGARGQ""]",[],0,[],0,[],0,[],0,1,URLError: <urlopen error [Errno 1] Operation not permitted>,rerun_required,backend_error,fc86a7bc3528c62f1d7ac446e82cf8366b189abffe584281b5da41af4c7732d0,7c077ca2308714493d07163e1033c4282bd869ff6d477b3e77408587f95e2930,7c077ca2308714493d07163e1033c4282bd869ff6d477b3e77408587f95e2930,78b9c6a3aacba408617f72ae758c3638598dbade3a6cbb06098ca77fc0251e8c,cf2dab9a814b985511fd9e696cbb14556ec0554cc30edafe6808268eb30aa3e6,released_raw_outputs/model_outputs/_probe_ecvs_qwen37max_harder_stress_v1_visiblecarry_vs_maturessrloop_15task_2method_3budget_1run/qwen37max/rolling_visible_carry_forward__harder_stress_v1_frontierpp_01_parser_error_taxonomy__run_1__budget_1200.jsonl,1,e28dcadd829edca5951689501b2b707cee1e463476766262c6219e808ee722a0,ddb84c6c46d76eb9e60f19a0382ac007b8507283b40fb9859aaf8a9e01bfcee2,cc4672369d8a5fbfbe18cdbe7542c737df21c1be1631989eeae919dfa427cc57,_probe_ecvs_qwen37max_harder_stress_v1_visiblecarry_vs_maturessrloop_15task_2method_3budget_1run,rolling_visible_carry_forward,d239781121d1d6a6cd4cbcab5e859463831be69b2bcfc1a1884a2ada2c1ef299,91fccf8709cab6d0076dd63a4fd5792772fdf6737a0abe9276906059747a534c,"{""boundary_constraint_count"": 5, ""budgets_supported"": [300, 600, 1200], ""conditional_constraint_count"": 4, ""decoy_count"": 10, ""difficulty_factors"": [""decoy_overload"", ""overwrite_update"", ""conditional_allowed_state"", ""forbidden_boundary_pressure"", ""multi_file_component_consistency"", ""distractor_segment"", ""budget_pressure""], ""files_touched_estimate"": 3, ""method_specific_selection_used"": false, ""model_outcomes_used"": false, ""required_output_size"": 12, ""segment_count"": 16, ""source_candidate_id"": ""frontier_candidate_parser_error_taxonomy"", ""strict_json_contract"": true, ""update_count"": 4}",649fa93b196242a19e144bd5297cf90abac45ad4aab2596921bacaa4f809894a,1,rolling_visible_identifier_carry_forward_v1_ecvs_safe_visible_only,rolling_visible_identifier_carry_forward_v1_ecvs_safe_visible_only,0,0,0,0,0,0,
_probe_ecvs_qwen37max_harder_stress_v1_visiblecarry_vs_maturessrloop_15task_2method_3budget_1run:qwen37max:rolling_visible_carry_forward:harder_stress_v1_frontierpp_01_parser_error_taxonomy:budget_300:run_1,qwen37max,harder_stress_v1_frontierpp_01_parser_error_taxonomy,semi_real_repo_style_controlled_frontier_plus,frontier_plus,parser_error_contract,,rolling_visible_carry_forward,rolling_visible_carry_forward,300,1,2026-06-19T09:08:00.566032+00:00,2026-06-19T09:08:02.599244+00:00,2026-06-19T09:08:00.566085+00:00,2026-06-19T09:08:02.593072+00:00,0.023,33146312feffa160a32e762c32a2b0a3b61464eaaeb147e93bec4f257a858730,4aa390d28bc8bd4dc50656884aac36d674a455975664a49da7dbf0e6f9205236,24c2aa4fdaf72321ee311eeeb023714d65b6477b681b763519a40c830f2f1974,887a6d006aac8099ec06a93ec184d085a034a1e69e569beca6b6cfd6a49678c7,e2b5337a4113feb3264ec68e0f55cbdb93732f81a6d25b2404ac76923c42655b,64a026a4236b1b40dd4c84896182d83ca4a5200fe4828b5f7e31afce8fcfcf72,6a7458aebaa10ebcc76a6d226fd20a8e6168750a89bacc574882c405bc40e8f4,6a7458aebaa10ebcc76a6d226fd20a8e6168750a89bacc574882c405bc40e8f4,6a7458aebaa10ebcc76a6d226fd20a8e6168750a89bacc574882c405bc40e8f4,bf0630beb52372c3453c4d395f8a77d60030282c3d46201d3fc218055acf60ee,direct_provider,dashscope,https://dashscope.aliyuncs.com/compatible-mode/v1,qwen3.7-max,https://dashscope.aliyuncs.com/compatible-mode/v1/chat/completions,qwen3.7-max,460fcbdb2292588d3356bf33464f23d8d6279a1f2188e11f9a1ff121452a2423,71aa9cbc0f0da53c5949b6545a569c3cf94a778a6ead9faea79db09fcc74a0db,ddfd5de40cdb4c18b26ca6ad4cfe860ea517f64a63c6b8d5288fc91b7539eaa6,explicit,0.7,4096,omitted,,omitted,,omitted,,omitted,,omitted,,omitted,,omitted,,omitted,,omitted,,False,dashscope_enable_thinking_false,e2146d526bd896be1b7b059a2c4d87319a36bf94bc6aef96d3136bf76e6853a4,provider_not_exposed,provider_not_exposed,False,,False,False,False,disabled,,,,0,0,0,0,0,0,none,,,,,,,,,,0,,0,"[""REQ_01_T7CERAGQ"", ""LOCK_01_QGARE"", ""SCOPE_01_CERAG"", ""CHECK_01_7CERA"", ""ANCHOR_01_GAREC"", ""EDGE_01_ERAGQ"", ""FRONTIER_01_QGAREC"", ""MERGE_01_T7CQGA"", ""VERIFY_01_ERAGQ"", ""PLAN_01_REC7T"", ""CONTRACT_01_T7CER"", ""FINAL_01_QGARGQ""]",[],0,[],0,[],0,[],0,1,URLError: <urlopen error [Errno 1] Operation not permitted>,rerun_required,backend_error,c7850e8c1213898d0726352a4620b1c5b8d3860c11b27ffc7dfba763af36a4d7,7c077ca2308714493d07163e1033c4282bd869ff6d477b3e77408587f95e2930,7c077ca2308714493d07163e1033c4282bd869ff6d477b3e77408587f95e2930,78b9c6a3aacba408617f72ae758c3638598dbade3a6cbb06098ca77fc0251e8c,5247fdeb2261a0bcfbb45a6f1029d327c78dae925074799c6b25c2004bd43a04,released_raw_outputs/model_outputs/_probe_ecvs_qwen37max_harder_stress_v1_visiblecarry_vs_maturessrloop_15task_2method_3budget_1run/qwen37max/rolling_visible_carry_forward__harder_stress_v1_frontierpp_01_parser_error_taxonomy__run_1__budget_300.jsonl,1,55e6ead9232b7142384f9163a57fe0c59fdbc8e6099573ad1f5340e8ebd7b93d,f007edfe1d2405625a4831d01c86435a08dddbb1a7c1f8f5481eb0a6fb6bce65,779bd3cdb12c8a61edb23c8caf53138d29067d38aa39e36a2145985b1cd2130e,_probe_ecvs_qwen37max_harder_stress_v1_visiblecarry_vs_maturessrloop_15task_2method_3budget_1run,rolling_visible_carry_forward,d239781121d1d6a6cd4cbcab5e859463831be69b2bcfc1a1884a2ada2c1ef299,91fccf8709cab6d0076dd63a4fd5792772fdf6737a0abe9276906059747a534c,"{""boundary_constraint_count"": 5, ""budgets_supported"": [300, 600, 1200], ""conditional_constraint_count"": 4, ""decoy_count"": 10, ""difficulty_factors"": [""decoy_overload"", ""overwrite_update"", ""conditional_allowed_state"", ""forbidden_boundary_pressure"", ""multi_file_component_consistency"", ""distractor_segment"", ""budget_pressure""], ""files_touched_estimate"": 3, ""method_specific_selection_used"": false, ""model_outcomes_used"": false, ""required_output_size"": 12, ""segment_count"": 16, ""source_candidate_id"": ""frontier_candidate_parser_error_taxonomy"", ""strict_json_contract"": true, ""update_count"": 4}",649fa93b196242a19e144bd5297cf90abac45ad4aab2596921bacaa4f809894a,1,rolling_visible_identifier_carry_forward_v1_ecvs_safe_visible_only,rolling_visible_identifier_carry_forward_v1_ecvs_safe_visible_only,0,0,0,0,0,0,
_probe_ecvs_qwen37max_harder_stress_v1_visiblecarry_vs_maturessrloop_15task_2method_3budget_1run:qwen37max:rolling_visible_carry_forward:harder_stress_v1_frontierpp_01_parser_error_taxonomy:budget_600:run_1,qwen37max,harder_stress_v1_frontierpp_01_parser_error_taxonomy,semi_real_repo_style_controlled_frontier_plus,frontier_plus,parser_error_contract,,rolling_visible_carry_forward,rolling_visible_carry_forward,600,1,2026-06-19T09:08:00.565404+00:00,2026-06-19T09:08:02.596185+00:00,2026-06-19T09:08:00.565504+00:00,2026-06-19T09:08:02.593493+00:00,0.02,33146312feffa160a32e762c32a2b0a3b61464eaaeb147e93bec4f257a858730,4aa390d28bc8bd4dc50656884aac36d674a455975664a49da7dbf0e6f9205236,24c2aa4fdaf72321ee311eeeb023714d65b6477b681b763519a40c830f2f1974,887a6d006aac8099ec06a93ec184d085a034a1e69e569beca6b6cfd6a49678c7,b3ab5d71c8b1eabe5a0ae5436a0477b84cca652623c352ab071ebfa7570cdda0,64a026a4236b1b40dd4c84896182d83ca4a5200fe4828b5f7e31afce8fcfcf72,6a7458aebaa10ebcc76a6d226fd20a8e6168750a89bacc574882c405bc40e8f4,6a7458aebaa10ebcc76a6d226fd20a8e6168750a89bacc574882c405bc40e8f4,6a7458aebaa10ebcc76a6d226fd20a8e6168750a89bacc574882c405bc40e8f4,bf0630beb52372c3453c4d395f8a77d60030282c3d46201d3fc218055acf60ee,direct_provider,dashscope,https://dashscope.aliyuncs.com/compatible-mode/v1,qwen3.7-max,https://dashscope.aliyuncs.com/compatible-mode/v1/chat/completions,qwen3.7-max,460fcbdb2292588d3356bf33464f23d8d6279a1f2188e11f9a1ff121452a2423,71aa9cbc0f0da53c5949b6545a569c3cf94a778a6ead9faea79db09fcc74a0db,ddfd5de40cdb4c18b26ca6ad4cfe860ea517f64a63c6b8d5288fc91b7539eaa6,explicit,0.7,4096,omitted,,omitted,,omitted,,omitted,,omitted,,omitted,,omitted,,omitted,,omitted,,False,dashscope_enable_thinking_false,e2146d526bd896be1b7b059a2c4d87319a36bf94bc6aef96d3136bf76e6853a4,provider_not_exposed,provider_not_exposed,False,,False,False,False,disabled,,,,0,0,0,0,0,0,none,,,,,,,,,,0,,0,"[""REQ_01_T7CERAGQ"", ""LOCK_01_QGARE"", ""SCOPE_01_CERAG"", ""CHECK_01_7CERA"", ""ANCHOR_01_GAREC"", ""EDGE_01_ERAGQ"", ""FRONTIER_01_QGAREC"", ""MERGE_01_T7CQGA"", ""VERIFY_01_ERAGQ"", ""PLAN_01_REC7T"", ""CONTRACT_01_T7CER"", ""FINAL_01_QGARGQ""]",[],0,[],0,[],0,[],0,1,URLError: <urlopen error [Errno 1] Operation not permitted>,rerun_required,backend_error,e5d169386df4a81d3e27b7bf296ed2a3c8a2cfad7ba7c0928ae63e48470a9c6a,7c077ca2308714493d07163e1033c4282bd869ff6d477b3e77408587f95e2930,7c077ca2308714493d07163e1033c4282bd869ff6d477b3e77408587f95e2930,78b9c6a3aacba408617f72ae758c3638598dbade3a6cbb06098ca77fc0251e8c,8e49ec4d46747fd77f0c4bb87cb1a529bd5cd135fdda0c3a5ce77834861bd460,released_raw_outputs/model_outputs/_probe_ecvs_qwen37max_harder_stress_v1_visiblecarry_vs_maturessrloop_15task_2method_3budget_1run/qwen37max/rolling_visible_carry_forward__harder_stress_v1_frontierpp_01_parser_error_taxonomy__run_1__budget_600.jsonl,1,1d957c921c44e2b9dedbc99279a7a26a7dc61da02876b4d0a8cc24119efb8737,22aafff6e2afbef0f6df2a4ac76a1dca7a3119da028d99d0267464147f3af40e,da10fa3d48ad39910601cfab19d5d855de4647a21707bbc186786a872032715a,_probe_ecvs_qwen37max_harder_stress_v1_visiblecarry_vs_maturessrloop_15task_2method_3budget_1run,rolling_visible_carry_forward,d239781121d1d6a6cd4cbcab5e859463831be69b2bcfc1a1884a2ada2c1ef299,91fccf8709cab6d0076dd63a4fd5792772fdf6737a0abe9276906059747a534c,"{""boundary_constraint_count"": 5, ""budgets_supported"": [300, 600, 1200], ""conditional_constraint_count"": 4, ""decoy_count"": 10, ""difficulty_factors"": [""decoy_overload"", ""overwrite_update"", ""conditional_allowed_state"", ""forbidden_boundary_pressure"", ""multi_file_component_consistency"", ""distractor_segment"", ""budget_pressure""], ""files_touched_estimate"": 3, ""method_specific_selection_used"": false, ""model_outcomes_used"": false, ""required_output_size"": 12, ""segment_count"": 16, ""source_candidate_id"": ""frontier_candidate_parser_error_taxonomy"", ""strict_json_contract"": true, ""update_count"": 4}",649fa93b196242a19e144bd5297cf90abac45ad4aab2596921bacaa4f809894a,1,rolling_visible_identifier_carry_forward_v1_ecvs_safe_visible_only,rolling_visible_identifier_carry_forward_v1_ecvs_safe_visible_only,0,0,0,0,0,0,
_probe_ecvs_qwen37max_harder_stress_v1_visiblecarry_vs_maturessrloop_15task_2method_3budget_1run:qwen37max:rolling_visible_carry_forward:harder_stress_v1_frontierpp_02_staged_schema_migration:budget_1200:run_1,qwen37max,harder_stress_v1_frontierpp_02_staged_schema_migration,semi_real_repo_style_controlled_frontier_plus,frontier_plus,schema_json_contract,,rolling_visible_carry_forward,rolling_visible_carry_forward,1200,1,2026-06-19T09:08:00.569612+00:00,2026-06-19T09:08:02.597773+00:00,2026-06-19T09:08:00.569663+00:00,2026-06-19T09:08:02.592501+00:00,0.02,33146312feffa160a32e762c32a2b0a3b61464eaaeb147e93bec4f257a858730,2380c738ee1071f43dc5dc77fba7ca4b6a87e81ed8c4f04f3c913ea410498706,24c2aa4fdaf72321ee311eeeb023714d65b6477b681b763519a40c830f2f1974,2f06c9884c6cbe4e071b63932c3b6b7747cbd986e8849025d5b8a181203c267b,a938e96bede0a51e111d2dc8fb1e2cbbaa2f5fb9eaac6b9f0a886afbfd2aec55,64a026a4236b1b40dd4c84896182d83ca4a5200fe4828b5f7e31afce8fcfcf72,6a7458aebaa10ebcc76a6d226fd20a8e6168750a89bacc574882c405bc40e8f4,6a7458aebaa10ebcc76a6d226fd20a8e6168750a89bacc574882c405bc40e8f4,6a7458aebaa10ebcc76a6d226fd20a8e6168750a89bacc574882c405bc40e8f4,bf0630beb52372c3453c4d395f8a77d60030282c3d46201d3fc218055acf60ee,direct_provider,dashscope,https://dashscope.aliyuncs.com/compatible-mode/v1,qwen3.7-max,https://dashscope.aliyuncs.com/compatible-mode/v1/chat/completions,qwen3.7-max,460fcbdb2292588d3356bf33464f23d8d6279a1f2188e11f9a1ff121452a2423,71aa9cbc0f0da53c5949b6545a569c3cf94a778a6ead9faea79db09fcc74a0db,ddfd5de40cdb4c18b26ca6ad4cfe860ea517f64a63c6b8d5288fc91b7539eaa6,explicit,0.7,4096,omitted,,omitted,,omitted,,omitted,,omitted,,omitted,,omitted,,omitted,,omitted,,False,dashscope_enable_thinking_false,e2146d526bd896be1b7b059a2c4d87319a36bf94bc6aef96d3136bf76e6853a4,provider_not_exposed,provider_not_exposed,False,,False,False,False,disabled,,,,0,0,0,0,0,0,none,,,,,,,,,,0,,0,"[""REQ_02_UFR6Y4P4"", ""LOCK_02_4P4Y6"", ""SCOPE_02_R6Y4P"", ""CHECK_02_FR6Y4"", ""ANCHOR_02_P4Y6R"", ""EDGE_02_6Y4P4"", ""FRONTIER_02_4P4Y6R"", ""MERGE_02_UFR4P4"", ""VERIFY_02_6Y4P4"", ""PLAN_02_Y6RFU"", ""CONTRACT_02_UFR6Y"", ""FINAL_02_4P4YP4""]",[],0,[],0,[],0,[],0,1,URLError: <urlopen error [Errno 1] Operation not permitted>,rerun_required,backend_error,a23fc1b3aa084e88975a4cb8fcdc2eecf0481d299c17ccb2f62978ab938ebb82,7c077ca2308714493d07163e1033c4282bd869ff6d477b3e77408587f95e2930,7c077ca2308714493d07163e1033c4282bd869ff6d477b3e77408587f95e2930,78b9c6a3aacba408617f72ae758c3638598dbade3a6cbb06098ca77fc0251e8c,bb1a9cbc1b83ea70c9dad74dc8f13c38021e1c7891b483bd1c9dcce205eec347,released_raw_outputs/model_outputs/_probe_ecvs_qwen37max_harder_stress_v1_visiblecarry_vs_maturessrloop_15task_2method_3budget_1run/qwen37max/rolling_visible_carry_forward__harder_stress_v1_frontierpp_02_staged_schema_migration__run_1__budget_1200.jsonl,1,7ce303c3bc117363a4e1993edb979217223d5e72bd8cdb09552ea8f2f1403589,70a6c1836ccc8936fce91e190f73ffe948a05cd509794b0d007bd0477b509e61,ea7777b96375011788b73e3b05e0d065131314b1f806d5fdb61bc7de9a87e738,_probe_ecvs_qwen37max_harder_stress_v1_visiblecarry_vs_maturessrloop_15task_2method_3budget_1run,rolling_visible_carry_forward,d239781121d1d6a6cd4cbcab5e859463831be69b2bcfc1a1884a2ada2c1ef299,ae3dac738762ac8af97a865afb767ba00d9230deba706ad1f8103ca6e7d28918,"{""boundary_constraint_count"": 3, ""budgets_supported"": [300, 600, 1200], ""conditional_constraint_count"": 3, ""decoy_count"": 8, ""difficulty_factors"": [""decoy_overload"", ""overwrite_update"", ""conditional_allowed_state"", ""multi_file_component_consistency"", ""final_output_contract_pressure"", ""distractor_segment"", ""budget_pressure""], ""files_touched_estimate"": 3, ""method_specific_selection_used"": false, ""model_outcomes_used"": false, ""required_output_size"": 11, ""segment_count"": 14, ""source_candidate_id"": ""frontier_candidate_staged_schema_migration"", ""strict_json_contract"": true, ""update_count"": 3}",649fa93b196242a19e144bd5297cf90abac45ad4aab2596921bacaa4f809894a,1,rolling_visible_identifier_carry_forward_v1_ecvs_safe_visible_only,rolling_visible_identifier_carry_forward_v1_ecvs_safe_visible_only,0,0,0,0,0,0,
_probe_ecvs_qwen37max_harder_stress_v1_visiblecarry_vs_maturessrloop_15task_2method_3budget_1run:qwen37max:rolling_visible_carry_forward:harder_stress_v1_frontierpp_02_staged_schema_migration:budget_300:run_1,qwen37max,harder_stress_v1_frontierpp_02_staged_schema_migration,semi_real_repo_style_controlled_frontier_plus,frontier_plus,schema_json_contract,,rolling_visible_carry_forward,rolling_visible_carry_forward,300,1,2026-06-19T09:08:00.567528+00:00,2026-06-19T09:08:02.607187+00:00,2026-06-19T09:08:00.567576+00:00,2026-06-19T09:08:02.597976+00:00,0.028,33146312feffa160a32e762c32a2b0a3b61464eaaeb147e93bec4f257a858730,2380c738ee1071f43dc5dc77fba7ca4b6a87e81ed8c4f04f3c913ea410498706,24c2aa4fdaf72321ee311eeeb023714d65b6477b681b763519a40c830f2f1974,2f06c9884c6cbe4e071b63932c3b6b7747cbd986e8849025d5b8a181203c267b,cdf168ea5b1956a8d9d7f1f45f024c19fe34729b6c291b613585dd78a76fa99d,64a026a4236b1b40dd4c84896182d83ca4a5200fe4828b5f7e31afce8fcfcf72,6a7458aebaa10ebcc76a6d226fd20a8e6168750a89bacc574882c405bc40e8f4,6a7458aebaa10ebcc76a6d226fd20a8e6168750a89bacc574882c405bc40e8f4,6a7458aebaa10ebcc76a6d226fd20a8e6168750a89bacc574882c405bc40e8f4,bf0630beb52372c3453c4d395f8a77d60030282c3d46201d3fc218055acf60ee,direct_provider,dashscope,https://dashscope.aliyuncs.com/compatible-mode/v1,qwen3.7-max,https://dashscope.aliyuncs.com/compatible-mode/v1/chat/completions,qwen3.7-max,460fcbdb2292588d3356bf33464f23d8d6279a1f2188e11f9a1ff121452a2423,71aa9cbc0f0da53c5949b6545a569c3cf94a778a6ead9faea79db09fcc74a0db,ddfd5de40cdb4c18b26ca6ad4cfe860ea517f64a63c6b8d5288fc91b7539eaa6,explicit,0.7,4096,omitted,,omitted,,omitted,,omitted,,omitted,,omitted,,omitted,,omitted,,omitted,,False,dashscope_enable_thinking_false,e2146d526bd896be1b7b059a2c4d87319a36bf94bc6aef96d3136bf76e6853a4,provider_not_exposed,provider_not_exposed,False,,False,False,False,disabled,,,,0,0,0,0,0,0,none,,,,,,,,,,0,,0,"[""REQ_02_UFR6Y4P4"", ""LOCK_02_4P4Y6"", ""SCOPE_02_R6Y4P"", ""CHECK_02_FR6Y4"", ""ANCHOR_02_P4Y6R"", ""EDGE_02_6Y4P4"", ""FRONTIER_02_4P4Y6R"", ""MERGE_02_UFR4P4"", ""VERIFY_02_6Y4P4"", ""PLAN_02_Y6RFU"", ""CONTRACT_02_UFR6Y"", ""FINAL_02_4P4YP4""]",[],0,[],0,[],0,[],0,1,URLError: <urlopen error [Errno 1] Operation not permitted>,rerun_required,backend_error,0a458773c23b096a60835f9d7fa54b603e859d92d8b7ec0f21859b322ddac0e0,7c077ca2308714493d07163e1033c4282bd869ff6d477b3e77408587f95e2930,7c077ca2308714493d07163e1033c4282bd869ff6d477b3e77408587f95e2930,78b9c6a3aacba408617f72ae758c3638598dbade3a6cbb06098ca77fc0251e8c,05a06d6defaaa663389ed2002b660532c0633279f5f97914696ca8b5c7841f94,released_raw_outputs/model_outputs/_probe_ecvs_qwen37max_harder_stress_v1_visiblecarry_vs_maturessrloop_15task_2method_3budget_1run/qwen37max/rolling_visible_carry_forward__harder_stress_v1_frontierpp_02_staged_schema_migration__run_1__budget_300.jsonl,1,1cc1fdf9e3dad5efa143c933e88b1feca4f64f2f06b4fdafbf8474f8dafbd3a4,b00ffcbbe5741f2ee2fb0e7c22ad45e32fee59a401fbcdf0931d171b06001514,31a3019fb0e3e54b18d929d9b3376a5bce9ce43cb610b445cf0d60a827b978f1,_probe_ecvs_qwen37max_harder_stress_v1_visiblecarry_vs_maturessrloop_15task_2method_3budget_1run,rolling_visible_carry_forward,d239781121d1d6a6cd4cbcab5e859463831be69b2bcfc1a1884a2ada2c1ef299,ae3dac738762ac8af97a865afb767ba00d9230deba706ad1f8103ca6e7d28918,"{""boundary_constraint_count"": 3, ""budgets_supported"": [300, 600, 1200], ""conditional_constraint_count"": 3, ""decoy_count"": 8, ""difficulty_factors"": [""decoy_overload"", ""overwrite_update"", ""conditional_allowed_state"", ""multi_file_component_consistency"", ""final_output_contract_pressure"", ""distractor_segment"", ""budget_pressure""], ""files_touched_estimate"": 3, ""method_specific_selection_used"": false, ""model_outcomes_used"": false, ""required_output_size"": 11, ""segment_count"": 14, ""source_candidate_id"": ""frontier_candidate_staged_schema_migration"", ""strict_json_contract"": true, ""update_count"": 3}",649fa93b196242a19e144bd5297cf90abac45ad4aab2596921bacaa4f809894a,1,rolling_visible_identifier_carry_forward_v1_ecvs_safe_visible_only,rolling_visible_identifier_carry_forward_v1_ecvs_safe_visible_only,0,0,0,0,0,0,
_probe_ecvs_qwen37max_harder_stress_v1_visiblecarry_vs_maturessrloop_15task_2method_3budget_1run:qwen37max:rolling_visible_carry_forward:harder_stress_v1_frontierpp_02_staged_schema_migration:budget_600:run_1,qwen37max,harder_stress_v1_frontierpp_02_staged_schema_migration,semi_real_repo_style_controlled_frontier_plus,frontier_plus,schema_json_contract,,rolling_visible_carry_forward,rolling_visible_carry_forward,600,1,2026-06-19T09:08:00.567799+00:00,2026-06-19T09:08:02.612495+00:00,2026-06-19T09:08:00.567844+00:00,2026-06-19T09:08:02.603006+00:00,0.03,33146312feffa160a32e762c32a2b0a3b61464eaaeb147e93bec4f257a858730,2380c738ee1071f43dc5dc77fba7ca4b6a87e81ed8c4f04f3c913ea410498706,24c2aa4fdaf72321ee311eeeb023714d65b6477b681b763519a40c830f2f1974,2f06c9884c6cbe4e071b63932c3b6b7747cbd986e8849025d5b8a181203c267b,d847caf2238c1b93374491b69218af52dfd9c11f51b2cfff22ab2677a696a7de,64a026a4236b1b40dd4c84896182d83ca4a5200fe4828b5f7e31afce8fcfcf72,6a7458aebaa10ebcc76a6d226fd20a8e6168750a89bacc574882c405bc40e8f4,6a7458aebaa10ebcc76a6d226fd20a8e6168750a89bacc574882c405bc40e8f4,6a7458aebaa10ebcc76a6d226fd20a8e6168750a89bacc574882c405bc40e8f4,bf0630beb52372c3453c4d395f8a77d60030282c3d46201d3fc218055acf60ee,direct_provider,dashscope,https://dashscope.aliyuncs.com/compatible-mode/v1,qwen3.7-max,https://dashscope.aliyuncs.com/compatible-mode/v1/chat/completions,qwen3.7-max,460fcbdb2292588d3356bf33464f23d8d6279a1f2188e11f9a1ff121452a2423,71aa9cbc0f0da53c5949b6545a569c3cf94a778a6ead9faea79db09fcc74a0db,ddfd5de40cdb4c18b26ca6ad4cfe860ea517f64a63c6b8d5288fc91b7539eaa6,explicit,0.7,4096,omitted,,omitted,,omitted,,omitted,,omitted,,omitted,,omitted,,omitted,,omitted,,False,dashscope_enable_thinking_false,e2146d526bd896be1b7b059a2c4d87319a36bf94bc6aef96d3136bf76e6853a4,provider_not_exposed,provider_not_exposed,False,,False,False,False,disabled,,,,0,0,0,0,0,0,none,,,,,,,,,,0,,0,"[""REQ_02_UFR6Y4P4"", ""LOCK_02_4P4Y6"", ""SCOPE_02_R6Y4P"", ""CHECK_02_FR6Y4"", ""ANCHOR_02_P4Y6R"", ""EDGE_02_6Y4P4"", ""FRONTIER_02_4P4Y6R"", ""MERGE_02_UFR4P4"", ""VERIFY_02_6Y4P4"", ""PLAN_02_Y6RFU"", ""CONTRACT_02_UFR6Y"", ""FINAL_02_4P4YP4""]",[],0,[],0,[],0,[],0,1,URLError: <urlopen error [Errno 1] Operation not permitted>,rerun_required,backend_error,eef3ae3dbf56e2f9a4fc6e97190e7419f2c90aa04ea43b1f4d3afdc83c841f9a,7c077ca2308714493d07163e1033c4282bd869ff6d477b3e77408587f95e2930,7c077ca2308714493d07163e1033c4282bd869ff6d477b3e77408587f95e2930,78b9c6a3aacba408617f72ae758c3638598dbade3a6cbb06098ca77fc0251e8c,00214cd39c092536b2cecec1b3e609172e065ec21114bd212ec31d565fc12670,released_raw_outputs/model_outputs/_probe_ecvs_qwen37max_harder_stress_v1_visiblecarry_vs_maturessrloop_15task_2method_3budget_1run/qwen37max/rolling_visible_carry_forward__harder_stress_v1_frontierpp_02_staged_schema_migration__run_1__budget_600.jsonl,1,4d9a4997cda2696359281918dbdabe2ecd363b2951cb619ca523b09d72c04f62,348fd3c1f4d55406621dc5306f4b87390ea30d2033df1c3577aaf2ce83a242b1,657172f32fa7e99f8805a6f8bddb8c370932e9679aa138c367408921d6014e5d,_probe_ecvs_qwen37max_harder_stress_v1_visiblecarry_vs_maturessrloop_15task_2method_3budget_1run,rolling_visible_carry_forward,d239781121d1d6a6cd4cbcab5e859463831be69b2bcfc1a1884a2ada2c1ef299,ae3dac738762ac8af97a865afb767ba00d9230deba706ad1f8103ca6e7d28918,"{""boundary_constraint_count"": 3, ""budgets_supported"": [300, 600, 1200], ""conditional_constraint_count"": 3, ""decoy_count"": 8, ""difficulty_factors"": [""decoy_overload"", ""overwrite_update"", ""conditional_allowed_state"", ""multi_file_component_consistency"", ""final_output_contract_pressure"", ""distractor_segment"", ""budget_pressure""], ""files_touched_estimate"": 3, ""method_specific_selection_used"": false, ""model_outcomes_used"": false, ""required_output_size"": 11, ""segment_count"": 14, ""source_candidate_id"": ""frontier_candidate_staged_schema_migration"", ""strict_json_contract"": true, ""update_count"": 3}",649fa93b196242a19e144bd5297cf90abac45ad4aab2596921bacaa4f809894a,1,rolling_visible_identifier_carry_forward_v1_ecvs_safe_visible_only,rolling_visible_identifier_carry_forward_v1_ecvs_safe_visible_only,0,0,0,0,0,0,
_probe_ecvs_qwen37max_harder_stress_v1_visiblecarry_vs_maturessrloop_15task_2method_3budget_1run:qwen37max:rolling_visible_carry_forward:harder_stress_v1_frontierpp_03_policy_alias_cascade:budget_1200:run_1,qwen37max,harder_stress_v1_frontierpp_03_policy_alias_cascade,diagnostic_controlled_frontier_plus,frontier_plus,policy_alias_binding,,rolling_visible_carry_forward,rolling_visible_carry_forward,1200,1,2026-06-19T09:08:00.571788+00:00,2026-06-19T09:08:02.601250+00:00,2026-06-19T09:08:00.571836+00:00,2026-06-19T09:08:02.592975+00:00,0.016,33146312feffa160a32e762c32a2b0a3b61464eaaeb147e93bec4f257a858730,845b40a5ccd3a43048dea7ae2c42e35b95c020808d8cb3dd945b43f0b736e95c,24c2aa4fdaf72321ee311eeeb023714d65b6477b681b763519a40c830f2f1974,b594f110c1c3bc5cb57d5ddd948b9ab79fc1ec71fe218d92920e97ed5472ad7b,4f748eeb5a9ee7f144cb7e9a41b57faf716044bb896f010e9d5880a9d38b7462,64a026a4236b1b40dd4c84896182d83ca4a5200fe4828b5f7e31afce8fcfcf72,6a7458aebaa10ebcc76a6d226fd20a8e6168750a89bacc574882c405bc40e8f4,6a7458aebaa10ebcc76a6d226fd20a8e6168750a89bacc574882c405bc40e8f4,6a7458aebaa10ebcc76a6d226fd20a8e6168750a89bacc574882c405bc40e8f4,bf0630beb52372c3453c4d395f8a77d60030282c3d46201d3fc218055acf60ee,direct_provider,dashscope,https://dashscope.aliyuncs.com/compatible-mode/v1,qwen3.7-max,https://dashscope.aliyuncs.com/compatible-mode/v1/chat/completions,qwen3.7-max,460fcbdb2292588d3356bf33464f23d8d6279a1f2188e11f9a1ff121452a2423,71aa9cbc0f0da53c5949b6545a569c3cf94a778a6ead9faea79db09fcc74a0db,ddfd5de40cdb4c18b26ca6ad4cfe860ea517f64a63c6b8d5288fc91b7539eaa6,explicit,0.7,4096,omitted,,omitted,,omitted,,omitted,,omitted,,omitted,,omitted,,omitted,,omitted,,False,dashscope_enable_thinking_false,e2146d526bd896be1b7b059a2c4d87319a36bf94bc6aef96d3136bf76e6853a4,provider_not_exposed,provider_not_exposed,False,,False,False,False,disabled,,,,0,0,0,0,0,0,none,,,,,,,,,,0,,0,"[""REQ_03_DKX4J4UR"", ""LOCK_03_RU4J4"", ""SCOPE_03_X4J4U"", ""CHECK_03_KX4J4"", ""ANCHOR_03_U4J4X"", ""EDGE_03_4J4UR"", ""FRONTIER_03_RU4J4X"", ""MERGE_03_DKXRU4"", ""VERIFY_03_4J4UR"", ""PLAN_03_J4XKD"", ""CONTRACT_03_DKX4J"", ""FINAL_03_RU4JUR""]",[],0,[],0,[],0,[],0,1,URLError: <urlopen error [Errno 1] Operation not permitted>,rerun_required,backend_error,1ef552c3b7b19508641039dd6e2fab7b917f22304c1db87aae76bb587eb79f90,7c077ca2308714493d07163e1033c4282bd869ff6d477b3e77408587f95e2930,7c077ca2308714493d07163e1033c4282bd869ff6d477b3e77408587f95e2930,78b9c6a3aacba408617f72ae758c3638598dbade3a6cbb06098ca77fc0251e8c,52dc026b81d00001c568c7977a83e38ab44f2dd672d784b950cf6205cf37652b,released_raw_outputs/model_outputs/_probe_ecvs_qwen37max_harder_stress_v1_visiblecarry_vs_maturessrloop_15task_2method_3budget_1run/qwen37max/rolling_visible_carry_forward__harder_stress_v1_frontierpp_03_policy_alias_cascade__run_1__budget_1200.jsonl,1,33c41e085debcebb3c807f1339f2dd49914eff103e52081fe80d95ad0c705e3e,52696b1616332c1a0fceaeadab2a6d50519d25a50573f3ebbbbb5d7436b76921,479c257966840f333f5f720ff5f5dfe4c9a0eb41ebad52031e7f720265a1ca37,_probe_ecvs_qwen37max_harder_stress_v1_visiblecarry_vs_maturessrloop_15task_2method_3budget_1run,rolling_visible_carry_forward,d239781121d1d6a6cd4cbcab5e859463831be69b2bcfc1a1884a2ada2c1ef299,43215e9b88bd006bc5c3b5a9badbe1cde279eec840123cd1239ba938d210cce2,"{""boundary_constraint_count"": 4, ""budgets_supported"": [300, 600, 1200], ""conditional_constraint_count"": 3, ""decoy_count"": 9, ""difficulty_factors"": [""decoy_overload"", ""overwrite_update"", ""conditional_allowed_state"", ""forbidden_boundary_pressure"", ""plan_consistency"", ""delayed_critical_constraint"", ""budget_pressure""], ""files_touched_estimate"": 2, ""method_specific_selection_used"": false, ""model_outcomes_used"": false, ""required_output_size"": 12, ""segment_count"": 15, ""source_candidate_id"": ""frontier_candidate_policy_alias_cascade"", ""strict_json_contract"": true, ""update_count"": 4}",649fa93b196242a19e144bd5297cf90abac45ad4aab2596921bacaa4f809894a,1,rolling_visible_identifier_carry_forward_v1_ecvs_safe_visible_only,rolling_visible_identifier_carry_forward_v1_ecvs_safe_visible_only,0,0,0,0,0,0,
_probe_ecvs_qwen37max_harder_stress_v1_visiblecarry_vs_maturessrloop_15task_2method_3budget_1run:qwen37max:rolling_visible_carry_forward:harder_stress_v1_frontierpp_03_policy_alias_cascade:budget_300:run_1,qwen37max,harder_stress_v1_frontierpp_03_policy_alias_cascade,diagnostic_controlled_frontier_plus,frontier_plus,policy_alias_binding,,rolling_visible_carry_forward,rolling_visible_carry_forward,300,1,2026-06-19T09:08:00.571319+00:00,2026-06-19T09:08:02.600866+00:00,2026-06-19T09:08:00.571362+00:00,2026-06-19T09:08:02.593131+00:00,0.019,33146312feffa160a32e762c32a2b0a3b61464eaaeb147e93bec4f257a858730,845b40a5ccd3a43048dea7ae2c42e35b95c020808d8cb3dd945b43f0b736e95c,24c2aa4fdaf72321ee311eeeb023714d65b6477b681b763519a40c830f2f1974,b594f110c1c3bc5cb57d5ddd948b9ab79fc1ec71fe218d92920e97ed5472ad7b,4ab0c53a60ce2226b3fd1d6f935e1a992ae0828ff9502644cff7f95483117081,64a026a4236b1b40dd4c84896182d83ca4a5200fe4828b5f7e31afce8fcfcf72,6a7458aebaa10ebcc76a6d226fd20a8e6168750a89bacc574882c405bc40e8f4,6a7458aebaa10ebcc76a6d226fd20a8e6168750a89bacc574882c405bc40e8f4,6a7458aebaa10ebcc76a6d226fd20a8e6168750a89bacc574882c405bc40e8f4,bf0630beb52372c3453c4d395f8a77d60030282c3d46201d3fc218055acf60ee,direct_provider,dashscope,https://dashscope.aliyuncs.com/compatible-mode/v1,qwen3.7-max,https://dashscope.aliyuncs.com/compatible-mode/v1/chat/completions,qwen3.7-max,460fcbdb2292588d3356bf33464f23d8d6279a1f2188e11f9a1ff121452a2423,71aa9cbc0f0da53c5949b6545a569c3cf94a778a6ead9faea79db09fcc74a0db,ddfd5de40cdb4c18b26ca6ad4cfe860ea517f64a63c6b8d5288fc91b7539eaa6,explicit,0.7,4096,omitted,,omitted,,omitted,,omitted,,omitted,,omitted,,omitted,,omitted,,omitted,,False,dashscope_enable_thinking_false,e2146d526bd896be1b7b059a2c4d87319a36bf94bc6aef96d3136bf76e6853a4,provider_not_exposed,provider_not_exposed,False,,False,False,False,disabled,,,,0,0,0,0,0,0,none,,,,,,,,,,0,,0,"[""REQ_03_DKX4J4UR"", ""LOCK_03_RU4J4"", ""SCOPE_03_X4J4U"", ""CHECK_03_KX4J4"", ""ANCHOR_03_U4J4X"", ""EDGE_03_4J4UR"", ""FRONTIER_03_RU4J4X"", ""MERGE_03_DKXRU4"", ""VERIFY_03_4J4UR"", ""PLAN_03_J4XKD"", ""CONTRACT_03_DKX4J"", ""FINAL_03_RU4JUR""]",[],0,[],0,[],0,[],0,1,URLError: <urlopen error [Errno 1] Operation not permitted>,rerun_required,backend_error,0048d4030c5137cedf0fccb86694f60d30f6bb9efd1d79719c9df45052cd6b84,7c077ca2308714493d07163e1033c4282bd869ff6d477b3e77408587f95e2930,7c077ca2308714493d07163e1033c4282bd869ff6d477b3e77408587f95e2930,78b9c6a3aacba408617f72ae758c3638598dbade3a6cbb06098ca77fc0251e8c,663758232e5675c03621a7b57c5bb27b5e66cdcf57adafd8a3a7e96efbf5ea65,released_raw_outputs/model_outputs/_probe_ecvs_qwen37max_harder_stress_v1_visiblecarry_vs_maturessrloop_15task_2method_3budget_1run/qwen37max/rolling_visible_carry_forward__harder_stress_v1_frontierpp_03_policy_alias_cascade__run_1__budget_300.jsonl,1,85ff0bdb409019bc1194090d640637c9f35bf6b1030003e1dc7f3e818d75763b,fd60507029088fb764c061fabda6a97c91f1ba6e7b13b9f6a81242fa4a2329f5,83586f1ceabc164722ff00781f378e51941ce404323f07d3761a2baf22da54d8,_probe_ecvs_qwen37max_harder_stress_v1_visiblecarry_vs_maturessrloop_15task_2method_3budget_1run,rolling_visible_carry_forward,d239781121d1d6a6cd4cbcab5e859463831be69b2bcfc1a1884a2ada2c1ef299,43215e9b88bd006bc5c3b5a9badbe1cde279eec840123cd1239ba938d210cce2,"{""boundary_constraint_count"": 4, ""budgets_supported"": [300, 600, 1200], ""conditional_constraint_count"": 3, ""decoy_count"": 9, ""difficulty_factors"": [""decoy_overload"", ""overwrite_update"", ""conditional_allowed_state"", ""forbidden_boundary_pressure"", ""plan_consistency"", ""delayed_critical_constraint"", ""budget_pressure""], ""files_touched_estimate"": 2, ""method_specific_selection_used"": false, ""model_outcomes_used"": false, ""required_output_size"": 12, ""segment_count"": 15, ""source_candidate_id"": ""frontier_candidate_policy_alias_cascade"", ""strict_json_contract"": true, ""update_count"": 4}",649fa93b196242a19e144bd5297cf90abac45ad4aab2596921bacaa4f809894a,1,rolling_visible_identifier_carry_forward_v1_ecvs_safe_visible_only,rolling_visible_identifier_carry_forward_v1_ecvs_safe_visible_only,0,0,0,0,0,0,
_probe_ecvs_qwen37max_harder_stress_v1_visiblecarry_vs_maturessrloop_15task_2method_3budget_1run:qwen37max:rolling_visible_carry_forward:harder_stress_v1_frontierpp_03_policy_alias_cascade:budget_600:run_1,qwen37max,harder_stress_v1_frontierpp_03_policy_alias_cascade,diagnostic_controlled_frontier_plus,frontier_plus,policy_alias_binding,,rolling_visible_carry_forward,rolling_visible_carry_forward,600,1,2026-06-19T09:08:00.570519+00:00,2026-06-19T09:08:02.614804+00:00,2026-06-19T09:08:00.570561+00:00,2026-06-19T09:08:02.602560+00:00,0.027,33146312feffa160a32e762c32a2b0a3b61464eaaeb147e93bec4f257a858730,845b40a5ccd3a43048dea7ae2c42e35b95c020808d8cb3dd945b43f0b736e95c,24c2aa4fdaf72321ee311eeeb023714d65b6477b681b763519a40c830f2f1974,b594f110c1c3bc5cb57d5ddd948b9ab79fc1ec71fe218d92920e97ed5472ad7b,9246258db89e8ce793648643cc044b24ebc4dc39f828bd4f9312e62c26c34676,64a026a4236b1b40dd4c84896182d83ca4a5200fe4828b5f7e31afce8fcfcf72,6a7458aebaa10ebcc76a6d226fd20a8e6168750a89bacc574882c405bc40e8f4,6a7458aebaa10ebcc76a6d226fd20a8e6168750a89bacc574882c405bc40e8f4,6a7458aebaa10ebcc76a6d226fd20a8e6168750a89bacc574882c405bc40e8f4,bf0630beb52372c3453c4d395f8a77d60030282c3d46201d3fc218055acf60ee,direct_provider,dashscope,https://dashscope.aliyuncs.com/compatible-mode/v1,qwen3.7-max,https://dashscope.aliyuncs.com/compatible-mode/v1/chat/completions,qwen3.7-max,460fcbdb2292588d3356bf33464f23d8d6279a1f2188e11f9a1ff121452a2423,71aa9cbc0f0da53c5949b6545a569c3cf94a778a6ead9faea79db09fcc74a0db,ddfd5de40cdb4c18b26ca6ad4cfe860ea517f64a63c6b8d5288fc91b7539eaa6,explicit,0.7,4096,omitted,,omitted,,omitted,,omitted,,omitted,,omitted,,omitted,,omitted,,omitted,,False,dashscope_enable_thinking_false,e2146d526bd896be1b7b059a2c4d87319a36bf94bc6aef96d3136bf76e6853a4,provider_not_exposed,provider_not_exposed,False,,False,False,False,disabled,,,,0,0,0,0,0,0,none,,,,,,,,,,0,,0,"[""REQ_03_DKX4J4UR"", ""LOCK_03_RU4J4"", ""SCOPE_03_X4J4U"", ""CHECK_03_KX4J4"", ""ANCHOR_03_U4J4X"", ""EDGE_03_4J4UR"", ""FRONTIER_03_RU4J4X"", ""MERGE_03_DKXRU4"", ""VERIFY_03_4J4UR"", ""PLAN_03_J4XKD"", ""CONTRACT_03_DKX4J"", ""FINAL_03_RU4JUR""]",[],0,[],0,[],0,[],0,1,URLError: <urlopen error [Errno 1] Operation not permitted>,rerun_required,backend_error,fd33dc4db161d66db55844717da2aebfa5bf844eadb2f47d2fb9a8905c75330f,7c077ca2308714493d07163e1033c4282bd869ff6d477b3e77408587f95e2930,7c077ca2308714493d07163e1033c4282bd869ff6d477b3e77408587f95e2930,78b9c6a3aacba408617f72ae758c3638598dbade3a6cbb06098ca77fc0251e8c,7299847b995fddf4f4d018f5645bcfd7dd1db760c0ea6725839b074920bc9c3a,released_raw_outputs/model_outputs/_probe_ecvs_qwen37max_harder_stress_v1_visiblecarry_vs_maturessrloop_15task_2method_3budget_1run/qwen37max/rolling_visible_carry_forward__harder_stress_v1_frontierpp_03_policy_alias_cascade__run_1__budget_600.jsonl,1,007a2c6af6224db8c66d52c56d442a4dd13dad493b48645ac04de7183aaa3e57,1d3b7f482a0a4b8e330b7f3905ced72d280ecaadaa8be3ee1b0545a266a74305,2cf27953cb43b4c3d688c0670b5a01e2e84f02d7af5b1ba8800b3da8dd2400ed,_probe_ecvs_qwen37max_harder_stress_v1_visiblecarry_vs_maturessrloop_15task_2method_3budget_1run,rolling_visible_carry_forward,d239781121d1d6a6cd4cbcab5e859463831be69b2bcfc1a1884a2ada2c1ef299,43215e9b88bd006bc5c3b5a9badbe1cde279eec840123cd1239ba938d210cce2,"{""boundary_constraint_count"": 4, ""budgets_supported"": [300, 600, 1200], ""conditional_constraint_count"": 3, ""decoy_count"": 9, ""difficulty_factors"": [""decoy_overload"", ""overwrite_update"", ""conditional_allowed_state"", ""forbidden_boundary_pressure"", ""plan_consistency"", ""delayed_critical_constraint"", ""budget_pressure""], ""files_touched_estimate"": 2, ""method_specific_selection_used"": false, ""model_outcomes_used"": false, ""required_output_size"": 12, ""segment_count"": 15, ""source_candidate_id"": ""frontier_candidate_policy_alias_cascade"", ""strict_json_contract"": true, ""update_count"": 4}",649fa93b196242a19e144bd5297cf90abac45ad4aab2596921bacaa4f809894a,1,rolling_visible_identifier_carry_forward_v1_ecvs_safe_visible_only,rolling_visible_identifier_carry_forward_v1_ecvs_safe_visible_only,0,0,0,0,0,0,
_probe_ecvs_qwen37max_harder_stress_v1_visiblecarry_vs_maturessrloop_15task_2method_3budget_1run:qwen37max:rolling_visible_carry_forward:harder_stress_v1_frontierpp_04_export_retention_window:budget_1200:run_1,qwen37max,harder_stress_v1_frontierpp_04_export_retention_window,diagnostic_controlled_frontier_plus,frontier_plus,data_export_retention,,rolling_visible_carry_forward,rolling_visible_carry_forward,1200,1,2026-06-19T09:08:00.591770+00:00,2026-06-19T09:08:02.616520+00:00,2026-06-19T09:08:00.591814+00:00,2026-06-19T09:08:02.603570+00:00,0.006,33146312feffa160a32e762c32a2b0a3b61464eaaeb147e93bec4f257a858730,dfcad272c2813c709c37e6d994119ece9987e5095caeb996afe26649a02c87b4,24c2aa4fdaf72321ee311eeeb023714d65b6477b681b763519a40c830f2f1974,27ad11c73cb4b091af35050d306e237e1caf7a44b33ce239e27ce40d49de9045,ababb07f7518469279ef4397114f6bcb66627873bf877f16f6104efa2e5ecb99,64a026a4236b1b40dd4c84896182d83ca4a5200fe4828b5f7e31afce8fcfcf72,6a7458aebaa10ebcc76a6d226fd20a8e6168750a89bacc574882c405bc40e8f4,6a7458aebaa10ebcc76a6d226fd20a8e6168750a89bacc574882c405bc40e8f4,6a7458aebaa10ebcc76a6d226fd20a8e6168750a89bacc574882c405bc40e8f4,bf0630beb52372c3453c4d395f8a77d60030282c3d46201d3fc218055acf60ee,direct_provider,dashscope,https://dashscope.aliyuncs.com/compatible-mode/v1,qwen3.7-max,https://dashscope.aliyuncs.com/compatible-mode/v1/chat/completions,qwen3.7-max,460fcbdb2292588d3356bf33464f23d8d6279a1f2188e11f9a1ff121452a2423,71aa9cbc0f0da53c5949b6545a569c3cf94a778a6ead9faea79db09fcc74a0db,ddfd5de40cdb4c18b26ca6ad4cfe860ea517f64a63c6b8d5288fc91b7539eaa6,explicit,0.7,4096,omitted,,omitted,,omitted,,omitted,,omitted,,omitted,,omitted,,omitted,,omitted,,False,dashscope_enable_thinking_false,e2146d526bd896be1b7b059a2c4d87319a36bf94bc6aef96d3136bf76e6853a4,provider_not_exposed,provider_not_exposed,False,,False,False,False,disabled,,,,0,0,0,0,0,0,none,,,,,,,,,,0,,0,"[""REQ_04_KMDM3RZJ"", ""LOCK_04_JZR3M"", ""SCOPE_04_DM3RZ"", ""CHECK_04_MDM3R"", ""ANCHOR_04_ZR3MD"", ""EDGE_04_M3RZJ"", ""FRONTIER_04_JZR3MD"", ""MERGE_04_KMDJZR"", ""VERIFY_04_M3RZJ"", ""PLAN_04_3MDMK"", ""CONTRACT_04_KMDM3"", ""FINAL_04_JZR3ZJ""]",[],0,[],0,[],0,[],0,1,URLError: <urlopen error [Errno 1] Operation not permitted>,rerun_required,backend_error,c891acdf0192a0b50482717fe17568b671e7c9f9da5d6be297ce381d94dd1ceb,7c077ca2308714493d07163e1033c4282bd869ff6d477b3e77408587f95e2930,7c077ca2308714493d07163e1033c4282bd869ff6d477b3e77408587f95e2930,78b9c6a3aacba408617f72ae758c3638598dbade3a6cbb06098ca77fc0251e8c,0f876a83ef8e5961c79c924cbf1e7bcea1d16cfca298b30258eb1b87d7a37ca9,released_raw_outputs/model_outputs/_probe_ecvs_qwen37max_harder_stress_v1_visiblecarry_vs_maturessrloop_15task_2method_3budget_1run/qwen37max/rolling_visible_carry_forward__harder_stress_v1_frontierpp_04_export_retention_window__run_1__budget_1200.jsonl,1,8ba68cba0f8aa87a8cc610d82052de10780fa7099461b7fb6a282f1e0884ee0a,bf4828c2450fd3eae0bdbad9f47cdf5bf0bb0ba9c3eaa14629b8ec96e30deaa1,08d5e59adb4ce42176374e6ef85ee0c8b0eb6efbbe5af91ab91625dcd8d83c7a,_probe_ecvs_qwen37max_harder_stress_v1_visiblecarry_vs_maturessrloop_15task_2method_3budget_1run,rolling_visible_carry_forward,d239781121d1d6a6cd4cbcab5e859463831be69b2bcfc1a1884a2ada2c1ef299,49f67b0d9ee6664926a59c59d7f03291c4428ad22afa5cdd731d87f14c126097,"{""boundary_constraint_count"": 5, ""budgets_supported"": [300, 600, 1200], ""conditional_constraint_count"": 3, ""decoy_count"": 9, ""difficulty_factors"": [""decoy_overload"", ""overwrite_update"", ""conditional_allowed_state"", ""forbidden_boundary_pressure"", ""multi_file_component_consistency"", ""final_output_contract_pressure"", ""budget_pressure""], ""files_touched_estimate"": 3, ""method_specific_selection_used"": false, ""model_outcomes_used"": false, ""required_output_size"": 12, ""segment_count"": 15, ""source_candidate_id"": ""frontier_candidate_export_retention_window"", ""strict_json_contract"": true, ""update_count"": 4}",649fa93b196242a19e144bd5297cf90abac45ad4aab2596921bacaa4f809894a,1,rolling_visible_identifier_carry_forward_v1_ecvs_safe_visible_only,rolling_visible_identifier_carry_forward_v1_ecvs_safe_visible_only,0,0,0,0,0,0,
_probe_ecvs_qwen37max_harder_stress_v1_visiblecarry_vs_maturessrloop_15task_2method_3budget_1run:qwen37max:rolling_visible_carry_forward:harder_stress_v1_frontierpp_04_export_retention_window:budget_300:run_1,qwen37max,harder_stress_v1_frontierpp_04_export_retention_window,diagnostic_controlled_frontier_plus,frontier_plus,data_export_retention,,rolling_visible_carry_forward,rolling_visible_carry_forward,300,1,2026-06-19T09:08:00.590268+00:00,2026-06-19T09:08:02.611832+00:00,2026-06-19T09:08:00.590320+00:00,2026-06-19T09:08:02.601206+00:00,0.004,33146312feffa160a32e762c32a2b0a3b61464eaaeb147e93bec4f257a858730,dfcad272c2813c709c37e6d994119ece9987e5095caeb996afe26649a02c87b4,24c2aa4fdaf72321ee311eeeb023714d65b6477b681b763519a40c830f2f1974,27ad11c73cb4b091af35050d306e237e1caf7a44b33ce239e27ce40d49de9045,11fac9614830ddb58cc62326fe3eccac9d3723f76922db0ff1453064c4bddeca,64a026a4236b1b40dd4c84896182d83ca4a5200fe4828b5f7e31afce8fcfcf72,6a7458aebaa10ebcc76a6d226fd20a8e6168750a89bacc574882c405bc40e8f4,6a7458aebaa10ebcc76a6d226fd20a8e6168750a89bacc574882c405bc40e8f4,6a7458aebaa10ebcc76a6d226fd20a8e6168750a89bacc574882c405bc40e8f4,bf0630beb52372c3453c4d395f8a77d60030282c3d46201d3fc218055acf60ee,direct_provider,dashscope,https://dashscope.aliyuncs.com/compatible-mode/v1,qwen3.7-max,https://dashscope.aliyuncs.com/compatible-mode/v1/chat/completions,qwen3.7-max,460fcbdb2292588d3356bf33464f23d8d6279a1f2188e11f9a1ff121452a2423,71aa9cbc0f0da53c5949b6545a569c3cf94a778a6ead9faea79db09fcc74a0db,ddfd5de40cdb4c18b26ca6ad4cfe860ea517f64a63c6b8d5288fc91b7539eaa6,explicit,0.7,4096,omitted,,omitted,,omitted,,omitted,,omitted,,omitted,,omitted,,omitted,,omitted,,False,dashscope_enable_thinking_false,e2146d526bd896be1b7b059a2c4d87319a36bf94bc6aef96d3136bf76e6853a4,provider_not_exposed,provider_not_exposed,False,,False,False,False,disabled,,,,0,0,0,0,0,0,none,,,,,,,,,,0,,0,"[""REQ_04_KMDM3RZJ"", ""LOCK_04_JZR3M"", ""SCOPE_04_DM3RZ"", ""CHECK_04_MDM3R"", ""ANCHOR_04_ZR3MD"", ""EDGE_04_M3RZJ"", ""FRONTIER_04_JZR3MD"", ""MERGE_04_KMDJZR"", ""VERIFY_04_M3RZJ"", ""PLAN_04_3MDMK"", ""CONTRACT_04_KMDM3"", ""FINAL_04_JZR3ZJ""]",[],0,[],0,[],0,[],0,1,URLError: <urlopen error [Errno 1] Operation not permitted>,rerun_required,backend_error,931d7a394c121958512ee58950cead998769428d629d3a65c3a83f8ca1c486c1,7c077ca2308714493d07163e1033c4282bd869ff6d477b3e77408587f95e2930,7c077ca2308714493d07163e1033c4282bd869ff6d477b3e77408587f95e2930,78b9c6a3aacba408617f72ae758c3638598dbade3a6cbb06098ca77fc0251e8c,a7ab5be2e76ffc721a7b916dc735db55e2e240432f3cb08874f583e1a85c5b00,released_raw_outputs/model_outputs/_probe_ecvs_qwen37max_harder_stress_v1_visiblecarry_vs_maturessrloop_15task_2method_3budget_1run/qwen37max/rolling_visible_carry_forward__harder_stress_v1_frontierpp_04_export_retention_window__run_1__budget_300.jsonl,1,2c23d0c97949be72c4e21f9339264edb22c7464fe1607662b92db2f6b049e408,2259753997bf0524e61cfa4c66fa7f162a6ec8e43802ab965eeb77e8377815ae,08a82682c81b894d43e49d13c306734aef6013f8cb6621ae28d7eba3d8108dee,_probe_ecvs_qwen37max_harder_stress_v1_visiblecarry_vs_maturessrloop_15task_2method_3budget_1run,rolling_visible_carry_forward,d239781121d1d6a6cd4cbcab5e859463831be69b2bcfc1a1884a2ada2c1ef299,49f67b0d9ee6664926a59c59d7f03291c4428ad22afa5cdd731d87f14c126097,"{""boundary_constraint_count"": 5, ""budgets_supported"": [300, 600, 1200], ""conditional_constraint_count"": 3, ""decoy_count"": 9, ""difficulty_factors"": [""decoy_overload"", ""overwrite_update"", ""conditional_allowed_state"", ""forbidden_boundary_pressure"", ""multi_file_component_consistency"", ""final_output_contract_pressure"", ""budget_pressure""], ""files_touched_estimate"": 3, ""method_specific_selection_used"": false, ""model_outcomes_used"": false, ""required_output_size"": 12, ""segment_count"": 15, ""source_candidate_id"": ""frontier_candidate_export_retention_window"", ""strict_json_contract"": true, ""update_count"": 4}",649fa93b196242a19e144bd5297cf90abac45ad4aab2596921bacaa4f809894a,1,rolling_visible_identifier_carry_forward_v1_ecvs_safe_visible_only,rolling_visible_identifier_carry_forward_v1_ecvs_safe_visible_only,0,0,0,0,0,0,
_probe_ecvs_qwen37max_harder_stress_v1_visiblecarry_vs_maturessrloop_15task_2method_3budget_1run:qwen37max:rolling_visible_carry_forward:harder_stress_v1_frontierpp_04_export_retention_window:budget_600:run_1,qwen37max,harder_stress_v1_frontierpp_04_export_retention_window,diagnostic_controlled_frontier_plus,frontier_plus,data_export_retention,,rolling_visible_carry_forward,rolling_visible_carry_forward,600,1,2026-06-19T09:08:00.590776+00:00,2026-06-19T09:08:02.607885+00:00,2026-06-19T09:08:00.590828+00:00,2026-06-19T09:08:02.601149+00:00,0.005,33146312feffa160a32e762c32a2b0a3b61464eaaeb147e93bec4f257a858730,dfcad272c2813c709c37e6d994119ece9987e5095caeb996afe26649a02c87b4,24c2aa4fdaf72321ee311eeeb023714d65b6477b681b763519a40c830f2f1974,27ad11c73cb4b091af35050d306e237e1caf7a44b33ce239e27ce40d49de9045,61d02b55102dc8c54cfd01f10883c92f71c02920b242f9a229a301bfa7931680,64a026a4236b1b40dd4c84896182d83ca4a5200fe4828b5f7e31afce8fcfcf72,6a7458aebaa10ebcc76a6d226fd20a8e6168750a89bacc574882c405bc40e8f4,6a7458aebaa10ebcc76a6d226fd20a8e6168750a89bacc574882c405bc40e8f4,6a7458aebaa10ebcc76a6d226fd20a8e6168750a89bacc574882c405bc40e8f4,bf0630beb52372c3453c4d395f8a77d60030282c3d46201d3fc218055acf60ee,direct_provider,dashscope,https://dashscope.aliyuncs.com/compatible-mode/v1,qwen3.7-max,https://dashscope.aliyuncs.com/compatible-mode/v1/chat/completions,qwen3.7-max,460fcbdb2292588d3356bf33464f23d8d6279a1f2188e11f9a1ff121452a2423,71aa9cbc0f0da53c5949b6545a569c3cf94a778a6ead9faea79db09fcc74a0db,ddfd5de40cdb4c18b26ca6ad4cfe860ea517f64a63c6b8d5288fc91b7539eaa6,explicit,0.7,4096,omitted,,omitted,,omitted,,omitted,,omitted,,omitted,,omitted,,omitted,,omitted,,False,dashscope_enable_thinking_false,e2146d526bd896be1b7b059a2c4d87319a36bf94bc6aef96d3136bf76e6853a4,provider_not_exposed,provider_not_exposed,False,,False,False,False,disabled,,,,0,0,0,0,0,0,none,,,,,,,,,,0,,0,"[""REQ_04_KMDM3RZJ"", ""LOCK_04_JZR3M"", ""SCOPE_04_DM3RZ"", ""CHECK_04_MDM3R"", ""ANCHOR_04_ZR3MD"", ""EDGE_04_M3RZJ"", ""FRONTIER_04_JZR3MD"", ""MERGE_04_KMDJZR"", ""VERIFY_04_M3RZJ"", ""PLAN_04_3MDMK"", ""CONTRACT_04_KMDM3"", ""FINAL_04_JZR3ZJ""]",[],0,[],0,[],0,[],0,1,URLError: <urlopen error [Errno 1] Operation not permitted>,rerun_required,backend_error,da043f1ef058b51e73ee54f0e7bbcd269febce34a0733e120e66887149fded51,7c077ca2308714493d07163e1033c4282bd869ff6d477b3e77408587f95e2930,7c077ca2308714493d07163e1033c4282bd869ff6d477b3e77408587f95e2930,78b9c6a3aacba408617f72ae758c3638598dbade3a6cbb06098ca77fc0251e8c,ab77d85d60298eb9c7ae9144fb9aeb3cc2986226bb0fe11c4e6554f9a7d34878,released_raw_outputs/model_outputs/_probe_ecvs_qwen37max_harder_stress_v1_visiblecarry_vs_maturessrloop_15task_2method_3budget_1run/qwen37max/rolling_visible_carry_forward__harder_stress_v1_frontierpp_04_export_retention_window__run_1__budget_600.jsonl,1,60eae13adf972cd00ef6edf81c8093cf7ad767c7399adf9322da8f67ba060002,b8ce4e3fd6a73215d267fd955c8024a8adeca986b1e5a9f079cbc26c226d3f24,7c50ecd7f1b9df6cfacdaca6c9317b724ae6aff1c739e77b76b77dad4635c7ce,_probe_ecvs_qwen37max_harder_stress_v1_visiblecarry_vs_maturessrloop_15task_2method_3budget_1run,rolling_visible_carry_forward,d239781121d1d6a6cd4cbcab5e859463831be69b2bcfc1a1884a2ada2c1ef299,49f67b0d9ee6664926a59c59d7f03291c4428ad22afa5cdd731d87f14c126097,"{""boundary_constraint_count"": 5, ""budgets_supported"": [300, 600, 1200], ""conditional_constraint_count"": 3, ""decoy_count"": 9, ""difficulty_factors"": [""decoy_overload"", ""overwrite_update"", ""conditional_allowed_state"", ""forbidden_boundary_pressure"", ""multi_file_component_consistency"", ""final_output_contract_pressure"", ""budget_pressure""], ""files_touched_estimate"": 3, ""method_specific_selection_used"": false, ""model_outcomes_used"": false, ""required_output_size"": 12, ""segment_count"": 15, ""source_candidate_id"": ""frontier_candidate_export_retention_window"", ""strict_json_contract"": true, ""update_count"": 4}",649fa93b196242a19e144bd5297cf90abac45ad4aab2596921bacaa4f809894a,1,rolling_visible_identifier_carry_forward_v1_ecvs_safe_visible_only,rolling_visible_identifier_carry_forward_v1_ecvs_safe_visible_only,0,0,0,0,0,0,
_probe_ecvs_qwen37max_harder_stress_v1_visiblecarry_vs_maturessrloop_15task_2method_3budget_1run:qwen37max:rolling_visible_carry_forward:harder_stress_v1_frontierpp_05_telemetry_redaction_contract:budget_1200:run_1,qwen37max,harder_stress_v1_frontierpp_05_telemetry_redaction_contract,diagnostic_controlled_frontier_plus,frontier_plus,telemetry_redaction,,rolling_visible_carry_forward,rolling_visible_carry_forward,1200,1,2026-06-19T09:08:00.593149+00:00,2026-06-19T09:08:02.605477+00:00,2026-06-19T09:08:00.593181+00:00,2026-06-19T09:08:02.598129+00:00,0.004,33146312feffa160a32e762c32a2b0a3b61464eaaeb147e93bec4f257a858730,f965325b583ede54ed427a7918ac3a249995541cdc943e16053d462217d5b663,24c2aa4fdaf72321ee311eeeb023714d65b6477b681b763519a40c830f2f1974,7cd1793139610562c40bfcbc61b02070ed36273bf01796fd75b7b37f9c1e2624,62c59eef060409dc2631e24b749e1e3c8d574253e3d0caaec75fb05abee61c73,64a026a4236b1b40dd4c84896182d83ca4a5200fe4828b5f7e31afce8fcfcf72,6a7458aebaa10ebcc76a6d226fd20a8e6168750a89bacc574882c405bc40e8f4,6a7458aebaa10ebcc76a6d226fd20a8e6168750a89bacc574882c405bc40e8f4,6a7458aebaa10ebcc76a6d226fd20a8e6168750a89bacc574882c405bc40e8f4,bf0630beb52372c3453c4d395f8a77d60030282c3d46201d3fc218055acf60ee,direct_provider,dashscope,https://dashscope.aliyuncs.com/compatible-mode/v1,qwen3.7-max,https://dashscope.aliyuncs.com/compatible-mode/v1/chat/completions,qwen3.7-max,460fcbdb2292588d3356bf33464f23d8d6279a1f2188e11f9a1ff121452a2423,71aa9cbc0f0da53c5949b6545a569c3cf94a778a6ead9faea79db09fcc74a0db,ddfd5de40cdb4c18b26ca6ad4cfe860ea517f64a63c6b8d5288fc91b7539eaa6,explicit,0.7,4096,omitted,,omitted,,omitted,,omitted,,omitted,,omitted,,omitted,,omitted,,omitted,,False,dashscope_enable_thinking_false,e2146d526bd896be1b7b059a2c4d87319a36bf94bc6aef96d3136bf76e6853a4,provider_not_exposed,provider_not_exposed,False,,False,False,False,disabled,,,,0,0,0,0,0,0,none,,,,,,,,,,0,,0,"[""REQ_05_39GLLQGQ"", ""LOCK_05_QGQLL"", ""SCOPE_05_GLLQG"", ""CHECK_05_9GLLQ"", ""ANCHOR_05_GQLLG"", ""EDGE_05_LLQGQ"", ""FRONTIER_05_QGQLLG"", ""MERGE_05_39GQGQ"", ""VERIFY_05_LLQGQ"", ""PLAN_05_LLG93"", ""CONTRACT_05_39GLL"", ""FINAL_05_QGQLGQ""]",[],0,[],0,[],0,[],0,1,URLError: <urlopen error [Errno 1] Operation not permitted>,rerun_required,backend_error,04d4d81340df420c3f50b7bab706b5d4571dad909e4fd7b9a555dbb1c660f6d8,7c077ca2308714493d07163e1033c4282bd869ff6d477b3e77408587f95e2930,7c077ca2308714493d07163e1033c4282bd869ff6d477b3e77408587f95e2930,78b9c6a3aacba408617f72ae758c3638598dbade3a6cbb06098ca77fc0251e8c,c29c023d6876f0e91dc412f1d8115265d3f984512186d4fbc133595fe0600962,released_raw_outputs/model_outputs/_probe_ecvs_qwen37max_harder_stress_v1_visiblecarry_vs_maturessrloop_15task_2method_3budget_1run/qwen37max/rolling_visible_carry_forward__harder_stress_v1_frontierpp_05_telemetry_redaction_contract__run_1__budget_1200.jsonl,1,72fd8573b015f6ff7bd5a5cf9217a7f02fd17b6ab2517929df7dac144b25ef5a,5d3c8708decb3dd17bd3b56fe6d44d7309e3e79a8754cb9d340ff96adb7116a7,a3456c4cf49f2cca390d2e75540a6c5eae64158eae704fdee4481c22ca8a6648,_probe_ecvs_qwen37max_harder_stress_v1_visiblecarry_vs_maturessrloop_15task_2method_3budget_1run,rolling_visible_carry_forward,d239781121d1d6a6cd4cbcab5e859463831be69b2bcfc1a1884a2ada2c1ef299,b6d2f7a793eeef90f26127696b8808792e0f4a2cdbffdb2547e0cfa18850f30e,"{""boundary_constraint_count"": 6, ""budgets_supported"": [300, 600, 1200], ""conditional_constraint_count"": 4, ""decoy_count"": 10, ""difficulty_factors"": [""decoy_overload"", ""overwrite_update"", ""conditional_allowed_state"", ""forbidden_boundary_pressure"", ""multi_file_component_consistency"", ""plan_consistency"", ""budget_pressure""], ""files_touched_estimate"": 2, ""method_specific_selection_used"": false, ""model_outcomes_used"": false, ""required_output_size"": 12, ""segment_count"": 16, ""source_candidate_id"": ""frontier_candidate_telemetry_redaction_contract"", ""strict_json_contract"": true, ""update_count"": 4}",649fa93b196242a19e144bd5297cf90abac45ad4aab2596921bacaa4f809894a,1,rolling_visible_identifier_carry_forward_v1_ecvs_safe_visible_only,rolling_visible_identifier_carry_forward_v1_ecvs_safe_visible_only,0,0,0,0,0,0,
_probe_ecvs_qwen37max_harder_stress_v1_visiblecarry_vs_maturessrloop_15task_2method_3budget_1run:qwen37max:rolling_visible_carry_forward:harder_stress_v1_frontierpp_05_telemetry_redaction_contract:budget_300:run_1,qwen37max,harder_stress_v1_frontierpp_05_telemetry_redaction_contract,diagnostic_controlled_frontier_plus,frontier_plus,telemetry_redaction,,rolling_visible_carry_forward,rolling_visible_carry_forward,300,1,2026-06-19T09:08:00.592877+00:00,2026-06-19T09:08:02.614224+00:00,2026-06-19T09:08:00.592912+00:00,2026-06-19T09:08:02.598193+00:00,0.003,33146312feffa160a32e762c32a2b0a3b61464eaaeb147e93bec4f257a858730,f965325b583ede54ed427a7918ac3a249995541cdc943e16053d462217d5b663,24c2aa4fdaf72321ee311eeeb023714d65b6477b681b763519a40c830f2f1974,7cd1793139610562c40bfcbc61b02070ed36273bf01796fd75b7b37f9c1e2624,618bcf993120bbb2e94b92b1354c54c4a68a3f528e3f01b85e0d36dbf4dd2aa8,64a026a4236b1b40dd4c84896182d83ca4a5200fe4828b5f7e31afce8fcfcf72,6a7458aebaa10ebcc76a6d226fd20a8e6168750a89bacc574882c405bc40e8f4,6a7458aebaa10ebcc76a6d226fd20a8e6168750a89bacc574882c405bc40e8f4,6a7458aebaa10ebcc76a6d226fd20a8e6168750a89bacc574882c405bc40e8f4,bf0630beb52372c3453c4d395f8a77d60030282c3d46201d3fc218055acf60ee,direct_provider,dashscope,https://dashscope.aliyuncs.com/compatible-mode/v1,qwen3.7-max,https://dashscope.aliyuncs.com/compatible-mode/v1/chat/completions,qwen3.7-max,460fcbdb2292588d3356bf33464f23d8d6279a1f2188e11f9a1ff121452a2423,71aa9cbc0f0da53c5949b6545a569c3cf94a778a6ead9faea79db09fcc74a0db,ddfd5de40cdb4c18b26ca6ad4cfe860ea517f64a63c6b8d5288fc91b7539eaa6,explicit,0.7,4096,omitted,,omitted,,omitted,,omitted,,omitted,,omitted,,omitted,,omitted,,omitted,,False,dashscope_enable_thinking_false,e2146d526bd896be1b7b059a2c4d87319a36bf94bc6aef96d3136bf76e6853a4,provider_not_exposed,provider_not_exposed,False,,False,False,False,disabled,,,,0,0,0,0,0,0,none,,,,,,,,,,0,,0,"[""REQ_05_39GLLQGQ"", ""LOCK_05_QGQLL"", ""SCOPE_05_GLLQG"", ""CHECK_05_9GLLQ"", ""ANCHOR_05_GQLLG"", ""EDGE_05_LLQGQ"", ""FRONTIER_05_QGQLLG"", ""MERGE_05_39GQGQ"", ""VERIFY_05_LLQGQ"", ""PLAN_05_LLG93"", ""CONTRACT_05_39GLL"", ""FINAL_05_QGQLGQ""]",[],0,[],0,[],0,[],0,1,URLError: <urlopen error [Errno 1] Operation not permitted>,rerun_required,backend_error,1ffaf751236fe5d70e96e6a85c03070433ce88aecbf1b50ea774fa191e6b6939,7c077ca2308714493d07163e1033c4282bd869ff6d477b3e77408587f95e2930,7c077ca2308714493d07163e1033c4282bd869ff6d477b3e77408587f95e2930,78b9c6a3aacba408617f72ae758c3638598dbade3a6cbb06098ca77fc0251e8c,dd809cea3bb5cb955d2d4cff90a5a63794052ea4a058e8c83a7f298d0fe900e2,released_raw_outputs/model_outputs/_probe_ecvs_qwen37max_harder_stress_v1_visiblecarry_vs_maturessrloop_15task_2method_3budget_1run/qwen37max/rolling_visible_carry_forward__harder_stress_v1_frontierpp_05_telemetry_redaction_contract__run_1__budget_300.jsonl,1,ef042c0a0c85764d25c086c08aa2955f67e0cd9111ccacaac638842a2113eb8c,ba643f963605a2d8e55a78aedba3d3611417d004826df22670740800a4bc502b,cbaae215e6ee88180664f47d571ad8257e19e68440f16a2324984272cf3cd0f7,_probe_ecvs_qwen37max_harder_stress_v1_visiblecarry_vs_maturessrloop_15task_2method_3budget_1run,rolling_visible_carry_forward,d239781121d1d6a6cd4cbcab5e859463831be69b2bcfc1a1884a2ada2c1ef299,b6d2f7a793eeef90f26127696b8808792e0f4a2cdbffdb2547e0cfa18850f30e,"{""boundary_constraint_count"": 6, ""budgets_supported"": [300, 600, 1200], ""conditional_constraint_count"": 4, ""decoy_count"": 10, ""difficulty_factors"": [""decoy_overload"", ""overwrite_update"", ""conditional_allowed_state"", ""forbidden_boundary_pressure"", ""multi_file_component_consistency"", ""plan_consistency"", ""budget_pressure""], ""files_touched_estimate"": 2, ""method_specific_selection_used"": false, ""model_outcomes_used"": false, ""required_output_size"": 12, ""segment_count"": 16, ""source_candidate_id"": ""frontier_candidate_telemetry_redaction_contract"", ""strict_json_contract"": true, ""update_count"": 4}",649fa93b196242a19e144bd5297cf90abac45ad4aab2596921bacaa4f809894a,1,rolling_visible_identifier_carry_forward_v1_ecvs_safe_visible_only,rolling_visible_identifier_carry_forward_v1_ecvs_safe_visible_only,0,0,0,0,0,0,
_probe_ecvs_qwen37max_harder_stress_v1_visiblecarry_vs_maturessrloop_15task_2method_3budget_1run:qwen37max:rolling_visible_carry_forward:harder_stress_v1_frontierpp_05_telemetry_redaction_contract:budget_600:run_1,qwen37max,harder_stress_v1_frontierpp_05_telemetry_redaction_contract,diagnostic_controlled_frontier_plus,frontier_plus,telemetry_redaction,,rolling_visible_carry_forward,rolling_visible_carry_forward,600,1,2026-06-19T09:08:00.592983+00:00,2026-06-19T09:08:02.606267+00:00,2026-06-19T09:08:00.593020+00:00,2026-06-19T09:08:02.599760+00:00,0.005,33146312feffa160a32e762c32a2b0a3b61464eaaeb147e93bec4f257a858730,f965325b583ede54ed427a7918ac3a249995541cdc943e16053d462217d5b663,24c2aa4fdaf72321ee311eeeb023714d65b6477b681b763519a40c830f2f1974,7cd1793139610562c40bfcbc61b02070ed36273bf01796fd75b7b37f9c1e2624,d3e5b6e5dd47f7fa776484b4f523e3c144a4edfe28324e0d019c02f75da8d47c,64a026a4236b1b40dd4c84896182d83ca4a5200fe4828b5f7e31afce8fcfcf72,6a7458aebaa10ebcc76a6d226fd20a8e6168750a89bacc574882c405bc40e8f4,6a7458aebaa10ebcc76a6d226fd20a8e6168750a89bacc574882c405bc40e8f4,6a7458aebaa10ebcc76a6d226fd20a8e6168750a89bacc574882c405bc40e8f4,bf0630beb52372c3453c4d395f8a77d60030282c3d46201d3fc218055acf60ee,direct_provider,dashscope,https://dashscope.aliyuncs.com/compatible-mode/v1,qwen3.7-max,https://dashscope.aliyuncs.com/compatible-mode/v1/chat/completions,qwen3.7-max,460fcbdb2292588d3356bf33464f23d8d6279a1f2188e11f9a1ff121452a2423,71aa9cbc0f0da53c5949b6545a569c3cf94a778a6ead9faea79db09fcc74a0db,ddfd5de40cdb4c18b26ca6ad4cfe860ea517f64a63c6b8d5288fc91b7539eaa6,explicit,0.7,4096,omitted,,omitted,,omitted,,omitted,,omitted,,omitted,,omitted,,omitted,,omitted,,False,dashscope_enable_thinking_false,e2146d526bd896be1b7b059a2c4d87319a36bf94bc6aef96d3136bf76e6853a4,provider_not_exposed,provider_not_exposed,False,,False,False,False,disabled,,,,0,0,0,0,0,0,none,,,,,,,,,,0,,0,"[""REQ_05_39GLLQGQ"", ""LOCK_05_QGQLL"", ""SCOPE_05_GLLQG"", ""CHECK_05_9GLLQ"", ""ANCHOR_05_GQLLG"", ""EDGE_05_LLQGQ"", ""FRONTIER_05_QGQLLG"", ""MERGE_05_39GQGQ"", ""VERIFY_05_LLQGQ"", ""PLAN_05_LLG93"", ""CONTRACT_05_39GLL"", ""FINAL_05_QGQLGQ""]",[],0,[],0,[],0,[],0,1,URLError: <urlopen error [Errno 1] Operation not permitted>,rerun_required,backend_error,128b995cc202af9c25e119f825d408cb2a53114f8304c46e2a655592fb0478f8,7c077ca2308714493d07163e1033c4282bd869ff6d477b3e77408587f95e2930,7c077ca2308714493d07163e1033c4282bd869ff6d477b3e77408587f95e2930,78b9c6a3aacba408617f72ae758c3638598dbade3a6cbb06098ca77fc0251e8c,619dff6bf9f2a0248fd3d2bcc3d12c5c6621da2b4c91b2e8fc5576a24eff6d48,released_raw_outputs/model_outputs/_probe_ecvs_qwen37max_harder_stress_v1_visiblecarry_vs_maturessrloop_15task_2method_3budget_1run/qwen37max/rolling_visible_carry_forward__harder_stress_v1_frontierpp_05_telemetry_redaction_contract__run_1__budget_600.jsonl,1,5290eac239842cfc54ad11ea3eefc7f064be43dba26839c254ebc84b69b06ecc,cc5e53efe1c351f9d6374ea9cf0cda0c89e609220d8a5239da1f43a708162387,816ec9c3956f70041aad750ffe62a6dbc09915ddbe4f3fdcbb78e8c8b3bf5b77,_probe_ecvs_qwen37max_harder_stress_v1_visiblecarry_vs_maturessrloop_15task_2method_3budget_1run,rolling_visible_carry_forward,d239781121d1d6a6cd4cbcab5e859463831be69b2bcfc1a1884a2ada2c1ef299,b6d2f7a793eeef90f26127696b8808792e0f4a2cdbffdb2547e0cfa18850f30e,"{""boundary_constraint_count"": 6, ""budgets_supported"": [300, 600, 1200], ""conditional_constraint_count"": 4, ""decoy_count"": 10, ""difficulty_factors"": [""decoy_overload"", ""overwrite_update"", ""conditional_allowed_state"", ""forbidden_boundary_pressure"", ""multi_file_component_consistency"", ""plan_consistency"", ""budget_pressure""], ""files_touched_estimate"": 2, ""method_specific_selection_used"": false, ""model_outcomes_used"": false, ""required_output_size"": 12, ""segment_count"": 16, ""source_candidate_id"": ""frontier_candidate_telemetry_redaction_contract"", ""strict_json_contract"": true, ""update_count"": 4}",649fa93b196242a19e144bd5297cf90abac45ad4aab2596921bacaa4f809894a,1,rolling_visible_identifier_carry_forward_v1_ecvs_safe_visible_only,rolling_visible_identifier_carry_forward_v1_ecvs_safe_visible_only,0,0,0,0,0,0,
_probe_ecvs_qwen37max_harder_stress_v1_visiblecarry_vs_maturessrloop_15task_2method_3budget_1run:qwen37max:rolling_visible_carry_forward:harder_stress_v1_frontierpp_06_cache_invalidation_mesh:budget_1200:run_1,qwen37max,harder_stress_v1_frontierpp_06_cache_invalidation_mesh,semi_real_repo_style_controlled_frontier_plus,frontier_plus,multi_store_cache_invalidation,,rolling_visible_carry_forward,rolling_visible_carry_forward,1200,1,2026-06-19T09:08:00.594431+00:00,2026-06-19T09:08:02.616660+00:00,2026-06-19T09:08:00.594476+00:00,2026-06-19T09:08:02.606552+00:00,0.004,33146312feffa160a32e762c32a2b0a3b61464eaaeb147e93bec4f257a858730,fa4b3b010acb2188cd1cfe43babf0aad1df3f23504836440edc4a40a44198158,24c2aa4fdaf72321ee311eeeb023714d65b6477b681b763519a40c830f2f1974,8eed7a82c3da83720b48c2dd49ec5e06093874a55f185d766484ba71bb7869cd,85544c96eefdafb8626afe3af98e0dca09eb958b31c958018c3c1ea99aa4bf24,64a026a4236b1b40dd4c84896182d83ca4a5200fe4828b5f7e31afce8fcfcf72,6a7458aebaa10ebcc76a6d226fd20a8e6168750a89bacc574882c405bc40e8f4,6a7458aebaa10ebcc76a6d226fd20a8e6168750a89bacc574882c405bc40e8f4,6a7458aebaa10ebcc76a6d226fd20a8e6168750a89bacc574882c405bc40e8f4,bf0630beb52372c3453c4d395f8a77d60030282c3d46201d3fc218055acf60ee,direct_provider,dashscope,https://dashscope.aliyuncs.com/compatible-mode/v1,qwen3.7-max,https://dashscope.aliyuncs.com/compatible-mode/v1/chat/completions,qwen3.7-max,460fcbdb2292588d3356bf33464f23d8d6279a1f2188e11f9a1ff121452a2423,71aa9cbc0f0da53c5949b6545a569c3cf94a778a6ead9faea79db09fcc74a0db,ddfd5de40cdb4c18b26ca6ad4cfe860ea517f64a63c6b8d5288fc91b7539eaa6,explicit,0.7,4096,omitted,,omitted,,omitted,,omitted,,omitted,,omitted,,omitted,,omitted,,omitted,,False,dashscope_enable_thinking_false,e2146d526bd896be1b7b059a2c4d87319a36bf94bc6aef96d3136bf76e6853a4,provider_not_exposed,provider_not_exposed,False,,False,False,False,disabled,,,,0,0,0,0,0,0,none,,,,,,,,,,0,,0,"[""REQ_06_JEG3S4CK"", ""LOCK_06_KC4S3"", ""SCOPE_06_G3S4C"", ""CHECK_06_EG3S4"", ""ANCHOR_06_C4S3G"", ""EDGE_06_3S4CK"", ""FRONTIER_06_KC4S3G"", ""MERGE_06_JEGKC4"", ""VERIFY_06_3S4CK"", ""PLAN_06_S3GEJ"", ""CONTRACT_06_JEG3S"", ""FINAL_06_KC4SCK""]",[],0,[],0,[],0,[],0,1,URLError: <urlopen error [Errno 1] Operation not permitted>,rerun_required,backend_error,1615056f9d0280145694907b53a4ca1fcf2a3c5218d864c2fc1bcf6bde22bfd9,7c077ca2308714493d07163e1033c4282bd869ff6d477b3e77408587f95e2930,7c077ca2308714493d07163e1033c4282bd869ff6d477b3e77408587f95e2930,78b9c6a3aacba408617f72ae758c3638598dbade3a6cbb06098ca77fc0251e8c,872630bad72028d63c6f4a710da47363baf01f453aa6f6fbbcb5de16a98f5d2c,released_raw_outputs/model_outputs/_probe_ecvs_qwen37max_harder_stress_v1_visiblecarry_vs_maturessrloop_15task_2method_3budget_1run/qwen37max/rolling_visible_carry_forward__harder_stress_v1_frontierpp_06_cache_invalidation_mesh__run_1__budget_1200.jsonl,1,6981e7b28c3169682e3f53d2a5528f8dbfe533ab52263a3053ed55a166d63765,a6145cd68ad6f10372cf976827129f65f6e51aa134a576a462952743bbba4f09,6507c8cf438d6ecad326585c8098777aa1cb328d0758b28b154da15a18ca8cb6,_probe_ecvs_qwen37max_harder_stress_v1_visiblecarry_vs_maturessrloop_15task_2method_3budget_1run,rolling_visible_carry_forward,d239781121d1d6a6cd4cbcab5e859463831be69b2bcfc1a1884a2ada2c1ef299,2f0d3f4869fc42756bd1ce16c89b28b4562e66fe5f908181d2ef06b766037a1b,"{""boundary_constraint_count"": 5, ""budgets_supported"": [300, 600, 1200], ""conditional_constraint_count"": 4, ""decoy_count"": 10, ""difficulty_factors"": [""decoy_overload"", ""overwrite_update"", ""conditional_allowed_state"", ""forbidden_boundary_pressure"", ""multi_file_component_consistency"", ""plan_consistency"", ""budget_pressure""], ""files_touched_estimate"": 2, ""method_specific_selection_used"": false, ""model_outcomes_used"": false, ""required_output_size"": 12, ""segment_count"": 16, ""source_candidate_id"": ""frontier_candidate_cache_invalidation_mesh"", ""strict_json_contract"": true, ""update_count"": 4}",649fa93b196242a19e144bd5297cf90abac45ad4aab2596921bacaa4f809894a,1,rolling_visible_identifier_carry_forward_v1_ecvs_safe_visible_only,rolling_visible_identifier_carry_forward_v1_ecvs_safe_visible_only,0,0,0,0,0,0,
_probe_ecvs_qwen37max_harder_stress_v1_visiblecarry_vs_maturessrloop_15task_2method_3budget_1run:qwen37max:rolling_visible_carry_forward:harder_stress_v1_frontierpp_06_cache_invalidation_mesh:budget_300:run_1,qwen37max,harder_stress_v1_frontierpp_06_cache_invalidation_mesh,semi_real_repo_style_controlled_frontier_plus,frontier_plus,multi_store_cache_invalidation,,rolling_visible_carry_forward,rolling_visible_carry_forward,300,1,2026-06-19T09:08:00.594209+00:00,2026-06-19T09:08:02.618338+00:00,2026-06-19T09:08:00.594241+00:00,2026-06-19T09:08:02.609789+00:00,0.013,33146312feffa160a32e762c32a2b0a3b61464eaaeb147e93bec4f257a858730,fa4b3b010acb2188cd1cfe43babf0aad1df3f23504836440edc4a40a44198158,24c2aa4fdaf72321ee311eeeb023714d65b6477b681b763519a40c830f2f1974,8eed7a82c3da83720b48c2dd49ec5e06093874a55f185d766484ba71bb7869cd,53395ed3895124d5e0a89174f629ab8c55e7db5cbd205fe99183cc93cce2efaa,64a026a4236b1b40dd4c84896182d83ca4a5200fe4828b5f7e31afce8fcfcf72,6a7458aebaa10ebcc76a6d226fd20a8e6168750a89bacc574882c405bc40e8f4,6a7458aebaa10ebcc76a6d226fd20a8e6168750a89bacc574882c405bc40e8f4,6a7458aebaa10ebcc76a6d226fd20a8e6168750a89bacc574882c405bc40e8f4,bf0630beb52372c3453c4d395f8a77d60030282c3d46201d3fc218055acf60ee,direct_provider,dashscope,https://dashscope.aliyuncs.com/compatible-mode/v1,qwen3.7-max,https://dashscope.aliyuncs.com/compatible-mode/v1/chat/completions,qwen3.7-max,460fcbdb2292588d3356bf33464f23d8d6279a1f2188e11f9a1ff121452a2423,71aa9cbc0f0da53c5949b6545a569c3cf94a778a6ead9faea79db09fcc74a0db,ddfd5de40cdb4c18b26ca6ad4cfe860ea517f64a63c6b8d5288fc91b7539eaa6,explicit,0.7,4096,omitted,,omitted,,omitted,,omitted,,omitted,,omitted,,omitted,,omitted,,omitted,,False,dashscope_enable_thinking_false,e2146d526bd896be1b7b059a2c4d87319a36bf94bc6aef96d3136bf76e6853a4,provider_not_exposed,provider_not_exposed,False,,False,False,False,disabled,,,,0,0,0,0,0,0,none,,,,,,,,,,0,,0,"[""REQ_06_JEG3S4CK"", ""LOCK_06_KC4S3"", ""SCOPE_06_G3S4C"", ""CHECK_06_EG3S4"", ""ANCHOR_06_C4S3G"", ""EDGE_06_3S4CK"", ""FRONTIER_06_KC4S3G"", ""MERGE_06_JEGKC4"", ""VERIFY_06_3S4CK"", ""PLAN_06_S3GEJ"", ""CONTRACT_06_JEG3S"", ""FINAL_06_KC4SCK""]",[],0,[],0,[],0,[],0,1,URLError: <urlopen error [Errno 1] Operation not permitted>,rerun_required,backend_error,f664e2f41edcacfa9fb071f0a544313d25bada2c2812c02b7e84ebf4e70e6598,7c077ca2308714493d07163e1033c4282bd869ff6d477b3e77408587f95e2930,7c077ca2308714493d07163e1033c4282bd869ff6d477b3e77408587f95e2930,78b9c6a3aacba408617f72ae758c3638598dbade3a6cbb06098ca77fc0251e8c,bb86220d8bf633ca124fdb963f344e44b77d6cbc851b5de03af18c811bb8d880,released_raw_outputs/model_outputs/_probe_ecvs_qwen37max_harder_stress_v1_visiblecarry_vs_maturessrloop_15task_2method_3budget_1run/qwen37max/rolling_visible_carry_forward__harder_stress_v1_frontierpp_06_cache_invalidation_mesh__run_1__budget_300.jsonl,1,9aa3054aa10e51a8e8a84a8210fe777aa2158e62c2f02b467b3e02f7832ed583,a1589886af3f7422002992970e03027003b2225e6d86b10a487f398425e247c8,4396b6591cb57a74b721415d3d491f0e76b084ceb81b0ce726c7ace7de265c76,_probe_ecvs_qwen37max_harder_stress_v1_visiblecarry_vs_maturessrloop_15task_2method_3budget_1run,rolling_visible_carry_forward,d239781121d1d6a6cd4cbcab5e859463831be69b2bcfc1a1884a2ada2c1ef299,2f0d3f4869fc42756bd1ce16c89b28b4562e66fe5f908181d2ef06b766037a1b,"{""boundary_constraint_count"": 5, ""budgets_supported"": [300, 600, 1200], ""conditional_constraint_count"": 4, ""decoy_count"": 10, ""difficulty_factors"": [""decoy_overload"", ""overwrite_update"", ""conditional_allowed_state"", ""forbidden_boundary_pressure"", ""multi_file_component_consistency"", ""plan_consistency"", ""budget_pressure""], ""files_touched_estimate"": 2, ""method_specific_selection_used"": false, ""model_outcomes_used"": false, ""required_output_size"": 12, ""segment_count"": 16, ""source_candidate_id"": ""frontier_candidate_cache_invalidation_mesh"", ""strict_json_contract"": true, ""update_count"": 4}",649fa93b196242a19e144bd5297cf90abac45ad4aab2596921bacaa4f809894a,1,rolling_visible_identifier_carry_forward_v1_ecvs_safe_visible_only,rolling_visible_identifier_carry_forward_v1_ecvs_safe_visible_only,0,0,0,0,0,0,
_probe_ecvs_qwen37max_harder_stress_v1_visiblecarry_vs_maturessrloop_15task_2method_3budget_1run:qwen37max:rolling_visible_carry_forward:harder_stress_v1_frontierpp_06_cache_invalidation_mesh:budget_600:run_1,qwen37max,harder_stress_v1_frontierpp_06_cache_invalidation_mesh,semi_real_repo_style_controlled_frontier_plus,frontier_plus,multi_store_cache_invalidation,,rolling_visible_carry_forward,rolling_visible_carry_forward,600,1,2026-06-19T09:08:00.594027+00:00,2026-06-19T09:08:02.616984+00:00,2026-06-19T09:08:00.594070+00:00,2026-06-19T09:08:02.607077+00:00,0.006,33146312feffa160a32e762c32a2b0a3b61464eaaeb147e93bec4f257a858730,fa4b3b010acb2188cd1cfe43babf0aad1df3f23504836440edc4a40a44198158,24c2aa4fdaf72321ee311eeeb023714d65b6477b681b763519a40c830f2f1974,8eed7a82c3da83720b48c2dd49ec5e06093874a55f185d766484ba71bb7869cd,20a5bf7b89813b51a27838c096b4d411f454683a9e838b1ba8d8657dfa9b1101,64a026a4236b1b40dd4c84896182d83ca4a5200fe4828b5f7e31afce8fcfcf72,6a7458aebaa10ebcc76a6d226fd20a8e6168750a89bacc574882c405bc40e8f4,6a7458aebaa10ebcc76a6d226fd20a8e6168750a89bacc574882c405bc40e8f4,6a7458aebaa10ebcc76a6d226fd20a8e6168750a89bacc574882c405bc40e8f4,bf0630beb52372c3453c4d395f8a77d60030282c3d46201d3fc218055acf60ee,direct_provider,dashscope,https://dashscope.aliyuncs.com/compatible-mode/v1,qwen3.7-max,https://dashscope.aliyuncs.com/compatible-mode/v1/chat/completions,qwen3.7-max,460fcbdb2292588d3356bf33464f23d8d6279a1f2188e11f9a1ff121452a2423,71aa9cbc0f0da53c5949b6545a569c3cf94a778a6ead9faea79db09fcc74a0db,ddfd5de40cdb4c18b26ca6ad4cfe860ea517f64a63c6b8d5288fc91b7539eaa6,explicit,0.7,4096,omitted,,omitted,,omitted,,omitted,,omitted,,omitted,,omitted,,omitted,,omitted,,False,dashscope_enable_thinking_false,e2146d526bd896be1b7b059a2c4d87319a36bf94bc6aef96d3136bf76e6853a4,provider_not_exposed,provider_not_exposed,False,,False,False,False,disabled,,,,0,0,0,0,0,0,none,,,,,,,,,,0,,0,"[""REQ_06_JEG3S4CK"", ""LOCK_06_KC4S3"", ""SCOPE_06_G3S4C"", ""CHECK_06_EG3S4"", ""ANCHOR_06_C4S3G"", ""EDGE_06_3S4CK"", ""FRONTIER_06_KC4S3G"", ""MERGE_06_JEGKC4"", ""VERIFY_06_3S4CK"", ""PLAN_06_S3GEJ"", ""CONTRACT_06_JEG3S"", ""FINAL_06_KC4SCK""]",[],0,[],0,[],0,[],0,1,URLError: <urlopen error [Errno 1] Operation not permitted>,rerun_required,backend_error,d15d9d2552f563c8255ca8aa9c4592603467e8c66d0848e1e3888f8da218447b,7c077ca2308714493d07163e1033c4282bd869ff6d477b3e77408587f95e2930,7c077ca2308714493d07163e1033c4282bd869ff6d477b3e77408587f95e2930,78b9c6a3aacba408617f72ae758c3638598dbade3a6cbb06098ca77fc0251e8c,80999e9b3cd89f39ab8322b5389db5555d19c0043416783592437e58217e45b2,released_raw_outputs/model_outputs/_probe_ecvs_qwen37max_harder_stress_v1_visiblecarry_vs_maturessrloop_15task_2method_3budget_1run/qwen37max/rolling_visible_carry_forward__harder_stress_v1_frontierpp_06_cache_invalidation_mesh__run_1__budget_600.jsonl,1,e58a6c373d35ea8806677d6c97ce4afc18b9d7748113efe3703d2261d4e8e508,0c98aea0c23035c236720b528d379afbb23be9c6ee7efb9ce7399cc9b76617ae,1f7ab95a608bc9e28796d0b9beab17fa23e60330fe01872b08b04e9d0c6a6335,_probe_ecvs_qwen37max_harder_stress_v1_visiblecarry_vs_maturessrloop_15task_2method_3budget_1run,rolling_visible_carry_forward,d239781121d1d6a6cd4cbcab5e859463831be69b2bcfc1a1884a2ada2c1ef299,2f0d3f4869fc42756bd1ce16c89b28b4562e66fe5f908181d2ef06b766037a1b,"{""boundary_constraint_count"": 5, ""budgets_supported"": [300, 600, 1200], ""conditional_constraint_count"": 4, ""decoy_count"": 10, ""difficulty_factors"": [""decoy_overload"", ""overwrite_update"", ""conditional_allowed_state"", ""forbidden_boundary_pressure"", ""multi_file_component_consistency"", ""plan_consistency"", ""budget_pressure""], ""files_touched_estimate"": 2, ""method_specific_selection_used"": false, ""model_outcomes_used"": false, ""required_output_size"": 12, ""segment_count"": 16, ""source_candidate_id"": ""frontier_candidate_cache_invalidation_mesh"", ""strict_json_contract"": true, ""update_count"": 4}",649fa93b196242a19e144bd5297cf90abac45ad4aab2596921bacaa4f809894a,1,rolling_visible_identifier_carry_forward_v1_ecvs_safe_visible_only,rolling_visible_identifier_carry_forward_v1_ecvs_safe_visible_only,0,0,0,0,0,0,
_probe_ecvs_qwen37max_harder_stress_v1_visiblecarry_vs_maturessrloop_15task_2method_3budget_1run:qwen37max:rolling_visible_carry_forward:harder_stress_v1_frontierpp_07_plugin_registry_resolution:budget_1200:run_1,qwen37max,harder_stress_v1_frontierpp_07_plugin_registry_resolution,semi_real_repo_style_controlled_frontier_plus,frontier_plus,plugin_registry,,rolling_visible_carry_forward,rolling_visible_carry_forward,1200,1,2026-06-19T09:08:00.596412+00:00,2026-06-19T09:08:02.617225+00:00,2026-06-19T09:08:00.596453+00:00,2026-06-19T09:08:02.608904+00:00,0.006,33146312feffa160a32e762c32a2b0a3b61464eaaeb147e93bec4f257a858730,7b25a266621d2d1685aa651509acd4926f65cbd2e27ff04b5a6c851edfae2d5b,24c2aa4fdaf72321ee311eeeb023714d65b6477b681b763519a40c830f2f1974,85dc46dff30e8f8e6eaac220ab166ed58e5923ffa31e648046ba74d6eb9662fd,f29e8252bdb39aed9fe5c1dcebd80c1950710fc19c3f06330a0f9dd7da9c2958,64a026a4236b1b40dd4c84896182d83ca4a5200fe4828b5f7e31afce8fcfcf72,6a7458aebaa10ebcc76a6d226fd20a8e6168750a89bacc574882c405bc40e8f4,6a7458aebaa10ebcc76a6d226fd20a8e6168750a89bacc574882c405bc40e8f4,6a7458aebaa10ebcc76a6d226fd20a8e6168750a89bacc574882c405bc40e8f4,bf0630beb52372c3453c4d395f8a77d60030282c3d46201d3fc218055acf60ee,direct_provider,dashscope,https://dashscope.aliyuncs.com/compatible-mode/v1,qwen3.7-max,https://dashscope.aliyuncs.com/compatible-mode/v1/chat/completions,qwen3.7-max,460fcbdb2292588d3356bf33464f23d8d6279a1f2188e11f9a1ff121452a2423,71aa9cbc0f0da53c5949b6545a569c3cf94a778a6ead9faea79db09fcc74a0db,ddfd5de40cdb4c18b26ca6ad4cfe860ea517f64a63c6b8d5288fc91b7539eaa6,explicit,0.7,4096,omitted,,omitted,,omitted,,omitted,,omitted,,omitted,,omitted,,omitted,,omitted,,False,dashscope_enable_thinking_false,e2146d526bd896be1b7b059a2c4d87319a36bf94bc6aef96d3136bf76e6853a4,provider_not_exposed,provider_not_exposed,False,,False,False,False,disabled,,,,0,0,0,0,0,0,none,,,,,,,,,,0,,0,"[""REQ_07_JWSQFLK3"", ""LOCK_07_3KLFQ"", ""SCOPE_07_SQFLK"", ""CHECK_07_WSQFL"", ""ANCHOR_07_KLFQS"", ""EDGE_07_QFLK3"", ""FRONTIER_07_3KLFQS"", ""MERGE_07_JWS3KL"", ""VERIFY_07_QFLK3"", ""PLAN_07_FQSWJ"", ""CONTRACT_07_JWSQF"", ""FINAL_07_3KLFK3""]",[],0,[],0,[],0,[],0,1,URLError: <urlopen error [Errno 1] Operation not permitted>,rerun_required,backend_error,85a9bb111df1caf933ac8d6c05c5ce911c99d23391db9d427a2ca6a28e7a3556,7c077ca2308714493d07163e1033c4282bd869ff6d477b3e77408587f95e2930,7c077ca2308714493d07163e1033c4282bd869ff6d477b3e77408587f95e2930,78b9c6a3aacba408617f72ae758c3638598dbade3a6cbb06098ca77fc0251e8c,1c2c26788a6b003e6002e12b9ef2570945e6fa075a0da12900c698b6b056d8da,released_raw_outputs/model_outputs/_probe_ecvs_qwen37max_harder_stress_v1_visiblecarry_vs_maturessrloop_15task_2method_3budget_1run/qwen37max/rolling_visible_carry_forward__harder_stress_v1_frontierpp_07_plugin_registry_resolution__run_1__budget_1200.jsonl,1,d6ac050520c0cb961a22e14f091fb8c4a5715a35bd952bb15fc64de919394cae,0f169c3f193ac5f48b41fa669dff84881f7fffb20b1131609b815cb44f912ef0,f08b6555ba129298b11354b3be0747b2fc00b54e29bcfce8429b456b48105136,_probe_ecvs_qwen37max_harder_stress_v1_visiblecarry_vs_maturessrloop_15task_2method_3budget_1run,rolling_visible_carry_forward,d239781121d1d6a6cd4cbcab5e859463831be69b2bcfc1a1884a2ada2c1ef299,dcd305f3cbd79b636cdaf7134f1f50ff54fbf33bc17d4a59fbb7174e4eefb60c,"{""boundary_constraint_count"": 5, ""budgets_supported"": [300, 600, 1200], ""conditional_constraint_count"": 4, ""decoy_count"": 9, ""difficulty_factors"": [""decoy_overload"", ""overwrite_update"", ""conditional_allowed_state"", ""forbidden_boundary_pressure"", ""plan_consistency"", ""delayed_critical_constraint"", ""budget_pressure""], ""files_touched_estimate"": 2, ""method_specific_selection_used"": false, ""model_outcomes_used"": false, ""required_output_size"": 12, ""segment_count"": 15, ""source_candidate_id"": ""frontier_candidate_plugin_registry_resolution"", ""strict_json_contract"": true, ""update_count"": 4}",649fa93b196242a19e144bd5297cf90abac45ad4aab2596921bacaa4f809894a,1,rolling_visible_identifier_carry_forward_v1_ecvs_safe_visible_only,rolling_visible_identifier_carry_forward_v1_ecvs_safe_visible_only,0,0,0,0,0,0,
_probe_ecvs_qwen37max_harder_stress_v1_visiblecarry_vs_maturessrloop_15task_2method_3budget_1run:qwen37max:rolling_visible_carry_forward:harder_stress_v1_frontierpp_07_plugin_registry_resolution:budget_300:run_1,qwen37max,harder_stress_v1_frontierpp_07_plugin_registry_resolution,semi_real_repo_style_controlled_frontier_plus,frontier_plus,plugin_registry,,rolling_visible_carry_forward,rolling_visible_carry_forward,300,1,2026-06-19T09:08:00.595952+00:00,2026-06-19T09:08:02.620751+00:00,2026-06-19T09:08:00.596007+00:00,2026-06-19T09:08:02.612694+00:00,0.01,33146312feffa160a32e762c32a2b0a3b61464eaaeb147e93bec4f257a858730,7b25a266621d2d1685aa651509acd4926f65cbd2e27ff04b5a6c851edfae2d5b,24c2aa4fdaf72321ee311eeeb023714d65b6477b681b763519a40c830f2f1974,85dc46dff30e8f8e6eaac220ab166ed58e5923ffa31e648046ba74d6eb9662fd,358a44a0649d02e1e25d659d9a982463eac4efbcbc8406b90ced4e5aaac6b7be,64a026a4236b1b40dd4c84896182d83ca4a5200fe4828b5f7e31afce8fcfcf72,6a7458aebaa10ebcc76a6d226fd20a8e6168750a89bacc574882c405bc40e8f4,6a7458aebaa10ebcc76a6d226fd20a8e6168750a89bacc574882c405bc40e8f4,6a7458aebaa10ebcc76a6d226fd20a8e6168750a89bacc574882c405bc40e8f4,bf0630beb52372c3453c4d395f8a77d60030282c3d46201d3fc218055acf60ee,direct_provider,dashscope,https://dashscope.aliyuncs.com/compatible-mode/v1,qwen3.7-max,https://dashscope.aliyuncs.com/compatible-mode/v1/chat/completions,qwen3.7-max,460fcbdb2292588d3356bf33464f23d8d6279a1f2188e11f9a1ff121452a2423,71aa9cbc0f0da53c5949b6545a569c3cf94a778a6ead9faea79db09fcc74a0db,ddfd5de40cdb4c18b26ca6ad4cfe860ea517f64a63c6b8d5288fc91b7539eaa6,explicit,0.7,4096,omitted,,omitted,,omitted,,omitted,,omitted,,omitted,,omitted,,omitted,,omitted,,False,dashscope_enable_thinking_false,e2146d526bd896be1b7b059a2c4d87319a36bf94bc6aef96d3136bf76e6853a4,provider_not_exposed,provider_not_exposed,False,,False,False,False,disabled,,,,0,0,0,0,0,0,none,,,,,,,,,,0,,0,"[""REQ_07_JWSQFLK3"", ""LOCK_07_3KLFQ"", ""SCOPE_07_SQFLK"", ""CHECK_07_WSQFL"", ""ANCHOR_07_KLFQS"", ""EDGE_07_QFLK3"", ""FRONTIER_07_3KLFQS"", ""MERGE_07_JWS3KL"", ""VERIFY_07_QFLK3"", ""PLAN_07_FQSWJ"", ""CONTRACT_07_JWSQF"", ""FINAL_07_3KLFK3""]",[],0,[],0,[],0,[],0,1,URLError: <urlopen error [Errno 1] Operation not permitted>,rerun_required,backend_error,5e0a4a6c35aee079b5acb497fb6fdaf8d9842ca0723ceea3d112a7128de11f85,7c077ca2308714493d07163e1033c4282bd869ff6d477b3e77408587f95e2930,7c077ca2308714493d07163e1033c4282bd869ff6d477b3e77408587f95e2930,78b9c6a3aacba408617f72ae758c3638598dbade3a6cbb06098ca77fc0251e8c,48d07017a607784f4e281469f54dbc5e9fd285d1a01374dd4e644200ab1305a5,released_raw_outputs/model_outputs/_probe_ecvs_qwen37max_harder_stress_v1_visiblecarry_vs_maturessrloop_15task_2method_3budget_1run/qwen37max/rolling_visible_carry_forward__harder_stress_v1_frontierpp_07_plugin_registry_resolution__run_1__budget_300.jsonl,1,b38231f7de24c886395f6b0ab03871f2990ff8dedd03e95c0e39ecdad6040dfe,d889285a2d24df7beb4acc3595443a2db877b90ae1d05e8e79081d0e8019678a,62ccd8303fd48d2f92f7bbd5909b4e2bcc6c83496cb9c9f1b363d3a3097b1b60,_probe_ecvs_qwen37max_harder_stress_v1_visiblecarry_vs_maturessrloop_15task_2method_3budget_1run,rolling_visible_carry_forward,d239781121d1d6a6cd4cbcab5e859463831be69b2bcfc1a1884a2ada2c1ef299,dcd305f3cbd79b636cdaf7134f1f50ff54fbf33bc17d4a59fbb7174e4eefb60c,"{""boundary_constraint_count"": 5, ""budgets_supported"": [300, 600, 1200], ""conditional_constraint_count"": 4, ""decoy_count"": 9, ""difficulty_factors"": [""decoy_overload"", ""overwrite_update"", ""conditional_allowed_state"", ""forbidden_boundary_pressure"", ""plan_consistency"", ""delayed_critical_constraint"", ""budget_pressure""], ""files_touched_estimate"": 2, ""method_specific_selection_used"": false, ""model_outcomes_used"": false, ""required_output_size"": 12, ""segment_count"": 15, ""source_candidate_id"": ""frontier_candidate_plugin_registry_resolution"", ""strict_json_contract"": true, ""update_count"": 4}",649fa93b196242a19e144bd5297cf90abac45ad4aab2596921bacaa4f809894a,1,rolling_visible_identifier_carry_forward_v1_ecvs_safe_visible_only,rolling_visible_identifier_carry_forward_v1_ecvs_safe_visible_only,0,0,0,0,0,0,
_probe_ecvs_qwen37max_harder_stress_v1_visiblecarry_vs_maturessrloop_15task_2method_3budget_1run:qwen37max:rolling_visible_carry_forward:harder_stress_v1_frontierpp_07_plugin_registry_resolution:budget_600:run_1,qwen37max,harder_stress_v1_frontierpp_07_plugin_registry_resolution,semi_real_repo_style_controlled_frontier_plus,frontier_plus,plugin_registry,,rolling_visible_carry_forward,rolling_visible_carry_forward,600,1,2026-06-19T09:08:00.595792+00:00,2026-06-19T09:08:02.610126+00:00,2026-06-19T09:08:00.595840+00:00,2026-06-19T09:08:02.604195+00:00,0.004,33146312feffa160a32e762c32a2b0a3b61464eaaeb147e93bec4f257a858730,7b25a266621d2d1685aa651509acd4926f65cbd2e27ff04b5a6c851edfae2d5b,24c2aa4fdaf72321ee311eeeb023714d65b6477b681b763519a40c830f2f1974,85dc46dff30e8f8e6eaac220ab166ed58e5923ffa31e648046ba74d6eb9662fd,9c9a5411e25e5c05823502faa9dae23055892f2a230c25fc73101e769701a0cd,64a026a4236b1b40dd4c84896182d83ca4a5200fe4828b5f7e31afce8fcfcf72,6a7458aebaa10ebcc76a6d226fd20a8e6168750a89bacc574882c405bc40e8f4,6a7458aebaa10ebcc76a6d226fd20a8e6168750a89bacc574882c405bc40e8f4,6a7458aebaa10ebcc76a6d226fd20a8e6168750a89bacc574882c405bc40e8f4,bf0630beb52372c3453c4d395f8a77d60030282c3d46201d3fc218055acf60ee,direct_provider,dashscope,https://dashscope.aliyuncs.com/compatible-mode/v1,qwen3.7-max,https://dashscope.aliyuncs.com/compatible-mode/v1/chat/completions,qwen3.7-max,460fcbdb2292588d3356bf33464f23d8d6279a1f2188e11f9a1ff121452a2423,71aa9cbc0f0da53c5949b6545a569c3cf94a778a6ead9faea79db09fcc74a0db,ddfd5de40cdb4c18b26ca6ad4cfe860ea517f64a63c6b8d5288fc91b7539eaa6,explicit,0.7,4096,omitted,,omitted,,omitted,,omitted,,omitted,,omitted,,omitted,,omitted,,omitted,,False,dashscope_enable_thinking_false,e2146d526bd896be1b7b059a2c4d87319a36bf94bc6aef96d3136bf76e6853a4,provider_not_exposed,provider_not_exposed,False,,False,False,False,disabled,,,,0,0,0,0,0,0,none,,,,,,,,,,0,,0,"[""REQ_07_JWSQFLK3"", ""LOCK_07_3KLFQ"", ""SCOPE_07_SQFLK"", ""CHECK_07_WSQFL"", ""ANCHOR_07_KLFQS"", ""EDGE_07_QFLK3"", ""FRONTIER_07_3KLFQS"", ""MERGE_07_JWS3KL"", ""VERIFY_07_QFLK3"", ""PLAN_07_FQSWJ"", ""CONTRACT_07_JWSQF"", ""FINAL_07_3KLFK3""]",[],0,[],0,[],0,[],0,1,URLError: <urlopen error [Errno 1] Operation not permitted>,rerun_required,backend_error,044f71f6218f57f06aa6b3efa1d77f9f1f99db919bfa2afa5db5d5c60a350bd5,7c077ca2308714493d07163e1033c4282bd869ff6d477b3e77408587f95e2930,7c077ca2308714493d07163e1033c4282bd869ff6d477b3e77408587f95e2930,78b9c6a3aacba408617f72ae758c3638598dbade3a6cbb06098ca77fc0251e8c,c8ba9031de43e730a19e29e2559f5d5a0caefc1c01f11ce541fcef53c866a529,released_raw_outputs/model_outputs/_probe_ecvs_qwen37max_harder_stress_v1_visiblecarry_vs_maturessrloop_15task_2method_3budget_1run/qwen37max/rolling_visible_carry_forward__harder_stress_v1_frontierpp_07_plugin_registry_resolution__run_1__budget_600.jsonl,1,148fcd87ada0d5ef05d53bfdb21d5189236cb8c1d2e8b0b2e22732681928fb5f,2b0cd25e818826a0ec8133f0dbd4290af6275110623f86a6a5845b0ac54588ef,a27fdd86b8078c8df47e64f2552d28ea830dbfd19ad2f9c0a5be589412e7feff,_probe_ecvs_qwen37max_harder_stress_v1_visiblecarry_vs_maturessrloop_15task_2method_3budget_1run,rolling_visible_carry_forward,d239781121d1d6a6cd4cbcab5e859463831be69b2bcfc1a1884a2ada2c1ef299,dcd305f3cbd79b636cdaf7134f1f50ff54fbf33bc17d4a59fbb7174e4eefb60c,"{""boundary_constraint_count"": 5, ""budgets_supported"": [300, 600, 1200], ""conditional_constraint_count"": 4, ""decoy_count"": 9, ""difficulty_factors"": [""decoy_overload"", ""overwrite_update"", ""conditional_allowed_state"", ""forbidden_boundary_pressure"", ""plan_consistency"", ""delayed_critical_constraint"", ""budget_pressure""], ""files_touched_estimate"": 2, ""method_specific_selection_used"": false, ""model_outcomes_used"": false, ""required_output_size"": 12, ""segment_count"": 15, ""source_candidate_id"": ""frontier_candidate_plugin_registry_resolution"", ""strict_json_contract"": true, ""update_count"": 4}",649fa93b196242a19e144bd5297cf90abac45ad4aab2596921bacaa4f809894a,1,rolling_visible_identifier_carry_forward_v1_ecvs_safe_visible_only,rolling_visible_identifier_carry_forward_v1_ecvs_safe_visible_only,0,0,0,0,0,0,
_probe_ecvs_qwen37max_harder_stress_v1_visiblecarry_vs_maturessrloop_15task_2method_3budget_1run:qwen37max:rolling_visible_carry_forward:harder_stress_v1_frontierpp_08_retry_route_matrix:budget_1200:run_1,qwen37max,harder_stress_v1_frontierpp_08_retry_route_matrix,semi_real_repo_style_controlled_frontier_plus,frontier_plus,workflow_retry_routing,,rolling_visible_carry_forward,rolling_visible_carry_forward,1200,1,2026-06-19T09:08:00.597989+00:00,2026-06-19T09:08:02.613935+00:00,2026-06-19T09:08:00.598030+00:00,2026-06-19T09:08:02.608276+00:00,0.006,33146312feffa160a32e762c32a2b0a3b61464eaaeb147e93bec4f257a858730,27ec429399550d324d651260d526f9abb8bd5213ab8f24bfcdae1fbf88759859,24c2aa4fdaf72321ee311eeeb023714d65b6477b681b763519a40c830f2f1974,192d989af232bca96cacb28ec2c010bec154fec1d62df199a00ed923a7331a0d,7077bc32b764b769fb30ec44a6fdaf1676841700c880d37b81f77fdc0ebe9202,64a026a4236b1b40dd4c84896182d83ca4a5200fe4828b5f7e31afce8fcfcf72,6a7458aebaa10ebcc76a6d226fd20a8e6168750a89bacc574882c405bc40e8f4,6a7458aebaa10ebcc76a6d226fd20a8e6168750a89bacc574882c405bc40e8f4,6a7458aebaa10ebcc76a6d226fd20a8e6168750a89bacc574882c405bc40e8f4,bf0630beb52372c3453c4d395f8a77d60030282c3d46201d3fc218055acf60ee,direct_provider,dashscope,https://dashscope.aliyuncs.com/compatible-mode/v1,qwen3.7-max,https://dashscope.aliyuncs.com/compatible-mode/v1/chat/completions,qwen3.7-max,460fcbdb2292588d3356bf33464f23d8d6279a1f2188e11f9a1ff121452a2423,71aa9cbc0f0da53c5949b6545a569c3cf94a778a6ead9faea79db09fcc74a0db,ddfd5de40cdb4c18b26ca6ad4cfe860ea517f64a63c6b8d5288fc91b7539eaa6,explicit,0.7,4096,omitted,,omitted,,omitted,,omitted,,omitted,,omitted,,omitted,,omitted,,omitted,,False,dashscope_enable_thinking_false,e2146d526bd896be1b7b059a2c4d87319a36bf94bc6aef96d3136bf76e6853a4,provider_not_exposed,provider_not_exposed,False,,False,False,False,disabled,,,,0,0,0,0,0,0,none,,,,,,,,,,0,,0,"[""REQ_08_XYCZRKRB"", ""LOCK_08_BRKRZ"", ""SCOPE_08_CZRKR"", ""CHECK_08_YCZRK"", ""ANCHOR_08_RKRZC"", ""EDGE_08_ZRKRB"", ""FRONTIER_08_BRKRZC"", ""MERGE_08_XYCBRK"", ""VERIFY_08_ZRKRB"", ""PLAN_08_RZCYX"", ""CONTRACT_08_XYCZR"", ""FINAL_08_BRKRRB""]",[],0,[],0,[],0,[],0,1,URLError: <urlopen error [Errno 1] Operation not permitted>,rerun_required,backend_error,26b933dd7a5b77a1f69d18d945692c43a07b8d69fc3b5eed407c820e46c23190,7c077ca2308714493d07163e1033c4282bd869ff6d477b3e77408587f95e2930,7c077ca2308714493d07163e1033c4282bd869ff6d477b3e77408587f95e2930,78b9c6a3aacba408617f72ae758c3638598dbade3a6cbb06098ca77fc0251e8c,a9cef270702775086523691b0cb4ebc350c61d09faea1c2334f8c850149911b0,released_raw_outputs/model_outputs/_probe_ecvs_qwen37max_harder_stress_v1_visiblecarry_vs_maturessrloop_15task_2method_3budget_1run/qwen37max/rolling_visible_carry_forward__harder_stress_v1_frontierpp_08_retry_route_matrix__run_1__budget_1200.jsonl,1,8b592d38f4000e9010bbea6255cd3dbd9c0a09bf590bb2d8608a290e3ff74494,14831ee59c9e9ec021b9cb67a30fd8e7dcded66f7500eb8c9d5a03aa5680045e,525638aff3906ded68a72b29f6a6db668b77344c9932327a8742cbf7f4be25c6,_probe_ecvs_qwen37max_harder_stress_v1_visiblecarry_vs_maturessrloop_15task_2method_3budget_1run,rolling_visible_carry_forward,d239781121d1d6a6cd4cbcab5e859463831be69b2bcfc1a1884a2ada2c1ef299,54d98abb596036bf8c4d06485bc4f3581005033da98384b71d83c31bcb2e7316,"{""boundary_constraint_count"": 3, ""budgets_supported"": [300, 600, 1200], ""conditional_constraint_count"": 3, ""decoy_count"": 8, ""difficulty_factors"": [""decoy_overload"", ""overwrite_update"", ""conditional_allowed_state"", ""multi_file_component_consistency"", ""plan_consistency"", ""final_output_contract_pressure"", ""budget_pressure""], ""files_touched_estimate"": 3, ""method_specific_selection_used"": false, ""model_outcomes_used"": false, ""required_output_size"": 12, ""segment_count"": 15, ""source_candidate_id"": ""frontier_candidate_retry_route_matrix"", ""strict_json_contract"": true, ""update_count"": 4}",649fa93b196242a19e144bd5297cf90abac45ad4aab2596921bacaa4f809894a,1,rolling_visible_identifier_carry_forward_v1_ecvs_safe_visible_only,rolling_visible_identifier_carry_forward_v1_ecvs_safe_visible_only,0,0,0,0,0,0,
_probe_ecvs_qwen37max_harder_stress_v1_visiblecarry_vs_maturessrloop_15task_2method_3budget_1run:qwen37max:rolling_visible_carry_forward:harder_stress_v1_frontierpp_08_retry_route_matrix:budget_300:run_1,qwen37max,harder_stress_v1_frontierpp_08_retry_route_matrix,semi_real_repo_style_controlled_frontier_plus,frontier_plus,workflow_retry_routing,,rolling_visible_carry_forward,rolling_visible_carry_forward,300,1,2026-06-19T09:08:00.597453+00:00,2026-06-19T09:08:02.611575+00:00,2026-06-19T09:08:00.597499+00:00,2026-06-19T09:08:02.606030+00:00,0.006,33146312feffa160a32e762c32a2b0a3b61464eaaeb147e93bec4f257a858730,27ec429399550d324d651260d526f9abb8bd5213ab8f24bfcdae1fbf88759859,24c2aa4fdaf72321ee311eeeb023714d65b6477b681b763519a40c830f2f1974,192d989af232bca96cacb28ec2c010bec154fec1d62df199a00ed923a7331a0d,d1efa64486134b40ca37b5121a6f3cbf47df43eacf7e5e1789b47e96ba4ddc93,64a026a4236b1b40dd4c84896182d83ca4a5200fe4828b5f7e31afce8fcfcf72,6a7458aebaa10ebcc76a6d226fd20a8e6168750a89bacc574882c405bc40e8f4,6a7458aebaa10ebcc76a6d226fd20a8e6168750a89bacc574882c405bc40e8f4,6a7458aebaa10ebcc76a6d226fd20a8e6168750a89bacc574882c405bc40e8f4,bf0630beb52372c3453c4d395f8a77d60030282c3d46201d3fc218055acf60ee,direct_provider,dashscope,https://dashscope.aliyuncs.com/compatible-mode/v1,qwen3.7-max,https://dashscope.aliyuncs.com/compatible-mode/v1/chat/completions,qwen3.7-max,460fcbdb2292588d3356bf33464f23d8d6279a1f2188e11f9a1ff121452a2423,71aa9cbc0f0da53c5949b6545a569c3cf94a778a6ead9faea79db09fcc74a0db,ddfd5de40cdb4c18b26ca6ad4cfe860ea517f64a63c6b8d5288fc91b7539eaa6,explicit,0.7,4096,omitted,,omitted,,omitted,,omitted,,omitted,,omitted,,omitted,,omitted,,omitted,,False,dashscope_enable_thinking_false,e2146d526bd896be1b7b059a2c4d87319a36bf94bc6aef96d3136bf76e6853a4,provider_not_exposed,provider_not_exposed,False,,False,False,False,disabled,,,,0,0,0,0,0,0,none,,,,,,,,,,0,,0,"[""REQ_08_XYCZRKRB"", ""LOCK_08_BRKRZ"", ""SCOPE_08_CZRKR"", ""CHECK_08_YCZRK"", ""ANCHOR_08_RKRZC"", ""EDGE_08_ZRKRB"", ""FRONTIER_08_BRKRZC"", ""MERGE_08_XYCBRK"", ""VERIFY_08_ZRKRB"", ""PLAN_08_RZCYX"", ""CONTRACT_08_XYCZR"", ""FINAL_08_BRKRRB""]",[],0,[],0,[],0,[],0,1,URLError: <urlopen error [Errno 1] Operation not permitted>,rerun_required,backend_error,1dd2536541029283c690c2c13d1075f47119ce5e9818199f689fa90836cef1cf,7c077ca2308714493d07163e1033c4282bd869ff6d477b3e77408587f95e2930,7c077ca2308714493d07163e1033c4282bd869ff6d477b3e77408587f95e2930,78b9c6a3aacba408617f72ae758c3638598dbade3a6cbb06098ca77fc0251e8c,dfd791ddc17cfd8ddc533e2824e7f1bd5f7db2c623d5f900c8348e88569947d3,released_raw_outputs/model_outputs/_probe_ecvs_qwen37max_harder_stress_v1_visiblecarry_vs_maturessrloop_15task_2method_3budget_1run/qwen37max/rolling_visible_carry_forward__harder_stress_v1_frontierpp_08_retry_route_matrix__run_1__budget_300.jsonl,1,a3ca1f647447f3713a2a64dc977f131968df11543a460c0851646281f2f7fbde,173d5940349ba4686b04a993af42c4c1cbba41f35af731a6c7ec41a97ee3a850,bfc84afc34aa02b63774f5ff757b4c447b78675e33b6122a09f9e15180a424b7,_probe_ecvs_qwen37max_harder_stress_v1_visiblecarry_vs_maturessrloop_15task_2method_3budget_1run,rolling_visible_carry_forward,d239781121d1d6a6cd4cbcab5e859463831be69b2bcfc1a1884a2ada2c1ef299,54d98abb596036bf8c4d06485bc4f3581005033da98384b71d83c31bcb2e7316,"{""boundary_constraint_count"": 3, ""budgets_supported"": [300, 600, 1200], ""conditional_constraint_count"": 3, ""decoy_count"": 8, ""difficulty_factors"": [""decoy_overload"", ""overwrite_update"", ""conditional_allowed_state"", ""multi_file_component_consistency"", ""plan_consistency"", ""final_output_contract_pressure"", ""budget_pressure""], ""files_touched_estimate"": 3, ""method_specific_selection_used"": false, ""model_outcomes_used"": false, ""required_output_size"": 12, ""segment_count"": 15, ""source_candidate_id"": ""frontier_candidate_retry_route_matrix"", ""strict_json_contract"": true, ""update_count"": 4}",649fa93b196242a19e144bd5297cf90abac45ad4aab2596921bacaa4f809894a,1,rolling_visible_identifier_carry_forward_v1_ecvs_safe_visible_only,rolling_visible_identifier_carry_forward_v1_ecvs_safe_visible_only,0,0,0,0,0,0,
_probe_ecvs_qwen37max_harder_stress_v1_visiblecarry_vs_maturessrloop_15task_2method_3budget_1run:qwen37max:rolling_visible_carry_forward:harder_stress_v1_frontierpp_08_retry_route_matrix:budget_600:run_1,qwen37max,harder_stress_v1_frontierpp_08_retry_route_matrix,semi_real_repo_style_controlled_frontier_plus,frontier_plus,workflow_retry_routing,,rolling_visible_carry_forward,rolling_visible_carry_forward,600,1,2026-06-19T09:08:00.597651+00:00,2026-06-19T09:08:02.619604+00:00,2026-06-19T09:08:00.597698+00:00,2026-06-19T09:08:02.609690+00:00,0.01,33146312feffa160a32e762c32a2b0a3b61464eaaeb147e93bec4f257a858730,27ec429399550d324d651260d526f9abb8bd5213ab8f24bfcdae1fbf88759859,24c2aa4fdaf72321ee311eeeb023714d65b6477b681b763519a40c830f2f1974,192d989af232bca96cacb28ec2c010bec154fec1d62df199a00ed923a7331a0d,46c93841d2c2fc625207779c8c7e994437b6a4ab037a5fe81d18f3e8979dc54f,64a026a4236b1b40dd4c84896182d83ca4a5200fe4828b5f7e31afce8fcfcf72,6a7458aebaa10ebcc76a6d226fd20a8e6168750a89bacc574882c405bc40e8f4,6a7458aebaa10ebcc76a6d226fd20a8e6168750a89bacc574882c405bc40e8f4,6a7458aebaa10ebcc76a6d226fd20a8e6168750a89bacc574882c405bc40e8f4,bf0630beb52372c3453c4d395f8a77d60030282c3d46201d3fc218055acf60ee,direct_provider,dashscope,https://dashscope.aliyuncs.com/compatible-mode/v1,qwen3.7-max,https://dashscope.aliyuncs.com/compatible-mode/v1/chat/completions,qwen3.7-max,460fcbdb2292588d3356bf33464f23d8d6279a1f2188e11f9a1ff121452a2423,71aa9cbc0f0da53c5949b6545a569c3cf94a778a6ead9faea79db09fcc74a0db,ddfd5de40cdb4c18b26ca6ad4cfe860ea517f64a63c6b8d5288fc91b7539eaa6,explicit,0.7,4096,omitted,,omitted,,omitted,,omitted,,omitted,,omitted,,omitted,,omitted,,omitted,,False,dashscope_enable_thinking_false,e2146d526bd896be1b7b059a2c4d87319a36bf94bc6aef96d3136bf76e6853a4,provider_not_exposed,provider_not_exposed,False,,False,False,False,disabled,,,,0,0,0,0,0,0,none,,,,,,,,,,0,,0,"[""REQ_08_XYCZRKRB"", ""LOCK_08_BRKRZ"", ""SCOPE_08_CZRKR"", ""CHECK_08_YCZRK"", ""ANCHOR_08_RKRZC"", ""EDGE_08_ZRKRB"", ""FRONTIER_08_BRKRZC"", ""MERGE_08_XYCBRK"", ""VERIFY_08_ZRKRB"", ""PLAN_08_RZCYX"", ""CONTRACT_08_XYCZR"", ""FINAL_08_BRKRRB""]",[],0,[],0,[],0,[],0,1,URLError: <urlopen error [Errno 1] Operation not permitted>,rerun_required,backend_error,5eb958dfd92224b15cfbd298989f74ae76906447eb7d57cc730bb7da33145639,7c077ca2308714493d07163e1033c4282bd869ff6d477b3e77408587f95e2930,7c077ca2308714493d07163e1033c4282bd869ff6d477b3e77408587f95e2930,78b9c6a3aacba408617f72ae758c3638598dbade3a6cbb06098ca77fc0251e8c,dbc9b58decce9e93d974ac1bc9f4c4875c37bf094a807c3deb3ac33093c8f75b,released_raw_outputs/model_outputs/_probe_ecvs_qwen37max_harder_stress_v1_visiblecarry_vs_maturessrloop_15task_2method_3budget_1run/qwen37max/rolling_visible_carry_forward__harder_stress_v1_frontierpp_08_retry_route_matrix__run_1__budget_600.jsonl,1,2ee81af6e0073f31aa9200fa635348de8750dd1b96eeee597daa23c2e81d984f,ca8430af7b53943e9c9657886080afef520d05ed48a76cae35a587a1507dd3bb,659b85ff05a941e47463c022355de031d67f5cdaec8c189bcfd3ed9f0f43e58b,_probe_ecvs_qwen37max_harder_stress_v1_visiblecarry_vs_maturessrloop_15task_2method_3budget_1run,rolling_visible_carry_forward,d239781121d1d6a6cd4cbcab5e859463831be69b2bcfc1a1884a2ada2c1ef299,54d98abb596036bf8c4d06485bc4f3581005033da98384b71d83c31bcb2e7316,"{""boundary_constraint_count"": 3, ""budgets_supported"": [300, 600, 1200], ""conditional_constraint_count"": 3, ""decoy_count"": 8, ""difficulty_factors"": [""decoy_overload"", ""overwrite_update"", ""conditional_allowed_state"", ""multi_file_component_consistency"", ""plan_consistency"", ""final_output_contract_pressure"", ""budget_pressure""], ""files_touched_estimate"": 3, ""method_specific_selection_used"": false, ""model_outcomes_used"": false, ""required_output_size"": 12, ""segment_count"": 15, ""source_candidate_id"": ""frontier_candidate_retry_route_matrix"", ""strict_json_contract"": true, ""update_count"": 4}",649fa93b196242a19e144bd5297cf90abac45ad4aab2596921bacaa4f809894a,1,rolling_visible_identifier_carry_forward_v1_ecvs_safe_visible_only,rolling_visible_identifier_carry_forward_v1_ecvs_safe_visible_only,0,0,0,0,0,0,
_probe_ecvs_qwen37max_harder_stress_v1_visiblecarry_vs_maturessrloop_15task_2method_3budget_1run:qwen37max:rolling_visible_carry_forward:harder_stress_v1_frontierpp_09_auth_claim_boundary:budget_1200:run_1,qwen37max,harder_stress_v1_frontierpp_09_auth_claim_boundary,diagnostic_controlled_frontier_plus,frontier_plus,security_boundary,,rolling_visible_carry_forward,rolling_visible_carry_forward,1200,1,2026-06-19T09:08:02.594558+00:00,2026-06-19T09:08:04.604265+00:00,2026-06-19T09:08:02.594613+00:00,2026-06-19T09:08:04.603055+00:00,0.003,33146312feffa160a32e762c32a2b0a3b61464eaaeb147e93bec4f257a858730,34b5814df6e66aa1097f49aec048f68274466f91ea738505588277dc88f1cd4b,24c2aa4fdaf72321ee311eeeb023714d65b6477b681b763519a40c830f2f1974,ad15b2efd317279f59d37769669c2799bdb5464c6f465c36a4510ca09c6b87a3,3a7ea8442b283e2a44db19706132bac181f22741f4e921a76536d879cf7d8137,64a026a4236b1b40dd4c84896182d83ca4a5200fe4828b5f7e31afce8fcfcf72,6a7458aebaa10ebcc76a6d226fd20a8e6168750a89bacc574882c405bc40e8f4,6a7458aebaa10ebcc76a6d226fd20a8e6168750a89bacc574882c405bc40e8f4,6a7458aebaa10ebcc76a6d226fd20a8e6168750a89bacc574882c405bc40e8f4,bf0630beb52372c3453c4d395f8a77d60030282c3d46201d3fc218055acf60ee,direct_provider,dashscope,https://dashscope.aliyuncs.com/compatible-mode/v1,qwen3.7-max,https://dashscope.aliyuncs.com/compatible-mode/v1/chat/completions,qwen3.7-max,460fcbdb2292588d3356bf33464f23d8d6279a1f2188e11f9a1ff121452a2423,71aa9cbc0f0da53c5949b6545a569c3cf94a778a6ead9faea79db09fcc74a0db,ddfd5de40cdb4c18b26ca6ad4cfe860ea517f64a63c6b8d5288fc91b7539eaa6,explicit,0.7,4096,omitted,,omitted,,omitted,,omitted,,omitted,,omitted,,omitted,,omitted,,omitted,,False,dashscope_enable_thinking_false,e2146d526bd896be1b7b059a2c4d87319a36bf94bc6aef96d3136bf76e6853a4,provider_not_exposed,provider_not_exposed,False,,False,False,False,disabled,,,,0,0,0,0,0,0,none,,,,,,,,,,0,,0,"[""REQ_09_RMCZ4BDV"", ""LOCK_09_VDB4Z"", ""SCOPE_09_CZ4BD"", ""CHECK_09_MCZ4B"", ""ANCHOR_09_DB4ZC"", ""EDGE_09_Z4BDV"", ""FRONTIER_09_VDB4ZC"", ""MERGE_09_RMCVDB"", ""VERIFY_09_Z4BDV"", ""PLAN_09_4ZCMR"", ""CONTRACT_09_RMCZ4"", ""FINAL_09_VDB4DV""]",[],0,[],0,[],0,[],0,1,URLError: <urlopen error [Errno 1] Operation not permitted>,rerun_required,backend_error,05ea0a6abac407ed91863ab5b2ba4141ace5183744b1567eee10007b66cf847d,7c077ca2308714493d07163e1033c4282bd869ff6d477b3e77408587f95e2930,7c077ca2308714493d07163e1033c4282bd869ff6d477b3e77408587f95e2930,78b9c6a3aacba408617f72ae758c3638598dbade3a6cbb06098ca77fc0251e8c,f2baca0968af6dbdd278d1e55b3b4a53ba72d7e8a14311ec67100d125c425e9e,released_raw_outputs/model_outputs/_probe_ecvs_qwen37max_harder_stress_v1_visiblecarry_vs_maturessrloop_15task_2method_3budget_1run/qwen37max/rolling_visible_carry_forward__harder_stress_v1_frontierpp_09_auth_claim_boundary__run_1__budget_1200.jsonl,1,5219164af32543b029d1c7d9e87248744c90143516d696a088794848b3d7f276,2564bba2325dadcb90b9f221454e35f2e21ad06595539cd80ed341dd0a4366be,6db1755601a14791bdf2308055beb368974f2275fac2e1524973f94d043017e0,_probe_ecvs_qwen37max_harder_stress_v1_visiblecarry_vs_maturessrloop_15task_2method_3budget_1run,rolling_visible_carry_forward,d239781121d1d6a6cd4cbcab5e859463831be69b2bcfc1a1884a2ada2c1ef299,f1670223cdb18cbebe5670181c127a5dc490184cc50ed55bb49cae0dd6b81125,"{""boundary_constraint_count"": 5, ""budgets_supported"": [300, 600, 1200], ""conditional_constraint_count"": 4, ""decoy_count"": 9, ""difficulty_factors"": [""decoy_overload"", ""overwrite_update"", ""conditional_allowed_state"", ""forbidden_boundary_pressure"", ""final_output_contract_pressure"", ""delayed_critical_constraint"", ""budget_pressure""], ""files_touched_estimate"": 2, ""method_specific_selection_used"": false, ""model_outcomes_used"": false, ""required_output_size"": 12, ""segment_count"": 15, ""source_candidate_id"": ""frontier_candidate_auth_claim_boundary"", ""strict_json_contract"": true, ""update_count"": 4}",649fa93b196242a19e144bd5297cf90abac45ad4aab2596921bacaa4f809894a,1,rolling_visible_identifier_carry_forward_v1_ecvs_safe_visible_only,rolling_visible_identifier_carry_forward_v1_ecvs_safe_visible_only,0,0,0,0,0,0,
_probe_ecvs_qwen37max_harder_stress_v1_visiblecarry_vs_maturessrloop_15task_2method_3budget_1run:qwen37max:rolling_visible_carry_forward:harder_stress_v1_frontierpp_09_auth_claim_boundary:budget_300:run_1,qwen37max,harder_stress_v1_frontierpp_09_auth_claim_boundary,diagnostic_controlled_frontier_plus,frontier_plus,security_boundary,,rolling_visible_carry_forward,rolling_visible_carry_forward,300,1,2026-06-19T09:08:00.598754+00:00,2026-06-19T09:08:02.611357+00:00,2026-06-19T09:08:00.598792+00:00,2026-06-19T09:08:02.608189+00:00,0.003,33146312feffa160a32e762c32a2b0a3b61464eaaeb147e93bec4f257a858730,34b5814df6e66aa1097f49aec048f68274466f91ea738505588277dc88f1cd4b,24c2aa4fdaf72321ee311eeeb023714d65b6477b681b763519a40c830f2f1974,ad15b2efd317279f59d37769669c2799bdb5464c6f465c36a4510ca09c6b87a3,3fa9cbd18b05349f3cb18342c3c006b8644f184517aa3e1cb9ca9cf275aa66d4,64a026a4236b1b40dd4c84896182d83ca4a5200fe4828b5f7e31afce8fcfcf72,6a7458aebaa10ebcc76a6d226fd20a8e6168750a89bacc574882c405bc40e8f4,6a7458aebaa10ebcc76a6d226fd20a8e6168750a89bacc574882c405bc40e8f4,6a7458aebaa10ebcc76a6d226fd20a8e6168750a89bacc574882c405bc40e8f4,bf0630beb52372c3453c4d395f8a77d60030282c3d46201d3fc218055acf60ee,direct_provider,dashscope,https://dashscope.aliyuncs.com/compatible-mode/v1,qwen3.7-max,https://dashscope.aliyuncs.com/compatible-mode/v1/chat/completions,qwen3.7-max,460fcbdb2292588d3356bf33464f23d8d6279a1f2188e11f9a1ff121452a2423,71aa9cbc0f0da53c5949b6545a569c3cf94a778a6ead9faea79db09fcc74a0db,ddfd5de40cdb4c18b26ca6ad4cfe860ea517f64a63c6b8d5288fc91b7539eaa6,explicit,0.7,4096,omitted,,omitted,,omitted,,omitted,,omitted,,omitted,,omitted,,omitted,,omitted,,False,dashscope_enable_thinking_false,e2146d526bd896be1b7b059a2c4d87319a36bf94bc6aef96d3136bf76e6853a4,provider_not_exposed,provider_not_exposed,False,,False,False,False,disabled,,,,0,0,0,0,0,0,none,,,,,,,,,,0,,0,"[""REQ_09_RMCZ4BDV"", ""LOCK_09_VDB4Z"", ""SCOPE_09_CZ4BD"", ""CHECK_09_MCZ4B"", ""ANCHOR_09_DB4ZC"", ""EDGE_09_Z4BDV"", ""FRONTIER_09_VDB4ZC"", ""MERGE_09_RMCVDB"", ""VERIFY_09_Z4BDV"", ""PLAN_09_4ZCMR"", ""CONTRACT_09_RMCZ4"", ""FINAL_09_VDB4DV""]",[],0,[],0,[],0,[],0,1,URLError: <urlopen error [Errno 1] Operation not permitted>,rerun_required,backend_error,abf73c2042ad231db63c5bf06bad1b8212bc867df792d621a563b7f5a84aeab2,7c077ca2308714493d07163e1033c4282bd869ff6d477b3e77408587f95e2930,7c077ca2308714493d07163e1033c4282bd869ff6d477b3e77408587f95e2930,78b9c6a3aacba408617f72ae758c3638598dbade3a6cbb06098ca77fc0251e8c,3f6bb038975f78594caf7b65273591a57634a314301180671c10176b39b884d2,released_raw_outputs/model_outputs/_probe_ecvs_qwen37max_harder_stress_v1_visiblecarry_vs_maturessrloop_15task_2method_3budget_1run/qwen37max/rolling_visible_carry_forward__harder_stress_v1_frontierpp_09_auth_claim_boundary__run_1__budget_300.jsonl,1,437be491199c42ed4b125aa6bb415f0a2f514ad8c97844c0cb5480833b14ae84,b41928c8cd5f26f2b9bfe7a6ee2f698b2aecb230d63cc3565eca7dae161cc5d8,c27ab2b0cfffe27c8ec57f769c6b90c84f1768dbc9f0146e2a0cf60ab876de6a,_probe_ecvs_qwen37max_harder_stress_v1_visiblecarry_vs_maturessrloop_15task_2method_3budget_1run,rolling_visible_carry_forward,d239781121d1d6a6cd4cbcab5e859463831be69b2bcfc1a1884a2ada2c1ef299,f1670223cdb18cbebe5670181c127a5dc490184cc50ed55bb49cae0dd6b81125,"{""boundary_constraint_count"": 5, ""budgets_supported"": [300, 600, 1200], ""conditional_constraint_count"": 4, ""decoy_count"": 9, ""difficulty_factors"": [""decoy_overload"", ""overwrite_update"", ""conditional_allowed_state"", ""forbidden_boundary_pressure"", ""final_output_contract_pressure"", ""delayed_critical_constraint"", ""budget_pressure""], ""files_touched_estimate"": 2, ""method_specific_selection_used"": false, ""model_outcomes_used"": false, ""required_output_size"": 12, ""segment_count"": 15, ""source_candidate_id"": ""frontier_candidate_auth_claim_boundary"", ""strict_json_contract"": true, ""update_count"": 4}",649fa93b196242a19e144bd5297cf90abac45ad4aab2596921bacaa4f809894a,1,rolling_visible_identifier_carry_forward_v1_ecvs_safe_visible_only,rolling_visible_identifier_carry_forward_v1_ecvs_safe_visible_only,0,0,0,0,0,0,
_probe_ecvs_qwen37max_harder_stress_v1_visiblecarry_vs_maturessrloop_15task_2method_3budget_1run:qwen37max:rolling_visible_carry_forward:harder_stress_v1_frontierpp_09_auth_claim_boundary:budget_600:run_1,qwen37max,harder_stress_v1_frontierpp_09_auth_claim_boundary,diagnostic_controlled_frontier_plus,frontier_plus,security_boundary,,rolling_visible_carry_forward,rolling_visible_carry_forward,600,1,2026-06-19T09:08:00.599185+00:00,2026-06-19T09:08:02.620110+00:00,2026-06-19T09:08:00.599220+00:00,2026-06-19T09:08:02.608947+00:00,0.004,33146312feffa160a32e762c32a2b0a3b61464eaaeb147e93bec4f257a858730,34b5814df6e66aa1097f49aec048f68274466f91ea738505588277dc88f1cd4b,24c2aa4fdaf72321ee311eeeb023714d65b6477b681b763519a40c830f2f1974,ad15b2efd317279f59d37769669c2799bdb5464c6f465c36a4510ca09c6b87a3,e66e45f11fa421f6c18e083073cf502f84db429bb86eb29c6554fb366751e589,64a026a4236b1b40dd4c84896182d83ca4a5200fe4828b5f7e31afce8fcfcf72,6a7458aebaa10ebcc76a6d226fd20a8e6168750a89bacc574882c405bc40e8f4,6a7458aebaa10ebcc76a6d226fd20a8e6168750a89bacc574882c405bc40e8f4,6a7458aebaa10ebcc76a6d226fd20a8e6168750a89bacc574882c405bc40e8f4,bf0630beb52372c3453c4d395f8a77d60030282c3d46201d3fc218055acf60ee,direct_provider,dashscope,https://dashscope.aliyuncs.com/compatible-mode/v1,qwen3.7-max,https://dashscope.aliyuncs.com/compatible-mode/v1/chat/completions,qwen3.7-max,460fcbdb2292588d3356bf33464f23d8d6279a1f2188e11f9a1ff121452a2423,71aa9cbc0f0da53c5949b6545a569c3cf94a778a6ead9faea79db09fcc74a0db,ddfd5de40cdb4c18b26ca6ad4cfe860ea517f64a63c6b8d5288fc91b7539eaa6,explicit,0.7,4096,omitted,,omitted,,omitted,,omitted,,omitted,,omitted,,omitted,,omitted,,omitted,,False,dashscope_enable_thinking_false,e2146d526bd896be1b7b059a2c4d87319a36bf94bc6aef96d3136bf76e6853a4,provider_not_exposed,provider_not_exposed,False,,False,False,False,disabled,,,,0,0,0,0,0,0,none,,,,,,,,,,0,,0,"[""REQ_09_RMCZ4BDV"", ""LOCK_09_VDB4Z"", ""SCOPE_09_CZ4BD"", ""CHECK_09_MCZ4B"", ""ANCHOR_09_DB4ZC"", ""EDGE_09_Z4BDV"", ""FRONTIER_09_VDB4ZC"", ""MERGE_09_RMCVDB"", ""VERIFY_09_Z4BDV"", ""PLAN_09_4ZCMR"", ""CONTRACT_09_RMCZ4"", ""FINAL_09_VDB4DV""]",[],0,[],0,[],0,[],0,1,URLError: <urlopen error [Errno 1] Operation not permitted>,rerun_required,backend_error,e2d5601cd5174303d7759c07058c23ea3d4e2054f13313ae1b85dd81c4b1efe4,7c077ca2308714493d07163e1033c4282bd869ff6d477b3e77408587f95e2930,7c077ca2308714493d07163e1033c4282bd869ff6d477b3e77408587f95e2930,78b9c6a3aacba408617f72ae758c3638598dbade3a6cbb06098ca77fc0251e8c,9455a554d7f304bbac8bf900d2047af91518c7e627e01f6a4949796fee5915cf,released_raw_outputs/model_outputs/_probe_ecvs_qwen37max_harder_stress_v1_visiblecarry_vs_maturessrloop_15task_2method_3budget_1run/qwen37max/rolling_visible_carry_forward__harder_stress_v1_frontierpp_09_auth_claim_boundary__run_1__budget_600.jsonl,1,c48320e2efa895f2442d59f9adfd5f81566bd7d372f1b866df2fc06c754eb42e,f3a074a95eb8257c002c841846720ee8bca4d661f789f7ddb43e5a990ed55576,2f15ec7735d7acc96b6a3ce020de8634b820821bac84c57e007d81524c332c67,_probe_ecvs_qwen37max_harder_stress_v1_visiblecarry_vs_maturessrloop_15task_2method_3budget_1run,rolling_visible_carry_forward,d239781121d1d6a6cd4cbcab5e859463831be69b2bcfc1a1884a2ada2c1ef299,f1670223cdb18cbebe5670181c127a5dc490184cc50ed55bb49cae0dd6b81125,"{""boundary_constraint_count"": 5, ""budgets_supported"": [300, 600, 1200], ""conditional_constraint_count"": 4, ""decoy_count"": 9, ""difficulty_factors"": [""decoy_overload"", ""overwrite_update"", ""conditional_allowed_state"", ""forbidden_boundary_pressure"", ""final_output_contract_pressure"", ""delayed_critical_constraint"", ""budget_pressure""], ""files_touched_estimate"": 2, ""method_specific_selection_used"": false, ""model_outcomes_used"": false, ""required_output_size"": 12, ""segment_count"": 15, ""source_candidate_id"": ""frontier_candidate_auth_claim_boundary"", ""strict_json_contract"": true, ""update_count"": 4}",649fa93b196242a19e144bd5297cf90abac45ad4aab2596921bacaa4f809894a,1,rolling_visible_identifier_carry_forward_v1_ecvs_safe_visible_only,rolling_visible_identifier_carry_forward_v1_ecvs_safe_visible_only,0,0,0,0,0,0,
_probe_ecvs_qwen37max_harder_stress_v1_visiblecarry_vs_maturessrloop_15task_2method_3budget_1run:qwen37max:rolling_visible_carry_forward:harder_stress_v1_frontierpp_10_build_matrix_compat:budget_1200:run_1,qwen37max,harder_stress_v1_frontierpp_10_build_matrix_compat,semi_real_repo_style_controlled_frontier_plus,frontier_plus,build_config_matrix,,rolling_visible_carry_forward,rolling_visible_carry_forward,1200,1,2026-06-19T09:08:02.605143+00:00,2026-06-19T09:08:04.616781+00:00,2026-06-19T09:08:02.605182+00:00,2026-06-19T09:08:04.614137+00:00,0.004,33146312feffa160a32e762c32a2b0a3b61464eaaeb147e93bec4f257a858730,238585ceb733650a4958514902e2934768c400f5690b5fe38d85f5d363ef93b4,24c2aa4fdaf72321ee311eeeb023714d65b6477b681b763519a40c830f2f1974,229fcfcd7cd6174d7ea6eb9097e6e2f750b5a5aa4ac798d333d166b4de7d961a,f2166b4b90821f8994e351b248ed8811ef2a72a5af0620342cac0d6b5995f542,64a026a4236b1b40dd4c84896182d83ca4a5200fe4828b5f7e31afce8fcfcf72,6a7458aebaa10ebcc76a6d226fd20a8e6168750a89bacc574882c405bc40e8f4,6a7458aebaa10ebcc76a6d226fd20a8e6168750a89bacc574882c405bc40e8f4,6a7458aebaa10ebcc76a6d226fd20a8e6168750a89bacc574882c405bc40e8f4,bf0630beb52372c3453c4d395f8a77d60030282c3d46201d3fc218055acf60ee,direct_provider,dashscope,https://dashscope.aliyuncs.com/compatible-mode/v1,qwen3.7-max,https://dashscope.aliyuncs.com/compatible-mode/v1/chat/completions,qwen3.7-max,460fcbdb2292588d3356bf33464f23d8d6279a1f2188e11f9a1ff121452a2423,71aa9cbc0f0da53c5949b6545a569c3cf94a778a6ead9faea79db09fcc74a0db,ddfd5de40cdb4c18b26ca6ad4cfe860ea517f64a63c6b8d5288fc91b7539eaa6,explicit,0.7,4096,omitted,,omitted,,omitted,,omitted,,omitted,,omitted,,omitted,,omitted,,omitted,,False,dashscope_enable_thinking_false,e2146d526bd896be1b7b059a2c4d87319a36bf94bc6aef96d3136bf76e6853a4,provider_not_exposed,provider_not_exposed,False,,False,False,False,disabled,,,,0,0,0,0,0,0,none,,,,,,,,,,0,,0,"[""REQ_10_BD5YAL7M"", ""LOCK_10_M7LAY"", ""SCOPE_10_5YAL7"", ""CHECK_10_D5YAL"", ""ANCHOR_10_7LAY5"", ""EDGE_10_YAL7M"", ""FRONTIER_10_M7LAY5"", ""MERGE_10_BD5M7L"", ""VERIFY_10_YAL7M"", ""PLAN_10_AY5DB"", ""CONTRACT_10_BD5YA"", ""FINAL_10_M7LA7M""]",[],0,[],0,[],0,[],0,1,URLError: <urlopen error [Errno 1] Operation not permitted>,rerun_required,backend_error,c1489ff645ba966967e24fb55a3352be7bac76ef72e88b3136354489c800ad8a,7c077ca2308714493d07163e1033c4282bd869ff6d477b3e77408587f95e2930,7c077ca2308714493d07163e1033c4282bd869ff6d477b3e77408587f95e2930,78b9c6a3aacba408617f72ae758c3638598dbade3a6cbb06098ca77fc0251e8c,bf5ae0f0e45877a7433ac41c9839642b22792a0e4a68bceb794e1a7bd112e692,released_raw_outputs/model_outputs/_probe_ecvs_qwen37max_harder_stress_v1_visiblecarry_vs_maturessrloop_15task_2method_3budget_1run/qwen37max/rolling_visible_carry_forward__harder_stress_v1_frontierpp_10_build_matrix_compat__run_1__budget_1200.jsonl,1,89f4151a2f8ad293c3c42b100e7926de3ebdc6878ac25c96a554f2dade1591cb,90d584c7395edb5b28c6c68c1e0bcb5d9ab53dc9a1b4c878e639c9a822cba924,3927bef7abb2b779521cb7c97386dbbab555e4ad00d21c8a4dbea6952f5e82d5,_probe_ecvs_qwen37max_harder_stress_v1_visiblecarry_vs_maturessrloop_15task_2method_3budget_1run,rolling_visible_carry_forward,d239781121d1d6a6cd4cbcab5e859463831be69b2bcfc1a1884a2ada2c1ef299,6468b2a1c3b53d84d153cfb23e17eb49b760ad82da5267c303d090717ca7400d,"{""boundary_constraint_count"": 3, ""budgets_supported"": [300, 600, 1200], ""conditional_constraint_count"": 3, ""decoy_count"": 8, ""difficulty_factors"": [""decoy_overload"", ""overwrite_update"", ""conditional_allowed_state"", ""multi_file_component_consistency"", ""distractor_segment"", ""final_output_contract_pressure"", ""budget_pressure""], ""files_touched_estimate"": 3, ""method_specific_selection_used"": false, ""model_outcomes_used"": false, ""required_output_size"": 11, ""segment_count"": 14, ""source_candidate_id"": ""frontier_candidate_build_matrix_compat"", ""strict_json_contract"": true, ""update_count"": 3}",649fa93b196242a19e144bd5297cf90abac45ad4aab2596921bacaa4f809894a,1,rolling_visible_identifier_carry_forward_v1_ecvs_safe_visible_only,rolling_visible_identifier_carry_forward_v1_ecvs_safe_visible_only,0,0,0,0,0,0,
_probe_ecvs_qwen37max_harder_stress_v1_visiblecarry_vs_maturessrloop_15task_2method_3budget_1run:qwen37max:rolling_visible_carry_forward:harder_stress_v1_frontierpp_10_build_matrix_compat:budget_300:run_1,qwen37max,harder_stress_v1_frontierpp_10_build_matrix_compat,semi_real_repo_style_controlled_frontier_plus,frontier_plus,build_config_matrix,,rolling_visible_carry_forward,rolling_visible_carry_forward,300,1,2026-06-19T09:08:02.600416+00:00,2026-06-19T09:08:04.612771+00:00,2026-06-19T09:08:02.600463+00:00,2026-06-19T09:08:04.610618+00:00,0.004,33146312feffa160a32e762c32a2b0a3b61464eaaeb147e93bec4f257a858730,238585ceb733650a4958514902e2934768c400f5690b5fe38d85f5d363ef93b4,24c2aa4fdaf72321ee311eeeb023714d65b6477b681b763519a40c830f2f1974,229fcfcd7cd6174d7ea6eb9097e6e2f750b5a5aa4ac798d333d166b4de7d961a,8c3cbf55d149a62a6503633c9e32581a2ab4290368e53e711915d549e9884574,64a026a4236b1b40dd4c84896182d83ca4a5200fe4828b5f7e31afce8fcfcf72,6a7458aebaa10ebcc76a6d226fd20a8e6168750a89bacc574882c405bc40e8f4,6a7458aebaa10ebcc76a6d226fd20a8e6168750a89bacc574882c405bc40e8f4,6a7458aebaa10ebcc76a6d226fd20a8e6168750a89bacc574882c405bc40e8f4,bf0630beb52372c3453c4d395f8a77d60030282c3d46201d3fc218055acf60ee,direct_provider,dashscope,https://dashscope.aliyuncs.com/compatible-mode/v1,qwen3.7-max,https://dashscope.aliyuncs.com/compatible-mode/v1/chat/completions,qwen3.7-max,460fcbdb2292588d3356bf33464f23d8d6279a1f2188e11f9a1ff121452a2423,71aa9cbc0f0da53c5949b6545a569c3cf94a778a6ead9faea79db09fcc74a0db,ddfd5de40cdb4c18b26ca6ad4cfe860ea517f64a63c6b8d5288fc91b7539eaa6,explicit,0.7,4096,omitted,,omitted,,omitted,,omitted,,omitted,,omitted,,omitted,,omitted,,omitted,,False,dashscope_enable_thinking_false,e2146d526bd896be1b7b059a2c4d87319a36bf94bc6aef96d3136bf76e6853a4,provider_not_exposed,provider_not_exposed,False,,False,False,False,disabled,,,,0,0,0,0,0,0,none,,,,,,,,,,0,,0,"[""REQ_10_BD5YAL7M"", ""LOCK_10_M7LAY"", ""SCOPE_10_5YAL7"", ""CHECK_10_D5YAL"", ""ANCHOR_10_7LAY5"", ""EDGE_10_YAL7M"", ""FRONTIER_10_M7LAY5"", ""MERGE_10_BD5M7L"", ""VERIFY_10_YAL7M"", ""PLAN_10_AY5DB"", ""CONTRACT_10_BD5YA"", ""FINAL_10_M7LA7M""]",[],0,[],0,[],0,[],0,1,URLError: <urlopen error [Errno 1] Operation not permitted>,rerun_required,backend_error,3978c81eebb0cc742f1d8146353017086fa6dc5396fa4a723ee5b76fd5cb4f3d,7c077ca2308714493d07163e1033c4282bd869ff6d477b3e77408587f95e2930,7c077ca2308714493d07163e1033c4282bd869ff6d477b3e77408587f95e2930,78b9c6a3aacba408617f72ae758c3638598dbade3a6cbb06098ca77fc0251e8c,51728e99297730d5977f98e55328e2663c6ec8d8a739fe4bca94212ec23f9f63,released_raw_outputs/model_outputs/_probe_ecvs_qwen37max_harder_stress_v1_visiblecarry_vs_maturessrloop_15task_2method_3budget_1run/qwen37max/rolling_visible_carry_forward__harder_stress_v1_frontierpp_10_build_matrix_compat__run_1__budget_300.jsonl,1,69bd4c091c141f714510ca7a9fff7de83c991a9cbf2ec8830c51b31187f84aa3,06be90e04450e56cbc49f1fc47addb4e0f448b45aa171ed02f65b4f899ece500,58b8eb37a15ed4a000be668390b41d1ad1d9dda27f5316386ec9eca04f502dc9,_probe_ecvs_qwen37max_harder_stress_v1_visiblecarry_vs_maturessrloop_15task_2method_3budget_1run,rolling_visible_carry_forward,d239781121d1d6a6cd4cbcab5e859463831be69b2bcfc1a1884a2ada2c1ef299,6468b2a1c3b53d84d153cfb23e17eb49b760ad82da5267c303d090717ca7400d,"{""boundary_constraint_count"": 3, ""budgets_supported"": [300, 600, 1200], ""conditional_constraint_count"": 3, ""decoy_count"": 8, ""difficulty_factors"": [""decoy_overload"", ""overwrite_update"", ""conditional_allowed_state"", ""multi_file_component_consistency"", ""distractor_segment"", ""final_output_contract_pressure"", ""budget_pressure""], ""files_touched_estimate"": 3, ""method_specific_selection_used"": false, ""model_outcomes_used"": false, ""required_output_size"": 11, ""segment_count"": 14, ""source_candidate_id"": ""frontier_candidate_build_matrix_compat"", ""strict_json_contract"": true, ""update_count"": 3}",649fa93b196242a19e144bd5297cf90abac45ad4aab2596921bacaa4f809894a,1,rolling_visible_identifier_carry_forward_v1_ecvs_safe_visible_only,rolling_visible_identifier_carry_forward_v1_ecvs_safe_visible_only,0,0,0,0,0,0,
_probe_ecvs_qwen37max_harder_stress_v1_visiblecarry_vs_maturessrloop_15task_2method_3budget_1run:qwen37max:rolling_visible_carry_forward:harder_stress_v1_frontierpp_10_build_matrix_compat:budget_600:run_1,qwen37max,harder_stress_v1_frontierpp_10_build_matrix_compat,semi_real_repo_style_controlled_frontier_plus,frontier_plus,build_config_matrix,,rolling_visible_carry_forward,rolling_visible_carry_forward,600,1,2026-06-19T09:08:02.605846+00:00,2026-06-19T09:08:04.616137+00:00,2026-06-19T09:08:02.605899+00:00,2026-06-19T09:08:04.614056+00:00,0.003,33146312feffa160a32e762c32a2b0a3b61464eaaeb147e93bec4f257a858730,238585ceb733650a4958514902e2934768c400f5690b5fe38d85f5d363ef93b4,24c2aa4fdaf72321ee311eeeb023714d65b6477b681b763519a40c830f2f1974,229fcfcd7cd6174d7ea6eb9097e6e2f750b5a5aa4ac798d333d166b4de7d961a,7785f849109d01b5fa617b6f3ad815ffaa4bff34476cde40f0bcfcef6c9d00a1,64a026a4236b1b40dd4c84896182d83ca4a5200fe4828b5f7e31afce8fcfcf72,6a7458aebaa10ebcc76a6d226fd20a8e6168750a89bacc574882c405bc40e8f4,6a7458aebaa10ebcc76a6d226fd20a8e6168750a89bacc574882c405bc40e8f4,6a7458aebaa10ebcc76a6d226fd20a8e6168750a89bacc574882c405bc40e8f4,bf0630beb52372c3453c4d395f8a77d60030282c3d46201d3fc218055acf60ee,direct_provider,dashscope,https://dashscope.aliyuncs.com/compatible-mode/v1,qwen3.7-max,https://dashscope.aliyuncs.com/compatible-mode/v1/chat/completions,qwen3.7-max,460fcbdb2292588d3356bf33464f23d8d6279a1f2188e11f9a1ff121452a2423,71aa9cbc0f0da53c5949b6545a569c3cf94a778a6ead9faea79db09fcc74a0db,ddfd5de40cdb4c18b26ca6ad4cfe860ea517f64a63c6b8d5288fc91b7539eaa6,explicit,0.7,4096,omitted,,omitted,,omitted,,omitted,,omitted,,omitted,,omitted,,omitted,,omitted,,False,dashscope_enable_thinking_false,e2146d526bd896be1b7b059a2c4d87319a36bf94bc6aef96d3136bf76e6853a4,provider_not_exposed,provider_not_exposed,False,,False,False,False,disabled,,,,0,0,0,0,0,0,none,,,,,,,,,,0,,0,"[""REQ_10_BD5YAL7M"", ""LOCK_10_M7LAY"", ""SCOPE_10_5YAL7"", ""CHECK_10_D5YAL"", ""ANCHOR_10_7LAY5"", ""EDGE_10_YAL7M"", ""FRONTIER_10_M7LAY5"", ""MERGE_10_BD5M7L"", ""VERIFY_10_YAL7M"", ""PLAN_10_AY5DB"", ""CONTRACT_10_BD5YA"", ""FINAL_10_M7LA7M""]",[],0,[],0,[],0,[],0,1,URLError: <urlopen error [Errno 1] Operation not permitted>,rerun_required,backend_error,f318b2bbca9de937bbcc76f984e30ac4633b7a23d661ee23b4bd93541413a330,7c077ca2308714493d07163e1033c4282bd869ff6d477b3e77408587f95e2930,7c077ca2308714493d07163e1033c4282bd869ff6d477b3e77408587f95e2930,78b9c6a3aacba408617f72ae758c3638598dbade3a6cbb06098ca77fc0251e8c,b6215dd5ec42d82598928b5a6583d97a20236b06361d508256ff46632c99b229,released_raw_outputs/model_outputs/_probe_ecvs_qwen37max_harder_stress_v1_visiblecarry_vs_maturessrloop_15task_2method_3budget_1run/qwen37max/rolling_visible_carry_forward__harder_stress_v1_frontierpp_10_build_matrix_compat__run_1__budget_600.jsonl,1,bf6f425881cc5de6b4d37b019393634231ed1d177228e6308bf7085fe3003227,b9839ef5333537f201e6f3202b638a65007e77683c6cb4dafd2e987fca5724b0,6e5b1968361b9751e4e15082bc457f9cb8b1f03e3a62aba130a5936a774bb635,_probe_ecvs_qwen37max_harder_stress_v1_visiblecarry_vs_maturessrloop_15task_2method_3budget_1run,rolling_visible_carry_forward,d239781121d1d6a6cd4cbcab5e859463831be69b2bcfc1a1884a2ada2c1ef299,6468b2a1c3b53d84d153cfb23e17eb49b760ad82da5267c303d090717ca7400d,"{""boundary_constraint_count"": 3, ""budgets_supported"": [300, 600, 1200], ""conditional_constraint_count"": 3, ""decoy_count"": 8, ""difficulty_factors"": [""decoy_overload"", ""overwrite_update"", ""conditional_allowed_state"", ""multi_file_component_consistency"", ""distractor_segment"", ""final_output_contract_pressure"", ""budget_pressure""], ""files_touched_estimate"": 3, ""method_specific_selection_used"": false, ""model_outcomes_used"": false, ""required_output_size"": 11, ""segment_count"": 14, ""source_candidate_id"": ""frontier_candidate_build_matrix_compat"", ""strict_json_contract"": true, ""update_count"": 3}",649fa93b196242a19e144bd5297cf90abac45ad4aab2596921bacaa4f809894a,1,rolling_visible_identifier_carry_forward_v1_ecvs_safe_visible_only,rolling_visible_identifier_carry_forward_v1_ecvs_safe_visible_only,0,0,0,0,0,0,
_probe_ecvs_qwen37max_harder_stress_v1_visiblecarry_vs_maturessrloop_15task_2method_3budget_1run:qwen37max:rolling_visible_carry_forward:harder_stress_v1_realswe_01_django_upload_path_boundary:budget_1200:run_1,qwen37max,harder_stress_v1_realswe_01_django_upload_path_boundary,real_swe_style_controlled_plus,real_swe_plus,path_security_boundary,,rolling_visible_carry_forward,rolling_visible_carry_forward,1200,1,2026-06-19T09:08:02.607397+00:00,2026-06-19T09:08:04.617001+00:00,2026-06-19T09:08:02.607441+00:00,2026-06-19T09:08:04.614223+00:00,0.003,33146312feffa160a32e762c32a2b0a3b61464eaaeb147e93bec4f257a858730,1db73a038b8f80cba85f08968de0630f60078867fac02d2f124363411d4e6152,24c2aa4fdaf72321ee311eeeb023714d65b6477b681b763519a40c830f2f1974,c0e6ab9c861e910895a812ca0f38f41dd2e0ca2dc6fcba2fea6708f45fa4ba85,96fe95c9b0696a789a3e12e2547ff441a092ea1b44b523399dd80b07a56ce163,64a026a4236b1b40dd4c84896182d83ca4a5200fe4828b5f7e31afce8fcfcf72,6a7458aebaa10ebcc76a6d226fd20a8e6168750a89bacc574882c405bc40e8f4,6a7458aebaa10ebcc76a6d226fd20a8e6168750a89bacc574882c405bc40e8f4,6a7458aebaa10ebcc76a6d226fd20a8e6168750a89bacc574882c405bc40e8f4,bf0630beb52372c3453c4d395f8a77d60030282c3d46201d3fc218055acf60ee,direct_provider,dashscope,https://dashscope.aliyuncs.com/compatible-mode/v1,qwen3.7-max,https://dashscope.aliyuncs.com/compatible-mode/v1/chat/completions,qwen3.7-max,460fcbdb2292588d3356bf33464f23d8d6279a1f2188e11f9a1ff121452a2423,71aa9cbc0f0da53c5949b6545a569c3cf94a778a6ead9faea79db09fcc74a0db,ddfd5de40cdb4c18b26ca6ad4cfe860ea517f64a63c6b8d5288fc91b7539eaa6,explicit,0.7,4096,omitted,,omitted,,omitted,,omitted,,omitted,,omitted,,omitted,,omitted,,omitted,,False,dashscope_enable_thinking_false,e2146d526bd896be1b7b059a2c4d87319a36bf94bc6aef96d3136bf76e6853a4,provider_not_exposed,provider_not_exposed,False,,False,False,False,disabled,,,,0,0,0,0,0,0,none,,,,,,,,,,0,,0,"[""REQ_01_YA4SS7TE"", ""LOCK_01_ET7SS"", ""SCOPE_01_4SS7T"", ""CHECK_01_A4SS7"", ""ANCHOR_01_T7SS4"", ""EDGE_01_SS7TE"", ""FRONTIER_01_ET7SS4"", ""MERGE_01_YA4ET7"", ""VERIFY_01_SS7TE"", ""PLAN_01_SS4AY"", ""CONTRACT_01_YA4SS"", ""FINAL_01_ET7STE""]",[],0,[],0,[],0,[],0,1,URLError: <urlopen error [Errno 1] Operation not permitted>,rerun_required,backend_error,c16aae9b381fce3d015b2f3b07e0765ecd5bac281dbcd13c2476ed5f4545e438,7c077ca2308714493d07163e1033c4282bd869ff6d477b3e77408587f95e2930,7c077ca2308714493d07163e1033c4282bd869ff6d477b3e77408587f95e2930,78b9c6a3aacba408617f72ae758c3638598dbade3a6cbb06098ca77fc0251e8c,59fe060bb03e26b616f56e5e7b10da32006f3884b03db5f34f0ecb5e3f348b2e,released_raw_outputs/model_outputs/_probe_ecvs_qwen37max_harder_stress_v1_visiblecarry_vs_maturessrloop_15task_2method_3budget_1run/qwen37max/rolling_visible_carry_forward__harder_stress_v1_realswe_01_django_upload_path_boundary__run_1__budget_1200.jsonl,1,fb2c94a04a1c92511c0d4ab63575baab5bab731c4fff1cc92d9a97fd71149d7a,cba1815800fa9b07a8eb2095d4c0820bc9d18f67d4467b963d63e19203f26f25,053ad855bb08c978866beaf5aea74f496eb74577a66c851e7ebd8793f0fb7770,_probe_ecvs_qwen37max_harder_stress_v1_visiblecarry_vs_maturessrloop_15task_2method_3budget_1run,rolling_visible_carry_forward,d239781121d1d6a6cd4cbcab5e859463831be69b2bcfc1a1884a2ada2c1ef299,2cc56050dca06d1a174ba1c389a479223fb92b93b30bc99f265984a6f142509c,"{""boundary_constraint_count"": 5, ""budgets_supported"": [300, 600, 1200], ""conditional_constraint_count"": 3, ""config_path_sensitivity"": 5, ""decoy_count"": 8, ""difficulty_factors"": [""decoy_overload"", ""overwrite_update"", ""conditional_allowed_state"", ""forbidden_boundary_pressure"", ""multi_file_component_consistency"", ""budget_pressure""], ""files_touched_estimate"": 2, ""method_specific_selection_used"": false, ""model_outcomes_used"": false, ""required_output_size"": 11, ""segment_count"": 14, ""source_candidate_id"": ""realstyle_candidate_django_upload_path_boundary"", ""strict_json_contract"": true, ""test_contract_complexity"": 4, ""update_count"": 3}",649fa93b196242a19e144bd5297cf90abac45ad4aab2596921bacaa4f809894a,1,rolling_visible_identifier_carry_forward_v1_ecvs_safe_visible_only,rolling_visible_identifier_carry_forward_v1_ecvs_safe_visible_only,0,0,0,0,0,0,
_probe_ecvs_qwen37max_harder_stress_v1_visiblecarry_vs_maturessrloop_15task_2method_3budget_1run:qwen37max:rolling_visible_carry_forward:harder_stress_v1_realswe_01_django_upload_path_boundary:budget_300:run_1,qwen37max,harder_stress_v1_realswe_01_django_upload_path_boundary,real_swe_style_controlled_plus,real_swe_plus,path_security_boundary,,rolling_visible_carry_forward,rolling_visible_carry_forward,300,1,2026-06-19T09:08:02.604651+00:00,2026-06-19T09:08:04.617801+00:00,2026-06-19T09:08:02.604699+00:00,2026-06-19T09:08:04.615899+00:00,0.008,33146312feffa160a32e762c32a2b0a3b61464eaaeb147e93bec4f257a858730,1db73a038b8f80cba85f08968de0630f60078867fac02d2f124363411d4e6152,24c2aa4fdaf72321ee311eeeb023714d65b6477b681b763519a40c830f2f1974,c0e6ab9c861e910895a812ca0f38f41dd2e0ca2dc6fcba2fea6708f45fa4ba85,bd7fd8c0cd87e533cb4e023eddac8c4c83fce714c9d261fb0ee6f7e065a5ccff,64a026a4236b1b40dd4c84896182d83ca4a5200fe4828b5f7e31afce8fcfcf72,6a7458aebaa10ebcc76a6d226fd20a8e6168750a89bacc574882c405bc40e8f4,6a7458aebaa10ebcc76a6d226fd20a8e6168750a89bacc574882c405bc40e8f4,6a7458aebaa10ebcc76a6d226fd20a8e6168750a89bacc574882c405bc40e8f4,bf0630beb52372c3453c4d395f8a77d60030282c3d46201d3fc218055acf60ee,direct_provider,dashscope,https://dashscope.aliyuncs.com/compatible-mode/v1,qwen3.7-max,https://dashscope.aliyuncs.com/compatible-mode/v1/chat/completions,qwen3.7-max,460fcbdb2292588d3356bf33464f23d8d6279a1f2188e11f9a1ff121452a2423,71aa9cbc0f0da53c5949b6545a569c3cf94a778a6ead9faea79db09fcc74a0db,ddfd5de40cdb4c18b26ca6ad4cfe860ea517f64a63c6b8d5288fc91b7539eaa6,explicit,0.7,4096,omitted,,omitted,,omitted,,omitted,,omitted,,omitted,,omitted,,omitted,,omitted,,False,dashscope_enable_thinking_false,e2146d526bd896be1b7b059a2c4d87319a36bf94bc6aef96d3136bf76e6853a4,provider_not_exposed,provider_not_exposed,False,,False,False,False,disabled,,,,0,0,0,0,0,0,none,,,,,,,,,,0,,0,"[""REQ_01_YA4SS7TE"", ""LOCK_01_ET7SS"", ""SCOPE_01_4SS7T"", ""CHECK_01_A4SS7"", ""ANCHOR_01_T7SS4"", ""EDGE_01_SS7TE"", ""FRONTIER_01_ET7SS4"", ""MERGE_01_YA4ET7"", ""VERIFY_01_SS7TE"", ""PLAN_01_SS4AY"", ""CONTRACT_01_YA4SS"", ""FINAL_01_ET7STE""]",[],0,[],0,[],0,[],0,1,URLError: <urlopen error [Errno 1] Operation not permitted>,rerun_required,backend_error,0e5fafe97e8cac16f8728849ef47339303a9ec9aee34e01e26d949c62fe30d19,7c077ca2308714493d07163e1033c4282bd869ff6d477b3e77408587f95e2930,7c077ca2308714493d07163e1033c4282bd869ff6d477b3e77408587f95e2930,78b9c6a3aacba408617f72ae758c3638598dbade3a6cbb06098ca77fc0251e8c,e5901cf6797752b3313648791683dca1ee9324942c76564819d4edd9f2815ab4,released_raw_outputs/model_outputs/_probe_ecvs_qwen37max_harder_stress_v1_visiblecarry_vs_maturessrloop_15task_2method_3budget_1run/qwen37max/rolling_visible_carry_forward__harder_stress_v1_realswe_01_django_upload_path_boundary__run_1__budget_300.jsonl,1,b1e089720a44ae431b71601502771c0e18564192ca21b9de3878ee8b47fc9707,a5a57f140cf913c8d4622acfc874dc36e20b2b6532377c623aad1d0429146649,4970db35de08cd1bb929fd7ba23959676fa609faf00e10745e9e08a385bf799b,_probe_ecvs_qwen37max_harder_stress_v1_visiblecarry_vs_maturessrloop_15task_2method_3budget_1run,rolling_visible_carry_forward,d239781121d1d6a6cd4cbcab5e859463831be69b2bcfc1a1884a2ada2c1ef299,2cc56050dca06d1a174ba1c389a479223fb92b93b30bc99f265984a6f142509c,"{""boundary_constraint_count"": 5, ""budgets_supported"": [300, 600, 1200], ""conditional_constraint_count"": 3, ""config_path_sensitivity"": 5, ""decoy_count"": 8, ""difficulty_factors"": [""decoy_overload"", ""overwrite_update"", ""conditional_allowed_state"", ""forbidden_boundary_pressure"", ""multi_file_component_consistency"", ""budget_pressure""], ""files_touched_estimate"": 2, ""method_specific_selection_used"": false, ""model_outcomes_used"": false, ""required_output_size"": 11, ""segment_count"": 14, ""source_candidate_id"": ""realstyle_candidate_django_upload_path_boundary"", ""strict_json_contract"": true, ""test_contract_complexity"": 4, ""update_count"": 3}",649fa93b196242a19e144bd5297cf90abac45ad4aab2596921bacaa4f809894a,1,rolling_visible_identifier_carry_forward_v1_ecvs_safe_visible_only,rolling_visible_identifier_carry_forward_v1_ecvs_safe_visible_only,0,0,0,0,0,0,
_probe_ecvs_qwen37max_harder_stress_v1_visiblecarry_vs_maturessrloop_15task_2method_3budget_1run:qwen37max:rolling_visible_carry_forward:harder_stress_v1_realswe_01_django_upload_path_boundary:budget_600:run_1,qwen37max,harder_stress_v1_realswe_01_django_upload_path_boundary,real_swe_style_controlled_plus,real_swe_plus,path_security_boundary,,rolling_visible_carry_forward,rolling_visible_carry_forward,600,1,2026-06-19T09:08:02.608066+00:00,2026-06-19T09:08:04.617215+00:00,2026-06-19T09:08:02.608105+00:00,2026-06-19T09:08:04.614590+00:00,0.002,33146312feffa160a32e762c32a2b0a3b61464eaaeb147e93bec4f257a858730,1db73a038b8f80cba85f08968de0630f60078867fac02d2f124363411d4e6152,24c2aa4fdaf72321ee311eeeb023714d65b6477b681b763519a40c830f2f1974,c0e6ab9c861e910895a812ca0f38f41dd2e0ca2dc6fcba2fea6708f45fa4ba85,cb6ba7b608709dc10ae53e4e15b0d468a3c1906e7bc4eeced8444a3902218f11,64a026a4236b1b40dd4c84896182d83ca4a5200fe4828b5f7e31afce8fcfcf72,6a7458aebaa10ebcc76a6d226fd20a8e6168750a89bacc574882c405bc40e8f4,6a7458aebaa10ebcc76a6d226fd20a8e6168750a89bacc574882c405bc40e8f4,6a7458aebaa10ebcc76a6d226fd20a8e6168750a89bacc574882c405bc40e8f4,bf0630beb52372c3453c4d395f8a77d60030282c3d46201d3fc218055acf60ee,direct_provider,dashscope,https://dashscope.aliyuncs.com/compatible-mode/v1,qwen3.7-max,https://dashscope.aliyuncs.com/compatible-mode/v1/chat/completions,qwen3.7-max,460fcbdb2292588d3356bf33464f23d8d6279a1f2188e11f9a1ff121452a2423,71aa9cbc0f0da53c5949b6545a569c3cf94a778a6ead9faea79db09fcc74a0db,ddfd5de40cdb4c18b26ca6ad4cfe860ea517f64a63c6b8d5288fc91b7539eaa6,explicit,0.7,4096,omitted,,omitted,,omitted,,omitted,,omitted,,omitted,,omitted,,omitted,,omitted,,False,dashscope_enable_thinking_false,e2146d526bd896be1b7b059a2c4d87319a36bf94bc6aef96d3136bf76e6853a4,provider_not_exposed,provider_not_exposed,False,,False,False,False,disabled,,,,0,0,0,0,0,0,none,,,,,,,,,,0,,0,"[""REQ_01_YA4SS7TE"", ""LOCK_01_ET7SS"", ""SCOPE_01_4SS7T"", ""CHECK_01_A4SS7"", ""ANCHOR_01_T7SS4"", ""EDGE_01_SS7TE"", ""FRONTIER_01_ET7SS4"", ""MERGE_01_YA4ET7"", ""VERIFY_01_SS7TE"", ""PLAN_01_SS4AY"", ""CONTRACT_01_YA4SS"", ""FINAL_01_ET7STE""]",[],0,[],0,[],0,[],0,1,URLError: <urlopen error [Errno 1] Operation not permitted>,rerun_required,backend_error,59c41aeea19caeae9d5810d0a1febaa99e6d003a10e0c4a61f6bb13c18b0a55f,7c077ca2308714493d07163e1033c4282bd869ff6d477b3e77408587f95e2930,7c077ca2308714493d07163e1033c4282bd869ff6d477b3e77408587f95e2930,78b9c6a3aacba408617f72ae758c3638598dbade3a6cbb06098ca77fc0251e8c,a622e9fbda7a79e197e7057bcf73bc1c49953af7e7a48e29d10a557c76ca7b5a,released_raw_outputs/model_outputs/_probe_ecvs_qwen37max_harder_stress_v1_visiblecarry_vs_maturessrloop_15task_2method_3budget_1run/qwen37max/rolling_visible_carry_forward__harder_stress_v1_realswe_01_django_upload_path_boundary__run_1__budget_600.jsonl,1,cc1fe190357f8ca3210333087bb030dc8e696d21e9be2570e0eb66d042445042,2e0e2f95a90df876fc684c0947d2bffbabb38ae6f595e9c3c663d5d76546da53,f1820f5834df69785902185077a41748f58838685505e3b2e469830325323429,_probe_ecvs_qwen37max_harder_stress_v1_visiblecarry_vs_maturessrloop_15task_2method_3budget_1run,rolling_visible_carry_forward,d239781121d1d6a6cd4cbcab5e859463831be69b2bcfc1a1884a2ada2c1ef299,2cc56050dca06d1a174ba1c389a479223fb92b93b30bc99f265984a6f142509c,"{""boundary_constraint_count"": 5, ""budgets_supported"": [300, 600, 1200], ""conditional_constraint_count"": 3, ""config_path_sensitivity"": 5, ""decoy_count"": 8, ""difficulty_factors"": [""decoy_overload"", ""overwrite_update"", ""conditional_allowed_state"", ""forbidden_boundary_pressure"", ""multi_file_component_consistency"", ""budget_pressure""], ""files_touched_estimate"": 2, ""method_specific_selection_used"": false, ""model_outcomes_used"": false, ""required_output_size"": 11, ""segment_count"": 14, ""source_candidate_id"": ""realstyle_candidate_django_upload_path_boundary"", ""strict_json_contract"": true, ""test_contract_complexity"": 4, ""update_count"": 3}",649fa93b196242a19e144bd5297cf90abac45ad4aab2596921bacaa4f809894a,1,rolling_visible_identifier_carry_forward_v1_ecvs_safe_visible_only,rolling_visible_identifier_carry_forward_v1_ecvs_safe_visible_only,0,0,0,0,0,0,
_probe_ecvs_qwen37max_harder_stress_v1_visiblecarry_vs_maturessrloop_15task_2method_3budget_1run:qwen37max:rolling_visible_carry_forward:harder_stress_v1_realswe_02_requests_proxy_redirect_auth:budget_1200:run_1,qwen37max,harder_stress_v1_realswe_02_requests_proxy_redirect_auth,real_swe_style_controlled_plus,real_swe_plus,network_auth_boundary,,rolling_visible_carry_forward,rolling_visible_carry_forward,1200,1,2026-06-19T09:08:02.614673+00:00,2026-06-19T09:08:04.630775+00:00,2026-06-19T09:08:02.614712+00:00,2026-06-19T09:08:04.624166+00:00,0.007,33146312feffa160a32e762c32a2b0a3b61464eaaeb147e93bec4f257a858730,788201e978ef8757927f19ca9f6786fb0c7034e9c2464e97b9a2c390f754a1db,24c2aa4fdaf72321ee311eeeb023714d65b6477b681b763519a40c830f2f1974,a88a608eac743207085093b331252567a461c4ed62aca3f571cc614054237a6a,ec16aeb0941a1b22b3b0ff7d36f1d662a3026649560e36076f2288ead77d1480,64a026a4236b1b40dd4c84896182d83ca4a5200fe4828b5f7e31afce8fcfcf72,6a7458aebaa10ebcc76a6d226fd20a8e6168750a89bacc574882c405bc40e8f4,6a7458aebaa10ebcc76a6d226fd20a8e6168750a89bacc574882c405bc40e8f4,6a7458aebaa10ebcc76a6d226fd20a8e6168750a89bacc574882c405bc40e8f4,bf0630beb52372c3453c4d395f8a77d60030282c3d46201d3fc218055acf60ee,direct_provider,dashscope,https://dashscope.aliyuncs.com/compatible-mode/v1,qwen3.7-max,https://dashscope.aliyuncs.com/compatible-mode/v1/chat/completions,qwen3.7-max,460fcbdb2292588d3356bf33464f23d8d6279a1f2188e11f9a1ff121452a2423,71aa9cbc0f0da53c5949b6545a569c3cf94a778a6ead9faea79db09fcc74a0db,ddfd5de40cdb4c18b26ca6ad4cfe860ea517f64a63c6b8d5288fc91b7539eaa6,explicit,0.7,4096,omitted,,omitted,,omitted,,omitted,,omitted,,omitted,,omitted,,omitted,,omitted,,False,dashscope_enable_thinking_false,e2146d526bd896be1b7b059a2c4d87319a36bf94bc6aef96d3136bf76e6853a4,provider_not_exposed,provider_not_exposed,False,,False,False,False,disabled,,,,0,0,0,0,0,0,none,,,,,,,,,,0,,0,"[""REQ_02_NYX5B9NF"", ""LOCK_02_FN9B5"", ""SCOPE_02_X5B9N"", ""CHECK_02_YX5B9"", ""ANCHOR_02_N9B5X"", ""EDGE_02_5B9NF"", ""FRONTIER_02_FN9B5X"", ""MERGE_02_NYXFN9"", ""VERIFY_02_5B9NF"", ""PLAN_02_B5XYN"", ""CONTRACT_02_NYX5B"", ""FINAL_02_FN9BNF""]",[],0,[],0,[],0,[],0,1,URLError: <urlopen error [Errno 1] Operation not permitted>,rerun_required,backend_error,b53d766a11e0187d5bd1eafa89dd391e9ed134fb2dee1dca8287952385b275d8,7c077ca2308714493d07163e1033c4282bd869ff6d477b3e77408587f95e2930,7c077ca2308714493d07163e1033c4282bd869ff6d477b3e77408587f95e2930,78b9c6a3aacba408617f72ae758c3638598dbade3a6cbb06098ca77fc0251e8c,babdf2a84360b39416ec05acb05c192c028d8c1bb79b4a42598264fd61e76330,released_raw_outputs/model_outputs/_probe_ecvs_qwen37max_harder_stress_v1_visiblecarry_vs_maturessrloop_15task_2method_3budget_1run/qwen37max/rolling_visible_carry_forward__harder_stress_v1_realswe_02_requests_proxy_redirect_auth__run_1__budget_1200.jsonl,1,12e39d8a11e7f0d85e477b5d5326b276da8b572b129aa0ba97eeb2d932ca6a74,2edd7c74632b26fa39b66e4967d3f51f6a9972947f9712156c06b0215fa1315f,513df35273b75744b17889f5eb1c01815966098213ab418369b3f7c40e39a32c,_probe_ecvs_qwen37max_harder_stress_v1_visiblecarry_vs_maturessrloop_15task_2method_3budget_1run,rolling_visible_carry_forward,d239781121d1d6a6cd4cbcab5e859463831be69b2bcfc1a1884a2ada2c1ef299,5a9f5ac7be50f19bb9bc52f18619bb9ec8b5bd964116d6ca4a3fa9e027a7dd08,"{""boundary_constraint_count"": 6, ""budgets_supported"": [300, 600, 1200], ""conditional_constraint_count"": 4, ""conflicting_deprecated_api_mentions"": 4, ""decoy_count"": 9, ""difficulty_factors"": [""decoy_overload"", ""overwrite_update"", ""conditional_allowed_state"", ""forbidden_boundary_pressure"", ""multi_file_component_consistency"", ""plan_consistency"", ""budget_pressure""], ""files_touched_estimate"": 2, ""method_specific_selection_used"": false, ""model_outcomes_used"": false, ""required_output_size"": 12, ""security_boundary_relevance"": 5, ""segment_count"": 15, ""source_candidate_id"": ""realstyle_candidate_requests_proxy_redirect_auth"", ""strict_json_contract"": true, ""update_count"": 4}",649fa93b196242a19e144bd5297cf90abac45ad4aab2596921bacaa4f809894a,1,rolling_visible_identifier_carry_forward_v1_ecvs_safe_visible_only,rolling_visible_identifier_carry_forward_v1_ecvs_safe_visible_only,0,0,0,0,0,0,
_probe_ecvs_qwen37max_harder_stress_v1_visiblecarry_vs_maturessrloop_15task_2method_3budget_1run:qwen37max:rolling_visible_carry_forward:harder_stress_v1_realswe_02_requests_proxy_redirect_auth:budget_300:run_1,qwen37max,harder_stress_v1_realswe_02_requests_proxy_redirect_auth,real_swe_style_controlled_plus,real_swe_plus,network_auth_boundary,,rolling_visible_carry_forward,rolling_visible_carry_forward,300,1,2026-06-19T09:08:02.611056+00:00,2026-06-19T09:08:04.628704+00:00,2026-06-19T09:08:02.611098+00:00,2026-06-19T09:08:04.622756+00:00,0.009,33146312feffa160a32e762c32a2b0a3b61464eaaeb147e93bec4f257a858730,788201e978ef8757927f19ca9f6786fb0c7034e9c2464e97b9a2c390f754a1db,24c2aa4fdaf72321ee311eeeb023714d65b6477b681b763519a40c830f2f1974,a88a608eac743207085093b331252567a461c4ed62aca3f571cc614054237a6a,87474bbe7091eeb24acd0cd43be88622a4046ae7fd27bfa9d2d346cf099b110b,64a026a4236b1b40dd4c84896182d83ca4a5200fe4828b5f7e31afce8fcfcf72,6a7458aebaa10ebcc76a6d226fd20a8e6168750a89bacc574882c405bc40e8f4,6a7458aebaa10ebcc76a6d226fd20a8e6168750a89bacc574882c405bc40e8f4,6a7458aebaa10ebcc76a6d226fd20a8e6168750a89bacc574882c405bc40e8f4,bf0630beb52372c3453c4d395f8a77d60030282c3d46201d3fc218055acf60ee,direct_provider,dashscope,https://dashscope.aliyuncs.com/compatible-mode/v1,qwen3.7-max,https://dashscope.aliyuncs.com/compatible-mode/v1/chat/completions,qwen3.7-max,460fcbdb2292588d3356bf33464f23d8d6279a1f2188e11f9a1ff121452a2423,71aa9cbc0f0da53c5949b6545a569c3cf94a778a6ead9faea79db09fcc74a0db,ddfd5de40cdb4c18b26ca6ad4cfe860ea517f64a63c6b8d5288fc91b7539eaa6,explicit,0.7,4096,omitted,,omitted,,omitted,,omitted,,omitted,,omitted,,omitted,,omitted,,omitted,,False,dashscope_enable_thinking_false,e2146d526bd896be1b7b059a2c4d87319a36bf94bc6aef96d3136bf76e6853a4,provider_not_exposed,provider_not_exposed,False,,False,False,False,disabled,,,,0,0,0,0,0,0,none,,,,,,,,,,0,,0,"[""REQ_02_NYX5B9NF"", ""LOCK_02_FN9B5"", ""SCOPE_02_X5B9N"", ""CHECK_02_YX5B9"", ""ANCHOR_02_N9B5X"", ""EDGE_02_5B9NF"", ""FRONTIER_02_FN9B5X"", ""MERGE_02_NYXFN9"", ""VERIFY_02_5B9NF"", ""PLAN_02_B5XYN"", ""CONTRACT_02_NYX5B"", ""FINAL_02_FN9BNF""]",[],0,[],0,[],0,[],0,1,URLError: <urlopen error [Errno 1] Operation not permitted>,rerun_required,backend_error,e2f3f13d5a64b3454ed8abd7ee141f9b3e497c95dd7c5ac3cbee2b2c2ddf9dc1,7c077ca2308714493d07163e1033c4282bd869ff6d477b3e77408587f95e2930,7c077ca2308714493d07163e1033c4282bd869ff6d477b3e77408587f95e2930,78b9c6a3aacba408617f72ae758c3638598dbade3a6cbb06098ca77fc0251e8c,b98c89056de51a9c81966f9b1a34760860b954095d5d3e67e83aeb88fd383fe1,released_raw_outputs/model_outputs/_probe_ecvs_qwen37max_harder_stress_v1_visiblecarry_vs_maturessrloop_15task_2method_3budget_1run/qwen37max/rolling_visible_carry_forward__harder_stress_v1_realswe_02_requests_proxy_redirect_auth__run_1__budget_300.jsonl,1,4bad24fc1ccbeb4ff08b4c061211779b58cf042ff9ed43136622a6b058efa81c,ee446db6c4a721c5ad2abd629668a7e76332c74b942acd56f280ee087f2254b4,9d1800dd540741e85b0ca0b7dc767da696a6a363fac7408b7f5d0026f9d52bb5,_probe_ecvs_qwen37max_harder_stress_v1_visiblecarry_vs_maturessrloop_15task_2method_3budget_1run,rolling_visible_carry_forward,d239781121d1d6a6cd4cbcab5e859463831be69b2bcfc1a1884a2ada2c1ef299,5a9f5ac7be50f19bb9bc52f18619bb9ec8b5bd964116d6ca4a3fa9e027a7dd08,"{""boundary_constraint_count"": 6, ""budgets_supported"": [300, 600, 1200], ""conditional_constraint_count"": 4, ""conflicting_deprecated_api_mentions"": 4, ""decoy_count"": 9, ""difficulty_factors"": [""decoy_overload"", ""overwrite_update"", ""conditional_allowed_state"", ""forbidden_boundary_pressure"", ""multi_file_component_consistency"", ""plan_consistency"", ""budget_pressure""], ""files_touched_estimate"": 2, ""method_specific_selection_used"": false, ""model_outcomes_used"": false, ""required_output_size"": 12, ""security_boundary_relevance"": 5, ""segment_count"": 15, ""source_candidate_id"": ""realstyle_candidate_requests_proxy_redirect_auth"", ""strict_json_contract"": true, ""update_count"": 4}",649fa93b196242a19e144bd5297cf90abac45ad4aab2596921bacaa4f809894a,1,rolling_visible_identifier_carry_forward_v1_ecvs_safe_visible_only,rolling_visible_identifier_carry_forward_v1_ecvs_safe_visible_only,0,0,0,0,0,0,
_probe_ecvs_qwen37max_harder_stress_v1_visiblecarry_vs_maturessrloop_15task_2method_3budget_1run:qwen37max:rolling_visible_carry_forward:harder_stress_v1_realswe_02_requests_proxy_redirect_auth:budget_600:run_1,qwen37max,harder_stress_v1_realswe_02_requests_proxy_redirect_auth,real_swe_style_controlled_plus,real_swe_plus,network_auth_boundary,,rolling_visible_carry_forward,rolling_visible_carry_forward,600,1,2026-06-19T09:08:02.612063+00:00,2026-06-19T09:08:04.632473+00:00,2026-06-19T09:08:02.612108+00:00,2026-06-19T09:08:04.627255+00:00,0.013,33146312feffa160a32e762c32a2b0a3b61464eaaeb147e93bec4f257a858730,788201e978ef8757927f19ca9f6786fb0c7034e9c2464e97b9a2c390f754a1db,24c2aa4fdaf72321ee311eeeb023714d65b6477b681b763519a40c830f2f1974,a88a608eac743207085093b331252567a461c4ed62aca3f571cc614054237a6a,2526eb3cbef5f8daea0db84df0b45ec9306a4a240b97b0a6469947cc6bee806c,64a026a4236b1b40dd4c84896182d83ca4a5200fe4828b5f7e31afce8fcfcf72,6a7458aebaa10ebcc76a6d226fd20a8e6168750a89bacc574882c405bc40e8f4,6a7458aebaa10ebcc76a6d226fd20a8e6168750a89bacc574882c405bc40e8f4,6a7458aebaa10ebcc76a6d226fd20a8e6168750a89bacc574882c405bc40e8f4,bf0630beb52372c3453c4d395f8a77d60030282c3d46201d3fc218055acf60ee,direct_provider,dashscope,https://dashscope.aliyuncs.com/compatible-mode/v1,qwen3.7-max,https://dashscope.aliyuncs.com/compatible-mode/v1/chat/completions,qwen3.7-max,460fcbdb2292588d3356bf33464f23d8d6279a1f2188e11f9a1ff121452a2423,71aa9cbc0f0da53c5949b6545a569c3cf94a778a6ead9faea79db09fcc74a0db,ddfd5de40cdb4c18b26ca6ad4cfe860ea517f64a63c6b8d5288fc91b7539eaa6,explicit,0.7,4096,omitted,,omitted,,omitted,,omitted,,omitted,,omitted,,omitted,,omitted,,omitted,,False,dashscope_enable_thinking_false,e2146d526bd896be1b7b059a2c4d87319a36bf94bc6aef96d3136bf76e6853a4,provider_not_exposed,provider_not_exposed,False,,False,False,False,disabled,,,,0,0,0,0,0,0,none,,,,,,,,,,0,,0,"[""REQ_02_NYX5B9NF"", ""LOCK_02_FN9B5"", ""SCOPE_02_X5B9N"", ""CHECK_02_YX5B9"", ""ANCHOR_02_N9B5X"", ""EDGE_02_5B9NF"", ""FRONTIER_02_FN9B5X"", ""MERGE_02_NYXFN9"", ""VERIFY_02_5B9NF"", ""PLAN_02_B5XYN"", ""CONTRACT_02_NYX5B"", ""FINAL_02_FN9BNF""]",[],0,[],0,[],0,[],0,1,URLError: <urlopen error [Errno 1] Operation not permitted>,rerun_required,backend_error,bb0d462d6605d204a03306a21b8c5a927a1be24572538b041124b7bbbeab9153,7c077ca2308714493d07163e1033c4282bd869ff6d477b3e77408587f95e2930,7c077ca2308714493d07163e1033c4282bd869ff6d477b3e77408587f95e2930,78b9c6a3aacba408617f72ae758c3638598dbade3a6cbb06098ca77fc0251e8c,86a1a7b68d30977538c30e0da10e779c32136dfe5736b8d6337a791c444f57c9,released_raw_outputs/model_outputs/_probe_ecvs_qwen37max_harder_stress_v1_visiblecarry_vs_maturessrloop_15task_2method_3budget_1run/qwen37max/rolling_visible_carry_forward__harder_stress_v1_realswe_02_requests_proxy_redirect_auth__run_1__budget_600.jsonl,1,32333a56f583ea3144f0c7ba21d09ce29e8752284d461dea83a14e22680f2909,91f18b2525131d799756aed4ebcabc0cf706ac75e8851525673dd018b653d513,53206e4e5d2344ddcf852177aa70e1fba8acc501943e7e175e0b89910844fe45,_probe_ecvs_qwen37max_harder_stress_v1_visiblecarry_vs_maturessrloop_15task_2method_3budget_1run,rolling_visible_carry_forward,d239781121d1d6a6cd4cbcab5e859463831be69b2bcfc1a1884a2ada2c1ef299,5a9f5ac7be50f19bb9bc52f18619bb9ec8b5bd964116d6ca4a3fa9e027a7dd08,"{""boundary_constraint_count"": 6, ""budgets_supported"": [300, 600, 1200], ""conditional_constraint_count"": 4, ""conflicting_deprecated_api_mentions"": 4, ""decoy_count"": 9, ""difficulty_factors"": [""decoy_overload"", ""overwrite_update"", ""conditional_allowed_state"", ""forbidden_boundary_pressure"", ""multi_file_component_consistency"", ""plan_consistency"", ""budget_pressure""], ""files_touched_estimate"": 2, ""method_specific_selection_used"": false, ""model_outcomes_used"": false, ""required_output_size"": 12, ""security_boundary_relevance"": 5, ""segment_count"": 15, ""source_candidate_id"": ""realstyle_candidate_requests_proxy_redirect_auth"", ""strict_json_contract"": true, ""update_count"": 4}",649fa93b196242a19e144bd5297cf90abac45ad4aab2596921bacaa4f809894a,1,rolling_visible_identifier_carry_forward_v1_ecvs_safe_visible_only,rolling_visible_identifier_carry_forward_v1_ecvs_safe_visible_only,0,0,0,0,0,0,
_probe_ecvs_qwen37max_harder_stress_v1_visiblecarry_vs_maturessrloop_15task_2method_3budget_1run:qwen37max:rolling_visible_carry_forward:harder_stress_v1_realswe_03_pandas_tz_csv_roundtrip:budget_1200:run_1,qwen37max,harder_stress_v1_realswe_03_pandas_tz_csv_roundtrip,real_swe_style_controlled_plus,real_swe_plus,timezone_serialization_contract,,rolling_visible_carry_forward,rolling_visible_carry_forward,1200,1,2026-06-19T09:08:02.615603+00:00,2026-06-19T09:08:04.625847+00:00,2026-06-19T09:08:02.615637+00:00,2026-06-19T09:08:04.623397+00:00,0.005,33146312feffa160a32e762c32a2b0a3b61464eaaeb147e93bec4f257a858730,0a4a0c98ac37ff27a1737fe8dff4840f7ccadec2658dd81d92ddc03cac1d0cb2,24c2aa4fdaf72321ee311eeeb023714d65b6477b681b763519a40c830f2f1974,d266cccdd567f5319d2fe5e0462477c9873b7898080a48c143cb00423c8fc80a,8bd343cab1477b684db71d72e120db9848e3459dbb30d345a0b136b8d080672f,64a026a4236b1b40dd4c84896182d83ca4a5200fe4828b5f7e31afce8fcfcf72,6a7458aebaa10ebcc76a6d226fd20a8e6168750a89bacc574882c405bc40e8f4,6a7458aebaa10ebcc76a6d226fd20a8e6168750a89bacc574882c405bc40e8f4,6a7458aebaa10ebcc76a6d226fd20a8e6168750a89bacc574882c405bc40e8f4,bf0630beb52372c3453c4d395f8a77d60030282c3d46201d3fc218055acf60ee,direct_provider,dashscope,https://dashscope.aliyuncs.com/compatible-mode/v1,qwen3.7-max,https://dashscope.aliyuncs.com/compatible-mode/v1/chat/completions,qwen3.7-max,460fcbdb2292588d3356bf33464f23d8d6279a1f2188e11f9a1ff121452a2423,71aa9cbc0f0da53c5949b6545a569c3cf94a778a6ead9faea79db09fcc74a0db,ddfd5de40cdb4c18b26ca6ad4cfe860ea517f64a63c6b8d5288fc91b7539eaa6,explicit,0.7,4096,omitted,,omitted,,omitted,,omitted,,omitted,,omitted,,omitted,,omitted,,omitted,,False,dashscope_enable_thinking_false,e2146d526bd896be1b7b059a2c4d87319a36bf94bc6aef96d3136bf76e6853a4,provider_not_exposed,provider_not_exposed,False,,False,False,False,disabled,,,,0,0,0,0,0,0,none,,,,,,,,,,0,,0,"[""REQ_03_XLQZ4LRA"", ""LOCK_03_ARL4Z"", ""SCOPE_03_QZ4LR"", ""CHECK_03_LQZ4L"", ""ANCHOR_03_RL4ZQ"", ""EDGE_03_Z4LRA"", ""FRONTIER_03_ARL4ZQ"", ""MERGE_03_XLQARL"", ""VERIFY_03_Z4LRA"", ""PLAN_03_4ZQLX"", ""CONTRACT_03_XLQZ4"", ""FINAL_03_ARL4RA""]",[],0,[],0,[],0,[],0,1,URLError: <urlopen error [Errno 1] Operation not permitted>,rerun_required,backend_error,463c1ed005ee5ce633e7aa812ea23957cb870e14e9e8ffc76afced6290b2ceff,7c077ca2308714493d07163e1033c4282bd869ff6d477b3e77408587f95e2930,7c077ca2308714493d07163e1033c4282bd869ff6d477b3e77408587f95e2930,78b9c6a3aacba408617f72ae758c3638598dbade3a6cbb06098ca77fc0251e8c,9907f5fe5ea359be72712d3448b2c84964f7e58f6027b8dabd58e112ddb2052c,released_raw_outputs/model_outputs/_probe_ecvs_qwen37max_harder_stress_v1_visiblecarry_vs_maturessrloop_15task_2method_3budget_1run/qwen37max/rolling_visible_carry_forward__harder_stress_v1_realswe_03_pandas_tz_csv_roundtrip__run_1__budget_1200.jsonl,1,7e372888a09e75c38ccdf40074e08c1d98e01bfe1e3fe383278eb8c27b2aae35,025a999224978ed4ee455b71309df2b2e7d926401bc11f693d8438e7b6531469,41bb63f36b7434dc567bfa1ec787fec7dad1fb313c0a844c44734dd33bd84819,_probe_ecvs_qwen37max_harder_stress_v1_visiblecarry_vs_maturessrloop_15task_2method_3budget_1run,rolling_visible_carry_forward,d239781121d1d6a6cd4cbcab5e859463831be69b2bcfc1a1884a2ada2c1ef299,86a076235c0bae8c15aa2505d93ff9992c0c2c9962f05262267159d4930939c1,"{""boundary_constraint_count"": 4, ""budgets_supported"": [300, 600, 1200], ""conditional_constraint_count"": 3, ""decoy_count"": 8, ""dependency_import_interaction"": 4, ""difficulty_factors"": [""decoy_overload"", ""overwrite_update"", ""conditional_allowed_state"", ""multi_file_component_consistency"", ""final_output_contract_pressure"", ""budget_pressure""], ""files_touched_estimate"": 3, ""method_specific_selection_used"": false, ""model_outcomes_used"": false, ""required_output_size"": 11, ""segment_count"": 15, ""source_candidate_id"": ""realstyle_candidate_pandas_tz_csv_roundtrip"", ""strict_json_contract"": true, ""test_contract_complexity"": 5, ""update_count"": 4}",649fa93b196242a19e144bd5297cf90abac45ad4aab2596921bacaa4f809894a,1,rolling_visible_identifier_carry_forward_v1_ecvs_safe_visible_only,rolling_visible_identifier_carry_forward_v1_ecvs_safe_visible_only,0,0,0,0,0,0,
_probe_ecvs_qwen37max_harder_stress_v1_visiblecarry_vs_maturessrloop_15task_2method_3budget_1run:qwen37max:rolling_visible_carry_forward:harder_stress_v1_realswe_03_pandas_tz_csv_roundtrip:budget_300:run_1,qwen37max,harder_stress_v1_realswe_03_pandas_tz_csv_roundtrip,real_swe_style_controlled_plus,real_swe_plus,timezone_serialization_contract,,rolling_visible_carry_forward,rolling_visible_carry_forward,300,1,2026-06-19T09:08:02.615110+00:00,2026-06-19T09:08:04.627631+00:00,2026-06-19T09:08:02.615152+00:00,2026-06-19T09:08:04.625074+00:00,0.006,33146312feffa160a32e762c32a2b0a3b61464eaaeb147e93bec4f257a858730,0a4a0c98ac37ff27a1737fe8dff4840f7ccadec2658dd81d92ddc03cac1d0cb2,24c2aa4fdaf72321ee311eeeb023714d65b6477b681b763519a40c830f2f1974,d266cccdd567f5319d2fe5e0462477c9873b7898080a48c143cb00423c8fc80a,3182e5d415e8858f22bc706e067b3d245d217e18b9809d5a517fc72fcc8f3d5b,64a026a4236b1b40dd4c84896182d83ca4a5200fe4828b5f7e31afce8fcfcf72,6a7458aebaa10ebcc76a6d226fd20a8e6168750a89bacc574882c405bc40e8f4,6a7458aebaa10ebcc76a6d226fd20a8e6168750a89bacc574882c405bc40e8f4,6a7458aebaa10ebcc76a6d226fd20a8e6168750a89bacc574882c405bc40e8f4,bf0630beb52372c3453c4d395f8a77d60030282c3d46201d3fc218055acf60ee,direct_provider,dashscope,https://dashscope.aliyuncs.com/compatible-mode/v1,qwen3.7-max,https://dashscope.aliyuncs.com/compatible-mode/v1/chat/completions,qwen3.7-max,460fcbdb2292588d3356bf33464f23d8d6279a1f2188e11f9a1ff121452a2423,71aa9cbc0f0da53c5949b6545a569c3cf94a778a6ead9faea79db09fcc74a0db,ddfd5de40cdb4c18b26ca6ad4cfe860ea517f64a63c6b8d5288fc91b7539eaa6,explicit,0.7,4096,omitted,,omitted,,omitted,,omitted,,omitted,,omitted,,omitted,,omitted,,omitted,,False,dashscope_enable_thinking_false,e2146d526bd896be1b7b059a2c4d87319a36bf94bc6aef96d3136bf76e6853a4,provider_not_exposed,provider_not_exposed,False,,False,False,False,disabled,,,,0,0,0,0,0,0,none,,,,,,,,,,0,,0,"[""REQ_03_XLQZ4LRA"", ""LOCK_03_ARL4Z"", ""SCOPE_03_QZ4LR"", ""CHECK_03_LQZ4L"", ""ANCHOR_03_RL4ZQ"", ""EDGE_03_Z4LRA"", ""FRONTIER_03_ARL4ZQ"", ""MERGE_03_XLQARL"", ""VERIFY_03_Z4LRA"", ""PLAN_03_4ZQLX"", ""CONTRACT_03_XLQZ4"", ""FINAL_03_ARL4RA""]",[],0,[],0,[],0,[],0,1,URLError: <urlopen error [Errno 1] Operation not permitted>,rerun_required,backend_error,5a7608fe97c1e1314b8e843af11ea3580f878db4a79392e226a01a7f68858a46,7c077ca2308714493d07163e1033c4282bd869ff6d477b3e77408587f95e2930,7c077ca2308714493d07163e1033c4282bd869ff6d477b3e77408587f95e2930,78b9c6a3aacba408617f72ae758c3638598dbade3a6cbb06098ca77fc0251e8c,7aded7f6795c32bd52d7292a4f91515ddb772870b42994b693585fb4bf483be5,released_raw_outputs/model_outputs/_probe_ecvs_qwen37max_harder_stress_v1_visiblecarry_vs_maturessrloop_15task_2method_3budget_1run/qwen37max/rolling_visible_carry_forward__harder_stress_v1_realswe_03_pandas_tz_csv_roundtrip__run_1__budget_300.jsonl,1,80153944250777bbcb787b9c3b4e8077fab5181accc088468a19b48c7504f036,3b6bb9f85c743c21b0d9ca5ba8b293408c51554a9af01753bdf9a6414518ac74,ed9eb51f6964a7b21910b68e3b87995ecb5706cbf2f715e0d771fdd15dcff8e3,_probe_ecvs_qwen37max_harder_stress_v1_visiblecarry_vs_maturessrloop_15task_2method_3budget_1run,rolling_visible_carry_forward,d239781121d1d6a6cd4cbcab5e859463831be69b2bcfc1a1884a2ada2c1ef299,86a076235c0bae8c15aa2505d93ff9992c0c2c9962f05262267159d4930939c1,"{""boundary_constraint_count"": 4, ""budgets_supported"": [300, 600, 1200], ""conditional_constraint_count"": 3, ""decoy_count"": 8, ""dependency_import_interaction"": 4, ""difficulty_factors"": [""decoy_overload"", ""overwrite_update"", ""conditional_allowed_state"", ""multi_file_component_consistency"", ""final_output_contract_pressure"", ""budget_pressure""], ""files_touched_estimate"": 3, ""method_specific_selection_used"": false, ""model_outcomes_used"": false, ""required_output_size"": 11, ""segment_count"": 15, ""source_candidate_id"": ""realstyle_candidate_pandas_tz_csv_roundtrip"", ""strict_json_contract"": true, ""test_contract_complexity"": 5, ""update_count"": 4}",649fa93b196242a19e144bd5297cf90abac45ad4aab2596921bacaa4f809894a,1,rolling_visible_identifier_carry_forward_v1_ecvs_safe_visible_only,rolling_visible_identifier_carry_forward_v1_ecvs_safe_visible_only,0,0,0,0,0,0,
_probe_ecvs_qwen37max_harder_stress_v1_visiblecarry_vs_maturessrloop_15task_2method_3budget_1run:qwen37max:rolling_visible_carry_forward:harder_stress_v1_realswe_03_pandas_tz_csv_roundtrip:budget_600:run_1,qwen37max,harder_stress_v1_realswe_03_pandas_tz_csv_roundtrip,real_swe_style_controlled_plus,real_swe_plus,timezone_serialization_contract,,rolling_visible_carry_forward,rolling_visible_carry_forward,600,1,2026-06-19T09:08:02.616363+00:00,2026-06-19T09:08:04.629925+00:00,2026-06-19T09:08:02.616399+00:00,2026-06-19T09:08:04.626366+00:00,0.006,33146312feffa160a32e762c32a2b0a3b61464eaaeb147e93bec4f257a858730,0a4a0c98ac37ff27a1737fe8dff4840f7ccadec2658dd81d92ddc03cac1d0cb2,24c2aa4fdaf72321ee311eeeb023714d65b6477b681b763519a40c830f2f1974,d266cccdd567f5319d2fe5e0462477c9873b7898080a48c143cb00423c8fc80a,e8b408ed3b2fb759b91585647b1f0d04988a53ab9221a686506a34cf5278441b,64a026a4236b1b40dd4c84896182d83ca4a5200fe4828b5f7e31afce8fcfcf72,6a7458aebaa10ebcc76a6d226fd20a8e6168750a89bacc574882c405bc40e8f4,6a7458aebaa10ebcc76a6d226fd20a8e6168750a89bacc574882c405bc40e8f4,6a7458aebaa10ebcc76a6d226fd20a8e6168750a89bacc574882c405bc40e8f4,bf0630beb52372c3453c4d395f8a77d60030282c3d46201d3fc218055acf60ee,direct_provider,dashscope,https://dashscope.aliyuncs.com/compatible-mode/v1,qwen3.7-max,https://dashscope.aliyuncs.com/compatible-mode/v1/chat/completions,qwen3.7-max,460fcbdb2292588d3356bf33464f23d8d6279a1f2188e11f9a1ff121452a2423,71aa9cbc0f0da53c5949b6545a569c3cf94a778a6ead9faea79db09fcc74a0db,ddfd5de40cdb4c18b26ca6ad4cfe860ea517f64a63c6b8d5288fc91b7539eaa6,explicit,0.7,4096,omitted,,omitted,,omitted,,omitted,,omitted,,omitted,,omitted,,omitted,,omitted,,False,dashscope_enable_thinking_false,e2146d526bd896be1b7b059a2c4d87319a36bf94bc6aef96d3136bf76e6853a4,provider_not_exposed,provider_not_exposed,False,,False,False,False,disabled,,,,0,0,0,0,0,0,none,,,,,,,,,,0,,0,"[""REQ_03_XLQZ4LRA"", ""LOCK_03_ARL4Z"", ""SCOPE_03_QZ4LR"", ""CHECK_03_LQZ4L"", ""ANCHOR_03_RL4ZQ"", ""EDGE_03_Z4LRA"", ""FRONTIER_03_ARL4ZQ"", ""MERGE_03_XLQARL"", ""VERIFY_03_Z4LRA"", ""PLAN_03_4ZQLX"", ""CONTRACT_03_XLQZ4"", ""FINAL_03_ARL4RA""]",[],0,[],0,[],0,[],0,1,URLError: <urlopen error [Errno 1] Operation not permitted>,rerun_required,backend_error,363cf49a20eb26a176435ec3ebe4374c87de5cc650476d05a05876369fbb89c2,7c077ca2308714493d07163e1033c4282bd869ff6d477b3e77408587f95e2930,7c077ca2308714493d07163e1033c4282bd869ff6d477b3e77408587f95e2930,78b9c6a3aacba408617f72ae758c3638598dbade3a6cbb06098ca77fc0251e8c,357ed7faf7fd55276ec4806391f2de3a8eba5c43a0be29e6d2d546fd884ed144,released_raw_outputs/model_outputs/_probe_ecvs_qwen37max_harder_stress_v1_visiblecarry_vs_maturessrloop_15task_2method_3budget_1run/qwen37max/rolling_visible_carry_forward__harder_stress_v1_realswe_03_pandas_tz_csv_roundtrip__run_1__budget_600.jsonl,1,8e587a91ae20c795373a52eafcf4bb3c6c288393f04e1dfb647dd7338892d16f,e96a511316d43ef6f1eed41b1baf65c9b59fd62ab4792999eb12d15722ce4c94,838fed99dcaaea39a91faeed6cf1c5c549434d4247c801719632d274d7c5482a,_probe_ecvs_qwen37max_harder_stress_v1_visiblecarry_vs_maturessrloop_15task_2method_3budget_1run,rolling_visible_carry_forward,d239781121d1d6a6cd4cbcab5e859463831be69b2bcfc1a1884a2ada2c1ef299,86a076235c0bae8c15aa2505d93ff9992c0c2c9962f05262267159d4930939c1,"{""boundary_constraint_count"": 4, ""budgets_supported"": [300, 600, 1200], ""conditional_constraint_count"": 3, ""decoy_count"": 8, ""dependency_import_interaction"": 4, ""difficulty_factors"": [""decoy_overload"", ""overwrite_update"", ""conditional_allowed_state"", ""multi_file_component_consistency"", ""final_output_contract_pressure"", ""budget_pressure""], ""files_touched_estimate"": 3, ""method_specific_selection_used"": false, ""model_outcomes_used"": false, ""required_output_size"": 11, ""segment_count"": 15, ""source_candidate_id"": ""realstyle_candidate_pandas_tz_csv_roundtrip"", ""strict_json_contract"": true, ""test_contract_complexity"": 5, ""update_count"": 4}",649fa93b196242a19e144bd5297cf90abac45ad4aab2596921bacaa4f809894a,1,rolling_visible_identifier_carry_forward_v1_ecvs_safe_visible_only,rolling_visible_identifier_carry_forward_v1_ecvs_safe_visible_only,0,0,0,0,0,0,
_probe_ecvs_qwen37max_harder_stress_v1_visiblecarry_vs_maturessrloop_15task_2method_3budget_1run:qwen37max:rolling_visible_carry_forward:harder_stress_v1_realswe_04_pytest_nodeid_stability:budget_1200:run_1,qwen37max,harder_stress_v1_realswe_04_pytest_nodeid_stability,real_swe_style_controlled_plus,real_swe_plus,test_nodeid_contract,,rolling_visible_carry_forward,rolling_visible_carry_forward,1200,1,2026-06-19T09:08:02.615995+00:00,2026-06-19T09:08:04.625512+00:00,2026-06-19T09:08:02.616030+00:00,2026-06-19T09:08:04.623315+00:00,0.006,33146312feffa160a32e762c32a2b0a3b61464eaaeb147e93bec4f257a858730,370f14611458b94f4e183ca79c06877ad477670da8cc63b9ba4e4b5949ea36f7,24c2aa4fdaf72321ee311eeeb023714d65b6477b681b763519a40c830f2f1974,e901244984964694be3a2552404ff41ddacda4f86461f199a1959272a7006b9b,470f9ce4e03f5d3e5d5dce02574cf449d2f0b60b60b4d17c2b2aea972a95f48b,64a026a4236b1b40dd4c84896182d83ca4a5200fe4828b5f7e31afce8fcfcf72,6a7458aebaa10ebcc76a6d226fd20a8e6168750a89bacc574882c405bc40e8f4,6a7458aebaa10ebcc76a6d226fd20a8e6168750a89bacc574882c405bc40e8f4,6a7458aebaa10ebcc76a6d226fd20a8e6168750a89bacc574882c405bc40e8f4,bf0630beb52372c3453c4d395f8a77d60030282c3d46201d3fc218055acf60ee,direct_provider,dashscope,https://dashscope.aliyuncs.com/compatible-mode/v1,qwen3.7-max,https://dashscope.aliyuncs.com/compatible-mode/v1/chat/completions,qwen3.7-max,460fcbdb2292588d3356bf33464f23d8d6279a1f2188e11f9a1ff121452a2423,71aa9cbc0f0da53c5949b6545a569c3cf94a778a6ead9faea79db09fcc74a0db,ddfd5de40cdb4c18b26ca6ad4cfe860ea517f64a63c6b8d5288fc91b7539eaa6,explicit,0.7,4096,omitted,,omitted,,omitted,,omitted,,omitted,,omitted,,omitted,,omitted,,omitted,,False,dashscope_enable_thinking_false,e2146d526bd896be1b7b059a2c4d87319a36bf94bc6aef96d3136bf76e6853a4,provider_not_exposed,provider_not_exposed,False,,False,False,False,disabled,,,,0,0,0,0,0,0,none,,,,,,,,,,0,,0,"[""REQ_04_ZXN9QHWJ"", ""LOCK_04_JWHQ9"", ""SCOPE_04_N9QHW"", ""CHECK_04_XN9QH"", ""ANCHOR_04_WHQ9N"", ""EDGE_04_9QHWJ"", ""FRONTIER_04_JWHQ9N"", ""MERGE_04_ZXNJWH"", ""VERIFY_04_9QHWJ"", ""PLAN_04_Q9NXZ"", ""CONTRACT_04_ZXN9Q"", ""FINAL_04_JWHQWJ""]",[],0,[],0,[],0,[],0,1,URLError: <urlopen error [Errno 1] Operation not permitted>,rerun_required,backend_error,d02ea81b4f188a55367abd554561a3c47659a871a1cdddef94c969563c124328,7c077ca2308714493d07163e1033c4282bd869ff6d477b3e77408587f95e2930,7c077ca2308714493d07163e1033c4282bd869ff6d477b3e77408587f95e2930,78b9c6a3aacba408617f72ae758c3638598dbade3a6cbb06098ca77fc0251e8c,617e176242f17fa1c911fac37e1ed41513b354aa947b3da3472d7910023dc06b,released_raw_outputs/model_outputs/_probe_ecvs_qwen37max_harder_stress_v1_visiblecarry_vs_maturessrloop_15task_2method_3budget_1run/qwen37max/rolling_visible_carry_forward__harder_stress_v1_realswe_04_pytest_nodeid_stability__run_1__budget_1200.jsonl,1,934fc8e193433b5a51973bd94e666c16db0a3374e74cb7cef38b83b6921f1d36,21109fdaebac5486b3ead0f3855ef679997e02156b997c42ad24ab60b845c54c,0fda980ab59885ff13f7f39cfdb68969e639bc357139e2f2ec61ae21131a1bb5,_probe_ecvs_qwen37max_harder_stress_v1_visiblecarry_vs_maturessrloop_15task_2method_3budget_1run,rolling_visible_carry_forward,d239781121d1d6a6cd4cbcab5e859463831be69b2bcfc1a1884a2ada2c1ef299,43d516f27aeb301203ff4cedfff5c1ba5667ca5b2e803069c79c8cba129ae1fb,"{""boundary_constraint_count"": 4, ""budgets_supported"": [300, 600, 1200], ""conditional_constraint_count"": 4, ""decoy_count"": 10, ""difficulty_factors"": [""decoy_overload"", ""overwrite_update"", ""conditional_allowed_state"", ""multi_file_component_consistency"", ""distractor_segment"", ""final_output_contract_pressure"", ""budget_pressure""], ""files_touched_estimate"": 3, ""method_specific_selection_used"": false, ""model_outcomes_used"": false, ""patch_location_ambiguity"": 4, ""required_output_size"": 12, ""segment_count"": 16, ""source_candidate_id"": ""realstyle_candidate_pytest_nodeid_stability"", ""strict_json_contract"": true, ""test_contract_complexity"": 5, ""update_count"": 4}",649fa93b196242a19e144bd5297cf90abac45ad4aab2596921bacaa4f809894a,1,rolling_visible_identifier_carry_forward_v1_ecvs_safe_visible_only,rolling_visible_identifier_carry_forward_v1_ecvs_safe_visible_only,0,0,0,0,0,0,
_probe_ecvs_qwen37max_harder_stress_v1_visiblecarry_vs_maturessrloop_15task_2method_3budget_1run:qwen37max:rolling_visible_carry_forward:harder_stress_v1_realswe_04_pytest_nodeid_stability:budget_300:run_1,qwen37max,harder_stress_v1_realswe_04_pytest_nodeid_stability,real_swe_style_controlled_plus,real_swe_plus,test_nodeid_contract,,rolling_visible_carry_forward,rolling_visible_carry_forward,300,1,2026-06-19T09:08:02.618245+00:00,2026-06-19T09:08:04.632325+00:00,2026-06-19T09:08:02.618275+00:00,2026-06-19T09:08:04.628452+00:00,0.005,33146312feffa160a32e762c32a2b0a3b61464eaaeb147e93bec4f257a858730,370f14611458b94f4e183ca79c06877ad477670da8cc63b9ba4e4b5949ea36f7,24c2aa4fdaf72321ee311eeeb023714d65b6477b681b763519a40c830f2f1974,e901244984964694be3a2552404ff41ddacda4f86461f199a1959272a7006b9b,bfa39ed13605251713f6428b4dc8a1aa78fe7a5e024121b11f0e66a294f15030,64a026a4236b1b40dd4c84896182d83ca4a5200fe4828b5f7e31afce8fcfcf72,6a7458aebaa10ebcc76a6d226fd20a8e6168750a89bacc574882c405bc40e8f4,6a7458aebaa10ebcc76a6d226fd20a8e6168750a89bacc574882c405bc40e8f4,6a7458aebaa10ebcc76a6d226fd20a8e6168750a89bacc574882c405bc40e8f4,bf0630beb52372c3453c4d395f8a77d60030282c3d46201d3fc218055acf60ee,direct_provider,dashscope,https://dashscope.aliyuncs.com/compatible-mode/v1,qwen3.7-max,https://dashscope.aliyuncs.com/compatible-mode/v1/chat/completions,qwen3.7-max,460fcbdb2292588d3356bf33464f23d8d6279a1f2188e11f9a1ff121452a2423,71aa9cbc0f0da53c5949b6545a569c3cf94a778a6ead9faea79db09fcc74a0db,ddfd5de40cdb4c18b26ca6ad4cfe860ea517f64a63c6b8d5288fc91b7539eaa6,explicit,0.7,4096,omitted,,omitted,,omitted,,omitted,,omitted,,omitted,,omitted,,omitted,,omitted,,False,dashscope_enable_thinking_false,e2146d526bd896be1b7b059a2c4d87319a36bf94bc6aef96d3136bf76e6853a4,provider_not_exposed,provider_not_exposed,False,,False,False,False,disabled,,,,0,0,0,0,0,0,none,,,,,,,,,,0,,0,"[""REQ_04_ZXN9QHWJ"", ""LOCK_04_JWHQ9"", ""SCOPE_04_N9QHW"", ""CHECK_04_XN9QH"", ""ANCHOR_04_WHQ9N"", ""EDGE_04_9QHWJ"", ""FRONTIER_04_JWHQ9N"", ""MERGE_04_ZXNJWH"", ""VERIFY_04_9QHWJ"", ""PLAN_04_Q9NXZ"", ""CONTRACT_04_ZXN9Q"", ""FINAL_04_JWHQWJ""]",[],0,[],0,[],0,[],0,1,URLError: <urlopen error [Errno 1] Operation not permitted>,rerun_required,backend_error,c0ee667bb72bdcc2ec544927addfae1c0af40c31b87294ae73adfb2cae7526e9,7c077ca2308714493d07163e1033c4282bd869ff6d477b3e77408587f95e2930,7c077ca2308714493d07163e1033c4282bd869ff6d477b3e77408587f95e2930,78b9c6a3aacba408617f72ae758c3638598dbade3a6cbb06098ca77fc0251e8c,aa253298474e796c65df00a4a51f157d5b80abc28d39a5ff42bd723c0b755cb8,released_raw_outputs/model_outputs/_probe_ecvs_qwen37max_harder_stress_v1_visiblecarry_vs_maturessrloop_15task_2method_3budget_1run/qwen37max/rolling_visible_carry_forward__harder_stress_v1_realswe_04_pytest_nodeid_stability__run_1__budget_300.jsonl,1,e5737d731db86b99a8caf9dec81f88f4cb9a10e708127abdaf62a8068a11f75e,cd05df2575a4d1d86618f73988a58655a6b7de92de9217788b206303cc477bff,34fc9429c7a581a68e5f354d651176b44b3985e1a79b4767fddce76922e7a179,_probe_ecvs_qwen37max_harder_stress_v1_visiblecarry_vs_maturessrloop_15task_2method_3budget_1run,rolling_visible_carry_forward,d239781121d1d6a6cd4cbcab5e859463831be69b2bcfc1a1884a2ada2c1ef299,43d516f27aeb301203ff4cedfff5c1ba5667ca5b2e803069c79c8cba129ae1fb,"{""boundary_constraint_count"": 4, ""budgets_supported"": [300, 600, 1200], ""conditional_constraint_count"": 4, ""decoy_count"": 10, ""difficulty_factors"": [""decoy_overload"", ""overwrite_update"", ""conditional_allowed_state"", ""multi_file_component_consistency"", ""distractor_segment"", ""final_output_contract_pressure"", ""budget_pressure""], ""files_touched_estimate"": 3, ""method_specific_selection_used"": false, ""model_outcomes_used"": false, ""patch_location_ambiguity"": 4, ""required_output_size"": 12, ""segment_count"": 16, ""source_candidate_id"": ""realstyle_candidate_pytest_nodeid_stability"", ""strict_json_contract"": true, ""test_contract_complexity"": 5, ""update_count"": 4}",649fa93b196242a19e144bd5297cf90abac45ad4aab2596921bacaa4f809894a,1,rolling_visible_identifier_carry_forward_v1_ecvs_safe_visible_only,rolling_visible_identifier_carry_forward_v1_ecvs_safe_visible_only,0,0,0,0,0,0,
_probe_ecvs_qwen37max_harder_stress_v1_visiblecarry_vs_maturessrloop_15task_2method_3budget_1run:qwen37max:rolling_visible_carry_forward:harder_stress_v1_realswe_04_pytest_nodeid_stability:budget_600:run_1,qwen37max,harder_stress_v1_realswe_04_pytest_nodeid_stability,real_swe_style_controlled_plus,real_swe_plus,test_nodeid_contract,,rolling_visible_carry_forward,rolling_visible_carry_forward,600,1,2026-06-19T09:08:02.615757+00:00,2026-06-19T09:08:04.629517+00:00,2026-06-19T09:08:02.615791+00:00,2026-06-19T09:08:04.624770+00:00,0.005,33146312feffa160a32e762c32a2b0a3b61464eaaeb147e93bec4f257a858730,370f14611458b94f4e183ca79c06877ad477670da8cc63b9ba4e4b5949ea36f7,24c2aa4fdaf72321ee311eeeb023714d65b6477b681b763519a40c830f2f1974,e901244984964694be3a2552404ff41ddacda4f86461f199a1959272a7006b9b,fafe61f7f5c6308a17be83ce6a9a09dd26c8f68816d136e79f3e24b7f4d71b57,64a026a4236b1b40dd4c84896182d83ca4a5200fe4828b5f7e31afce8fcfcf72,6a7458aebaa10ebcc76a6d226fd20a8e6168750a89bacc574882c405bc40e8f4,6a7458aebaa10ebcc76a6d226fd20a8e6168750a89bacc574882c405bc40e8f4,6a7458aebaa10ebcc76a6d226fd20a8e6168750a89bacc574882c405bc40e8f4,bf0630beb52372c3453c4d395f8a77d60030282c3d46201d3fc218055acf60ee,direct_provider,dashscope,https://dashscope.aliyuncs.com/compatible-mode/v1,qwen3.7-max,https://dashscope.aliyuncs.com/compatible-mode/v1/chat/completions,qwen3.7-max,460fcbdb2292588d3356bf33464f23d8d6279a1f2188e11f9a1ff121452a2423,71aa9cbc0f0da53c5949b6545a569c3cf94a778a6ead9faea79db09fcc74a0db,ddfd5de40cdb4c18b26ca6ad4cfe860ea517f64a63c6b8d5288fc91b7539eaa6,explicit,0.7,4096,omitted,,omitted,,omitted,,omitted,,omitted,,omitted,,omitted,,omitted,,omitted,,False,dashscope_enable_thinking_false,e2146d526bd896be1b7b059a2c4d87319a36bf94bc6aef96d3136bf76e6853a4,provider_not_exposed,provider_not_exposed,False,,False,False,False,disabled,,,,0,0,0,0,0,0,none,,,,,,,,,,0,,0,"[""REQ_04_ZXN9QHWJ"", ""LOCK_04_JWHQ9"", ""SCOPE_04_N9QHW"", ""CHECK_04_XN9QH"", ""ANCHOR_04_WHQ9N"", ""EDGE_04_9QHWJ"", ""FRONTIER_04_JWHQ9N"", ""MERGE_04_ZXNJWH"", ""VERIFY_04_9QHWJ"", ""PLAN_04_Q9NXZ"", ""CONTRACT_04_ZXN9Q"", ""FINAL_04_JWHQWJ""]",[],0,[],0,[],0,[],0,1,URLError: <urlopen error [Errno 1] Operation not permitted>,rerun_required,backend_error,175efe93c73046e790a085fc61852874430adce87b733d2c518b68b8a29a4438,7c077ca2308714493d07163e1033c4282bd869ff6d477b3e77408587f95e2930,7c077ca2308714493d07163e1033c4282bd869ff6d477b3e77408587f95e2930,78b9c6a3aacba408617f72ae758c3638598dbade3a6cbb06098ca77fc0251e8c,5e365665881296e34eea1bdbda99681d2bd5953416d67c70786d5fa77d1fcb3a,released_raw_outputs/model_outputs/_probe_ecvs_qwen37max_harder_stress_v1_visiblecarry_vs_maturessrloop_15task_2method_3budget_1run/qwen37max/rolling_visible_carry_forward__harder_stress_v1_realswe_04_pytest_nodeid_stability__run_1__budget_600.jsonl,1,909431f9fcb39d936a6dbc6e1107564da96520f5d225385fca76d10a77e69cdf,66dd3a714bf392fdd56ddb6fba9a4f1b6f2548765675eeefce585defcf079b04,fef52c52ce7c06cc40975d96e233aeb91e8060e423bd758ced30d8305c51fd15,_probe_ecvs_qwen37max_harder_stress_v1_visiblecarry_vs_maturessrloop_15task_2method_3budget_1run,rolling_visible_carry_forward,d239781121d1d6a6cd4cbcab5e859463831be69b2bcfc1a1884a2ada2c1ef299,43d516f27aeb301203ff4cedfff5c1ba5667ca5b2e803069c79c8cba129ae1fb,"{""boundary_constraint_count"": 4, ""budgets_supported"": [300, 600, 1200], ""conditional_constraint_count"": 4, ""decoy_count"": 10, ""difficulty_factors"": [""decoy_overload"", ""overwrite_update"", ""conditional_allowed_state"", ""multi_file_component_consistency"", ""distractor_segment"", ""final_output_contract_pressure"", ""budget_pressure""], ""files_touched_estimate"": 3, ""method_specific_selection_used"": false, ""model_outcomes_used"": false, ""patch_location_ambiguity"": 4, ""required_output_size"": 12, ""segment_count"": 16, ""source_candidate_id"": ""realstyle_candidate_pytest_nodeid_stability"", ""strict_json_contract"": true, ""test_contract_complexity"": 5, ""update_count"": 4}",649fa93b196242a19e144bd5297cf90abac45ad4aab2596921bacaa4f809894a,1,rolling_visible_identifier_carry_forward_v1_ecvs_safe_visible_only,rolling_visible_identifier_carry_forward_v1_ecvs_safe_visible_only,0,0,0,0,0,0,
_probe_ecvs_qwen37max_harder_stress_v1_visiblecarry_vs_maturessrloop_15task_2method_3budget_1run:qwen37max:rolling_visible_carry_forward:harder_stress_v1_realswe_05_fastapi_dependency_precedence:budget_1200:run_1,qwen37max,harder_stress_v1_realswe_05_fastapi_dependency_precedence,real_swe_style_controlled_plus,real_swe_plus,dependency_resolution_order,,rolling_visible_carry_forward,rolling_visible_carry_forward,1200,1,2026-06-19T09:08:02.619742+00:00,2026-06-19T09:08:04.631371+00:00,2026-06-19T09:08:02.619778+00:00,2026-06-19T09:08:04.628415+00:00,0.004,33146312feffa160a32e762c32a2b0a3b61464eaaeb147e93bec4f257a858730,f067d263f2cd1558aabd2a817f0c25c27b716831c6e929f4ed0e9b02db7efe9e,24c2aa4fdaf72321ee311eeeb023714d65b6477b681b763519a40c830f2f1974,f16ce65d656bc7396f4bdd1ec70e171f2cc4d0cc0fe1e22ac77149e9eac14906,6ba56bb3de6807d3d371f75f541fa3999009cc6e6269fa0277ffe7d533c6bda4,64a026a4236b1b40dd4c84896182d83ca4a5200fe4828b5f7e31afce8fcfcf72,6a7458aebaa10ebcc76a6d226fd20a8e6168750a89bacc574882c405bc40e8f4,6a7458aebaa10ebcc76a6d226fd20a8e6168750a89bacc574882c405bc40e8f4,6a7458aebaa10ebcc76a6d226fd20a8e6168750a89bacc574882c405bc40e8f4,bf0630beb52372c3453c4d395f8a77d60030282c3d46201d3fc218055acf60ee,direct_provider,dashscope,https://dashscope.aliyuncs.com/compatible-mode/v1,qwen3.7-max,https://dashscope.aliyuncs.com/compatible-mode/v1/chat/completions,qwen3.7-max,460fcbdb2292588d3356bf33464f23d8d6279a1f2188e11f9a1ff121452a2423,71aa9cbc0f0da53c5949b6545a569c3cf94a778a6ead9faea79db09fcc74a0db,ddfd5de40cdb4c18b26ca6ad4cfe860ea517f64a63c6b8d5288fc91b7539eaa6,explicit,0.7,4096,omitted,,omitted,,omitted,,omitted,,omitted,,omitted,,omitted,,omitted,,omitted,,False,dashscope_enable_thinking_false,e2146d526bd896be1b7b059a2c4d87319a36bf94bc6aef96d3136bf76e6853a4,provider_not_exposed,provider_not_exposed,False,,False,False,False,disabled,,,,0,0,0,0,0,0,none,,,,,,,,,,0,,0,"[""REQ_05_K2P4S7S7"", ""LOCK_05_7S7S4"", ""SCOPE_05_P4S7S"", ""CHECK_05_2P4S7"", ""ANCHOR_05_S7S4P"", ""EDGE_05_4S7S7"", ""FRONTIER_05_7S7S4P"", ""MERGE_05_K2P7S7"", ""VERIFY_05_4S7S7"", ""PLAN_05_S4P2K"", ""CONTRACT_05_K2P4S"", ""FINAL_05_7S7SS7""]",[],0,[],0,[],0,[],0,1,URLError: <urlopen error [Errno 1] Operation not permitted>,rerun_required,backend_error,740fc63021ada90493b9de67df036dcb058f218de412c4042ba0f5bbab0eaebb,7c077ca2308714493d07163e1033c4282bd869ff6d477b3e77408587f95e2930,7c077ca2308714493d07163e1033c4282bd869ff6d477b3e77408587f95e2930,78b9c6a3aacba408617f72ae758c3638598dbade3a6cbb06098ca77fc0251e8c,b91f8131c075c14edcad312bf693135e676a0fb82907641b6195e2a6683a3e5e,released_raw_outputs/model_outputs/_probe_ecvs_qwen37max_harder_stress_v1_visiblecarry_vs_maturessrloop_15task_2method_3budget_1run/qwen37max/rolling_visible_carry_forward__harder_stress_v1_realswe_05_fastapi_dependency_precedence__run_1__budget_1200.jsonl,1,d29be2e7382c2d9e8924e461dae93005ac898fea0ceb064aa48a0c5dd734f477,9c0ea222906695a9879d3c47bc7d678caf4dcb3c6310843624f667e2e6234581,179e8ff38cc7925fae6604ddab7316b18673540f6746406d5c0843ad84bff2ac,_probe_ecvs_qwen37max_harder_stress_v1_visiblecarry_vs_maturessrloop_15task_2method_3budget_1run,rolling_visible_carry_forward,d239781121d1d6a6cd4cbcab5e859463831be69b2bcfc1a1884a2ada2c1ef299,230906266a8d0bfd20dba4e335d7806984724850f46b25559b45eddc827152d6,"{""boundary_constraint_count"": 5, ""budgets_supported"": [300, 600, 1200], ""conditional_constraint_count"": 4, ""decoy_count"": 9, ""difficulty_factors"": [""decoy_overload"", ""overwrite_update"", ""conditional_allowed_state"", ""forbidden_boundary_pressure"", ""multi_file_component_consistency"", ""plan_consistency"", ""budget_pressure""], ""files_touched_estimate"": 2, ""method_specific_selection_used"": false, ""model_outcomes_used"": false, ""number_of_relevant_symbols"": 7, ""patch_location_ambiguity"": 5, ""required_output_size"": 12, ""segment_count"": 15, ""source_candidate_id"": ""realstyle_candidate_fastapi_dependency_precedence"", ""strict_json_contract"": true, ""update_count"": 4}",649fa93b196242a19e144bd5297cf90abac45ad4aab2596921bacaa4f809894a,1,rolling_visible_identifier_carry_forward_v1_ecvs_safe_visible_only,rolling_visible_identifier_carry_forward_v1_ecvs_safe_visible_only,0,0,0,0,0,0,
_probe_ecvs_qwen37max_harder_stress_v1_visiblecarry_vs_maturessrloop_15task_2method_3budget_1run:qwen37max:rolling_visible_carry_forward:harder_stress_v1_realswe_05_fastapi_dependency_precedence:budget_300:run_1,qwen37max,harder_stress_v1_realswe_05_fastapi_dependency_precedence,real_swe_style_controlled_plus,real_swe_plus,dependency_resolution_order,,rolling_visible_carry_forward,rolling_visible_carry_forward,300,1,2026-06-19T09:08:02.617113+00:00,2026-06-19T09:08:04.627455+00:00,2026-06-19T09:08:02.617145+00:00,2026-06-19T09:08:04.623431+00:00,0.004,33146312feffa160a32e762c32a2b0a3b61464eaaeb147e93bec4f257a858730,f067d263f2cd1558aabd2a817f0c25c27b716831c6e929f4ed0e9b02db7efe9e,24c2aa4fdaf72321ee311eeeb023714d65b6477b681b763519a40c830f2f1974,f16ce65d656bc7396f4bdd1ec70e171f2cc4d0cc0fe1e22ac77149e9eac14906,13dab4caa6b00cc6bb8b0d50365cf86ca00face2afa2f0dd7790cc1ab12e5447,64a026a4236b1b40dd4c84896182d83ca4a5200fe4828b5f7e31afce8fcfcf72,6a7458aebaa10ebcc76a6d226fd20a8e6168750a89bacc574882c405bc40e8f4,6a7458aebaa10ebcc76a6d226fd20a8e6168750a89bacc574882c405bc40e8f4,6a7458aebaa10ebcc76a6d226fd20a8e6168750a89bacc574882c405bc40e8f4,bf0630beb52372c3453c4d395f8a77d60030282c3d46201d3fc218055acf60ee,direct_provider,dashscope,https://dashscope.aliyuncs.com/compatible-mode/v1,qwen3.7-max,https://dashscope.aliyuncs.com/compatible-mode/v1/chat/completions,qwen3.7-max,460fcbdb2292588d3356bf33464f23d8d6279a1f2188e11f9a1ff121452a2423,71aa9cbc0f0da53c5949b6545a569c3cf94a778a6ead9faea79db09fcc74a0db,ddfd5de40cdb4c18b26ca6ad4cfe860ea517f64a63c6b8d5288fc91b7539eaa6,explicit,0.7,4096,omitted,,omitted,,omitted,,omitted,,omitted,,omitted,,omitted,,omitted,,omitted,,False,dashscope_enable_thinking_false,e2146d526bd896be1b7b059a2c4d87319a36bf94bc6aef96d3136bf76e6853a4,provider_not_exposed,provider_not_exposed,False,,False,False,False,disabled,,,,0,0,0,0,0,0,none,,,,,,,,,,0,,0,"[""REQ_05_K2P4S7S7"", ""LOCK_05_7S7S4"", ""SCOPE_05_P4S7S"", ""CHECK_05_2P4S7"", ""ANCHOR_05_S7S4P"", ""EDGE_05_4S7S7"", ""FRONTIER_05_7S7S4P"", ""MERGE_05_K2P7S7"", ""VERIFY_05_4S7S7"", ""PLAN_05_S4P2K"", ""CONTRACT_05_K2P4S"", ""FINAL_05_7S7SS7""]",[],0,[],0,[],0,[],0,1,URLError: <urlopen error [Errno 1] Operation not permitted>,rerun_required,backend_error,c132622b44d30deec63f6d4ad3c932dc6847cea210b54fdba047f542ad4b7b26,7c077ca2308714493d07163e1033c4282bd869ff6d477b3e77408587f95e2930,7c077ca2308714493d07163e1033c4282bd869ff6d477b3e77408587f95e2930,78b9c6a3aacba408617f72ae758c3638598dbade3a6cbb06098ca77fc0251e8c,fbf790666e654c566d08bcad3f98c58db41dff67369ba79eb382259141088495,released_raw_outputs/model_outputs/_probe_ecvs_qwen37max_harder_stress_v1_visiblecarry_vs_maturessrloop_15task_2method_3budget_1run/qwen37max/rolling_visible_carry_forward__harder_stress_v1_realswe_05_fastapi_dependency_precedence__run_1__budget_300.jsonl,1,646a5a71032baba147b2ff0d9f514570db740bd2c1d8ff24f6be6592b0ddf978,f0e47424b17f6d9e3470cff1edc967223ea0adb0db6e3764f1cca8b31a79d245,52a942308a00d030bea250fd215a258b112c942e05e24c18faabe9bc1f7a9374,_probe_ecvs_qwen37max_harder_stress_v1_visiblecarry_vs_maturessrloop_15task_2method_3budget_1run,rolling_visible_carry_forward,d239781121d1d6a6cd4cbcab5e859463831be69b2bcfc1a1884a2ada2c1ef299,230906266a8d0bfd20dba4e335d7806984724850f46b25559b45eddc827152d6,"{""boundary_constraint_count"": 5, ""budgets_supported"": [300, 600, 1200], ""conditional_constraint_count"": 4, ""decoy_count"": 9, ""difficulty_factors"": [""decoy_overload"", ""overwrite_update"", ""conditional_allowed_state"", ""forbidden_boundary_pressure"", ""multi_file_component_consistency"", ""plan_consistency"", ""budget_pressure""], ""files_touched_estimate"": 2, ""method_specific_selection_used"": false, ""model_outcomes_used"": false, ""number_of_relevant_symbols"": 7, ""patch_location_ambiguity"": 5, ""required_output_size"": 12, ""segment_count"": 15, ""source_candidate_id"": ""realstyle_candidate_fastapi_dependency_precedence"", ""strict_json_contract"": true, ""update_count"": 4}",649fa93b196242a19e144bd5297cf90abac45ad4aab2596921bacaa4f809894a,1,rolling_visible_identifier_carry_forward_v1_ecvs_safe_visible_only,rolling_visible_identifier_carry_forward_v1_ecvs_safe_visible_only,0,0,0,0,0,0,
_probe_ecvs_qwen37max_harder_stress_v1_visiblecarry_vs_maturessrloop_15task_2method_3budget_1run:qwen37max:rolling_visible_carry_forward:harder_stress_v1_realswe_05_fastapi_dependency_precedence:budget_600:run_1,qwen37max,harder_stress_v1_realswe_05_fastapi_dependency_precedence,real_swe_style_controlled_plus,real_swe_plus,dependency_resolution_order,,rolling_visible_carry_forward,rolling_visible_carry_forward,600,1,2026-06-19T09:08:02.618102+00:00,2026-06-19T09:08:04.629133+00:00,2026-06-19T09:08:02.618132+00:00,2026-06-19T09:08:04.624350+00:00,0.003,33146312feffa160a32e762c32a2b0a3b61464eaaeb147e93bec4f257a858730,f067d263f2cd1558aabd2a817f0c25c27b716831c6e929f4ed0e9b02db7efe9e,24c2aa4fdaf72321ee311eeeb023714d65b6477b681b763519a40c830f2f1974,f16ce65d656bc7396f4bdd1ec70e171f2cc4d0cc0fe1e22ac77149e9eac14906,96f4bd0bcbfe1c9fd5c46684c8c4f46c3f7b5c92e496133352d933de00a96177,64a026a4236b1b40dd4c84896182d83ca4a5200fe4828b5f7e31afce8fcfcf72,6a7458aebaa10ebcc76a6d226fd20a8e6168750a89bacc574882c405bc40e8f4,6a7458aebaa10ebcc76a6d226fd20a8e6168750a89bacc574882c405bc40e8f4,6a7458aebaa10ebcc76a6d226fd20a8e6168750a89bacc574882c405bc40e8f4,bf0630beb52372c3453c4d395f8a77d60030282c3d46201d3fc218055acf60ee,direct_provider,dashscope,https://dashscope.aliyuncs.com/compatible-mode/v1,qwen3.7-max,https://dashscope.aliyuncs.com/compatible-mode/v1/chat/completions,qwen3.7-max,460fcbdb2292588d3356bf33464f23d8d6279a1f2188e11f9a1ff121452a2423,71aa9cbc0f0da53c5949b6545a569c3cf94a778a6ead9faea79db09fcc74a0db,ddfd5de40cdb4c18b26ca6ad4cfe860ea517f64a63c6b8d5288fc91b7539eaa6,explicit,0.7,4096,omitted,,omitted,,omitted,,omitted,,omitted,,omitted,,omitted,,omitted,,omitted,,False,dashscope_enable_thinking_false,e2146d526bd896be1b7b059a2c4d87319a36bf94bc6aef96d3136bf76e6853a4,provider_not_exposed,provider_not_exposed,False,,False,False,False,disabled,,,,0,0,0,0,0,0,none,,,,,,,,,,0,,0,"[""REQ_05_K2P4S7S7"", ""LOCK_05_7S7S4"", ""SCOPE_05_P4S7S"", ""CHECK_05_2P4S7"", ""ANCHOR_05_S7S4P"", ""EDGE_05_4S7S7"", ""FRONTIER_05_7S7S4P"", ""MERGE_05_K2P7S7"", ""VERIFY_05_4S7S7"", ""PLAN_05_S4P2K"", ""CONTRACT_05_K2P4S"", ""FINAL_05_7S7SS7""]",[],0,[],0,[],0,[],0,1,URLError: <urlopen error [Errno 1] Operation not permitted>,rerun_required,backend_error,b96d86fb45a58974ba58e823dad9d7a3c2914105b9fdf75148f09bccae522c22,7c077ca2308714493d07163e1033c4282bd869ff6d477b3e77408587f95e2930,7c077ca2308714493d07163e1033c4282bd869ff6d477b3e77408587f95e2930,78b9c6a3aacba408617f72ae758c3638598dbade3a6cbb06098ca77fc0251e8c,beccdd967bb7f86a1c525807508067774c0f312bb6613b264ab4ea17ff29e547,released_raw_outputs/model_outputs/_probe_ecvs_qwen37max_harder_stress_v1_visiblecarry_vs_maturessrloop_15task_2method_3budget_1run/qwen37max/rolling_visible_carry_forward__harder_stress_v1_realswe_05_fastapi_dependency_precedence__run_1__budget_600.jsonl,1,9c731b60779105365bdfa2076e840158f1691647718172be9944cc16da505531,f00ca4ab857f196a5a51f71d7aa38fd63924f000577d62366c42ea7970df3deb,a7d2cede2664df1a9f4803ca4109d46aba8621f9d20fed4177f8bcdf89dc028a,_probe_ecvs_qwen37max_harder_stress_v1_visiblecarry_vs_maturessrloop_15task_2method_3budget_1run,rolling_visible_carry_forward,d239781121d1d6a6cd4cbcab5e859463831be69b2bcfc1a1884a2ada2c1ef299,230906266a8d0bfd20dba4e335d7806984724850f46b25559b45eddc827152d6,"{""boundary_constraint_count"": 5, ""budgets_supported"": [300, 600, 1200], ""conditional_constraint_count"": 4, ""decoy_count"": 9, ""difficulty_factors"": [""decoy_overload"", ""overwrite_update"", ""conditional_allowed_state"", ""forbidden_boundary_pressure"", ""multi_file_component_consistency"", ""plan_consistency"", ""budget_pressure""], ""files_touched_estimate"": 2, ""method_specific_selection_used"": false, ""model_outcomes_used"": false, ""number_of_relevant_symbols"": 7, ""patch_location_ambiguity"": 5, ""required_output_size"": 12, ""segment_count"": 15, ""source_candidate_id"": ""realstyle_candidate_fastapi_dependency_precedence"", ""strict_json_contract"": true, ""update_count"": 4}",649fa93b196242a19e144bd5297cf90abac45ad4aab2596921bacaa4f809894a,1,rolling_visible_identifier_carry_forward_v1_ecvs_safe_visible_only,rolling_visible_identifier_carry_forward_v1_ecvs_safe_visible_only,0,0,0,0,0,0,
