global_artifact_id,condition_id,task_id,source_type,difficulty_tier,task_family,selection_group,method,method_label,state_budget,run_index,run_started_at_utc,run_finished_at_utc,request_started_at_utc,request_finished_at_utc,latency_seconds,task_manifest_sha256,task_entry_sha256,scorer_oracle_manifest_sha256,scorer_oracle_sha256,prompt_hash,config_sha256,runner_sha256,parser_sha256,eval_harness_sha256,environment_hash_or_commit,requested_provider_or_access_path,provider,base_url,requested_model,selected_provider_or_endpoint,selected_model_or_returned_model,supported_parameter_snapshot_sha256,model_snapshot_proxy_sha256,decoding_parameter_freeze_sha256,temperature_send_mode,temperature_value,max_tokens,top_p_send_mode,top_p_value,top_k_send_mode,top_k_value,min_p_send_mode,min_p_value,top_a_send_mode,top_a_value,frequency_penalty_send_mode,frequency_penalty_value,presence_penalty_send_mode,presence_penalty_value,repetition_penalty_send_mode,repetition_penalty_value,stop_send_mode,stop_value_sha256,seed_send_mode,seed_value,stream,reasoning_disable_mode,reasoning_control_request_sha256,reasoning_tokens_observed,reasoning_tokens_source,reasoning_content_present,reasoning_content_sha256,fallback_enabled,tools_enabled,web_enabled,cache_policy,provider_not_exposed_fields,finish_reason,native_finish_reason,input_tokens,output_tokens,state_hard_cap_used,final_json_parse_success,final_json_parse_error,final_exact_success,missing_exact_tokens,present_exact_tokens,forbidden_token_leakage,forbidden_token_hits,forbidden_action_violation,forbidden_action_hits,boundary_violation,boundary_violation_hits,reliable_success,backend_error,backend_error_brief,gate_status,gate_reason,request_hash,response_metadata_sha256,usage_metadata_sha256,raw_response_sha256,parsed_output_sha256,private_raw_ref,private_raw_line_count,metric_record_sha256,manifest_entry_hash,h5_chain_hash
_probe_ecvs_deepseek_v4pro_frontier5_realswe5_rolling_react_reflection_10task_3method_3budget_1run:deepseek_v4pro:react_literature_adapted:final_main_v1_18_actual_frontier_diagnostic_test_integrity:budget_1200:run_1,deepseek_v4pro,final_main_v1_18_actual_frontier_diagnostic_test_integrity,diagnostic_controlled,frontier_hard,test_integrity,frontier_hard_non_real,react_literature_adapted,react,1200,1,2026-06-19T06:36:03.068915+00:00,2026-06-19T06:37:11.813328+00:00,2026-06-19T06:36:03.069040+00:00,2026-06-19T06:37:11.810700+00:00,51.657,0c34b9d65f290c5ae1f69df62f807131b12af880fb7f25e76a971df0793a03fe,a3e3bfd0c5952ef5854a04d4f2333de4afafd36743ef6b5c62318280826d318d,2b8d54b172b2fe3b62220252d612c8f62cddb7b7e3ed8b9bc4d31ce97df85c30,aed6cda60eecbe60e8b54994849d3c5d0450d2dd16c19a2950b5a4f89b962a70,a037c6f9d6d8cb6e84e4cc9d0757f8e52f32628b40602e861e88345b369115d5,de47decc1628eb13d5a599547410eb97aaf08bd06ba7477d87d058d823f52970,b690d62b4090b62a2cf7d1b4a3767a58ef5c63bc1fc97ad37137285b015d251b,b690d62b4090b62a2cf7d1b4a3767a58ef5c63bc1fc97ad37137285b015d251b,b690d62b4090b62a2cf7d1b4a3767a58ef5c63bc1fc97ad37137285b015d251b,30d3d71633ff14de49ad9550510b976ec8183c6360975bf162bba33bf31b4a79,direct_provider,deepseek,https://api.deepseek.com,deepseek-v4-pro,https://api.deepseek.com/chat/completions,deepseek-v4-pro,6ee216f9d4faf87a50c2035857e452e29092a4e33be1d1d56250593d205fc57c,280a143650cd712edef7ec4e2d002a65425d54fbb6e2d57383993932d4c7ffb7,732540d4d91cbaf77c5d80073d4d09740fd99c7f0d728d9f161b53753b90f6cd,explicit,0,4096,omitted,,omitted,,omitted,,omitted,,omitted,,omitted,,omitted,,omitted,,omitted,,False,thinking.type=disabled,ffe557f53c63f7d0f7e35f80c03f61d8b3548db9e4f51e8dda020b28a920d875,provider_not_exposed,provider_not_exposed,False,,False,False,False,disabled,,stop;stop;stop;stop;stop;stop;stop;stop;stop;stop;stop;stop;stop;stop;stop,stop;stop;stop;stop;stop;stop;stop;stop;stop;stop;stop;stop;stop;stop;stop,9358,3769,0,1,,0,"[""REQ_18_96MH7JVM"", ""LOCK_18_MVJ7H"", ""SCOPE_18_MH7JV"", ""CHECK_18_6MH7J""]","[""ANCHOR_18_H7JVM"", ""EDGE_18_7JVM"", ""FRONTIER_18_MVJ7HM"", ""MERGE_18_96MVM"", ""VERIFY_18_H7JVM""]",0,[],0,[],0,[],0,0,,clean,,35a6ad4c750e8fa9beb8903d3764f181013bbcf839395299f1ab57a9c3816199,e4de74f6b4becd3e039570bdf6215786709e41726f9877249227e22d173e277b,983ed5795490cc798c68bd1b8f6833873882be6df1c9b0a7247f6b84303390a3,0cba49b958810366de7a3f1b74c9a99dbe41083740836923ef4a5d7a3ac538c5,e9f0f6bb47a3a368aea8f18f328b20e8b876a0237dbf79f2c50cd88fcf3ecc7c,released_raw_outputs/model_outputs/_probe_ecvs_deepseek_v4pro_frontier5_realswe5_rolling_react_reflection_10task_3method_3budget_1run/deepseek/react_literature_adapted__final_main_v1_18_actual_frontier_diagnostic_test_integrity__run_1__budget_1200.jsonl,15,cc09c4fe7f3f98c835c00fa3f16b2fce0e94b5b144942f003fb8489ba9a2bf7b,d2832dbee5b6a269dea6a0186f24fb5f09a94b39701ddb277f1eb9c606e7015a,4f08bdbd9a6451aebf5ec2789ca9e8eab2c8dd9a8cc80e49daa38161fac8a795
_probe_ecvs_deepseek_v4pro_frontier5_realswe5_rolling_react_reflection_10task_3method_3budget_1run:deepseek_v4pro:react_literature_adapted:final_main_v1_18_actual_frontier_diagnostic_test_integrity:budget_300:run_1,deepseek_v4pro,final_main_v1_18_actual_frontier_diagnostic_test_integrity,diagnostic_controlled,frontier_hard,test_integrity,frontier_hard_non_real,react_literature_adapted,react,300,1,2026-06-19T06:35:51.920491+00:00,2026-06-19T06:37:20.801418+00:00,2026-06-19T06:35:51.920594+00:00,2026-06-19T06:37:20.795645+00:00,54.726,0c34b9d65f290c5ae1f69df62f807131b12af880fb7f25e76a971df0793a03fe,a3e3bfd0c5952ef5854a04d4f2333de4afafd36743ef6b5c62318280826d318d,2b8d54b172b2fe3b62220252d612c8f62cddb7b7e3ed8b9bc4d31ce97df85c30,aed6cda60eecbe60e8b54994849d3c5d0450d2dd16c19a2950b5a4f89b962a70,c4c4b25a7e0feaad7773aa0102b00e99cd5d52d2fd274e20d07d028d3a20975d,de47decc1628eb13d5a599547410eb97aaf08bd06ba7477d87d058d823f52970,b690d62b4090b62a2cf7d1b4a3767a58ef5c63bc1fc97ad37137285b015d251b,b690d62b4090b62a2cf7d1b4a3767a58ef5c63bc1fc97ad37137285b015d251b,b690d62b4090b62a2cf7d1b4a3767a58ef5c63bc1fc97ad37137285b015d251b,30d3d71633ff14de49ad9550510b976ec8183c6360975bf162bba33bf31b4a79,direct_provider,deepseek,https://api.deepseek.com,deepseek-v4-pro,https://api.deepseek.com/chat/completions,deepseek-v4-pro,6ee216f9d4faf87a50c2035857e452e29092a4e33be1d1d56250593d205fc57c,280a143650cd712edef7ec4e2d002a65425d54fbb6e2d57383993932d4c7ffb7,732540d4d91cbaf77c5d80073d4d09740fd99c7f0d728d9f161b53753b90f6cd,explicit,0,4096,omitted,,omitted,,omitted,,omitted,,omitted,,omitted,,omitted,,omitted,,omitted,,False,thinking.type=disabled,ffe557f53c63f7d0f7e35f80c03f61d8b3548db9e4f51e8dda020b28a920d875,provider_not_exposed,provider_not_exposed,False,,False,False,False,disabled,,stop;stop;stop;stop;stop;stop;stop;stop;stop;stop;stop;stop;stop;stop;stop;stop;stop;stop;stop;stop;stop;stop;stop;stop;stop,stop;stop;stop;stop;stop;stop;stop;stop;stop;stop;stop;stop;stop;stop;stop;stop;stop;stop;stop;stop;stop;stop;stop;stop;stop,9969,2810,1,1,,0,"[""REQ_18_96MH7JVM"", ""LOCK_18_MVJ7H"", ""SCOPE_18_MH7JV"", ""CHECK_18_6MH7J"", ""ANCHOR_18_H7JVM"", ""EDGE_18_7JVM"", ""FRONTIER_18_MVJ7HM"", ""MERGE_18_96MVM"", ""VERIFY_18_H7JVM""]",[],0,[],0,[],0,[],0,0,,clean,,e97a3ce911891dd219b3f54c37b6a7d23243322c44e1e26baffe8c5c06bfb39a,ac31a5f98fa8225dd9e03c1d81959e633cbabaf7d5ab8d9f6dcb110da705c060,1bc7265f5e04f3a2b1ccbca3f5c9830cb32f0dfa287709b17d77a476697c1bc5,641ad42cbd5ecf7949d86586fff01a9d7ac5de2ee672ce76aa496516671ea857,d6a45abb64d3a925915bfe83ec072fc2e7d17b535ad93badbbd39a194bc31b7c,released_raw_outputs/model_outputs/_probe_ecvs_deepseek_v4pro_frontier5_realswe5_rolling_react_reflection_10task_3method_3budget_1run/deepseek/react_literature_adapted__final_main_v1_18_actual_frontier_diagnostic_test_integrity__run_1__budget_300.jsonl,25,6b54acf6d1bc49a9211a9899841afe5fc20f927fbf6f8a738fad3d2427114830,d64ee21d3b5d84ae8112c86a82e33effc581de4cf9e2ddfbb32759e434212e78,89a541107c5610d140001d2467377c8270e502962308ef9df9386283fc0ed78a
_probe_ecvs_deepseek_v4pro_frontier5_realswe5_rolling_react_reflection_10task_3method_3budget_1run:deepseek_v4pro:react_literature_adapted:final_main_v1_18_actual_frontier_diagnostic_test_integrity:budget_600:run_1,deepseek_v4pro,final_main_v1_18_actual_frontier_diagnostic_test_integrity,diagnostic_controlled,frontier_hard,test_integrity,frontier_hard_non_real,react_literature_adapted,react,600,1,2026-06-19T06:35:58.093437+00:00,2026-06-19T06:37:08.011079+00:00,2026-06-19T06:35:58.093567+00:00,2026-06-19T06:37:08.007707+00:00,51.804,0c34b9d65f290c5ae1f69df62f807131b12af880fb7f25e76a971df0793a03fe,a3e3bfd0c5952ef5854a04d4f2333de4afafd36743ef6b5c62318280826d318d,2b8d54b172b2fe3b62220252d612c8f62cddb7b7e3ed8b9bc4d31ce97df85c30,aed6cda60eecbe60e8b54994849d3c5d0450d2dd16c19a2950b5a4f89b962a70,b3fcf84e8801cccc11c94a45ddcee9989f30f771db2d1376f5b6605a23582db9,de47decc1628eb13d5a599547410eb97aaf08bd06ba7477d87d058d823f52970,b690d62b4090b62a2cf7d1b4a3767a58ef5c63bc1fc97ad37137285b015d251b,b690d62b4090b62a2cf7d1b4a3767a58ef5c63bc1fc97ad37137285b015d251b,b690d62b4090b62a2cf7d1b4a3767a58ef5c63bc1fc97ad37137285b015d251b,30d3d71633ff14de49ad9550510b976ec8183c6360975bf162bba33bf31b4a79,direct_provider,deepseek,https://api.deepseek.com,deepseek-v4-pro,https://api.deepseek.com/chat/completions,deepseek-v4-pro,6ee216f9d4faf87a50c2035857e452e29092a4e33be1d1d56250593d205fc57c,280a143650cd712edef7ec4e2d002a65425d54fbb6e2d57383993932d4c7ffb7,732540d4d91cbaf77c5d80073d4d09740fd99c7f0d728d9f161b53753b90f6cd,explicit,0,4096,omitted,,omitted,,omitted,,omitted,,omitted,,omitted,,omitted,,omitted,,omitted,,False,thinking.type=disabled,ffe557f53c63f7d0f7e35f80c03f61d8b3548db9e4f51e8dda020b28a920d875,provider_not_exposed,provider_not_exposed,False,,False,False,False,disabled,,stop;stop;stop;stop;stop;stop;stop;stop;stop;stop;stop;stop;stop;stop;stop;stop;stop;stop;stop;stop,stop;stop;stop;stop;stop;stop;stop;stop;stop;stop;stop;stop;stop;stop;stop;stop;stop;stop;stop;stop,9443,2976,1,1,,0,"[""REQ_18_96MH7JVM"", ""LOCK_18_MVJ7H"", ""SCOPE_18_MH7JV"", ""CHECK_18_6MH7J"", ""ANCHOR_18_H7JVM"", ""EDGE_18_7JVM"", ""FRONTIER_18_MVJ7HM"", ""MERGE_18_96MVM"", ""VERIFY_18_H7JVM""]",[],0,[],0,[],0,[],0,0,,clean,,5b5197ca35fcec4ae2ac0a4d05ec2b8b7e5fa293ec96cdde53706a1f99ef0e64,21e0817cae9a7d78013310cbbd200478143f5851301b2e4b6e470b222e2526a1,905999512e2a03676e206a9533946eac34a4c11a9340119417dc347148ccb4db,411f206b86efd894edafa764f548d1720a47ee26a559cb16708dd9fc3b53c4cd,31a39975585ed04706b02d316cf26e1d7952e96623a5a7c7e11e9b201adec9a5,released_raw_outputs/model_outputs/_probe_ecvs_deepseek_v4pro_frontier5_realswe5_rolling_react_reflection_10task_3method_3budget_1run/deepseek/react_literature_adapted__final_main_v1_18_actual_frontier_diagnostic_test_integrity__run_1__budget_600.jsonl,20,41c987d9beaae6a332ca74d4a8ba02e166b265b44de5dec24dd2eb2167c5815d,97db76df55ad8da8039d53ad26f53a10e8a18b292a57a16a501d0563c30f3524,f70a1c10e2e4b7ecf9e9b0a89fff0b23bef1ac850a736feff5ec3891f200d2ef
_probe_ecvs_deepseek_v4pro_frontier5_realswe5_rolling_react_reflection_10task_3method_3budget_1run:deepseek_v4pro:react_literature_adapted:final_main_v1_19_actual_frontier_diagnostic_workflow_alias_binding:budget_1200:run_1,deepseek_v4pro,final_main_v1_19_actual_frontier_diagnostic_workflow_alias_binding,diagnostic_controlled,frontier_hard,workflow_alias_binding,frontier_hard_non_real,react_literature_adapted,react,1200,1,2026-06-19T06:31:04.573993+00:00,2026-06-19T06:31:57.439438+00:00,2026-06-19T06:31:04.574068+00:00,2026-06-19T06:31:57.433114+00:00,52.849,0c34b9d65f290c5ae1f69df62f807131b12af880fb7f25e76a971df0793a03fe,6579a56c7897e95a3900dc8068609a2a881dcb803ecfc2072159592acaa394a6,2b8d54b172b2fe3b62220252d612c8f62cddb7b7e3ed8b9bc4d31ce97df85c30,815e3b10a3a7beb2e4ae7239ac55650d0a2c9a8dc6ccbdeb1f2cfeddc3f54276,0e7408fd855bc35cadf4ddb428c38823deeafc03986f331ad0abccab1e4d7464,de47decc1628eb13d5a599547410eb97aaf08bd06ba7477d87d058d823f52970,b690d62b4090b62a2cf7d1b4a3767a58ef5c63bc1fc97ad37137285b015d251b,b690d62b4090b62a2cf7d1b4a3767a58ef5c63bc1fc97ad37137285b015d251b,b690d62b4090b62a2cf7d1b4a3767a58ef5c63bc1fc97ad37137285b015d251b,30d3d71633ff14de49ad9550510b976ec8183c6360975bf162bba33bf31b4a79,direct_provider,deepseek,https://api.deepseek.com,deepseek-v4-pro,https://api.deepseek.com/chat/completions,deepseek-v4-pro,6ee216f9d4faf87a50c2035857e452e29092a4e33be1d1d56250593d205fc57c,280a143650cd712edef7ec4e2d002a65425d54fbb6e2d57383993932d4c7ffb7,732540d4d91cbaf77c5d80073d4d09740fd99c7f0d728d9f161b53753b90f6cd,explicit,0,4096,omitted,,omitted,,omitted,,omitted,,omitted,,omitted,,omitted,,omitted,,omitted,,False,thinking.type=disabled,ffe557f53c63f7d0f7e35f80c03f61d8b3548db9e4f51e8dda020b28a920d875,provider_not_exposed,provider_not_exposed,False,,False,False,False,disabled,,stop;stop;stop;stop;stop;stop;stop;stop;stop;stop;stop;stop;stop;stop,stop;stop;stop;stop;stop;stop;stop;stop;stop;stop;stop;stop;stop;stop,9292,3922,0,1,,0,"[""SCOPE_19_R38MD""]","[""REQ_19_RWR38MD6"", ""LOCK_19_6DM83"", ""CHECK_19_WR38M"", ""ANCHOR_19_38MD6"", ""EDGE_19_8MD6"", ""FRONTIER_19_6DM83R"", ""MERGE_19_RWRD6"", ""VERIFY_19_38MD6""]",1,"[""TRACE_19_6DM83RWR"", ""TRACE_19_6DM83RWR""]",0,[],0,[],0,0,,clean,,ee47e0e0c3b65a5458b45285f9d525ef35b2638392e20c704ad3c259fb35055b,80966b181181afb5b92853c46e798e51b9d9fdf8afc737a0f64bf79aaae9cfc4,e06b39dafb6c78cf21f313056cfeef8fb84adb449a07e294bf1fafbeb4a6d8ad,efaf918634839198f8b9ac0e0d8fed2aaad68c9fb12011ad608dc2bd755ea513,5ad4b0ea521c23a3ced164bfc2d59cd25a6b3de7f8ae3609decfc1c4578efa0c,released_raw_outputs/model_outputs/_probe_ecvs_deepseek_v4pro_frontier5_realswe5_rolling_react_reflection_10task_3method_3budget_1run/deepseek/react_literature_adapted__final_main_v1_19_actual_frontier_diagnostic_workflow_alias_binding__run_1__budget_1200.jsonl,14,d32d66b8616124202a5e8cd88b3481f89141c17bb5c227f9e452008e17621c3a,adff5ecefd261516cfb52f3f790b913360255cd0f6cf6051f0c6d245678210ce,1d0454202b660ac42e3d9b3a7bfe45cbfb9aa5edc804820877af5c8f54da159d
_probe_ecvs_deepseek_v4pro_frontier5_realswe5_rolling_react_reflection_10task_3method_3budget_1run:deepseek_v4pro:react_literature_adapted:final_main_v1_19_actual_frontier_diagnostic_workflow_alias_binding:budget_300:run_1,deepseek_v4pro,final_main_v1_19_actual_frontier_diagnostic_workflow_alias_binding,diagnostic_controlled,frontier_hard,workflow_alias_binding,frontier_hard_non_real,react_literature_adapted,react,300,1,2026-06-19T06:31:04.573459+00:00,2026-06-19T06:32:08.064769+00:00,2026-06-19T06:31:04.573509+00:00,2026-06-19T06:32:08.058888+00:00,46.382,0c34b9d65f290c5ae1f69df62f807131b12af880fb7f25e76a971df0793a03fe,6579a56c7897e95a3900dc8068609a2a881dcb803ecfc2072159592acaa394a6,2b8d54b172b2fe3b62220252d612c8f62cddb7b7e3ed8b9bc4d31ce97df85c30,815e3b10a3a7beb2e4ae7239ac55650d0a2c9a8dc6ccbdeb1f2cfeddc3f54276,c2c9b90f512110301347ac2e6913c11bec40db36a3c51dc666bc00b5c9d4bfc3,de47decc1628eb13d5a599547410eb97aaf08bd06ba7477d87d058d823f52970,b690d62b4090b62a2cf7d1b4a3767a58ef5c63bc1fc97ad37137285b015d251b,b690d62b4090b62a2cf7d1b4a3767a58ef5c63bc1fc97ad37137285b015d251b,b690d62b4090b62a2cf7d1b4a3767a58ef5c63bc1fc97ad37137285b015d251b,30d3d71633ff14de49ad9550510b976ec8183c6360975bf162bba33bf31b4a79,direct_provider,deepseek,https://api.deepseek.com,deepseek-v4-pro,https://api.deepseek.com/chat/completions,deepseek-v4-pro,6ee216f9d4faf87a50c2035857e452e29092a4e33be1d1d56250593d205fc57c,280a143650cd712edef7ec4e2d002a65425d54fbb6e2d57383993932d4c7ffb7,732540d4d91cbaf77c5d80073d4d09740fd99c7f0d728d9f161b53753b90f6cd,explicit,0,4096,omitted,,omitted,,omitted,,omitted,,omitted,,omitted,,omitted,,omitted,,omitted,,False,thinking.type=disabled,ffe557f53c63f7d0f7e35f80c03f61d8b3548db9e4f51e8dda020b28a920d875,provider_not_exposed,provider_not_exposed,False,,False,False,False,disabled,,stop;stop;stop;stop;stop;stop;stop;stop;stop;stop;stop;stop;stop;stop;stop;stop;stop;stop;stop;stop;stop;stop,stop;stop;stop;stop;stop;stop;stop;stop;stop;stop;stop;stop;stop;stop;stop;stop;stop;stop;stop;stop;stop;stop,9043,2413,1,1,,0,"[""REQ_19_RWR38MD6"", ""LOCK_19_6DM83"", ""SCOPE_19_R38MD"", ""CHECK_19_WR38M""]","[""ANCHOR_19_38MD6"", ""EDGE_19_8MD6"", ""FRONTIER_19_6DM83R"", ""MERGE_19_RWRD6"", ""VERIFY_19_38MD6""]",0,[],0,[],0,[],0,0,,clean,,cd9c43c779a4ce19538a3aba81bf0885d2e6d35ee302d464a8d59da2f5785ac7,27019cfb4f704b55273168fbf0206585b90ea382546a5f0bf62bb63c6c91fdd8,d8046bfdb404d2192b62754b61b9f3c92f702780b81580a2a4f6e5bedaa1e2fa,22754832d5c5e3d5e7762f26d5a876a347489deb4f9dc7afdc93a1c94d035ffc,57ba427463b9a0e9c04f971e6d7f70c648c6d5d3764c068689d2b82121646269,released_raw_outputs/model_outputs/_probe_ecvs_deepseek_v4pro_frontier5_realswe5_rolling_react_reflection_10task_3method_3budget_1run/deepseek/react_literature_adapted__final_main_v1_19_actual_frontier_diagnostic_workflow_alias_binding__run_1__budget_300.jsonl,22,267e6e6f90944cae22a1bcee0c6652ece0c0b74368ee0f0d0e5bcf0dd6e53cc3,90163bdf913f17dda12317813934303c8e425d3cf1a9f912e7690befd746b7a4,1a8ff0b3c9203c927fda0b6dc966be5ec44186da16a5ecf98882dce95352a3dd
_probe_ecvs_deepseek_v4pro_frontier5_realswe5_rolling_react_reflection_10task_3method_3budget_1run:deepseek_v4pro:react_literature_adapted:final_main_v1_19_actual_frontier_diagnostic_workflow_alias_binding:budget_600:run_1,deepseek_v4pro,final_main_v1_19_actual_frontier_diagnostic_workflow_alias_binding,diagnostic_controlled,frontier_hard,workflow_alias_binding,frontier_hard_non_real,react_literature_adapted,react,600,1,2026-06-19T06:31:04.573807+00:00,2026-06-19T06:32:01.037172+00:00,2026-06-19T06:31:04.573839+00:00,2026-06-19T06:32:01.031749+00:00,56.448,0c34b9d65f290c5ae1f69df62f807131b12af880fb7f25e76a971df0793a03fe,6579a56c7897e95a3900dc8068609a2a881dcb803ecfc2072159592acaa394a6,2b8d54b172b2fe3b62220252d612c8f62cddb7b7e3ed8b9bc4d31ce97df85c30,815e3b10a3a7beb2e4ae7239ac55650d0a2c9a8dc6ccbdeb1f2cfeddc3f54276,3f5dbcf75b3267d419342e03107ef1acda73fbccb0ef094967aa493596516ad4,de47decc1628eb13d5a599547410eb97aaf08bd06ba7477d87d058d823f52970,b690d62b4090b62a2cf7d1b4a3767a58ef5c63bc1fc97ad37137285b015d251b,b690d62b4090b62a2cf7d1b4a3767a58ef5c63bc1fc97ad37137285b015d251b,b690d62b4090b62a2cf7d1b4a3767a58ef5c63bc1fc97ad37137285b015d251b,30d3d71633ff14de49ad9550510b976ec8183c6360975bf162bba33bf31b4a79,direct_provider,deepseek,https://api.deepseek.com,deepseek-v4-pro,https://api.deepseek.com/chat/completions,deepseek-v4-pro,6ee216f9d4faf87a50c2035857e452e29092a4e33be1d1d56250593d205fc57c,280a143650cd712edef7ec4e2d002a65425d54fbb6e2d57383993932d4c7ffb7,732540d4d91cbaf77c5d80073d4d09740fd99c7f0d728d9f161b53753b90f6cd,explicit,0,4096,omitted,,omitted,,omitted,,omitted,,omitted,,omitted,,omitted,,omitted,,omitted,,False,thinking.type=disabled,ffe557f53c63f7d0f7e35f80c03f61d8b3548db9e4f51e8dda020b28a920d875,provider_not_exposed,provider_not_exposed,False,,False,False,False,disabled,,stop;stop;stop;stop;stop;stop;stop;stop;stop;stop;stop;stop;stop;stop;stop;stop;stop;stop;stop;stop,stop;stop;stop;stop;stop;stop;stop;stop;stop;stop;stop;stop;stop;stop;stop;stop;stop;stop;stop;stop,9850,3552,0,1,,0,"[""REQ_19_RWR38MD6"", ""LOCK_19_6DM83"", ""SCOPE_19_R38MD""]","[""CHECK_19_WR38M"", ""ANCHOR_19_38MD6"", ""EDGE_19_8MD6"", ""FRONTIER_19_6DM83R"", ""MERGE_19_RWRD6"", ""VERIFY_19_38MD6""]",0,[],0,[],0,[],0,0,,clean,,910ab07d49df8887deaf97f814df57312ef91764915fbced4a8f0f2de6df32be,74f3e221bb5dd7b2b91f8fe69507e7c4d4d1e532762ae5d4a58dfdf6b7ad72ba,68890178bd5133ba597110584af2f75f093470c12aabefb689eae00dfcf92803,91e89a91067a3cd07353a082f88130bc2311841f04dd9321a483cc70a606b354,b716d426fbb00bcb2f5d787698e43c2547b7298f03a4f7547f2ea01884dd851b,released_raw_outputs/model_outputs/_probe_ecvs_deepseek_v4pro_frontier5_realswe5_rolling_react_reflection_10task_3method_3budget_1run/deepseek/react_literature_adapted__final_main_v1_19_actual_frontier_diagnostic_workflow_alias_binding__run_1__budget_600.jsonl,20,44e54fec9f9769d649ccab391d5eb73dd304b8baa180de1f9780b6b2a3af8c79,72b4114dc4e6e9ccf437310834dfd6f2aab0b21ca939e4642468c50335152808,55ec5f11481e748cd4fabbd78e730ed767e52e0e04b75188eaa0fea04287798d
_probe_ecvs_deepseek_v4pro_frontier5_realswe5_rolling_react_reflection_10task_3method_3budget_1run:deepseek_v4pro:react_literature_adapted:final_main_v1_38_actual_frontier_semi_real_test_integrity:budget_1200:run_1,deepseek_v4pro,final_main_v1_38_actual_frontier_semi_real_test_integrity,semi_real_repo_style_controlled,frontier_hard,test_integrity,frontier_hard_non_real,react_literature_adapted,react,1200,1,2026-06-19T06:35:11.548984+00:00,2026-06-19T06:35:58.092066+00:00,2026-06-19T06:35:11.549102+00:00,2026-06-19T06:35:58.087342+00:00,46.528,0c34b9d65f290c5ae1f69df62f807131b12af880fb7f25e76a971df0793a03fe,a68f3e6971a7be1e1b3a858e23b1dd32192b9ce48794c4dc9c25af590da6df91,2b8d54b172b2fe3b62220252d612c8f62cddb7b7e3ed8b9bc4d31ce97df85c30,098fb4f511b4076eeccb81f537241bfe49d1e83c36c7c1fcab8b7db0d6fae317,83322bf9307c0cb77738a4770532d0c04bf5e6a743ae81b79d49ec5613da53d6,de47decc1628eb13d5a599547410eb97aaf08bd06ba7477d87d058d823f52970,b690d62b4090b62a2cf7d1b4a3767a58ef5c63bc1fc97ad37137285b015d251b,b690d62b4090b62a2cf7d1b4a3767a58ef5c63bc1fc97ad37137285b015d251b,b690d62b4090b62a2cf7d1b4a3767a58ef5c63bc1fc97ad37137285b015d251b,30d3d71633ff14de49ad9550510b976ec8183c6360975bf162bba33bf31b4a79,direct_provider,deepseek,https://api.deepseek.com,deepseek-v4-pro,https://api.deepseek.com/chat/completions,deepseek-v4-pro,6ee216f9d4faf87a50c2035857e452e29092a4e33be1d1d56250593d205fc57c,280a143650cd712edef7ec4e2d002a65425d54fbb6e2d57383993932d4c7ffb7,732540d4d91cbaf77c5d80073d4d09740fd99c7f0d728d9f161b53753b90f6cd,explicit,0,4096,omitted,,omitted,,omitted,,omitted,,omitted,,omitted,,omitted,,omitted,,omitted,,False,thinking.type=disabled,ffe557f53c63f7d0f7e35f80c03f61d8b3548db9e4f51e8dda020b28a920d875,provider_not_exposed,provider_not_exposed,False,,False,False,False,disabled,,stop;stop;stop;stop;stop;stop;stop;stop;stop;stop;stop;stop;stop,stop;stop;stop;stop;stop;stop;stop;stop;stop;stop;stop;stop;stop,8788,3454,0,1,,0,"[""REQ_38_MLEJXTZV"", ""LOCK_38_VZTXJ"", ""SCOPE_38_EJXTZ"", ""CHECK_38_LEJXT"", ""ANCHOR_38_JXTZV"", ""EDGE_38_XTZV"", ""FRONTIER_38_VZTXJE"", ""MERGE_38_MLEZV"", ""VERIFY_38_JXTZV""]",[],1,"[""OBSOLETE_38_LEJXT"", ""INTERNAL_38_EJXTZ"", ""DRAFT_38_MLEJ""]",0,[],0,[],0,0,,clean,,bcf13157cabbf51172a895eb70ffdd428ff3599f884b5f1c542dd43211480268,dffece338ec3e0aceabf3a8644c0bf6c74d02a14dfdcff6bfbbc9a8ff030b45b,6c27c669b69349bf4cba962b0d63da8b0a24e45687ab9636cb1a162363609e10,9ea502eb865f64b0dea0fc5d7f3c5c421d7165932859b5570a2c17ab5ca4532f,d9dde814763458ae26b1c869abdfd959e61c0c493e080656405ec14463d59624,released_raw_outputs/model_outputs/_probe_ecvs_deepseek_v4pro_frontier5_realswe5_rolling_react_reflection_10task_3method_3budget_1run/deepseek/react_literature_adapted__final_main_v1_38_actual_frontier_semi_real_test_integrity__run_1__budget_1200.jsonl,13,8e74dc74dcefa8604e9ec3388c0f1eb91b3dc9e3f40141fefe360c741a948bc7,5205cac11e3760ec640db5d3b7f47316df6a4a43889eebc9f3ab143c260b6928,f2266c17c3ca8af4e48a1e1dc8f82559100649ae1037c753c02ceeebd8bc6959
_probe_ecvs_deepseek_v4pro_frontier5_realswe5_rolling_react_reflection_10task_3method_3budget_1run:deepseek_v4pro:react_literature_adapted:final_main_v1_38_actual_frontier_semi_real_test_integrity:budget_300:run_1,deepseek_v4pro,final_main_v1_38_actual_frontier_semi_real_test_integrity,semi_real_repo_style_controlled,frontier_hard,test_integrity,frontier_hard_non_real,react_literature_adapted,react,300,1,2026-06-19T06:34:37.187142+00:00,2026-06-19T06:35:51.919235+00:00,2026-06-19T06:34:37.187244+00:00,2026-06-19T06:35:51.906577+00:00,57.575,0c34b9d65f290c5ae1f69df62f807131b12af880fb7f25e76a971df0793a03fe,a68f3e6971a7be1e1b3a858e23b1dd32192b9ce48794c4dc9c25af590da6df91,2b8d54b172b2fe3b62220252d612c8f62cddb7b7e3ed8b9bc4d31ce97df85c30,098fb4f511b4076eeccb81f537241bfe49d1e83c36c7c1fcab8b7db0d6fae317,08d3024e5aae3c7207d68331f7a323ee7117eb79704416a56a9f93ca146d320c,de47decc1628eb13d5a599547410eb97aaf08bd06ba7477d87d058d823f52970,b690d62b4090b62a2cf7d1b4a3767a58ef5c63bc1fc97ad37137285b015d251b,b690d62b4090b62a2cf7d1b4a3767a58ef5c63bc1fc97ad37137285b015d251b,b690d62b4090b62a2cf7d1b4a3767a58ef5c63bc1fc97ad37137285b015d251b,30d3d71633ff14de49ad9550510b976ec8183c6360975bf162bba33bf31b4a79,direct_provider,deepseek,https://api.deepseek.com,deepseek-v4-pro,https://api.deepseek.com/chat/completions,deepseek-v4-pro,6ee216f9d4faf87a50c2035857e452e29092a4e33be1d1d56250593d205fc57c,280a143650cd712edef7ec4e2d002a65425d54fbb6e2d57383993932d4c7ffb7,732540d4d91cbaf77c5d80073d4d09740fd99c7f0d728d9f161b53753b90f6cd,explicit,0,4096,omitted,,omitted,,omitted,,omitted,,omitted,,omitted,,omitted,,omitted,,omitted,,False,thinking.type=disabled,ffe557f53c63f7d0f7e35f80c03f61d8b3548db9e4f51e8dda020b28a920d875,provider_not_exposed,provider_not_exposed,False,,False,False,False,disabled,,stop;stop;stop;stop;stop;stop;stop;stop;stop;stop;stop;stop;stop;stop;stop;stop;stop;stop;stop;stop;stop;stop;stop;stop;stop,stop;stop;stop;stop;stop;stop;stop;stop;stop;stop;stop;stop;stop;stop;stop;stop;stop;stop;stop;stop;stop;stop;stop;stop;stop,9681,2511,1,1,,0,"[""REQ_38_MLEJXTZV"", ""LOCK_38_VZTXJ"", ""SCOPE_38_EJXTZ"", ""CHECK_38_LEJXT"", ""ANCHOR_38_JXTZV"", ""MERGE_38_MLEZV""]","[""EDGE_38_XTZV"", ""FRONTIER_38_VZTXJE"", ""VERIFY_38_JXTZV""]",0,[],0,[],0,[],0,0,,clean,,e4aa3d7277f85ae4ecc496cebbe55e68bd420491f583a07a57cfa5bc244e4c0f,326ec46424de437cf0d6ba8de5d9731ec3139d609447209e227eca4569e6497e,6619c4ab1fdd1aa43ebca7c16df09c7322ed1327246d33271ff7a8eb01d5b3e8,e04841140a8a21aa232d39c3fae2c22f1bf24d3b305a300cecaec68cc884b54d,80a6e7f38bf450e70bbfa125b452bac6d9e15e4bc0031f2ddb5f714d5b4320f1,released_raw_outputs/model_outputs/_probe_ecvs_deepseek_v4pro_frontier5_realswe5_rolling_react_reflection_10task_3method_3budget_1run/deepseek/react_literature_adapted__final_main_v1_38_actual_frontier_semi_real_test_integrity__run_1__budget_300.jsonl,25,c15c9f6ba425f5aa903e556c15b58a22872a60dff77b1982573a40a602a711a2,ce9dec38a6aaf43597fc9e34c6c092ab27f236e87889ba0347bc0c7fcf74473e,a572b5c8a74f79148266a12f63bc22bed2ac07567e7d6dfe28f8009ff1f8d156
_probe_ecvs_deepseek_v4pro_frontier5_realswe5_rolling_react_reflection_10task_3method_3budget_1run:deepseek_v4pro:react_literature_adapted:final_main_v1_38_actual_frontier_semi_real_test_integrity:budget_600:run_1,deepseek_v4pro,final_main_v1_38_actual_frontier_semi_real_test_integrity,semi_real_repo_style_controlled,frontier_hard,test_integrity,frontier_hard_non_real,react_literature_adapted,react,600,1,2026-06-19T06:34:45.389471+00:00,2026-06-19T06:36:03.067337+00:00,2026-06-19T06:34:45.389579+00:00,2026-06-19T06:36:03.061739+00:00,77.655,0c34b9d65f290c5ae1f69df62f807131b12af880fb7f25e76a971df0793a03fe,a68f3e6971a7be1e1b3a858e23b1dd32192b9ce48794c4dc9c25af590da6df91,2b8d54b172b2fe3b62220252d612c8f62cddb7b7e3ed8b9bc4d31ce97df85c30,098fb4f511b4076eeccb81f537241bfe49d1e83c36c7c1fcab8b7db0d6fae317,f02f65aaf889351dc8cb2b5aaf52566d39fcc39dc090e7ef42f9dacc5ed6f0fd,de47decc1628eb13d5a599547410eb97aaf08bd06ba7477d87d058d823f52970,b690d62b4090b62a2cf7d1b4a3767a58ef5c63bc1fc97ad37137285b015d251b,b690d62b4090b62a2cf7d1b4a3767a58ef5c63bc1fc97ad37137285b015d251b,b690d62b4090b62a2cf7d1b4a3767a58ef5c63bc1fc97ad37137285b015d251b,30d3d71633ff14de49ad9550510b976ec8183c6360975bf162bba33bf31b4a79,direct_provider,deepseek,https://api.deepseek.com,deepseek-v4-pro,https://api.deepseek.com/chat/completions,deepseek-v4-pro,6ee216f9d4faf87a50c2035857e452e29092a4e33be1d1d56250593d205fc57c,280a143650cd712edef7ec4e2d002a65425d54fbb6e2d57383993932d4c7ffb7,732540d4d91cbaf77c5d80073d4d09740fd99c7f0d728d9f161b53753b90f6cd,explicit,0,4096,omitted,,omitted,,omitted,,omitted,,omitted,,omitted,,omitted,,omitted,,omitted,,False,thinking.type=disabled,ffe557f53c63f7d0f7e35f80c03f61d8b3548db9e4f51e8dda020b28a920d875,provider_not_exposed,provider_not_exposed,False,,False,False,False,disabled,,stop;stop;stop;stop;stop;stop;stop;stop;stop;stop;stop;stop;stop;stop;stop;stop;stop;stop;stop;stop;stop;stop;stop;stop;stop,stop;stop;stop;stop;stop;stop;stop;stop;stop;stop;stop;stop;stop;stop;stop;stop;stop;stop;stop;stop;stop;stop;stop;stop;stop,11286,4180,1,1,,0,"[""REQ_38_MLEJXTZV"", ""LOCK_38_VZTXJ"", ""SCOPE_38_EJXTZ"", ""CHECK_38_LEJXT""]","[""ANCHOR_38_JXTZV"", ""EDGE_38_XTZV"", ""FRONTIER_38_VZTXJE"", ""MERGE_38_MLEZV"", ""VERIFY_38_JXTZV""]",0,[],0,[],0,[],0,0,,clean,,4b922a347dacccbcd5a3d3efb22ee8e6145b54171364c7aa67743f2b468a9663,a883699463661c0ba8a85675f8651da2e37720fc26e0f1a8f4f8f3ca01f08cf2,c80741fb4cb3841864d01d25f5959e0db3345b40d9200a5a8ee80236dec06417,8e75da5329dde19f3f6758bd857dbb5697245530d084efd21b572b13deb0bc9c,5d990a9df0e96e4b1b6380e43c326186a5f4f4263123f5afb4ea301ab1f44162,released_raw_outputs/model_outputs/_probe_ecvs_deepseek_v4pro_frontier5_realswe5_rolling_react_reflection_10task_3method_3budget_1run/deepseek/react_literature_adapted__final_main_v1_38_actual_frontier_semi_real_test_integrity__run_1__budget_600.jsonl,25,56cb009f4e2ca0d0ea2121e6754b8dcc72cfdfe46ad65a4197edcd0b19ae625d,a637447ce730405a3c65c193e992eef353757c9d30ecab65d7d65c9b15da0051,40f422b6734695f73dd7aa78b246097eafd73739b5403bf3a8af55a927a3811d
_probe_ecvs_deepseek_v4pro_frontier5_realswe5_rolling_react_reflection_10task_3method_3budget_1run:deepseek_v4pro:react_literature_adapted:final_main_v1_39_actual_frontier_semi_real_workflow_alias_binding:budget_1200:run_1,deepseek_v4pro,final_main_v1_39_actual_frontier_semi_real_workflow_alias_binding,semi_real_repo_style_controlled,frontier_hard,workflow_alias_binding,frontier_hard_non_real,react_literature_adapted,react,1200,1,2026-06-19T06:33:39.634396+00:00,2026-06-19T06:35:19.862131+00:00,2026-06-19T06:33:39.634505+00:00,2026-06-19T06:35:19.856699+00:00,51.702,0c34b9d65f290c5ae1f69df62f807131b12af880fb7f25e76a971df0793a03fe,3860bc341a5e60fdc5ecdaee24c2efa033009d0dcad02b164a27f81b40b9e5c6,2b8d54b172b2fe3b62220252d612c8f62cddb7b7e3ed8b9bc4d31ce97df85c30,a7bb925592313e4b267215150fd825a3043983f1fe187088b5e62504fa7c40c9,c3b70e55f2b205cc951a26db4b176187e1e421da9694bb8d55b93916a7436edd,de47decc1628eb13d5a599547410eb97aaf08bd06ba7477d87d058d823f52970,b690d62b4090b62a2cf7d1b4a3767a58ef5c63bc1fc97ad37137285b015d251b,b690d62b4090b62a2cf7d1b4a3767a58ef5c63bc1fc97ad37137285b015d251b,b690d62b4090b62a2cf7d1b4a3767a58ef5c63bc1fc97ad37137285b015d251b,30d3d71633ff14de49ad9550510b976ec8183c6360975bf162bba33bf31b4a79,direct_provider,deepseek,https://api.deepseek.com,deepseek-v4-pro,https://api.deepseek.com/chat/completions,deepseek-v4-pro,6ee216f9d4faf87a50c2035857e452e29092a4e33be1d1d56250593d205fc57c,280a143650cd712edef7ec4e2d002a65425d54fbb6e2d57383993932d4c7ffb7,732540d4d91cbaf77c5d80073d4d09740fd99c7f0d728d9f161b53753b90f6cd,explicit,0,4096,omitted,,omitted,,omitted,,omitted,,omitted,,omitted,,omitted,,omitted,,omitted,,False,thinking.type=disabled,ffe557f53c63f7d0f7e35f80c03f61d8b3548db9e4f51e8dda020b28a920d875,provider_not_exposed,provider_not_exposed,False,,False,False,False,disabled,,stop;stop;stop;stop;stop;stop;stop;stop;stop;stop;stop;stop;stop;stop,stop;stop;stop;stop;stop;stop;stop;stop;stop;stop;stop;stop;stop;stop,9327,3953,0,1,,1,[],"[""REQ_39_8982ZN4A"", ""LOCK_39_A4NZ2"", ""SCOPE_39_82ZN4"", ""CHECK_39_982ZN"", ""ANCHOR_39_2ZN4A"", ""EDGE_39_ZN4A"", ""FRONTIER_39_A4NZ28"", ""MERGE_39_8984A"", ""VERIFY_39_2ZN4A""]",0,[],0,[],0,[],1,0,,clean,,c4b25fe0e9b09c58a13d98f04496e77bb957ff98dce5b9786eb305561a229136,557299566ae769d7ec7571f1d11aa118d19817051e51d9ea45192c978bff5738,734a0a6d0c8c1606fd344f21a28ee82c268ba9aab081acb784010cfafe2f795e,1388716f88ed2def8ab4a9085d608230248e25dc16fc4e79c22a98509384e7de,9049821679f2c89f55ceac59bc5fe3f9461d0f809f2bb6752abffeb34ac9be2e,released_raw_outputs/model_outputs/_probe_ecvs_deepseek_v4pro_frontier5_realswe5_rolling_react_reflection_10task_3method_3budget_1run/deepseek/react_literature_adapted__final_main_v1_39_actual_frontier_semi_real_workflow_alias_binding__run_1__budget_1200.jsonl,14,d1ed3b0a3ed7980fd67eef295c78b13896abed1fbb582d572db336272921e0a1,03bec3ee20aa2d67d60e89d2204abc4fb6dec42f46ef47d90afded3d450cb7f4,db823ec4b7783c355e0ae3927cc86f610f5ae90dd28ae063423b07d8233ba2d0
_probe_ecvs_deepseek_v4pro_frontier5_realswe5_rolling_react_reflection_10task_3method_3budget_1run:deepseek_v4pro:react_literature_adapted:final_main_v1_39_actual_frontier_semi_real_workflow_alias_binding:budget_300:run_1,deepseek_v4pro,final_main_v1_39_actual_frontier_semi_real_workflow_alias_binding,semi_real_repo_style_controlled,frontier_hard,workflow_alias_binding,frontier_hard_non_real,react_literature_adapted,react,300,1,2026-06-19T06:33:22.748941+00:00,2026-06-19T06:34:31.905252+00:00,2026-06-19T06:33:22.749036+00:00,2026-06-19T06:34:31.900324+00:00,52.046,0c34b9d65f290c5ae1f69df62f807131b12af880fb7f25e76a971df0793a03fe,3860bc341a5e60fdc5ecdaee24c2efa033009d0dcad02b164a27f81b40b9e5c6,2b8d54b172b2fe3b62220252d612c8f62cddb7b7e3ed8b9bc4d31ce97df85c30,a7bb925592313e4b267215150fd825a3043983f1fe187088b5e62504fa7c40c9,5f2885ce30d32f9a1790a7b60e737666fbc85e7e1fad6973e3c107f489959354,de47decc1628eb13d5a599547410eb97aaf08bd06ba7477d87d058d823f52970,b690d62b4090b62a2cf7d1b4a3767a58ef5c63bc1fc97ad37137285b015d251b,b690d62b4090b62a2cf7d1b4a3767a58ef5c63bc1fc97ad37137285b015d251b,b690d62b4090b62a2cf7d1b4a3767a58ef5c63bc1fc97ad37137285b015d251b,30d3d71633ff14de49ad9550510b976ec8183c6360975bf162bba33bf31b4a79,direct_provider,deepseek,https://api.deepseek.com,deepseek-v4-pro,https://api.deepseek.com/chat/completions,deepseek-v4-pro,6ee216f9d4faf87a50c2035857e452e29092a4e33be1d1d56250593d205fc57c,280a143650cd712edef7ec4e2d002a65425d54fbb6e2d57383993932d4c7ffb7,732540d4d91cbaf77c5d80073d4d09740fd99c7f0d728d9f161b53753b90f6cd,explicit,0,4096,omitted,,omitted,,omitted,,omitted,,omitted,,omitted,,omitted,,omitted,,omitted,,False,thinking.type=disabled,ffe557f53c63f7d0f7e35f80c03f61d8b3548db9e4f51e8dda020b28a920d875,provider_not_exposed,provider_not_exposed,False,,False,False,False,disabled,,stop;stop;stop;stop;stop;stop;stop;stop;stop;stop;stop;stop;stop;stop;stop;stop;stop;stop;stop;stop;stop;stop;stop;stop;stop,stop;stop;stop;stop;stop;stop;stop;stop;stop;stop;stop;stop;stop;stop;stop;stop;stop;stop;stop;stop;stop;stop;stop;stop;stop,9699,2439,1,1,,0,"[""REQ_39_8982ZN4A"", ""LOCK_39_A4NZ2"", ""SCOPE_39_82ZN4"", ""CHECK_39_982ZN"", ""ANCHOR_39_2ZN4A"", ""EDGE_39_ZN4A"", ""FRONTIER_39_A4NZ28"", ""MERGE_39_8984A""]","[""VERIFY_39_2ZN4A""]",0,[],0,[],0,[],0,0,,clean,,c17a26cb57742878703360b3ac37db2b7ad89fff485a0bd3e0267bfc3be4d85c,6f4942f96f2b3108414e1eff24a54a8e7188c6e0c5a38db280657cbae69aec59,3d60bd47caa2ef002e87dd1ff411d9e92e13f63e03d47e82ade4d5829cb7796d,423ded5385cea261d3ffcd8ba32f7478f73aefb6ad40517fac7024ecd90a478f,1273bcb2f8538bebc002821e5f2dcdc91215f07296a2545f02360f13149321b6,released_raw_outputs/model_outputs/_probe_ecvs_deepseek_v4pro_frontier5_realswe5_rolling_react_reflection_10task_3method_3budget_1run/deepseek/react_literature_adapted__final_main_v1_39_actual_frontier_semi_real_workflow_alias_binding__run_1__budget_300.jsonl,25,ecdefdacd1f100efb6b055b3f1b7c7692458242b910a6bf13bc92d70357269c8,2ae83b97f803c9734092b29ff936a1fb7de1bc70af32ed555289c5cd9e90c17c,34e8394fb57304dd409c005bd1a93c345cbbd6b2ad74540b5fb3675a4dcf8499
_probe_ecvs_deepseek_v4pro_frontier5_realswe5_rolling_react_reflection_10task_3method_3budget_1run:deepseek_v4pro:react_literature_adapted:final_main_v1_39_actual_frontier_semi_real_workflow_alias_binding:budget_600:run_1,deepseek_v4pro,final_main_v1_39_actual_frontier_semi_real_workflow_alias_binding,semi_real_repo_style_controlled,frontier_hard,workflow_alias_binding,frontier_hard_non_real,react_literature_adapted,react,600,1,2026-06-19T06:33:36.442712+00:00,2026-06-19T06:34:45.388281+00:00,2026-06-19T06:33:36.442811+00:00,2026-06-19T06:34:45.379833+00:00,51.842,0c34b9d65f290c5ae1f69df62f807131b12af880fb7f25e76a971df0793a03fe,3860bc341a5e60fdc5ecdaee24c2efa033009d0dcad02b164a27f81b40b9e5c6,2b8d54b172b2fe3b62220252d612c8f62cddb7b7e3ed8b9bc4d31ce97df85c30,a7bb925592313e4b267215150fd825a3043983f1fe187088b5e62504fa7c40c9,356c011ae86c2902a4c5eb2d943aa64152600e38db0c8ea9327b3eefb5a415e0,de47decc1628eb13d5a599547410eb97aaf08bd06ba7477d87d058d823f52970,b690d62b4090b62a2cf7d1b4a3767a58ef5c63bc1fc97ad37137285b015d251b,b690d62b4090b62a2cf7d1b4a3767a58ef5c63bc1fc97ad37137285b015d251b,b690d62b4090b62a2cf7d1b4a3767a58ef5c63bc1fc97ad37137285b015d251b,30d3d71633ff14de49ad9550510b976ec8183c6360975bf162bba33bf31b4a79,direct_provider,deepseek,https://api.deepseek.com,deepseek-v4-pro,https://api.deepseek.com/chat/completions,deepseek-v4-pro,6ee216f9d4faf87a50c2035857e452e29092a4e33be1d1d56250593d205fc57c,280a143650cd712edef7ec4e2d002a65425d54fbb6e2d57383993932d4c7ffb7,732540d4d91cbaf77c5d80073d4d09740fd99c7f0d728d9f161b53753b90f6cd,explicit,0,4096,omitted,,omitted,,omitted,,omitted,,omitted,,omitted,,omitted,,omitted,,omitted,,False,thinking.type=disabled,ffe557f53c63f7d0f7e35f80c03f61d8b3548db9e4f51e8dda020b28a920d875,provider_not_exposed,provider_not_exposed,False,,False,False,False,disabled,,stop;stop;stop;stop;stop;stop;stop;stop;stop;stop;stop;stop;stop;stop;stop;stop;stop;stop;stop,stop;stop;stop;stop;stop;stop;stop;stop;stop;stop;stop;stop;stop;stop;stop;stop;stop;stop;stop,9071,2719,1,1,,0,"[""REQ_39_8982ZN4A"", ""LOCK_39_A4NZ2"", ""SCOPE_39_82ZN4"", ""CHECK_39_982ZN"", ""ANCHOR_39_2ZN4A"", ""EDGE_39_ZN4A"", ""FRONTIER_39_A4NZ28"", ""MERGE_39_8984A""]","[""VERIFY_39_2ZN4A""]",0,[],0,[],0,[],0,0,,clean,,301d6895b60db10134a88151fada9f04aa8df052e9c6e734fcae56090b50f157,f5dda36fb44486e21ca85799a265e93607091a4e0bccde9dcee952e26ae29aba,1385aa829507c2599343e3b6985eb03f82fec083949e9b643141259a873b8aa1,16fda700fc76c4aa4cd3917325c142dec8d8b2e759769939f0ccd3632aa4fb3f,e38ad67cd97e353049879ca328de0dc9eff2bff2d24108e745abf8ceee08f32b,released_raw_outputs/model_outputs/_probe_ecvs_deepseek_v4pro_frontier5_realswe5_rolling_react_reflection_10task_3method_3budget_1run/deepseek/react_literature_adapted__final_main_v1_39_actual_frontier_semi_real_workflow_alias_binding__run_1__budget_600.jsonl,19,052097be54f49a30531a405ad9519eb8407070c8302e30b9f1249d2febaa69a6,dd4751f23a7ad7f3e66441bdf6973cfdb48787c41f6812bda69038521523980b,5c20eac9eff19464be4b7529728d8fd0b84231218341ca6cc268df1d6271764c
_probe_ecvs_deepseek_v4pro_frontier5_realswe5_rolling_react_reflection_10task_3method_3budget_1run:deepseek_v4pro:react_literature_adapted:final_main_v1_40_actual_frontier_semi_real_multi_file_repo_plan:budget_1200:run_1,deepseek_v4pro,final_main_v1_40_actual_frontier_semi_real_multi_file_repo_plan,semi_real_repo_style_controlled,frontier_hard,multi_file_repo_plan,frontier_hard_non_real,react_literature_adapted,react,1200,1,2026-06-19T06:32:08.066073+00:00,2026-06-19T06:33:01.176332+00:00,2026-06-19T06:32:08.066188+00:00,2026-06-19T06:33:01.169836+00:00,53.094,0c34b9d65f290c5ae1f69df62f807131b12af880fb7f25e76a971df0793a03fe,e0fb45c4d5a183773d255686fb7afa57bb02525fc30bdb09aa1d2c37a04bf825,2b8d54b172b2fe3b62220252d612c8f62cddb7b7e3ed8b9bc4d31ce97df85c30,4474b1d70dbc8938e94238b572f2fb0f92671a67d6fab8862725672b4a2492e1,56d8ead802ad2eaf69d8315633db9d4a1a36d41ce91079a08dd08a5146342682,de47decc1628eb13d5a599547410eb97aaf08bd06ba7477d87d058d823f52970,b690d62b4090b62a2cf7d1b4a3767a58ef5c63bc1fc97ad37137285b015d251b,b690d62b4090b62a2cf7d1b4a3767a58ef5c63bc1fc97ad37137285b015d251b,b690d62b4090b62a2cf7d1b4a3767a58ef5c63bc1fc97ad37137285b015d251b,30d3d71633ff14de49ad9550510b976ec8183c6360975bf162bba33bf31b4a79,direct_provider,deepseek,https://api.deepseek.com,deepseek-v4-pro,https://api.deepseek.com/chat/completions,deepseek-v4-pro,6ee216f9d4faf87a50c2035857e452e29092a4e33be1d1d56250593d205fc57c,280a143650cd712edef7ec4e2d002a65425d54fbb6e2d57383993932d4c7ffb7,732540d4d91cbaf77c5d80073d4d09740fd99c7f0d728d9f161b53753b90f6cd,explicit,0,4096,omitted,,omitted,,omitted,,omitted,,omitted,,omitted,,omitted,,omitted,,omitted,,False,thinking.type=disabled,ffe557f53c63f7d0f7e35f80c03f61d8b3548db9e4f51e8dda020b28a920d875,provider_not_exposed,provider_not_exposed,False,,False,False,False,disabled,,stop;stop;stop;stop;stop;stop;stop;stop;stop;stop;stop;stop;stop;stop,stop;stop;stop;stop;stop;stop;stop;stop;stop;stop;stop;stop;stop;stop,9169,3644,0,1,,0,"[""REQ_40_6X2G7FLR"", ""LOCK_40_RLF7G"", ""SCOPE_40_2G7FL"", ""CHECK_40_X2G7F""]","[""ANCHOR_40_G7FLR"", ""EDGE_40_7FLR"", ""FRONTIER_40_RLF7G2"", ""MERGE_40_6X2LR"", ""VERIFY_40_G7FLR""]",0,[],0,[],0,[],0,0,,clean,,c9a93f6b7e0b47e18e6587be7fe2d9e92285df33aed1af248e4457b1538ea375,8614e9ef7c9a7532f07d2f0574f9b337f7ff657ae3bdff981715e4673aab5d67,ea4edce7857d2dbb1a14cf653fe2007d53aedf68b343db4d22cbebc615a84243,80276a2a4bd411bf8342a8b4966dc421096e620618045f4886a77f88d9635f63,5dd81c2b16ebf1a4795458d3a23c4657bc6bad1aba613859ac6c1f377a69543a,released_raw_outputs/model_outputs/_probe_ecvs_deepseek_v4pro_frontier5_realswe5_rolling_react_reflection_10task_3method_3budget_1run/deepseek/react_literature_adapted__final_main_v1_40_actual_frontier_semi_real_multi_file_repo_plan__run_1__budget_1200.jsonl,14,c393cc6082b025bafb157c61ee5f5763a547a46417416341bac062a9f452241a,38414356391c9161367002353c23e4a9ae12d699bcba734603f2f8e187a97731,3b5c7e037a2337c910ccdb182f8a63c7331c81bdc3a25df1d4f994169f18fb08
_probe_ecvs_deepseek_v4pro_frontier5_realswe5_rolling_react_reflection_10task_3method_3budget_1run:deepseek_v4pro:react_literature_adapted:final_main_v1_40_actual_frontier_semi_real_multi_file_repo_plan:budget_300:run_1,deepseek_v4pro,final_main_v1_40_actual_frontier_semi_real_multi_file_repo_plan,semi_real_repo_style_controlled,frontier_hard,multi_file_repo_plan,frontier_hard_non_real,react_literature_adapted,react,300,1,2026-06-19T06:31:57.440628+00:00,2026-06-19T06:33:39.633122+00:00,2026-06-19T06:31:57.440738+00:00,2026-06-19T06:33:39.628412+00:00,49.903,0c34b9d65f290c5ae1f69df62f807131b12af880fb7f25e76a971df0793a03fe,e0fb45c4d5a183773d255686fb7afa57bb02525fc30bdb09aa1d2c37a04bf825,2b8d54b172b2fe3b62220252d612c8f62cddb7b7e3ed8b9bc4d31ce97df85c30,4474b1d70dbc8938e94238b572f2fb0f92671a67d6fab8862725672b4a2492e1,f7630693d81d356a7a3d651671c4499bb5addb4ce26e85cde04ecf8625209338,de47decc1628eb13d5a599547410eb97aaf08bd06ba7477d87d058d823f52970,b690d62b4090b62a2cf7d1b4a3767a58ef5c63bc1fc97ad37137285b015d251b,b690d62b4090b62a2cf7d1b4a3767a58ef5c63bc1fc97ad37137285b015d251b,b690d62b4090b62a2cf7d1b4a3767a58ef5c63bc1fc97ad37137285b015d251b,30d3d71633ff14de49ad9550510b976ec8183c6360975bf162bba33bf31b4a79,direct_provider,deepseek,https://api.deepseek.com,deepseek-v4-pro,https://api.deepseek.com/chat/completions,deepseek-v4-pro,6ee216f9d4faf87a50c2035857e452e29092a4e33be1d1d56250593d205fc57c,280a143650cd712edef7ec4e2d002a65425d54fbb6e2d57383993932d4c7ffb7,732540d4d91cbaf77c5d80073d4d09740fd99c7f0d728d9f161b53753b90f6cd,explicit,0,4096,omitted,,omitted,,omitted,,omitted,,omitted,,omitted,,omitted,,omitted,,omitted,,False,thinking.type=disabled,ffe557f53c63f7d0f7e35f80c03f61d8b3548db9e4f51e8dda020b28a920d875,provider_not_exposed,provider_not_exposed,False,,False,False,False,disabled,,stop;stop;stop;stop;stop;stop;stop;stop;stop;stop;stop;stop;stop;stop;stop;stop;stop;stop;stop;stop;stop;stop;stop;stop,stop;stop;stop;stop;stop;stop;stop;stop;stop;stop;stop;stop;stop;stop;stop;stop;stop;stop;stop;stop;stop;stop;stop;stop,9339,2287,1,1,,0,"[""REQ_40_6X2G7FLR"", ""LOCK_40_RLF7G"", ""SCOPE_40_2G7FL"", ""CHECK_40_X2G7F"", ""ANCHOR_40_G7FLR"", ""EDGE_40_7FLR"", ""FRONTIER_40_RLF7G2"", ""MERGE_40_6X2LR""]","[""VERIFY_40_G7FLR""]",0,[],0,[],0,[],0,0,,clean,,508cba6a1e67793ee00b1909bfe1227a07523a4ffe0924486a13428ba05d75dc,13c2c9723639ee8e5fa7095109ad6d7044c6930f0603a69ffbffdcf0dc09b7ff,4496024efdb9deaded44f6e9d7ec2f45e989b055c90ee65a7d0c8f200fda0a22,3590125baf5d07f144700d3db9ed7f89ef2eef64d21ef01c085d73e2bba65f89,d9348b4468e15fcb1be5c8a1dfc643473b8539c16f09268060c69d7f6d2db889,released_raw_outputs/model_outputs/_probe_ecvs_deepseek_v4pro_frontier5_realswe5_rolling_react_reflection_10task_3method_3budget_1run/deepseek/react_literature_adapted__final_main_v1_40_actual_frontier_semi_real_multi_file_repo_plan__run_1__budget_300.jsonl,24,4a112e9827d0ea5ec8a38986650b8097ee014458ecee6a34f58b18ed79014810,5787c6b4b8fa42a14de5fc6f639daa67caaad353f2e9f9c70c555fdc261b30d2,0aa19b0b497bf70d8da6905ce54858222831ae2041d4a4470dc550548c073a0f
_probe_ecvs_deepseek_v4pro_frontier5_realswe5_rolling_react_reflection_10task_3method_3budget_1run:deepseek_v4pro:react_literature_adapted:final_main_v1_40_actual_frontier_semi_real_multi_file_repo_plan:budget_600:run_1,deepseek_v4pro,final_main_v1_40_actual_frontier_semi_real_multi_file_repo_plan,semi_real_repo_style_controlled,frontier_hard,multi_file_repo_plan,frontier_hard_non_real,react_literature_adapted,react,600,1,2026-06-19T06:32:01.038533+00:00,2026-06-19T06:33:15.204217+00:00,2026-06-19T06:32:01.038649+00:00,2026-06-19T06:33:15.200285+00:00,57.072,0c34b9d65f290c5ae1f69df62f807131b12af880fb7f25e76a971df0793a03fe,e0fb45c4d5a183773d255686fb7afa57bb02525fc30bdb09aa1d2c37a04bf825,2b8d54b172b2fe3b62220252d612c8f62cddb7b7e3ed8b9bc4d31ce97df85c30,4474b1d70dbc8938e94238b572f2fb0f92671a67d6fab8862725672b4a2492e1,04a6e5bbdd49658c6cd36c01467135e8c5c7bc0e8f3957a5ae44453eb39ad4d0,de47decc1628eb13d5a599547410eb97aaf08bd06ba7477d87d058d823f52970,b690d62b4090b62a2cf7d1b4a3767a58ef5c63bc1fc97ad37137285b015d251b,b690d62b4090b62a2cf7d1b4a3767a58ef5c63bc1fc97ad37137285b015d251b,b690d62b4090b62a2cf7d1b4a3767a58ef5c63bc1fc97ad37137285b015d251b,30d3d71633ff14de49ad9550510b976ec8183c6360975bf162bba33bf31b4a79,direct_provider,deepseek,https://api.deepseek.com,deepseek-v4-pro,https://api.deepseek.com/chat/completions,deepseek-v4-pro,6ee216f9d4faf87a50c2035857e452e29092a4e33be1d1d56250593d205fc57c,280a143650cd712edef7ec4e2d002a65425d54fbb6e2d57383993932d4c7ffb7,732540d4d91cbaf77c5d80073d4d09740fd99c7f0d728d9f161b53753b90f6cd,explicit,0,4096,omitted,,omitted,,omitted,,omitted,,omitted,,omitted,,omitted,,omitted,,omitted,,False,thinking.type=disabled,ffe557f53c63f7d0f7e35f80c03f61d8b3548db9e4f51e8dda020b28a920d875,provider_not_exposed,provider_not_exposed,False,,False,False,False,disabled,,stop;stop;stop;stop;stop;stop;stop;stop;stop;stop;stop;stop;stop;stop;stop;stop;stop;stop;stop,stop;stop;stop;stop;stop;stop;stop;stop;stop;stop;stop;stop;stop;stop;stop;stop;stop;stop;stop,9658,3286,1,1,,0,"[""REQ_40_6X2G7FLR"", ""LOCK_40_RLF7G"", ""SCOPE_40_2G7FL"", ""CHECK_40_X2G7F"", ""ANCHOR_40_G7FLR"", ""EDGE_40_7FLR"", ""FRONTIER_40_RLF7G2"", ""MERGE_40_6X2LR""]","[""VERIFY_40_G7FLR""]",0,[],0,[],0,[],0,0,,clean,,1feae6d57a823a0063f8cba6411a63a76d388a4350e68a1da1ec77a274580ae1,ceb48739653bd430e975e8dcca235b9308287040353d33e09d7633d48fb5d6c3,4873385bd88238aa2f8aeb8d5b228666b2be0273181eb15b028f4489e251d6bc,a2a85bac959b677723ff86c91fb5db26dd6c1ad146df6c5b1f92d5a65ddf81d7,9c34f7b8d3b138f136ed2806776ebeec685ae062681d5269f91be56ed4e5c665,released_raw_outputs/model_outputs/_probe_ecvs_deepseek_v4pro_frontier5_realswe5_rolling_react_reflection_10task_3method_3budget_1run/deepseek/react_literature_adapted__final_main_v1_40_actual_frontier_semi_real_multi_file_repo_plan__run_1__budget_600.jsonl,19,76ce22e8ef993da5cce7e706d12027e7e240083c3120821e701e8d86bae290f1,ad864f5ff21300fb4aa3025e3921c74e9092ec72145037f6c6cad59de5695585,bc43d148470500a282b41d6f45d50f683aa0ca9e1125bf673c3bb4d6d1f3bb0b
_probe_ecvs_deepseek_v4pro_frontier5_realswe5_rolling_react_reflection_10task_3method_3budget_1run:deepseek_v4pro:react_literature_adapted:final_main_v1_41_real_swe_fresh_github_grantjenks_python_sortedcontainers_2b037039bb16:budget_1200:run_1,deepseek_v4pro,final_main_v1_41_real_swe_fresh_github_grantjenks_python_sortedcontainers_2b037039bb16,real_swe_executable_anchor_controlled,medium,config_path_validation,real_swe_non_frontier,react_literature_adapted,react,1200,1,2026-06-19T06:41:12.846939+00:00,2026-06-19T06:41:37.354762+00:00,2026-06-19T06:41:12.847123+00:00,2026-06-19T06:41:37.350412+00:00,24.496,0c34b9d65f290c5ae1f69df62f807131b12af880fb7f25e76a971df0793a03fe,293376257a44b516eda2691daf2d27d164a2f7406b06b7e0b0ec3d4b72234016,2b8d54b172b2fe3b62220252d612c8f62cddb7b7e3ed8b9bc4d31ce97df85c30,d702e712cd306e0ee7ce6b9cc2c0fa9de29d8050d6c9124370ba7b33d8abaeb6,b5a15f1bc8a27ab08465cb2273b8ea7770a37cd09918b19424959d1510cd3e2a,de47decc1628eb13d5a599547410eb97aaf08bd06ba7477d87d058d823f52970,b690d62b4090b62a2cf7d1b4a3767a58ef5c63bc1fc97ad37137285b015d251b,b690d62b4090b62a2cf7d1b4a3767a58ef5c63bc1fc97ad37137285b015d251b,b690d62b4090b62a2cf7d1b4a3767a58ef5c63bc1fc97ad37137285b015d251b,30d3d71633ff14de49ad9550510b976ec8183c6360975bf162bba33bf31b4a79,direct_provider,deepseek,https://api.deepseek.com,deepseek-v4-pro,https://api.deepseek.com/chat/completions,deepseek-v4-pro,6ee216f9d4faf87a50c2035857e452e29092a4e33be1d1d56250593d205fc57c,280a143650cd712edef7ec4e2d002a65425d54fbb6e2d57383993932d4c7ffb7,732540d4d91cbaf77c5d80073d4d09740fd99c7f0d728d9f161b53753b90f6cd,explicit,0,4096,omitted,,omitted,,omitted,,omitted,,omitted,,omitted,,omitted,,omitted,,omitted,,False,thinking.type=disabled,ffe557f53c63f7d0f7e35f80c03f61d8b3548db9e4f51e8dda020b28a920d875,provider_not_exposed,provider_not_exposed,False,,False,False,False,disabled,,stop;stop;stop;stop;stop;stop;stop;stop,stop;stop;stop;stop;stop;stop;stop;stop,5096,1584,0,1,,0,"[""REQ_41_RWLXLPUN"", ""LOCK_41_NUPLX"", ""SCOPE_41_LXLPU"", ""CHECK_41_WLXLP""]",[],0,[],0,[],0,[],0,0,,clean,,361233c17e1f124975f7086d973d055a19ccc030d364042a0a00f3fdc2aabf9e,6c20796b2080a4811acfdac6ff726b00c42a2905aa60d9f30ef867da52c2efc9,dda84615f9506eebdaa739fc3a6a8d13397134c8252d18b0be243b2f53bc7b83,2a29a74fbf9b448667065cb3e9263f68ec67cd9187ec7af5704f4fcded7c82c0,19a13842512ae3d0abf0611552dc12c060ea64b791d93165b006971e16932aa5,released_raw_outputs/model_outputs/_probe_ecvs_deepseek_v4pro_frontier5_realswe5_rolling_react_reflection_10task_3method_3budget_1run/deepseek/react_literature_adapted__final_main_v1_41_real_swe_fresh_github_grantjenks_python_sortedcontainers_2b037039bb16__run_1__budget_1200.jsonl,8,36a21cc8ab9c26e115a8820a5e050f058dc732c1a54bc633501213fda1cc7164,a8c6d94ad0f8e0a59cb8967cfdaab8851187163d8b2bda8c64fc732e830ee912,085791e8603803bf7cddf687f93807f1e4be47d4b955a68a15a01e9703cd35ec
_probe_ecvs_deepseek_v4pro_frontier5_realswe5_rolling_react_reflection_10task_3method_3budget_1run:deepseek_v4pro:react_literature_adapted:final_main_v1_41_real_swe_fresh_github_grantjenks_python_sortedcontainers_2b037039bb16:budget_300:run_1,deepseek_v4pro,final_main_v1_41_real_swe_fresh_github_grantjenks_python_sortedcontainers_2b037039bb16,real_swe_executable_anchor_controlled,medium,config_path_validation,real_swe_non_frontier,react_literature_adapted,react,300,1,2026-06-19T06:40:57.332323+00:00,2026-06-19T06:41:26.461773+00:00,2026-06-19T06:40:57.332371+00:00,2026-06-19T06:41:26.457720+00:00,29.116,0c34b9d65f290c5ae1f69df62f807131b12af880fb7f25e76a971df0793a03fe,293376257a44b516eda2691daf2d27d164a2f7406b06b7e0b0ec3d4b72234016,2b8d54b172b2fe3b62220252d612c8f62cddb7b7e3ed8b9bc4d31ce97df85c30,d702e712cd306e0ee7ce6b9cc2c0fa9de29d8050d6c9124370ba7b33d8abaeb6,2afecb41747c93f42292869a68d12588bfa0d98ab7cfca490e5bc49cf78e903b,de47decc1628eb13d5a599547410eb97aaf08bd06ba7477d87d058d823f52970,b690d62b4090b62a2cf7d1b4a3767a58ef5c63bc1fc97ad37137285b015d251b,b690d62b4090b62a2cf7d1b4a3767a58ef5c63bc1fc97ad37137285b015d251b,b690d62b4090b62a2cf7d1b4a3767a58ef5c63bc1fc97ad37137285b015d251b,30d3d71633ff14de49ad9550510b976ec8183c6360975bf162bba33bf31b4a79,direct_provider,deepseek,https://api.deepseek.com,deepseek-v4-pro,https://api.deepseek.com/chat/completions,deepseek-v4-pro,6ee216f9d4faf87a50c2035857e452e29092a4e33be1d1d56250593d205fc57c,280a143650cd712edef7ec4e2d002a65425d54fbb6e2d57383993932d4c7ffb7,732540d4d91cbaf77c5d80073d4d09740fd99c7f0d728d9f161b53753b90f6cd,explicit,0,4096,omitted,,omitted,,omitted,,omitted,,omitted,,omitted,,omitted,,omitted,,omitted,,False,thinking.type=disabled,ffe557f53c63f7d0f7e35f80c03f61d8b3548db9e4f51e8dda020b28a920d875,provider_not_exposed,provider_not_exposed,False,,False,False,False,disabled,,stop;stop;stop;stop;stop;stop;stop;stop;stop;stop;stop;stop;stop;stop,stop;stop;stop;stop;stop;stop;stop;stop;stop;stop;stop;stop;stop;stop,5839,1494,1,1,,0,"[""REQ_41_RWLXLPUN"", ""LOCK_41_NUPLX"", ""SCOPE_41_LXLPU"", ""CHECK_41_WLXLP""]",[],0,[],0,[],0,[],0,0,,clean,,b2a659730f7f8502dd4703769a4fd65d62b880eeca9539c314daa81afbbabd2d,588fd58b83f496c11f8bbb2e792f4d0f8bd8311575081f4a198346ea612f1326,5f66f0904bce8fb236334c400138982e7e56813e2fd96e9b3a1f9fbb03bcead5,c74f87bad558f7dd9e0448a89d1bee3047791fcdffe26cb252db1b253a92f5cf,4284f1380e7ff789583eaff25cd8156e5ae720347fa6f9d74c6b57702387e06e,released_raw_outputs/model_outputs/_probe_ecvs_deepseek_v4pro_frontier5_realswe5_rolling_react_reflection_10task_3method_3budget_1run/deepseek/react_literature_adapted__final_main_v1_41_real_swe_fresh_github_grantjenks_python_sortedcontainers_2b037039bb16__run_1__budget_300.jsonl,14,999acb6d0043037e8a17960369ca5ac3b008ea46df077528863ee6baf2c91759,019a84c29b1ff9de69f9b2dd3a712f77f319c18e986a9f458e2c65080ad2f189,b609575ce4e01612f4af1799748965f66e434596d11717118fea7b67f614ef33
_probe_ecvs_deepseek_v4pro_frontier5_realswe5_rolling_react_reflection_10task_3method_3budget_1run:deepseek_v4pro:react_literature_adapted:final_main_v1_41_real_swe_fresh_github_grantjenks_python_sortedcontainers_2b037039bb16:budget_600:run_1,deepseek_v4pro,final_main_v1_41_real_swe_fresh_github_grantjenks_python_sortedcontainers_2b037039bb16,real_swe_executable_anchor_controlled,medium,config_path_validation,real_swe_non_frontier,react_literature_adapted,react,600,1,2026-06-19T06:41:04.347274+00:00,2026-06-19T06:41:36.554623+00:00,2026-06-19T06:41:04.347331+00:00,2026-06-19T06:41:36.549704+00:00,32.193,0c34b9d65f290c5ae1f69df62f807131b12af880fb7f25e76a971df0793a03fe,293376257a44b516eda2691daf2d27d164a2f7406b06b7e0b0ec3d4b72234016,2b8d54b172b2fe3b62220252d612c8f62cddb7b7e3ed8b9bc4d31ce97df85c30,d702e712cd306e0ee7ce6b9cc2c0fa9de29d8050d6c9124370ba7b33d8abaeb6,80e94eeb22bd299616d5778d1af7ecb2f5f88d19c1866cf99aff226bf22781e4,de47decc1628eb13d5a599547410eb97aaf08bd06ba7477d87d058d823f52970,b690d62b4090b62a2cf7d1b4a3767a58ef5c63bc1fc97ad37137285b015d251b,b690d62b4090b62a2cf7d1b4a3767a58ef5c63bc1fc97ad37137285b015d251b,b690d62b4090b62a2cf7d1b4a3767a58ef5c63bc1fc97ad37137285b015d251b,30d3d71633ff14de49ad9550510b976ec8183c6360975bf162bba33bf31b4a79,direct_provider,deepseek,https://api.deepseek.com,deepseek-v4-pro,https://api.deepseek.com/chat/completions,deepseek-v4-pro,6ee216f9d4faf87a50c2035857e452e29092a4e33be1d1d56250593d205fc57c,280a143650cd712edef7ec4e2d002a65425d54fbb6e2d57383993932d4c7ffb7,732540d4d91cbaf77c5d80073d4d09740fd99c7f0d728d9f161b53753b90f6cd,explicit,0,4096,omitted,,omitted,,omitted,,omitted,,omitted,,omitted,,omitted,,omitted,,omitted,,False,thinking.type=disabled,ffe557f53c63f7d0f7e35f80c03f61d8b3548db9e4f51e8dda020b28a920d875,provider_not_exposed,provider_not_exposed,False,,False,False,False,disabled,,stop;stop;stop;stop;stop;stop;stop;stop;stop;stop;stop;stop,stop;stop;stop;stop;stop;stop;stop;stop;stop;stop;stop;stop,5797,1787,1,1,,0,"[""REQ_41_RWLXLPUN"", ""LOCK_41_NUPLX"", ""SCOPE_41_LXLPU""]","[""CHECK_41_WLXLP""]",0,[],0,[],0,[],0,0,,clean,,c0473d3f5f43bb939193c7920606f5bf358f95c0a35d8f2c452470b4081fa88a,9b120cf077fd1de758be334dcd40321240e3c8a0da1d057aa3b3f0299ded8e2d,1b5dc21bcb0a29c3db71e50d68213c6d444be07b434e62539c0b3be088941aa3,38ffdc3303494e7fd884a566ff6ad973127f8b4cc4748a32124d2d8741e3ef25,7eb9a52be4e0376dd09e8eaf17f827e6fa88ac8fb2d7aad96e950fb9afe281af,released_raw_outputs/model_outputs/_probe_ecvs_deepseek_v4pro_frontier5_realswe5_rolling_react_reflection_10task_3method_3budget_1run/deepseek/react_literature_adapted__final_main_v1_41_real_swe_fresh_github_grantjenks_python_sortedcontainers_2b037039bb16__run_1__budget_600.jsonl,12,5a3e2e44310173afca1e4902a878133fd638d6d721f5359c4e62c521092a5390,4dfc9b508a9038abd614d186850bac2187d5e057ab064ceca702ca51d0206002,5b96ce6d82137dfefa381aeac7947fe0ccdfb73241c62b85325fd7615a30acd7
_probe_ecvs_deepseek_v4pro_frontier5_realswe5_rolling_react_reflection_10task_3method_3budget_1run:deepseek_v4pro:react_literature_adapted:final_main_v1_42_real_swe_fresh_github_python_humanize_humanize_2968d44280a6:budget_1200:run_1,deepseek_v4pro,final_main_v1_42_real_swe_fresh_github_python_humanize_humanize_2968d44280a6,real_swe_executable_anchor_controlled,medium,schema_json_contract,real_swe_non_frontier,react_literature_adapted,react,1200,1,2026-06-19T06:38:20.680672+00:00,2026-06-19T06:39:35.386659+00:00,2026-06-19T06:38:20.680818+00:00,2026-06-19T06:39:35.382854+00:00,23.423,0c34b9d65f290c5ae1f69df62f807131b12af880fb7f25e76a971df0793a03fe,7d89808157fd0513606746fa4b35f9493764ee4c120600c45e1d0d94b5b35680,2b8d54b172b2fe3b62220252d612c8f62cddb7b7e3ed8b9bc4d31ce97df85c30,7bfa597a2d2f7bca53e5f16aa01270670fff88f80c8ef48c9909e7344c3d74d9,d1d19fede5ea07aecbc3ef88ec31bfa2721b4efd8ff2268abaf6835f3708ae46,de47decc1628eb13d5a599547410eb97aaf08bd06ba7477d87d058d823f52970,b690d62b4090b62a2cf7d1b4a3767a58ef5c63bc1fc97ad37137285b015d251b,b690d62b4090b62a2cf7d1b4a3767a58ef5c63bc1fc97ad37137285b015d251b,b690d62b4090b62a2cf7d1b4a3767a58ef5c63bc1fc97ad37137285b015d251b,30d3d71633ff14de49ad9550510b976ec8183c6360975bf162bba33bf31b4a79,direct_provider,deepseek,https://api.deepseek.com,deepseek-v4-pro,https://api.deepseek.com/chat/completions,deepseek-v4-pro,6ee216f9d4faf87a50c2035857e452e29092a4e33be1d1d56250593d205fc57c,280a143650cd712edef7ec4e2d002a65425d54fbb6e2d57383993932d4c7ffb7,732540d4d91cbaf77c5d80073d4d09740fd99c7f0d728d9f161b53753b90f6cd,explicit,0,4096,omitted,,omitted,,omitted,,omitted,,omitted,,omitted,,omitted,,omitted,,omitted,,False,thinking.type=disabled,ffe557f53c63f7d0f7e35f80c03f61d8b3548db9e4f51e8dda020b28a920d875,provider_not_exposed,provider_not_exposed,False,,False,False,False,disabled,,stop;stop;stop;stop;stop;stop;stop;stop,stop;stop;stop;stop;stop;stop;stop;stop,4936,1500,0,1,,0,"[""REQ_42_B2CWM43F"", ""LOCK_42_F34MW"", ""SCOPE_42_CWM43""]","[""CHECK_42_2CWM4""]",0,[],0,[],0,[],0,0,,clean,,986b5e43da104abbfb058182e9c9da593bff20b95916b6416be728b21be6dfa8,f6efa0306a25927612d335874716bd378fcd6d4f53314ea36b3ba56affe9c0e2,a37b249793ac192f35b1b7b695c75b72aaa74e3964f23b9085d047ae900a8be6,dcd5a300b22e9a0d1920f78f4d2179fc550fe7cf30a3b8a18f5930b187bb3d10,65018a6ff01171b32b69c3a45203118f88db8a06456389906b4d3024bf496491,released_raw_outputs/model_outputs/_probe_ecvs_deepseek_v4pro_frontier5_realswe5_rolling_react_reflection_10task_3method_3budget_1run/deepseek/react_literature_adapted__final_main_v1_42_real_swe_fresh_github_python_humanize_humanize_2968d44280a6__run_1__budget_1200.jsonl,8,f9e7463248410db5dc7566c922163ff066b20958f274998bd4860367e2457d0b,0aa7d27a90f9708ec197663b0cd3c8927fa9132c80bf258b2c0adba8156c0798,84addb5a56445b09368de26c9ed8f002b374ee531a8948acce3b9fd4c5ab6a2d
_probe_ecvs_deepseek_v4pro_frontier5_realswe5_rolling_react_reflection_10task_3method_3budget_1run:deepseek_v4pro:react_literature_adapted:final_main_v1_42_real_swe_fresh_github_python_humanize_humanize_2968d44280a6:budget_300:run_1,deepseek_v4pro,final_main_v1_42_real_swe_fresh_github_python_humanize_humanize_2968d44280a6,real_swe_executable_anchor_controlled,medium,schema_json_contract,real_swe_non_frontier,react_literature_adapted,react,300,1,2026-06-19T06:38:09.486038+00:00,2026-06-19T06:38:59.846646+00:00,2026-06-19T06:38:09.486228+00:00,2026-06-19T06:38:59.841366+00:00,33.274,0c34b9d65f290c5ae1f69df62f807131b12af880fb7f25e76a971df0793a03fe,7d89808157fd0513606746fa4b35f9493764ee4c120600c45e1d0d94b5b35680,2b8d54b172b2fe3b62220252d612c8f62cddb7b7e3ed8b9bc4d31ce97df85c30,7bfa597a2d2f7bca53e5f16aa01270670fff88f80c8ef48c9909e7344c3d74d9,934d0fcad71079e058bc611255a41b9e5440900e359dd3212cae30cd3230a334,de47decc1628eb13d5a599547410eb97aaf08bd06ba7477d87d058d823f52970,b690d62b4090b62a2cf7d1b4a3767a58ef5c63bc1fc97ad37137285b015d251b,b690d62b4090b62a2cf7d1b4a3767a58ef5c63bc1fc97ad37137285b015d251b,b690d62b4090b62a2cf7d1b4a3767a58ef5c63bc1fc97ad37137285b015d251b,30d3d71633ff14de49ad9550510b976ec8183c6360975bf162bba33bf31b4a79,direct_provider,deepseek,https://api.deepseek.com,deepseek-v4-pro,https://api.deepseek.com/chat/completions,deepseek-v4-pro,6ee216f9d4faf87a50c2035857e452e29092a4e33be1d1d56250593d205fc57c,280a143650cd712edef7ec4e2d002a65425d54fbb6e2d57383993932d4c7ffb7,732540d4d91cbaf77c5d80073d4d09740fd99c7f0d728d9f161b53753b90f6cd,explicit,0,4096,omitted,,omitted,,omitted,,omitted,,omitted,,omitted,,omitted,,omitted,,omitted,,False,thinking.type=disabled,ffe557f53c63f7d0f7e35f80c03f61d8b3548db9e4f51e8dda020b28a920d875,provider_not_exposed,provider_not_exposed,False,,False,False,False,disabled,,stop;stop;stop;stop;stop;stop;stop;stop;stop;stop;stop;stop;stop;stop,stop;stop;stop;stop;stop;stop;stop;stop;stop;stop;stop;stop;stop;stop,5722,1434,1,1,,0,"[""REQ_42_B2CWM43F"", ""LOCK_42_F34MW"", ""SCOPE_42_CWM43""]","[""CHECK_42_2CWM4""]",0,[],0,[],0,[],0,0,,clean,,9d3367fad1549187c0f860348bfdf755233d8c083fde329f0347b5d91a70edc1,a871dedea6f4e06bbe270ea8c8a74cfc75729b878ede0648c577f50fef73297a,4e8e2fcc54a144d187aa1c9cafce06e79b4b4f594185131726123313a7f66ee5,98258b248903a0c1e0c8217c77a451fc1f1eca34f791c0f85a1c4c7407c47856,601193a4f93ad77dad67238fb80c25644ac5a23aa65063af72c687560984c1cd,released_raw_outputs/model_outputs/_probe_ecvs_deepseek_v4pro_frontier5_realswe5_rolling_react_reflection_10task_3method_3budget_1run/deepseek/react_literature_adapted__final_main_v1_42_real_swe_fresh_github_python_humanize_humanize_2968d44280a6__run_1__budget_300.jsonl,14,fb52fdfb86741c4ae95bc4d61272a9b4c2ad481784d19b20090a9004ca3dea9e,fac737a03e4b2a4d25fa6038cdcafc892eb8befb96a6d7bce9ea768d2d8d57fc,1f79313f0bb3d3469507de18d45fc1302ae2b035f1c45fbb9fae684bc94d6740
_probe_ecvs_deepseek_v4pro_frontier5_realswe5_rolling_react_reflection_10task_3method_3budget_1run:deepseek_v4pro:react_literature_adapted:final_main_v1_42_real_swe_fresh_github_python_humanize_humanize_2968d44280a6:budget_600:run_1,deepseek_v4pro,final_main_v1_42_real_swe_fresh_github_python_humanize_humanize_2968d44280a6,real_swe_executable_anchor_controlled,medium,schema_json_contract,real_swe_non_frontier,react_literature_adapted,react,600,1,2026-06-19T06:38:17.411064+00:00,2026-06-19T06:39:02.616962+00:00,2026-06-19T06:38:17.411185+00:00,2026-06-19T06:39:02.611732+00:00,28.081,0c34b9d65f290c5ae1f69df62f807131b12af880fb7f25e76a971df0793a03fe,7d89808157fd0513606746fa4b35f9493764ee4c120600c45e1d0d94b5b35680,2b8d54b172b2fe3b62220252d612c8f62cddb7b7e3ed8b9bc4d31ce97df85c30,7bfa597a2d2f7bca53e5f16aa01270670fff88f80c8ef48c9909e7344c3d74d9,b5a15a3cf40a18757205d433fce32d14cf8b0f3ed5ec756ae0bf8d87810c5285,de47decc1628eb13d5a599547410eb97aaf08bd06ba7477d87d058d823f52970,b690d62b4090b62a2cf7d1b4a3767a58ef5c63bc1fc97ad37137285b015d251b,b690d62b4090b62a2cf7d1b4a3767a58ef5c63bc1fc97ad37137285b015d251b,b690d62b4090b62a2cf7d1b4a3767a58ef5c63bc1fc97ad37137285b015d251b,30d3d71633ff14de49ad9550510b976ec8183c6360975bf162bba33bf31b4a79,direct_provider,deepseek,https://api.deepseek.com,deepseek-v4-pro,https://api.deepseek.com/chat/completions,deepseek-v4-pro,6ee216f9d4faf87a50c2035857e452e29092a4e33be1d1d56250593d205fc57c,280a143650cd712edef7ec4e2d002a65425d54fbb6e2d57383993932d4c7ffb7,732540d4d91cbaf77c5d80073d4d09740fd99c7f0d728d9f161b53753b90f6cd,explicit,0,4096,omitted,,omitted,,omitted,,omitted,,omitted,,omitted,,omitted,,omitted,,omitted,,False,thinking.type=disabled,ffe557f53c63f7d0f7e35f80c03f61d8b3548db9e4f51e8dda020b28a920d875,provider_not_exposed,provider_not_exposed,False,,False,False,False,disabled,,stop;stop;stop;stop;stop;stop;stop;stop;stop;stop;stop,stop;stop;stop;stop;stop;stop;stop;stop;stop;stop;stop,5445,1535,0,1,,0,"[""REQ_42_B2CWM43F"", ""LOCK_42_F34MW"", ""SCOPE_42_CWM43""]","[""CHECK_42_2CWM4""]",0,[],0,[],0,[],0,0,,clean,,373d446279d8772efb415659472cc26c53be583e8e125825c82bf3220bd60ca0,f007b4c74b9c315d410ede2f498894e076a801675cbd78419681e01b59c0b19c,3eb6942d7ff0fb900d2d4883e227a75fcbb0a52f9a90692942701aa9e836d80f,3ea75e23332e29895826b6900f038e1a47e19a7db83c4846f1afc5387926d661,ef2186d2ed3bdf3367a4de57877848de033b0cbccf3f3375acb33357e7d88ebc,released_raw_outputs/model_outputs/_probe_ecvs_deepseek_v4pro_frontier5_realswe5_rolling_react_reflection_10task_3method_3budget_1run/deepseek/react_literature_adapted__final_main_v1_42_real_swe_fresh_github_python_humanize_humanize_2968d44280a6__run_1__budget_600.jsonl,11,50de8c163add079d6ff6c65e9efc36411d0104d21fdf4502afd72702df811d91,ab1578a6bab6a8237f120090c917b446963a22adfe918c4cce15b342fd41b167,1d2ed56f01dc4d1787173d03efecc8519ea1f35060a1bd9160734e4c42fad052
_probe_ecvs_deepseek_v4pro_frontier5_realswe5_rolling_react_reflection_10task_3method_3budget_1run:deepseek_v4pro:react_literature_adapted:final_main_v1_43_real_swe_fresh_github_tkem_cachetools_18e5930ced2c:budget_1200:run_1,deepseek_v4pro,final_main_v1_43_real_swe_fresh_github_tkem_cachetools_18e5930ced2c,real_swe_executable_anchor_controlled,medium,permission_file_scope,real_swe_non_frontier,react_literature_adapted,react,1200,1,2026-06-19T06:40:26.337249+00:00,2026-06-19T06:41:12.845649+00:00,2026-06-19T06:40:26.337302+00:00,2026-06-19T06:41:12.840832+00:00,29.358,0c34b9d65f290c5ae1f69df62f807131b12af880fb7f25e76a971df0793a03fe,d9e9675215de871c2af384d309686cbb772789de049f42c9d1564e7d57913099,2b8d54b172b2fe3b62220252d612c8f62cddb7b7e3ed8b9bc4d31ce97df85c30,c768f371cfc52f66ed1cad659b640760266d0f35d570f68225f1714f23aa327d,fc15561f2f4075e6e32b3682acfeadefa66064fb9f8ce980f482fc55e0e24b71,de47decc1628eb13d5a599547410eb97aaf08bd06ba7477d87d058d823f52970,b690d62b4090b62a2cf7d1b4a3767a58ef5c63bc1fc97ad37137285b015d251b,b690d62b4090b62a2cf7d1b4a3767a58ef5c63bc1fc97ad37137285b015d251b,b690d62b4090b62a2cf7d1b4a3767a58ef5c63bc1fc97ad37137285b015d251b,30d3d71633ff14de49ad9550510b976ec8183c6360975bf162bba33bf31b4a79,direct_provider,deepseek,https://api.deepseek.com,deepseek-v4-pro,https://api.deepseek.com/chat/completions,deepseek-v4-pro,6ee216f9d4faf87a50c2035857e452e29092a4e33be1d1d56250593d205fc57c,280a143650cd712edef7ec4e2d002a65425d54fbb6e2d57383993932d4c7ffb7,732540d4d91cbaf77c5d80073d4d09740fd99c7f0d728d9f161b53753b90f6cd,explicit,0,4096,omitted,,omitted,,omitted,,omitted,,omitted,,omitted,,omitted,,omitted,,omitted,,False,thinking.type=disabled,ffe557f53c63f7d0f7e35f80c03f61d8b3548db9e4f51e8dda020b28a920d875,provider_not_exposed,provider_not_exposed,False,,False,False,False,disabled,,stop;stop;stop;stop;stop;stop;stop;stop,stop;stop;stop;stop;stop;stop;stop;stop,5356,2014,0,1,,1,[],"[""REQ_43_ZK3ZLG6P"", ""LOCK_43_P6GLZ"", ""SCOPE_43_3ZLG6"", ""CHECK_43_K3ZLG""]",0,[],0,[],0,[],1,0,,clean,,16a33ec895d8689d0071c136b6f2e72bebb5f6e1425d1eddf3d7d09d9fe01379,c50f1ae27595bf81470a1cd3fbbe914e1299ed8bf5e1ebe89784031d91860bae,e88998eef56f2568f4fb7ef2ad0f175729e9e8684a05ac4b2574f3e1da226635,918076236777252d43914704d80639217d1ec04328d15c15e6eacdf57debdbe6,434a5fb2f211bf3cba09be3e7a051aa8c1d6dd5226d666739358622fa1dfc21a,released_raw_outputs/model_outputs/_probe_ecvs_deepseek_v4pro_frontier5_realswe5_rolling_react_reflection_10task_3method_3budget_1run/deepseek/react_literature_adapted__final_main_v1_43_real_swe_fresh_github_tkem_cachetools_18e5930ced2c__run_1__budget_1200.jsonl,8,bd60dba5d820dd3fc9c5d831065e8ac63eee7c718278a9b053d909ee983fc1c3,a00a641eff34d201c1957067608950152861c4a695c2592b909af021a388811f,fb1c7be80a16523af31594d209461c1944e0f82888ea2819a3246bbab058d606
_probe_ecvs_deepseek_v4pro_frontier5_realswe5_rolling_react_reflection_10task_3method_3budget_1run:deepseek_v4pro:react_literature_adapted:final_main_v1_43_real_swe_fresh_github_tkem_cachetools_18e5930ced2c:budget_300:run_1,deepseek_v4pro,final_main_v1_43_real_swe_fresh_github_tkem_cachetools_18e5930ced2c,real_swe_executable_anchor_controlled,medium,permission_file_scope,real_swe_non_frontier,react_literature_adapted,react,300,1,2026-06-19T06:40:15.812752+00:00,2026-06-19T06:41:22.183761+00:00,2026-06-19T06:40:15.812903+00:00,2026-06-19T06:41:22.179123+00:00,32.155,0c34b9d65f290c5ae1f69df62f807131b12af880fb7f25e76a971df0793a03fe,d9e9675215de871c2af384d309686cbb772789de049f42c9d1564e7d57913099,2b8d54b172b2fe3b62220252d612c8f62cddb7b7e3ed8b9bc4d31ce97df85c30,c768f371cfc52f66ed1cad659b640760266d0f35d570f68225f1714f23aa327d,899c05540a01f67898a58a1aa9e19721d803e7c641aa18c693bd1869388b2619,de47decc1628eb13d5a599547410eb97aaf08bd06ba7477d87d058d823f52970,b690d62b4090b62a2cf7d1b4a3767a58ef5c63bc1fc97ad37137285b015d251b,b690d62b4090b62a2cf7d1b4a3767a58ef5c63bc1fc97ad37137285b015d251b,b690d62b4090b62a2cf7d1b4a3767a58ef5c63bc1fc97ad37137285b015d251b,30d3d71633ff14de49ad9550510b976ec8183c6360975bf162bba33bf31b4a79,direct_provider,deepseek,https://api.deepseek.com,deepseek-v4-pro,https://api.deepseek.com/chat/completions,deepseek-v4-pro,6ee216f9d4faf87a50c2035857e452e29092a4e33be1d1d56250593d205fc57c,280a143650cd712edef7ec4e2d002a65425d54fbb6e2d57383993932d4c7ffb7,732540d4d91cbaf77c5d80073d4d09740fd99c7f0d728d9f161b53753b90f6cd,explicit,0,4096,omitted,,omitted,,omitted,,omitted,,omitted,,omitted,,omitted,,omitted,,omitted,,False,thinking.type=disabled,ffe557f53c63f7d0f7e35f80c03f61d8b3548db9e4f51e8dda020b28a920d875,provider_not_exposed,provider_not_exposed,False,,False,False,False,disabled,,stop;stop;stop;stop;stop;stop;stop;stop;stop;stop;stop;stop;stop;stop;stop,stop;stop;stop;stop;stop;stop;stop;stop;stop;stop;stop;stop;stop;stop;stop,5997,1510,1,1,,0,"[""REQ_43_ZK3ZLG6P"", ""LOCK_43_P6GLZ"", ""SCOPE_43_3ZLG6"", ""CHECK_43_K3ZLG""]",[],0,[],0,[],0,[],0,0,,clean,,8be5e5c8ca8132f9131b18098b997ab6fc0dd446aafa7c8665572f2bbe45d3cd,9a877c90d52d36742dd672a9bc50784af510b4fe5a7091a38da69aeb69f54a12,d4e22a9a83b910e00032991894462b748424255f6394e849e2f885a66b82ca5d,0d8c18f62213ed4115f368c207270faafdf0eb8ce078f1c4e9b9ff568ac73787,46ee8ec87527f48034573725cf765dab2e4c2182a1eab8a444d8779d9eda0a2d,released_raw_outputs/model_outputs/_probe_ecvs_deepseek_v4pro_frontier5_realswe5_rolling_react_reflection_10task_3method_3budget_1run/deepseek/react_literature_adapted__final_main_v1_43_real_swe_fresh_github_tkem_cachetools_18e5930ced2c__run_1__budget_300.jsonl,15,7805f16114c23965de84549a53ad6b2cd507478efe167e98776bfdaa1f570886,dc464fe849ecd786382b9371d57719ef1094849ea857db1c311f070eb401a97f,1d8573ac43e89f8ee27ed8073f0fac80a20cfc66dd08368a50ca61e6eabd1ec5
_probe_ecvs_deepseek_v4pro_frontier5_realswe5_rolling_react_reflection_10task_3method_3budget_1run:deepseek_v4pro:react_literature_adapted:final_main_v1_43_real_swe_fresh_github_tkem_cachetools_18e5930ced2c:budget_600:run_1,deepseek_v4pro,final_main_v1_43_real_swe_fresh_github_tkem_cachetools_18e5930ced2c,real_swe_executable_anchor_controlled,medium,permission_file_scope,real_swe_non_frontier,react_literature_adapted,react,600,1,2026-06-19T06:40:16.405383+00:00,2026-06-19T06:40:48.552024+00:00,2026-06-19T06:40:16.405504+00:00,2026-06-19T06:40:48.551353+00:00,30.14,0c34b9d65f290c5ae1f69df62f807131b12af880fb7f25e76a971df0793a03fe,d9e9675215de871c2af384d309686cbb772789de049f42c9d1564e7d57913099,2b8d54b172b2fe3b62220252d612c8f62cddb7b7e3ed8b9bc4d31ce97df85c30,c768f371cfc52f66ed1cad659b640760266d0f35d570f68225f1714f23aa327d,efc865467448c27f22fa5099a4d6c00ff2404f035b754a750e43882e739822ce,de47decc1628eb13d5a599547410eb97aaf08bd06ba7477d87d058d823f52970,b690d62b4090b62a2cf7d1b4a3767a58ef5c63bc1fc97ad37137285b015d251b,b690d62b4090b62a2cf7d1b4a3767a58ef5c63bc1fc97ad37137285b015d251b,b690d62b4090b62a2cf7d1b4a3767a58ef5c63bc1fc97ad37137285b015d251b,30d3d71633ff14de49ad9550510b976ec8183c6360975bf162bba33bf31b4a79,direct_provider,deepseek,https://api.deepseek.com,deepseek-v4-pro,https://api.deepseek.com/chat/completions,deepseek-v4-pro,6ee216f9d4faf87a50c2035857e452e29092a4e33be1d1d56250593d205fc57c,280a143650cd712edef7ec4e2d002a65425d54fbb6e2d57383993932d4c7ffb7,732540d4d91cbaf77c5d80073d4d09740fd99c7f0d728d9f161b53753b90f6cd,explicit,0,4096,omitted,,omitted,,omitted,,omitted,,omitted,,omitted,,omitted,,omitted,,omitted,,False,thinking.type=disabled,ffe557f53c63f7d0f7e35f80c03f61d8b3548db9e4f51e8dda020b28a920d875,provider_not_exposed,provider_not_exposed,False,,False,False,False,disabled,,,,0,0,0,0,,0,"[""REQ_43_ZK3ZLG6P"", ""LOCK_43_P6GLZ"", ""SCOPE_43_3ZLG6"", ""CHECK_43_K3ZLG""]",[],0,[],0,[],0,[],0,1,RemoteDisconnected: Remote end closed connection without response,rerun_required,backend_error,12d19cfaecd4e92afb0ad24e58332e2cf809e22e9098bdd0bef3bc9706ae9f00,7c077ca2308714493d07163e1033c4282bd869ff6d477b3e77408587f95e2930,7c077ca2308714493d07163e1033c4282bd869ff6d477b3e77408587f95e2930,27a95c03b3202b0d6eff18ea2e254bb67153d9cedd94c85c6e39f65f24fe431e,733d4a5f4ec38865b405c5902e1d20f3053422d431e452291cd34b85585f5b32,released_raw_outputs/model_outputs/_probe_ecvs_deepseek_v4pro_frontier5_realswe5_rolling_react_reflection_10task_3method_3budget_1run/deepseek/react_literature_adapted__final_main_v1_43_real_swe_fresh_github_tkem_cachetools_18e5930ced2c__run_1__budget_600.jsonl,1,2bddfb2e2f7ce768af57ea3845c6ea5a6d5b68509c960e4be4f90a01729301d9,af9957b513f51a84acb4c9402e603662c8e22ef67c9a50052a0a009360d2e286,df0d0752204d7afbe9c785919d0f62396b2be739bd3fda3a3d73d3081d13d8a4
_probe_ecvs_deepseek_v4pro_frontier5_realswe5_rolling_react_reflection_10task_3method_3budget_1run:deepseek_v4pro:react_literature_adapted:final_main_v1_44_real_swe_fresh_github_jpadilla_pyjwt_c8ab900b831c:budget_1200:run_1,deepseek_v4pro,final_main_v1_44_real_swe_fresh_github_jpadilla_pyjwt_c8ab900b831c,real_swe_executable_anchor_controlled,hard,dependency_import_consistency,real_swe_non_frontier,react_literature_adapted,react,1200,1,2026-06-19T06:37:39.003814+00:00,2026-06-19T06:38:20.679175+00:00,2026-06-19T06:37:39.003930+00:00,2026-06-19T06:38:20.673423+00:00,41.662,0c34b9d65f290c5ae1f69df62f807131b12af880fb7f25e76a971df0793a03fe,2ec351c87e7db636e065cb1ab54565df6bdda033975a41c3e3fe88954a636c6b,2b8d54b172b2fe3b62220252d612c8f62cddb7b7e3ed8b9bc4d31ce97df85c30,5a40bea2f6aff56cf0251a9521c848350d5c35a4749294432de252a86b2e97df,e2616bc9540060743305a71c3fb9e4804d19da02c4af8a7c456a383b79d52c65,de47decc1628eb13d5a599547410eb97aaf08bd06ba7477d87d058d823f52970,b690d62b4090b62a2cf7d1b4a3767a58ef5c63bc1fc97ad37137285b015d251b,b690d62b4090b62a2cf7d1b4a3767a58ef5c63bc1fc97ad37137285b015d251b,b690d62b4090b62a2cf7d1b4a3767a58ef5c63bc1fc97ad37137285b015d251b,30d3d71633ff14de49ad9550510b976ec8183c6360975bf162bba33bf31b4a79,direct_provider,deepseek,https://api.deepseek.com,deepseek-v4-pro,https://api.deepseek.com/chat/completions,deepseek-v4-pro,6ee216f9d4faf87a50c2035857e452e29092a4e33be1d1d56250593d205fc57c,280a143650cd712edef7ec4e2d002a65425d54fbb6e2d57383993932d4c7ffb7,732540d4d91cbaf77c5d80073d4d09740fd99c7f0d728d9f161b53753b90f6cd,explicit,0,4096,omitted,,omitted,,omitted,,omitted,,omitted,,omitted,,omitted,,omitted,,omitted,,False,thinking.type=disabled,ffe557f53c63f7d0f7e35f80c03f61d8b3548db9e4f51e8dda020b28a920d875,provider_not_exposed,provider_not_exposed,False,,False,False,False,disabled,,stop;stop;stop;stop;stop;stop;stop;stop;stop;stop;stop,stop;stop;stop;stop;stop;stop;stop;stop;stop;stop;stop,6895,2787,1,1,,0,"[""CHECK_44_QQN7F""]","[""REQ_44_8QQN7FPY"", ""LOCK_44_YPF7N"", ""SCOPE_44_QN7FP"", ""ANCHOR_44_N7FPY""]",0,[],0,[],0,[],0,0,,clean,,65e25f3d49f60b53ca44f0784dbfd4ca2bea1f971d1fa0b235d64c2023c9ac4b,ba8264f3792de0c6a54fb63282bc14606f1bad97af424fa0f63158f6e54f3fc1,60198c6198ec0303a2e9754f0d5e9014cacf087e484188eb65db36514beed1d5,b6cb7171b70e0966631ea13386b88bd90f924acd5e5e668e7ba5bbcbd2aea118,fb32ed170f6848ec625bc09c0faaca1e79e76606afe4f0e783b821e062c927eb,released_raw_outputs/model_outputs/_probe_ecvs_deepseek_v4pro_frontier5_realswe5_rolling_react_reflection_10task_3method_3budget_1run/deepseek/react_literature_adapted__final_main_v1_44_real_swe_fresh_github_jpadilla_pyjwt_c8ab900b831c__run_1__budget_1200.jsonl,11,54ed5d028455e9973748aaf99e9df460d8e4ac5147e19a2d0040ea0b14f117c6,444e1ba473bb88b9bef2c7aa1398bff667d6fce57513578e953e7cdf66600695,2a6b2446a79f268024354a6f509d1a765626826bf9809da92fad7c22a578f5a4
_probe_ecvs_deepseek_v4pro_frontier5_realswe5_rolling_react_reflection_10task_3method_3budget_1run:deepseek_v4pro:react_literature_adapted:final_main_v1_44_real_swe_fresh_github_jpadilla_pyjwt_c8ab900b831c:budget_300:run_1,deepseek_v4pro,final_main_v1_44_real_swe_fresh_github_jpadilla_pyjwt_c8ab900b831c,real_swe_executable_anchor_controlled,hard,dependency_import_consistency,real_swe_non_frontier,react_literature_adapted,react,300,1,2026-06-19T06:37:15.133119+00:00,2026-06-19T06:38:09.484580+00:00,2026-06-19T06:37:15.133208+00:00,2026-06-19T06:38:09.477933+00:00,37.261,0c34b9d65f290c5ae1f69df62f807131b12af880fb7f25e76a971df0793a03fe,2ec351c87e7db636e065cb1ab54565df6bdda033975a41c3e3fe88954a636c6b,2b8d54b172b2fe3b62220252d612c8f62cddb7b7e3ed8b9bc4d31ce97df85c30,5a40bea2f6aff56cf0251a9521c848350d5c35a4749294432de252a86b2e97df,6e09f62b81983c331b0e82c167c52e5eaf4a1de760bc519c0754865d8d371bf4,de47decc1628eb13d5a599547410eb97aaf08bd06ba7477d87d058d823f52970,b690d62b4090b62a2cf7d1b4a3767a58ef5c63bc1fc97ad37137285b015d251b,b690d62b4090b62a2cf7d1b4a3767a58ef5c63bc1fc97ad37137285b015d251b,b690d62b4090b62a2cf7d1b4a3767a58ef5c63bc1fc97ad37137285b015d251b,30d3d71633ff14de49ad9550510b976ec8183c6360975bf162bba33bf31b4a79,direct_provider,deepseek,https://api.deepseek.com,deepseek-v4-pro,https://api.deepseek.com/chat/completions,deepseek-v4-pro,6ee216f9d4faf87a50c2035857e452e29092a4e33be1d1d56250593d205fc57c,280a143650cd712edef7ec4e2d002a65425d54fbb6e2d57383993932d4c7ffb7,732540d4d91cbaf77c5d80073d4d09740fd99c7f0d728d9f161b53753b90f6cd,explicit,0,4096,omitted,,omitted,,omitted,,omitted,,omitted,,omitted,,omitted,,omitted,,omitted,,False,thinking.type=disabled,ffe557f53c63f7d0f7e35f80c03f61d8b3548db9e4f51e8dda020b28a920d875,provider_not_exposed,provider_not_exposed,False,,False,False,False,disabled,,stop;stop;stop;stop;stop;stop;stop;stop;stop;stop;stop;stop;stop;stop;stop;stop;stop,stop;stop;stop;stop;stop;stop;stop;stop;stop;stop;stop;stop;stop;stop;stop;stop;stop,6818,1831,1,1,,0,"[""REQ_44_8QQN7FPY"", ""LOCK_44_YPF7N"", ""SCOPE_44_QN7FP""]","[""CHECK_44_QQN7F"", ""ANCHOR_44_N7FPY""]",0,[],0,[],0,[],0,0,,clean,,de06821b3dfbfca57bc59f60cc292b431d919496fe8c4ecc18cfbc834b4260c3,9462f031926be5ae8397a34fa0990d882bfa6f92105c9586ea6caa68dda871ab,c1114c821b9ad77d261e8b5554eb1daf834a794f2a76ebc84a40f34a45445368,d0a7abe30637cdf989a4fcd3ffa1cc1929e65fd9f0eee433eddaace2df5fed12,4f083fc622ce939f7983a117b6d607892e895dd97c573d88c990f8e07624cf39,released_raw_outputs/model_outputs/_probe_ecvs_deepseek_v4pro_frontier5_realswe5_rolling_react_reflection_10task_3method_3budget_1run/deepseek/react_literature_adapted__final_main_v1_44_real_swe_fresh_github_jpadilla_pyjwt_c8ab900b831c__run_1__budget_300.jsonl,17,6b1df53a8a47624991650f7a83946c2e31903ad030a2c182d580eccc802c40be,fbbfbf1996b5544b3c7f08aff9b61926075f61623dd7d8c90c5a4548b6b191c7,9cb29e9e85b54a7ce971067d308ec918d77db2ba39ae59dc270ba59a0dc43987
_probe_ecvs_deepseek_v4pro_frontier5_realswe5_rolling_react_reflection_10task_3method_3budget_1run:deepseek_v4pro:react_literature_adapted:final_main_v1_44_real_swe_fresh_github_jpadilla_pyjwt_c8ab900b831c:budget_600:run_1,deepseek_v4pro,final_main_v1_44_real_swe_fresh_github_jpadilla_pyjwt_c8ab900b831c,real_swe_executable_anchor_controlled,hard,dependency_import_consistency,real_swe_non_frontier,react_literature_adapted,react,600,1,2026-06-19T06:37:20.802774+00:00,2026-06-19T06:37:58.063344+00:00,2026-06-19T06:37:20.802959+00:00,2026-06-19T06:37:58.059440+00:00,37.248,0c34b9d65f290c5ae1f69df62f807131b12af880fb7f25e76a971df0793a03fe,2ec351c87e7db636e065cb1ab54565df6bdda033975a41c3e3fe88954a636c6b,2b8d54b172b2fe3b62220252d612c8f62cddb7b7e3ed8b9bc4d31ce97df85c30,5a40bea2f6aff56cf0251a9521c848350d5c35a4749294432de252a86b2e97df,748a6d2a34c84dde7c8bb268cb15ae43408bbca1c3b45f349de9933e41b826ac,de47decc1628eb13d5a599547410eb97aaf08bd06ba7477d87d058d823f52970,b690d62b4090b62a2cf7d1b4a3767a58ef5c63bc1fc97ad37137285b015d251b,b690d62b4090b62a2cf7d1b4a3767a58ef5c63bc1fc97ad37137285b015d251b,b690d62b4090b62a2cf7d1b4a3767a58ef5c63bc1fc97ad37137285b015d251b,30d3d71633ff14de49ad9550510b976ec8183c6360975bf162bba33bf31b4a79,direct_provider,deepseek,https://api.deepseek.com,deepseek-v4-pro,https://api.deepseek.com/chat/completions,deepseek-v4-pro,6ee216f9d4faf87a50c2035857e452e29092a4e33be1d1d56250593d205fc57c,280a143650cd712edef7ec4e2d002a65425d54fbb6e2d57383993932d4c7ffb7,732540d4d91cbaf77c5d80073d4d09740fd99c7f0d728d9f161b53753b90f6cd,explicit,0,4096,omitted,,omitted,,omitted,,omitted,,omitted,,omitted,,omitted,,omitted,,omitted,,False,thinking.type=disabled,ffe557f53c63f7d0f7e35f80c03f61d8b3548db9e4f51e8dda020b28a920d875,provider_not_exposed,provider_not_exposed,False,,False,False,False,disabled,,stop;stop;stop;stop;stop;stop;stop;stop;stop;stop;stop;stop;stop;stop,stop;stop;stop;stop;stop;stop;stop;stop;stop;stop;stop;stop;stop;stop,6411,1742,1,1,,0,"[""REQ_44_8QQN7FPY"", ""LOCK_44_YPF7N"", ""SCOPE_44_QN7FP"", ""CHECK_44_QQN7F""]","[""ANCHOR_44_N7FPY""]",0,[],0,[],0,[],0,0,,clean,,7c9f89d759fcbc24b0841e9c2794cfc20bd560e217ecdad90a8bd56de96aa855,7890ed34907321488e20a5e3a3a2c9c028d54377d6c850e3254c05038b408333,dda6c87d67d9590dc07cd9e550f32fd366c13452b78e8aaff9e58c0c11dfa4b5,38a1871fccafb5ad28f8ce48c3db37ce240d4fdcb063ad7aebf5824b7ecd7489,8a10c6656a99209472fb6d9acd10133e9d41b0335e0a6ba42c3aabe47f5e94bc,released_raw_outputs/model_outputs/_probe_ecvs_deepseek_v4pro_frontier5_realswe5_rolling_react_reflection_10task_3method_3budget_1run/deepseek/react_literature_adapted__final_main_v1_44_real_swe_fresh_github_jpadilla_pyjwt_c8ab900b831c__run_1__budget_600.jsonl,14,61b1fc9a385fb29232ac977cf0d119e52c0c8354139d71bd42dafa0604a00ba5,c5dd999cf95657145196432b85e62b9066ed28d367195c70cd6aca69f89f93e5,4f1b60d7da591442d5611a979cfe3e52ba71126505cc6fa712c5d85e826d2b12
_probe_ecvs_deepseek_v4pro_frontier5_realswe5_rolling_react_reflection_10task_3method_3budget_1run:deepseek_v4pro:react_literature_adapted:final_main_v1_46_real_swe_fresh_github_jpadilla_pyjwt_0a99cc2427c7:budget_1200:run_1,deepseek_v4pro,final_main_v1_46_real_swe_fresh_github_jpadilla_pyjwt_0a99cc2427c7,real_swe_executable_anchor_controlled,hard,security_boundary,real_swe_non_frontier,react_literature_adapted,react,1200,1,2026-06-19T06:39:36.759354+00:00,2026-06-19T06:40:27.710425+00:00,2026-06-19T06:39:36.759476+00:00,2026-06-19T06:40:27.708230+00:00,33.865,0c34b9d65f290c5ae1f69df62f807131b12af880fb7f25e76a971df0793a03fe,b47fdc5a29ec2e4d8ea6996db655d63858924f3324db7676d76147c4dd07e610,2b8d54b172b2fe3b62220252d612c8f62cddb7b7e3ed8b9bc4d31ce97df85c30,872ae97b64fe0ebd139c17ccd41721fa87e11f5edfa8d00f1687a9bff4411513,a8053e42551400d06f0939ef6fb83e8607946ecf33dfaa2e81e3a4537e1bf559,de47decc1628eb13d5a599547410eb97aaf08bd06ba7477d87d058d823f52970,b690d62b4090b62a2cf7d1b4a3767a58ef5c63bc1fc97ad37137285b015d251b,b690d62b4090b62a2cf7d1b4a3767a58ef5c63bc1fc97ad37137285b015d251b,b690d62b4090b62a2cf7d1b4a3767a58ef5c63bc1fc97ad37137285b015d251b,30d3d71633ff14de49ad9550510b976ec8183c6360975bf162bba33bf31b4a79,direct_provider,deepseek,https://api.deepseek.com,deepseek-v4-pro,https://api.deepseek.com/chat/completions,deepseek-v4-pro,6ee216f9d4faf87a50c2035857e452e29092a4e33be1d1d56250593d205fc57c,280a143650cd712edef7ec4e2d002a65425d54fbb6e2d57383993932d4c7ffb7,732540d4d91cbaf77c5d80073d4d09740fd99c7f0d728d9f161b53753b90f6cd,explicit,0,4096,omitted,,omitted,,omitted,,omitted,,omitted,,omitted,,omitted,,omitted,,omitted,,False,thinking.type=disabled,ffe557f53c63f7d0f7e35f80c03f61d8b3548db9e4f51e8dda020b28a920d875,provider_not_exposed,provider_not_exposed,False,,False,False,False,disabled,,stop;stop;stop;stop;stop;stop;stop;stop;stop,stop;stop;stop;stop;stop;stop;stop;stop;stop,6142,2343,0,1,,1,[],"[""REQ_46_35AH5586"", ""LOCK_46_6855H"", ""SCOPE_46_AH558"", ""CHECK_46_5AH55"", ""ANCHOR_46_H5586""]",0,[],0,[],0,[],1,0,,clean,,56e87b2a972b1f4f46b0c214fecef4f075f5f821eea331b99429238e99b91cf1,6ead8e70a327c08b460f650d0e82b18f0d2ef2889d3f3777bda5e8ae5bd237fd,8b03f97c01d3cda2767f3e381d1f996658da96e27e442318d71f995fa6e72e08,fdc26172c27a8c18dd0c48cdb9fa84e827f829c2f3be9bafd965f5849d026044,8c392c8b1a5e042c57f7694e793fb155833a52c989a849e2ceab304566ce0b5c,released_raw_outputs/model_outputs/_probe_ecvs_deepseek_v4pro_frontier5_realswe5_rolling_react_reflection_10task_3method_3budget_1run/deepseek/react_literature_adapted__final_main_v1_46_real_swe_fresh_github_jpadilla_pyjwt_0a99cc2427c7__run_1__budget_1200.jsonl,9,76d9a2a9e8df79f180b1ee21f7be50e7468530c0514c31d5036a12d153f3f7d3,d18268283855b5fd3ef9f478e05ec3a90232cbb39ad655975dd63978e82af450,188a8cc4acada66151d31dc32d6799321b207089030db945bc723d8da2718859
_probe_ecvs_deepseek_v4pro_frontier5_realswe5_rolling_react_reflection_10task_3method_3budget_1run:deepseek_v4pro:react_literature_adapted:final_main_v1_46_real_swe_fresh_github_jpadilla_pyjwt_0a99cc2427c7:budget_300:run_1,deepseek_v4pro,final_main_v1_46_real_swe_fresh_github_jpadilla_pyjwt_0a99cc2427c7,real_swe_executable_anchor_controlled,hard,security_boundary,real_swe_non_frontier,react_literature_adapted,react,300,1,2026-06-19T06:39:07.266558+00:00,2026-06-19T06:40:30.215056+00:00,2026-06-19T06:39:07.266677+00:00,2026-06-19T06:40:30.212987+00:00,31.681,0c34b9d65f290c5ae1f69df62f807131b12af880fb7f25e76a971df0793a03fe,b47fdc5a29ec2e4d8ea6996db655d63858924f3324db7676d76147c4dd07e610,2b8d54b172b2fe3b62220252d612c8f62cddb7b7e3ed8b9bc4d31ce97df85c30,872ae97b64fe0ebd139c17ccd41721fa87e11f5edfa8d00f1687a9bff4411513,908fa9b7a151dc68f1ad88b91226b7076f6cde7a211aa73f15193c29095264aa,de47decc1628eb13d5a599547410eb97aaf08bd06ba7477d87d058d823f52970,b690d62b4090b62a2cf7d1b4a3767a58ef5c63bc1fc97ad37137285b015d251b,b690d62b4090b62a2cf7d1b4a3767a58ef5c63bc1fc97ad37137285b015d251b,b690d62b4090b62a2cf7d1b4a3767a58ef5c63bc1fc97ad37137285b015d251b,30d3d71633ff14de49ad9550510b976ec8183c6360975bf162bba33bf31b4a79,direct_provider,deepseek,https://api.deepseek.com,deepseek-v4-pro,https://api.deepseek.com/chat/completions,deepseek-v4-pro,6ee216f9d4faf87a50c2035857e452e29092a4e33be1d1d56250593d205fc57c,280a143650cd712edef7ec4e2d002a65425d54fbb6e2d57383993932d4c7ffb7,732540d4d91cbaf77c5d80073d4d09740fd99c7f0d728d9f161b53753b90f6cd,explicit,0,4096,omitted,,omitted,,omitted,,omitted,,omitted,,omitted,,omitted,,omitted,,omitted,,False,thinking.type=disabled,ffe557f53c63f7d0f7e35f80c03f61d8b3548db9e4f51e8dda020b28a920d875,provider_not_exposed,provider_not_exposed,False,,False,False,False,disabled,,stop;stop;stop;stop;stop;stop;stop;stop;stop;stop;stop;stop;stop;stop;stop;stop,stop;stop;stop;stop;stop;stop;stop;stop;stop;stop;stop;stop;stop;stop;stop;stop,6286,1303,0,1,,0,"[""REQ_46_35AH5586"", ""LOCK_46_6855H"", ""SCOPE_46_AH558"", ""CHECK_46_5AH55"", ""ANCHOR_46_H5586""]",[],0,[],0,[],0,[],0,0,,clean,,794744e0f6843ef984f90a61e7c9d5798f1fa2e3ed8063e8f305043ee7ac246b,50327edb5e982fdf2ba8a988ccff2173b36590659e11d48c6670c4ea9aa8c989,050022fc11ea343fe36be93650a3697dc0128017b73ed5339523b3f7c5cccd7d,8de011c391d862176f207adf539cc0b9ff884a010a0e27b4fa8ec0242a1624ed,e816f3de1ab128bc14cc53bee65300f9f070b95c7d4f5117ae6806f14b23db9f,released_raw_outputs/model_outputs/_probe_ecvs_deepseek_v4pro_frontier5_realswe5_rolling_react_reflection_10task_3method_3budget_1run/deepseek/react_literature_adapted__final_main_v1_46_real_swe_fresh_github_jpadilla_pyjwt_0a99cc2427c7__run_1__budget_300.jsonl,16,aaa3981dc4e1ef7af685a7eb5f60ffadb5702552751864d43d5526129edeb9ad,77675d646a19e9969c22ddb21a7cc297b3dfbd44c10f3cb3a5ddd1c4b32de72e,de5edaed43b46dec8456cc7994fec60c03090830f90f7ab12de57560dd604bdd
_probe_ecvs_deepseek_v4pro_frontier5_realswe5_rolling_react_reflection_10task_3method_3budget_1run:deepseek_v4pro:react_literature_adapted:final_main_v1_46_real_swe_fresh_github_jpadilla_pyjwt_0a99cc2427c7:budget_600:run_1,deepseek_v4pro,final_main_v1_46_real_swe_fresh_github_jpadilla_pyjwt_0a99cc2427c7,real_swe_executable_anchor_controlled,hard,security_boundary,real_swe_non_frontier,react_literature_adapted,react,600,1,2026-06-19T06:39:35.388029+00:00,2026-06-19T06:40:11.635636+00:00,2026-06-19T06:39:35.388206+00:00,2026-06-19T06:40:11.631069+00:00,36.235,0c34b9d65f290c5ae1f69df62f807131b12af880fb7f25e76a971df0793a03fe,b47fdc5a29ec2e4d8ea6996db655d63858924f3324db7676d76147c4dd07e610,2b8d54b172b2fe3b62220252d612c8f62cddb7b7e3ed8b9bc4d31ce97df85c30,872ae97b64fe0ebd139c17ccd41721fa87e11f5edfa8d00f1687a9bff4411513,28d805b890b5b7331abf92868afe7d801808b6e62852b384d3b54c79ce59f792,de47decc1628eb13d5a599547410eb97aaf08bd06ba7477d87d058d823f52970,b690d62b4090b62a2cf7d1b4a3767a58ef5c63bc1fc97ad37137285b015d251b,b690d62b4090b62a2cf7d1b4a3767a58ef5c63bc1fc97ad37137285b015d251b,b690d62b4090b62a2cf7d1b4a3767a58ef5c63bc1fc97ad37137285b015d251b,30d3d71633ff14de49ad9550510b976ec8183c6360975bf162bba33bf31b4a79,direct_provider,deepseek,https://api.deepseek.com,deepseek-v4-pro,https://api.deepseek.com/chat/completions,deepseek-v4-pro,6ee216f9d4faf87a50c2035857e452e29092a4e33be1d1d56250593d205fc57c,280a143650cd712edef7ec4e2d002a65425d54fbb6e2d57383993932d4c7ffb7,732540d4d91cbaf77c5d80073d4d09740fd99c7f0d728d9f161b53753b90f6cd,explicit,0,4096,omitted,,omitted,,omitted,,omitted,,omitted,,omitted,,omitted,,omitted,,omitted,,False,thinking.type=disabled,ffe557f53c63f7d0f7e35f80c03f61d8b3548db9e4f51e8dda020b28a920d875,provider_not_exposed,provider_not_exposed,False,,False,False,False,disabled,,stop;stop;stop;stop;stop;stop;stop;stop;stop;stop;stop;stop;stop,stop;stop;stop;stop;stop;stop;stop;stop;stop;stop;stop;stop;stop,6348,1888,1,1,,0,"[""REQ_46_35AH5586"", ""LOCK_46_6855H"", ""SCOPE_46_AH558"", ""CHECK_46_5AH55""]","[""ANCHOR_46_H5586""]",0,[],0,[],0,[],0,0,,clean,,36a1371c10abb06839c57c411568ceb9916799d71f775ae3b056a221d224f85a,49ef66761e44be24a5d047496c499dbec50f6d6a4aafc0ce8b9365347aec4e95,b9b38ff8560f16e40978e64bd79c061bd071d5c74d2b51cb5e7cc070e794bd64,5efe718bf58f489048f704b428ba5a7549b6fb00882eaab870d5862ad33376a0,2bc71a0b2808402fb430ebcd195a093374855ac741badca536157da4a24a7d15,released_raw_outputs/model_outputs/_probe_ecvs_deepseek_v4pro_frontier5_realswe5_rolling_react_reflection_10task_3method_3budget_1run/deepseek/react_literature_adapted__final_main_v1_46_real_swe_fresh_github_jpadilla_pyjwt_0a99cc2427c7__run_1__budget_600.jsonl,13,de7ae14b733656ea3757a1dc73d14facc3b45ee56029514103a24630b4042d66,595ae47799bb0b9d8a35e020f547288410597bcbc79b388d450b4f063a79f8f7,28903aa77de4d1366f6dd6b53b930729af12d95873d2e2c5645af6f6294b4c89
_probe_ecvs_deepseek_v4pro_frontier5_realswe5_rolling_react_reflection_10task_3method_3budget_1run:deepseek_v4pro:reflexion_literature_adapted:final_main_v1_18_actual_frontier_diagnostic_test_integrity:budget_1200:run_1,deepseek_v4pro,final_main_v1_18_actual_frontier_diagnostic_test_integrity,diagnostic_controlled,frontier_hard,test_integrity,frontier_hard_non_real,reflexion_literature_adapted,reflection_reflexion_adapted,1200,1,2026-06-19T06:36:57.176784+00:00,2026-06-19T06:39:39.301546+00:00,2026-06-19T06:36:57.176914+00:00,2026-06-19T06:39:39.296329+00:00,127.916,0c34b9d65f290c5ae1f69df62f807131b12af880fb7f25e76a971df0793a03fe,a3e3bfd0c5952ef5854a04d4f2333de4afafd36743ef6b5c62318280826d318d,2b8d54b172b2fe3b62220252d612c8f62cddb7b7e3ed8b9bc4d31ce97df85c30,aed6cda60eecbe60e8b54994849d3c5d0450d2dd16c19a2950b5a4f89b962a70,71327835d4de0b1fbb2cc3a673a5af10d5e86e538e3b57694eeeacb51beb3416,de47decc1628eb13d5a599547410eb97aaf08bd06ba7477d87d058d823f52970,b690d62b4090b62a2cf7d1b4a3767a58ef5c63bc1fc97ad37137285b015d251b,b690d62b4090b62a2cf7d1b4a3767a58ef5c63bc1fc97ad37137285b015d251b,b690d62b4090b62a2cf7d1b4a3767a58ef5c63bc1fc97ad37137285b015d251b,30d3d71633ff14de49ad9550510b976ec8183c6360975bf162bba33bf31b4a79,direct_provider,deepseek,https://api.deepseek.com,deepseek-v4-pro,https://api.deepseek.com/chat/completions,deepseek-v4-pro,6ee216f9d4faf87a50c2035857e452e29092a4e33be1d1d56250593d205fc57c,280a143650cd712edef7ec4e2d002a65425d54fbb6e2d57383993932d4c7ffb7,732540d4d91cbaf77c5d80073d4d09740fd99c7f0d728d9f161b53753b90f6cd,explicit,0,4096,omitted,,omitted,,omitted,,omitted,,omitted,,omitted,,omitted,,omitted,,omitted,,False,thinking.type=disabled,ffe557f53c63f7d0f7e35f80c03f61d8b3548db9e4f51e8dda020b28a920d875,provider_not_exposed,provider_not_exposed,False,,False,False,False,disabled,,stop;stop;stop;stop;stop;stop;stop;stop;stop;stop;stop;stop;stop;stop;stop;stop;stop;stop;stop;stop;stop;stop;stop;stop,stop;stop;stop;stop;stop;stop;stop;stop;stop;stop;stop;stop;stop;stop;stop;stop;stop;stop;stop;stop;stop;stop;stop;stop,17313,11095,1,1,,1,[],"[""REQ_18_96MH7JVM"", ""LOCK_18_MVJ7H"", ""SCOPE_18_MH7JV"", ""CHECK_18_6MH7J"", ""ANCHOR_18_H7JVM"", ""EDGE_18_7JVM"", ""FRONTIER_18_MVJ7HM"", ""MERGE_18_96MVM"", ""VERIFY_18_H7JVM""]",0,[],0,[],0,[],1,0,,clean,,03992e7e78819277f1682a8aa80e83df9bffd739d9e8c1d7854a9dd2c3b6bd0f,cf0fa78f175d84b04872c3ac6f66b724a56b8490b5b7af10cd453724c5c1d89c,446993bda4a26bc45d4991d483d18eff1e636450e876c52e46cc4521303ae540,b65e14236c5a6b4fa07dc51dc903ec324252b6791e700bac980c5bb0e8470004,d837a798f36e59e78ce2237cfa570a2e826e1f30dd5693fe8a5cd5386641913d,released_raw_outputs/model_outputs/_probe_ecvs_deepseek_v4pro_frontier5_realswe5_rolling_react_reflection_10task_3method_3budget_1run/deepseek/reflexion_literature_adapted__final_main_v1_18_actual_frontier_diagnostic_test_integrity__run_1__budget_1200.jsonl,24,92d734d8efbe1c8ca9211d8615ebfb597b4d01e71b41ffb008dee9768c89b6e0,9776d0ed4f91fdd4f27e6debaee57669a282d6f94e40004823edd5ea3089a690,bc150760f2ef46413d32c5673e9d4d81f7778fa643b64617913c5d01ccf2e502
_probe_ecvs_deepseek_v4pro_frontier5_realswe5_rolling_react_reflection_10task_3method_3budget_1run:deepseek_v4pro:reflexion_literature_adapted:final_main_v1_18_actual_frontier_diagnostic_test_integrity:budget_300:run_1,deepseek_v4pro,final_main_v1_18_actual_frontier_diagnostic_test_integrity,diagnostic_controlled,frontier_hard,test_integrity,frontier_hard_non_real,reflexion_literature_adapted,reflection_reflexion_adapted,300,1,2026-06-19T06:36:10.661180+00:00,2026-06-19T06:37:44.653123+00:00,2026-06-19T06:36:10.661270+00:00,2026-06-19T06:37:44.651088+00:00,75.877,0c34b9d65f290c5ae1f69df62f807131b12af880fb7f25e76a971df0793a03fe,a3e3bfd0c5952ef5854a04d4f2333de4afafd36743ef6b5c62318280826d318d,2b8d54b172b2fe3b62220252d612c8f62cddb7b7e3ed8b9bc4d31ce97df85c30,aed6cda60eecbe60e8b54994849d3c5d0450d2dd16c19a2950b5a4f89b962a70,0a75ed650ec2025cca1cfd93710bd644f39df77550b52a5b457fa84eab6acd26,de47decc1628eb13d5a599547410eb97aaf08bd06ba7477d87d058d823f52970,b690d62b4090b62a2cf7d1b4a3767a58ef5c63bc1fc97ad37137285b015d251b,b690d62b4090b62a2cf7d1b4a3767a58ef5c63bc1fc97ad37137285b015d251b,b690d62b4090b62a2cf7d1b4a3767a58ef5c63bc1fc97ad37137285b015d251b,30d3d71633ff14de49ad9550510b976ec8183c6360975bf162bba33bf31b4a79,direct_provider,deepseek,https://api.deepseek.com,deepseek-v4-pro,https://api.deepseek.com/chat/completions,deepseek-v4-pro,6ee216f9d4faf87a50c2035857e452e29092a4e33be1d1d56250593d205fc57c,280a143650cd712edef7ec4e2d002a65425d54fbb6e2d57383993932d4c7ffb7,732540d4d91cbaf77c5d80073d4d09740fd99c7f0d728d9f161b53753b90f6cd,explicit,0,4096,omitted,,omitted,,omitted,,omitted,,omitted,,omitted,,omitted,,omitted,,omitted,,False,thinking.type=disabled,ffe557f53c63f7d0f7e35f80c03f61d8b3548db9e4f51e8dda020b28a920d875,provider_not_exposed,provider_not_exposed,False,,False,False,False,disabled,,stop;stop;stop;stop;stop;stop;stop;stop;stop;stop;stop;stop;stop;stop;stop;stop;stop;stop;stop;stop;stop;stop;stop;stop;stop,stop;stop;stop;stop;stop;stop;stop;stop;stop;stop;stop;stop;stop;stop;stop;stop;stop;stop;stop;stop;stop;stop;stop;stop;stop,11084,4714,1,1,,0,"[""SCOPE_18_MH7JV"", ""CHECK_18_6MH7J"", ""ANCHOR_18_H7JVM""]","[""REQ_18_96MH7JVM"", ""LOCK_18_MVJ7H"", ""EDGE_18_7JVM"", ""FRONTIER_18_MVJ7HM"", ""MERGE_18_96MVM"", ""VERIFY_18_H7JVM""]",0,[],0,[],0,[],0,0,,clean,,3756d3264fe2def3fe866450f53a58764eaaa5405098facfac918df717ff8807,56d9974b0e7a5db495039d680b46f46723f98b7ecf9d1e786e520a603b69e09e,ee1af2c6777c219e9d4ca758292b75fc7bed3450da4754b4ae821a6232dc7b8d,1b9c6bd5bccf745e8d4558b5f13ff68f1bde170caf0753426ed6e2b0fce56fc0,83a648f47d9d95f32b1261d2631c79b3d9ab3a6d5d2427ac758bf42996b82ea6,released_raw_outputs/model_outputs/_probe_ecvs_deepseek_v4pro_frontier5_realswe5_rolling_react_reflection_10task_3method_3budget_1run/deepseek/reflexion_literature_adapted__final_main_v1_18_actual_frontier_diagnostic_test_integrity__run_1__budget_300.jsonl,25,4e46dc18bcbf9e617c921eccdf3d94766d3c0f4b28f686ce445e468c1323f4a4,f1db0b13fd9105d83f470b9e3d2d24a5d41e81dd1e7a51c97023e6bc66511827,ffa577c6c0c8a80bb6108451ee65f8dfe485ae0d67e3db6ace14167aa564fc17
_probe_ecvs_deepseek_v4pro_frontier5_realswe5_rolling_react_reflection_10task_3method_3budget_1run:deepseek_v4pro:reflexion_literature_adapted:final_main_v1_18_actual_frontier_diagnostic_test_integrity:budget_600:run_1,deepseek_v4pro,final_main_v1_18_actual_frontier_diagnostic_test_integrity,diagnostic_controlled,frontier_hard,test_integrity,frontier_hard_non_real,reflexion_literature_adapted,reflection_reflexion_adapted,600,1,2026-06-19T06:36:38.890334+00:00,2026-06-19T06:38:17.409823+00:00,2026-06-19T06:36:38.890449+00:00,2026-06-19T06:38:17.402432+00:00,98.489,0c34b9d65f290c5ae1f69df62f807131b12af880fb7f25e76a971df0793a03fe,a3e3bfd0c5952ef5854a04d4f2333de4afafd36743ef6b5c62318280826d318d,2b8d54b172b2fe3b62220252d612c8f62cddb7b7e3ed8b9bc4d31ce97df85c30,aed6cda60eecbe60e8b54994849d3c5d0450d2dd16c19a2950b5a4f89b962a70,213d4c8cbb0914e5eb6ade710f113caec418ce264bd270d357ce1eb429574dbe,de47decc1628eb13d5a599547410eb97aaf08bd06ba7477d87d058d823f52970,b690d62b4090b62a2cf7d1b4a3767a58ef5c63bc1fc97ad37137285b015d251b,b690d62b4090b62a2cf7d1b4a3767a58ef5c63bc1fc97ad37137285b015d251b,b690d62b4090b62a2cf7d1b4a3767a58ef5c63bc1fc97ad37137285b015d251b,30d3d71633ff14de49ad9550510b976ec8183c6360975bf162bba33bf31b4a79,direct_provider,deepseek,https://api.deepseek.com,deepseek-v4-pro,https://api.deepseek.com/chat/completions,deepseek-v4-pro,6ee216f9d4faf87a50c2035857e452e29092a4e33be1d1d56250593d205fc57c,280a143650cd712edef7ec4e2d002a65425d54fbb6e2d57383993932d4c7ffb7,732540d4d91cbaf77c5d80073d4d09740fd99c7f0d728d9f161b53753b90f6cd,explicit,0,4096,omitted,,omitted,,omitted,,omitted,,omitted,,omitted,,omitted,,omitted,,omitted,,False,thinking.type=disabled,ffe557f53c63f7d0f7e35f80c03f61d8b3548db9e4f51e8dda020b28a920d875,provider_not_exposed,provider_not_exposed,False,,False,False,False,disabled,,stop;stop;stop;stop;stop;stop;stop;stop;stop;stop;stop;stop;stop;stop;stop;stop;stop;stop;stop;stop;stop;stop;stop;stop;stop,stop;stop;stop;stop;stop;stop;stop;stop;stop;stop;stop;stop;stop;stop;stop;stop;stop;stop;stop;stop;stop;stop;stop;stop;stop,13795,7652,1,1,,0,"[""ANCHOR_18_H7JVM""]","[""REQ_18_96MH7JVM"", ""LOCK_18_MVJ7H"", ""SCOPE_18_MH7JV"", ""CHECK_18_6MH7J"", ""EDGE_18_7JVM"", ""FRONTIER_18_MVJ7HM"", ""MERGE_18_96MVM"", ""VERIFY_18_H7JVM""]",1,"[""FALLBACK_18_7JVM""]",0,[],0,[],0,0,,clean,,548490b25492a9181db76344f3e61d13c6ef7ab749f504761dbd7ed3a9bb5a43,4600f416b22b7fc98a69298059265534a94b95302c26b59d49060e1a0a8a5a51,616861c099b2652db252e59921562d4e6db15dab433f1af2296f0ce31c1e1a8c,41b95f9a32f2b602ee15476cf3bdf15e342dc0eb5644fb35693bda38ad1cf810,3cec936edf2f72313fe780a48c662d103f78ecf090ccc6cadbc4f9e78a933450,released_raw_outputs/model_outputs/_probe_ecvs_deepseek_v4pro_frontier5_realswe5_rolling_react_reflection_10task_3method_3budget_1run/deepseek/reflexion_literature_adapted__final_main_v1_18_actual_frontier_diagnostic_test_integrity__run_1__budget_600.jsonl,25,cf51b65a3374343cec020d3c52394748c8d2fe2d09964856169ba94b5821b6f9,e5a2f7db411ccd83cf258c608842e68e5593bfa8270da6791a8aa43e2ab8d00a,daf3b0e882469be42fcfecad990297923c3f87328a88346de98c9552dfe10bd5
_probe_ecvs_deepseek_v4pro_frontier5_realswe5_rolling_react_reflection_10task_3method_3budget_1run:deepseek_v4pro:reflexion_literature_adapted:final_main_v1_19_actual_frontier_diagnostic_workflow_alias_binding:budget_1200:run_1,deepseek_v4pro,final_main_v1_19_actual_frontier_diagnostic_workflow_alias_binding,diagnostic_controlled,frontier_hard,workflow_alias_binding,frontier_hard_non_real,reflexion_literature_adapted,reflection_reflexion_adapted,1200,1,2026-06-19T06:31:04.574992+00:00,2026-06-19T06:33:36.441379+00:00,2026-06-19T06:31:04.575025+00:00,2026-06-19T06:33:36.434545+00:00,134.643,0c34b9d65f290c5ae1f69df62f807131b12af880fb7f25e76a971df0793a03fe,6579a56c7897e95a3900dc8068609a2a881dcb803ecfc2072159592acaa394a6,2b8d54b172b2fe3b62220252d612c8f62cddb7b7e3ed8b9bc4d31ce97df85c30,815e3b10a3a7beb2e4ae7239ac55650d0a2c9a8dc6ccbdeb1f2cfeddc3f54276,d1b740653ccc9b96554c7df0e0d3e6d267ae2cc259fd1fc2922729c636e54996,de47decc1628eb13d5a599547410eb97aaf08bd06ba7477d87d058d823f52970,b690d62b4090b62a2cf7d1b4a3767a58ef5c63bc1fc97ad37137285b015d251b,b690d62b4090b62a2cf7d1b4a3767a58ef5c63bc1fc97ad37137285b015d251b,b690d62b4090b62a2cf7d1b4a3767a58ef5c63bc1fc97ad37137285b015d251b,30d3d71633ff14de49ad9550510b976ec8183c6360975bf162bba33bf31b4a79,direct_provider,deepseek,https://api.deepseek.com,deepseek-v4-pro,https://api.deepseek.com/chat/completions,deepseek-v4-pro,6ee216f9d4faf87a50c2035857e452e29092a4e33be1d1d56250593d205fc57c,280a143650cd712edef7ec4e2d002a65425d54fbb6e2d57383993932d4c7ffb7,732540d4d91cbaf77c5d80073d4d09740fd99c7f0d728d9f161b53753b90f6cd,explicit,0,4096,omitted,,omitted,,omitted,,omitted,,omitted,,omitted,,omitted,,omitted,,omitted,,False,thinking.type=disabled,ffe557f53c63f7d0f7e35f80c03f61d8b3548db9e4f51e8dda020b28a920d875,provider_not_exposed,provider_not_exposed,False,,False,False,False,disabled,,stop;stop;stop;stop;stop;stop;stop;stop;stop;stop;stop;stop;stop;stop;stop;stop;stop;stop;stop;stop;stop;stop;stop;stop;stop,stop;stop;stop;stop;stop;stop;stop;stop;stop;stop;stop;stop;stop;stop;stop;stop;stop;stop;stop;stop;stop;stop;stop;stop;stop,17696,11880,1,1,,1,[],"[""REQ_19_RWR38MD6"", ""LOCK_19_6DM83"", ""SCOPE_19_R38MD"", ""CHECK_19_WR38M"", ""ANCHOR_19_38MD6"", ""EDGE_19_8MD6"", ""FRONTIER_19_6DM83R"", ""MERGE_19_RWRD6"", ""VERIFY_19_38MD6""]",1,"[""PRIVATE_19_RWR38MD6"", ""TRACE_19_6DM83RWR"", ""DECOY_19_RWR38"", ""OBSOLETE_19_WR38M"", ""INTERNAL_19_R38MD"", ""DRAFT_19_RWR3"", ""FALLBACK_19_8MD6"", ""PRIVATE_19_RWR38MD6"", ""TRACE_19_6DM83RWR""]",0,[],1,"[""docs/policy_beta_private.md"", ""tests/workflow_alias_binding_debug_test.py"", ""docs/policy_beta_private.md"", ""tests/workflow_alias_binding_debug_test.py""]",0,0,,clean,,1bdd113c04f06c037c6d325e3c3beccaa1cf2c76b6af8b36f9c04d74aacceef4,0cc1d189f220c78b6c214574270ed950f836d248c1a7369e59418675ad4fea39,78e0a7d3b1c781d4856ca7d8b01a82bd6affcdaf7894851048e43082211946b6,c0e7301406e67a6f1ca24fa31428022da6566d75bb93e5718333a0d781c87513,431833110014abd87ac777054ca546eed3bdd5253d9e8249bb47e114950c849a,released_raw_outputs/model_outputs/_probe_ecvs_deepseek_v4pro_frontier5_realswe5_rolling_react_reflection_10task_3method_3budget_1run/deepseek/reflexion_literature_adapted__final_main_v1_19_actual_frontier_diagnostic_workflow_alias_binding__run_1__budget_1200.jsonl,25,4ce410370abd507a9cb34bf14dd79d5bdf89a501f05c83bb0d3f95c59dacbcbd,f182ad0bdbf99350d5f975a7e1373b4f51ac99285cc3d84b40c7577dd8ad5748,36e4bb8b68342fe80b1bdaeae428ef57ae9a3405dc5e8f9ad15ca8fe2f2454e3
_probe_ecvs_deepseek_v4pro_frontier5_realswe5_rolling_react_reflection_10task_3method_3budget_1run:deepseek_v4pro:reflexion_literature_adapted:final_main_v1_19_actual_frontier_diagnostic_workflow_alias_binding:budget_300:run_1,deepseek_v4pro,final_main_v1_19_actual_frontier_diagnostic_workflow_alias_binding,diagnostic_controlled,frontier_hard,workflow_alias_binding,frontier_hard_non_real,reflexion_literature_adapted,reflection_reflexion_adapted,300,1,2026-06-19T06:31:04.574343+00:00,2026-06-19T06:33:00.437714+00:00,2026-06-19T06:31:04.574379+00:00,2026-06-19T06:33:00.434262+00:00,80.619,0c34b9d65f290c5ae1f69df62f807131b12af880fb7f25e76a971df0793a03fe,6579a56c7897e95a3900dc8068609a2a881dcb803ecfc2072159592acaa394a6,2b8d54b172b2fe3b62220252d612c8f62cddb7b7e3ed8b9bc4d31ce97df85c30,815e3b10a3a7beb2e4ae7239ac55650d0a2c9a8dc6ccbdeb1f2cfeddc3f54276,24e7cabc9da2970137ed30b1f29f1fc8104fcf7e73a241c87b2ae9825affd2de,de47decc1628eb13d5a599547410eb97aaf08bd06ba7477d87d058d823f52970,b690d62b4090b62a2cf7d1b4a3767a58ef5c63bc1fc97ad37137285b015d251b,b690d62b4090b62a2cf7d1b4a3767a58ef5c63bc1fc97ad37137285b015d251b,b690d62b4090b62a2cf7d1b4a3767a58ef5c63bc1fc97ad37137285b015d251b,30d3d71633ff14de49ad9550510b976ec8183c6360975bf162bba33bf31b4a79,direct_provider,deepseek,https://api.deepseek.com,deepseek-v4-pro,https://api.deepseek.com/chat/completions,deepseek-v4-pro,6ee216f9d4faf87a50c2035857e452e29092a4e33be1d1d56250593d205fc57c,280a143650cd712edef7ec4e2d002a65425d54fbb6e2d57383993932d4c7ffb7,732540d4d91cbaf77c5d80073d4d09740fd99c7f0d728d9f161b53753b90f6cd,explicit,0,4096,omitted,,omitted,,omitted,,omitted,,omitted,,omitted,,omitted,,omitted,,omitted,,False,thinking.type=disabled,ffe557f53c63f7d0f7e35f80c03f61d8b3548db9e4f51e8dda020b28a920d875,provider_not_exposed,provider_not_exposed,False,,False,False,False,disabled,,stop;stop;stop;stop;stop;stop;stop;stop;stop;stop;stop;stop;stop;stop;stop;stop;stop;stop;stop;stop;stop;stop;stop;stop;stop,stop;stop;stop;stop;stop;stop;stop;stop;stop;stop;stop;stop;stop;stop;stop;stop;stop;stop;stop;stop;stop;stop;stop;stop;stop,11047,4848,1,1,,0,"[""REQ_19_RWR38MD6"", ""LOCK_19_6DM83"", ""SCOPE_19_R38MD"", ""FRONTIER_19_6DM83R""]","[""CHECK_19_WR38M"", ""ANCHOR_19_38MD6"", ""EDGE_19_8MD6"", ""MERGE_19_RWRD6"", ""VERIFY_19_38MD6""]",0,[],0,[],0,[],0,0,,clean,,a9e4122f026cef16115bad0bbfb08f4af0109e6f810814b16b7bb697585138f4,732695e4df6f4c4fdee6606043897e15e0a1fb5596c51339f95017354ecb6878,ced049ec5fea675ea26d563cd23d02ca0c7ccb1f392a2bbac13d8a3a324c5e6e,9cea29335f2260e202458e05784391e1f5fcbe11936782a42e1dfed1e0a0a1c8,98fade8523177a8146240f0cd054116c8973b521a8cbefbf392b345d4963b426,released_raw_outputs/model_outputs/_probe_ecvs_deepseek_v4pro_frontier5_realswe5_rolling_react_reflection_10task_3method_3budget_1run/deepseek/reflexion_literature_adapted__final_main_v1_19_actual_frontier_diagnostic_workflow_alias_binding__run_1__budget_300.jsonl,25,0aefed3a79d6167d996d30ce2c77e19cf85842d701e023cb6e30fc78789a8c88,44878a60b8ab497f8dafc9b9c10ed25222d08082391deacd47ca53729caf52de,37189c22d23acb4dac55486270d0cda0435e3ca994b0929bb3009fc2549c8f50
_probe_ecvs_deepseek_v4pro_frontier5_realswe5_rolling_react_reflection_10task_3method_3budget_1run:deepseek_v4pro:reflexion_literature_adapted:final_main_v1_19_actual_frontier_diagnostic_workflow_alias_binding:budget_600:run_1,deepseek_v4pro,final_main_v1_19_actual_frontier_diagnostic_workflow_alias_binding,diagnostic_controlled,frontier_hard,workflow_alias_binding,frontier_hard_non_real,reflexion_literature_adapted,reflection_reflexion_adapted,600,1,2026-06-19T06:31:04.574571+00:00,2026-06-19T06:33:17.971327+00:00,2026-06-19T06:31:04.574614+00:00,2026-06-19T06:33:17.965134+00:00,96.212,0c34b9d65f290c5ae1f69df62f807131b12af880fb7f25e76a971df0793a03fe,6579a56c7897e95a3900dc8068609a2a881dcb803ecfc2072159592acaa394a6,2b8d54b172b2fe3b62220252d612c8f62cddb7b7e3ed8b9bc4d31ce97df85c30,815e3b10a3a7beb2e4ae7239ac55650d0a2c9a8dc6ccbdeb1f2cfeddc3f54276,a9ec8fc868025812a7d2a9b435acf894ffd36e71054eb5a959ea864ab1f2a4d0,de47decc1628eb13d5a599547410eb97aaf08bd06ba7477d87d058d823f52970,b690d62b4090b62a2cf7d1b4a3767a58ef5c63bc1fc97ad37137285b015d251b,b690d62b4090b62a2cf7d1b4a3767a58ef5c63bc1fc97ad37137285b015d251b,b690d62b4090b62a2cf7d1b4a3767a58ef5c63bc1fc97ad37137285b015d251b,30d3d71633ff14de49ad9550510b976ec8183c6360975bf162bba33bf31b4a79,direct_provider,deepseek,https://api.deepseek.com,deepseek-v4-pro,https://api.deepseek.com/chat/completions,deepseek-v4-pro,6ee216f9d4faf87a50c2035857e452e29092a4e33be1d1d56250593d205fc57c,280a143650cd712edef7ec4e2d002a65425d54fbb6e2d57383993932d4c7ffb7,732540d4d91cbaf77c5d80073d4d09740fd99c7f0d728d9f161b53753b90f6cd,explicit,0,4096,omitted,,omitted,,omitted,,omitted,,omitted,,omitted,,omitted,,omitted,,omitted,,False,thinking.type=disabled,ffe557f53c63f7d0f7e35f80c03f61d8b3548db9e4f51e8dda020b28a920d875,provider_not_exposed,provider_not_exposed,False,,False,False,False,disabled,,stop;stop;stop;stop;stop;stop;stop;stop;stop;stop;stop;stop;stop;stop;stop;stop;stop;stop,stop;stop;stop;stop;stop;stop;stop;stop;stop;stop;stop;stop;stop;stop;stop;stop;stop;stop,9256,4828,1,0,,0,"[""REQ_19_RWR38MD6"", ""LOCK_19_6DM83"", ""SCOPE_19_R38MD"", ""CHECK_19_WR38M"", ""ANCHOR_19_38MD6"", ""EDGE_19_8MD6"", ""FRONTIER_19_6DM83R"", ""MERGE_19_RWRD6"", ""VERIFY_19_38MD6""]",[],0,[],0,[],0,[],0,1,RemoteDisconnected: Remote end closed connection without response,rerun_required,backend_error,669902cdf29c6ed170878ff831a91dd67a4d864d2f466cb73d57ef55108c9dfb,ad298a28943957446781e1939fc2605eae525d191276e3edfc5898802b3cfec7,d2735a9e9a44be4186f4e4e122b387402a80392cfd05e0187781fdf154a9ad4a,12780a18cc8b5b43fdd3c5ff9a3aa6a87a1c73ccd08eaab8d440a89050aa26ac,8fa7d171d5be14348eceb7203bce159104ed63a36f57878d317824ffdc6066e8,released_raw_outputs/model_outputs/_probe_ecvs_deepseek_v4pro_frontier5_realswe5_rolling_react_reflection_10task_3method_3budget_1run/deepseek/reflexion_literature_adapted__final_main_v1_19_actual_frontier_diagnostic_workflow_alias_binding__run_1__budget_600.jsonl,19,55b7083859412dbd38aeead956ab4b6effe1d7207492a8c00fc7e5adf90cce5e,32a63909ab54f5c653f1a6c35ff539ea8cd83e914c80ea2550bdfee9e14ae000,066cc11c6b6e52f1a70422b506d5d564cfd5185605f0c89f45575250a5760369
_probe_ecvs_deepseek_v4pro_frontier5_realswe5_rolling_react_reflection_10task_3method_3budget_1run:deepseek_v4pro:reflexion_literature_adapted:final_main_v1_38_actual_frontier_semi_real_test_integrity:budget_1200:run_1,deepseek_v4pro,final_main_v1_38_actual_frontier_semi_real_test_integrity,semi_real_repo_style_controlled,frontier_hard,test_integrity,frontier_hard_non_real,reflexion_literature_adapted,reflection_reflexion_adapted,1200,1,2026-06-19T06:35:19.863612+00:00,2026-06-19T06:37:59.606465+00:00,2026-06-19T06:35:19.863769+00:00,2026-06-19T06:37:59.599470+00:00,124.52,0c34b9d65f290c5ae1f69df62f807131b12af880fb7f25e76a971df0793a03fe,a68f3e6971a7be1e1b3a858e23b1dd32192b9ce48794c4dc9c25af590da6df91,2b8d54b172b2fe3b62220252d612c8f62cddb7b7e3ed8b9bc4d31ce97df85c30,098fb4f511b4076eeccb81f537241bfe49d1e83c36c7c1fcab8b7db0d6fae317,ed6de85059302199d8e4cb2519e2ab601dc335e7e2c7bb6745fc279dac66f32e,de47decc1628eb13d5a599547410eb97aaf08bd06ba7477d87d058d823f52970,b690d62b4090b62a2cf7d1b4a3767a58ef5c63bc1fc97ad37137285b015d251b,b690d62b4090b62a2cf7d1b4a3767a58ef5c63bc1fc97ad37137285b015d251b,b690d62b4090b62a2cf7d1b4a3767a58ef5c63bc1fc97ad37137285b015d251b,30d3d71633ff14de49ad9550510b976ec8183c6360975bf162bba33bf31b4a79,direct_provider,deepseek,https://api.deepseek.com,deepseek-v4-pro,https://api.deepseek.com/chat/completions,deepseek-v4-pro,6ee216f9d4faf87a50c2035857e452e29092a4e33be1d1d56250593d205fc57c,280a143650cd712edef7ec4e2d002a65425d54fbb6e2d57383993932d4c7ffb7,732540d4d91cbaf77c5d80073d4d09740fd99c7f0d728d9f161b53753b90f6cd,explicit,0,4096,omitted,,omitted,,omitted,,omitted,,omitted,,omitted,,omitted,,omitted,,omitted,,False,thinking.type=disabled,ffe557f53c63f7d0f7e35f80c03f61d8b3548db9e4f51e8dda020b28a920d875,provider_not_exposed,provider_not_exposed,False,,False,False,False,disabled,,stop;stop;stop;stop;stop;stop;stop;stop;stop;stop;stop;stop;stop;stop;stop;stop;stop;stop;stop;stop;stop;stop;stop;stop,stop;stop;stop;stop;stop;stop;stop;stop;stop;stop;stop;stop;stop;stop;stop;stop;stop;stop;stop;stop;stop;stop;stop;stop,16814,11445,1,1,,0,"[""ANCHOR_38_JXTZV""]","[""REQ_38_MLEJXTZV"", ""LOCK_38_VZTXJ"", ""SCOPE_38_EJXTZ"", ""CHECK_38_LEJXT"", ""EDGE_38_XTZV"", ""FRONTIER_38_VZTXJE"", ""MERGE_38_MLEZV"", ""VERIFY_38_JXTZV""]",0,[],0,[],0,[],0,0,,clean,,39774abd01efca8ce4a9ba483dd83fcfd40d9a7fc0e5593ff370148b1deb1876,7144e0a87ea43a2a53df55656f837b8c8ffc5712e3215a80a587806d0e5adeda,55da16761ea8c79fabb9e4a55782b52a7bc1cf124f500f06901c0926b01b8233,d1809553baacd7893cf2c268763d362ba26b558a02ebe5274f102a467c0d25a8,e0d8de21a2eddce396442e72fb5187e6ec974a92fb466c7b9ba057c5f98c2996,released_raw_outputs/model_outputs/_probe_ecvs_deepseek_v4pro_frontier5_realswe5_rolling_react_reflection_10task_3method_3budget_1run/deepseek/reflexion_literature_adapted__final_main_v1_38_actual_frontier_semi_real_test_integrity__run_1__budget_1200.jsonl,24,095fe2f05414594911c81b1da609fc903b7e061705148a1c0d75658f5794d908,6d65400de7c4efcbc15bc06fe49a9adbca279976c9e1f563ec68624d047759b5,ca9c0a114ecd2a9b17b922d183aadc86fb6fcdab5eec2d0557251698a7de113c
_probe_ecvs_deepseek_v4pro_frontier5_realswe5_rolling_react_reflection_10task_3method_3budget_1run:deepseek_v4pro:reflexion_literature_adapted:final_main_v1_38_actual_frontier_semi_real_test_integrity:budget_300:run_1,deepseek_v4pro,final_main_v1_38_actual_frontier_semi_real_test_integrity,semi_real_repo_style_controlled,frontier_hard,test_integrity,frontier_hard_non_real,reflexion_literature_adapted,reflection_reflexion_adapted,300,1,2026-06-19T06:35:13.831895+00:00,2026-06-19T06:37:08.737962+00:00,2026-06-19T06:35:13.832011+00:00,2026-06-19T06:37:08.736380+00:00,80.743,0c34b9d65f290c5ae1f69df62f807131b12af880fb7f25e76a971df0793a03fe,a68f3e6971a7be1e1b3a858e23b1dd32192b9ce48794c4dc9c25af590da6df91,2b8d54b172b2fe3b62220252d612c8f62cddb7b7e3ed8b9bc4d31ce97df85c30,098fb4f511b4076eeccb81f537241bfe49d1e83c36c7c1fcab8b7db0d6fae317,556e5456475a5c21a755742421f20c96c8e7ff79c7e425cc05bc55ac52a3bb7c,de47decc1628eb13d5a599547410eb97aaf08bd06ba7477d87d058d823f52970,b690d62b4090b62a2cf7d1b4a3767a58ef5c63bc1fc97ad37137285b015d251b,b690d62b4090b62a2cf7d1b4a3767a58ef5c63bc1fc97ad37137285b015d251b,b690d62b4090b62a2cf7d1b4a3767a58ef5c63bc1fc97ad37137285b015d251b,30d3d71633ff14de49ad9550510b976ec8183c6360975bf162bba33bf31b4a79,direct_provider,deepseek,https://api.deepseek.com,deepseek-v4-pro,https://api.deepseek.com/chat/completions,deepseek-v4-pro,6ee216f9d4faf87a50c2035857e452e29092a4e33be1d1d56250593d205fc57c,280a143650cd712edef7ec4e2d002a65425d54fbb6e2d57383993932d4c7ffb7,732540d4d91cbaf77c5d80073d4d09740fd99c7f0d728d9f161b53753b90f6cd,explicit,0,4096,omitted,,omitted,,omitted,,omitted,,omitted,,omitted,,omitted,,omitted,,omitted,,False,thinking.type=disabled,ffe557f53c63f7d0f7e35f80c03f61d8b3548db9e4f51e8dda020b28a920d875,provider_not_exposed,provider_not_exposed,False,,False,False,False,disabled,,stop;stop;stop;stop;stop;stop;stop;stop;stop;stop;stop;stop;stop;stop;stop;stop;stop;stop;stop;stop;stop;stop;stop;stop;stop,stop;stop;stop;stop;stop;stop;stop;stop;stop;stop;stop;stop;stop;stop;stop;stop;stop;stop;stop;stop;stop;stop;stop;stop;stop,11047,4982,1,1,,0,"[""REQ_38_MLEJXTZV"", ""LOCK_38_VZTXJ"", ""SCOPE_38_EJXTZ"", ""CHECK_38_LEJXT"", ""ANCHOR_38_JXTZV"", ""MERGE_38_MLEZV""]","[""EDGE_38_XTZV"", ""FRONTIER_38_VZTXJE"", ""VERIFY_38_JXTZV""]",0,[],0,[],0,[],0,0,,clean,,03998eaad944a515423c282c3e437c17a08454882f5ffb42ff81bc05b3493ef3,b9e54d850c4b7811f062d59143122b88f8efac14246d7e54ba4a9560c8426e87,a3f1bfe73bfd75029983f9239bd70abab229fc1a6e6173bdae1e0979b12cc3d2,2cd57b0c611bbe507b4ebd55f3acee216a073ad5d957b98ceb81275b0b8ffb3b,2bc3b9589387dac2464d44246510976d8b84da4b2e6a3e2d33dc2c5fada971d9,released_raw_outputs/model_outputs/_probe_ecvs_deepseek_v4pro_frontier5_realswe5_rolling_react_reflection_10task_3method_3budget_1run/deepseek/reflexion_literature_adapted__final_main_v1_38_actual_frontier_semi_real_test_integrity__run_1__budget_300.jsonl,25,fdf6bde9d4f7f71da1e2a4a14a108ee69e5955732ff1abc7b1e17fba59096699,f11fbe356528896a8427a31e1b2b2b6b35bd66fedaa7b6c692f38906b9fafcea,36fc82d1d25f5f2a394ae637f57c667b0b8653225eaf626bee0163426f20451f
_probe_ecvs_deepseek_v4pro_frontier5_realswe5_rolling_react_reflection_10task_3method_3budget_1run:deepseek_v4pro:reflexion_literature_adapted:final_main_v1_38_actual_frontier_semi_real_test_integrity:budget_600:run_1,deepseek_v4pro,final_main_v1_38_actual_frontier_semi_real_test_integrity,semi_real_repo_style_controlled,frontier_hard,test_integrity,frontier_hard_non_real,reflexion_literature_adapted,reflection_reflexion_adapted,600,1,2026-06-19T06:35:19.108998+00:00,2026-06-19T06:37:39.002510+00:00,2026-06-19T06:35:19.109061+00:00,2026-06-19T06:37:38.996763+00:00,104.707,0c34b9d65f290c5ae1f69df62f807131b12af880fb7f25e76a971df0793a03fe,a68f3e6971a7be1e1b3a858e23b1dd32192b9ce48794c4dc9c25af590da6df91,2b8d54b172b2fe3b62220252d612c8f62cddb7b7e3ed8b9bc4d31ce97df85c30,098fb4f511b4076eeccb81f537241bfe49d1e83c36c7c1fcab8b7db0d6fae317,a4382256f5eb03132b76e986710dfebd416e90fd9e57dd8bd4b1519bde00293b,de47decc1628eb13d5a599547410eb97aaf08bd06ba7477d87d058d823f52970,b690d62b4090b62a2cf7d1b4a3767a58ef5c63bc1fc97ad37137285b015d251b,b690d62b4090b62a2cf7d1b4a3767a58ef5c63bc1fc97ad37137285b015d251b,b690d62b4090b62a2cf7d1b4a3767a58ef5c63bc1fc97ad37137285b015d251b,30d3d71633ff14de49ad9550510b976ec8183c6360975bf162bba33bf31b4a79,direct_provider,deepseek,https://api.deepseek.com,deepseek-v4-pro,https://api.deepseek.com/chat/completions,deepseek-v4-pro,6ee216f9d4faf87a50c2035857e452e29092a4e33be1d1d56250593d205fc57c,280a143650cd712edef7ec4e2d002a65425d54fbb6e2d57383993932d4c7ffb7,732540d4d91cbaf77c5d80073d4d09740fd99c7f0d728d9f161b53753b90f6cd,explicit,0,4096,omitted,,omitted,,omitted,,omitted,,omitted,,omitted,,omitted,,omitted,,omitted,,False,thinking.type=disabled,ffe557f53c63f7d0f7e35f80c03f61d8b3548db9e4f51e8dda020b28a920d875,provider_not_exposed,provider_not_exposed,False,,False,False,False,disabled,,stop;stop;stop;stop;stop;stop;stop;stop;stop;stop;stop;stop;stop;stop;stop;stop;stop;stop;stop;stop;stop;stop;stop;stop;stop,stop;stop;stop;stop;stop;stop;stop;stop;stop;stop;stop;stop;stop;stop;stop;stop;stop;stop;stop;stop;stop;stop;stop;stop;stop,13655,8241,1,1,,0,"[""REQ_38_MLEJXTZV"", ""LOCK_38_VZTXJ"", ""SCOPE_38_EJXTZ"", ""ANCHOR_38_JXTZV"", ""MERGE_38_MLEZV""]","[""CHECK_38_LEJXT"", ""EDGE_38_XTZV"", ""FRONTIER_38_VZTXJE"", ""VERIFY_38_JXTZV""]",0,[],0,[],0,[],0,0,,clean,,0e1d7c8bd14402e87616cea87f56848b2997929bc300beb50f6eacc9761acc0f,85fc0cfecb6e6dd547d1aa77ce93869a11fac314a2b0a3a8c82e8de045c35251,3d9f6ca06d07aed86b42acd791d4d8e65e2415e9efe31f739d060d2a2f3af546,7470bcd888915186b1794927f16160310a43ada05d7d65b2bd2471c01c6d2db7,b0e5abdd49217dc9a68385b7b640a8951f5d855cbeb14d19525d8be26b1bd496,released_raw_outputs/model_outputs/_probe_ecvs_deepseek_v4pro_frontier5_realswe5_rolling_react_reflection_10task_3method_3budget_1run/deepseek/reflexion_literature_adapted__final_main_v1_38_actual_frontier_semi_real_test_integrity__run_1__budget_600.jsonl,25,9dd7683a225f450604673bf4847425bf35004d285c630909172e27c3c8ab3447,8c120847559d795ae593d0cd303bf8e2b16ef2a7041ccc73a60610d7d7a95bb3,77cd1e5c33ce33d18a26d84ea3dfc143eddecf243b1d25eb453d076eb7942f92
_probe_ecvs_deepseek_v4pro_frontier5_realswe5_rolling_react_reflection_10task_3method_3budget_1run:deepseek_v4pro:reflexion_literature_adapted:final_main_v1_39_actual_frontier_semi_real_workflow_alias_binding:budget_1200:run_1,deepseek_v4pro,final_main_v1_39_actual_frontier_semi_real_workflow_alias_binding,semi_real_repo_style_controlled,frontier_hard,workflow_alias_binding,frontier_hard_non_real,reflexion_literature_adapted,reflection_reflexion_adapted,1200,1,2026-06-19T06:33:59.126290+00:00,2026-06-19T06:36:38.888992+00:00,2026-06-19T06:33:59.126449+00:00,2026-06-19T06:36:38.882425+00:00,124.588,0c34b9d65f290c5ae1f69df62f807131b12af880fb7f25e76a971df0793a03fe,3860bc341a5e60fdc5ecdaee24c2efa033009d0dcad02b164a27f81b40b9e5c6,2b8d54b172b2fe3b62220252d612c8f62cddb7b7e3ed8b9bc4d31ce97df85c30,a7bb925592313e4b267215150fd825a3043983f1fe187088b5e62504fa7c40c9,fe96d68faa5a7cff18f4c3f2ce7f95978961aa7f48eaf02db88c37b66b5d3297,de47decc1628eb13d5a599547410eb97aaf08bd06ba7477d87d058d823f52970,b690d62b4090b62a2cf7d1b4a3767a58ef5c63bc1fc97ad37137285b015d251b,b690d62b4090b62a2cf7d1b4a3767a58ef5c63bc1fc97ad37137285b015d251b,b690d62b4090b62a2cf7d1b4a3767a58ef5c63bc1fc97ad37137285b015d251b,30d3d71633ff14de49ad9550510b976ec8183c6360975bf162bba33bf31b4a79,direct_provider,deepseek,https://api.deepseek.com,deepseek-v4-pro,https://api.deepseek.com/chat/completions,deepseek-v4-pro,6ee216f9d4faf87a50c2035857e452e29092a4e33be1d1d56250593d205fc57c,280a143650cd712edef7ec4e2d002a65425d54fbb6e2d57383993932d4c7ffb7,732540d4d91cbaf77c5d80073d4d09740fd99c7f0d728d9f161b53753b90f6cd,explicit,0,4096,omitted,,omitted,,omitted,,omitted,,omitted,,omitted,,omitted,,omitted,,omitted,,False,thinking.type=disabled,ffe557f53c63f7d0f7e35f80c03f61d8b3548db9e4f51e8dda020b28a920d875,provider_not_exposed,provider_not_exposed,False,,False,False,False,disabled,,stop;stop;stop;stop;stop;stop;stop;stop;stop;stop;stop;stop;stop;stop;stop;stop;stop;stop;stop;stop;stop;stop;stop;stop;stop,stop;stop;stop;stop;stop;stop;stop;stop;stop;stop;stop;stop;stop;stop;stop;stop;stop;stop;stop;stop;stop;stop;stop;stop;stop,17345,11024,1,1,,0,"[""ANCHOR_39_2ZN4A""]","[""REQ_39_8982ZN4A"", ""LOCK_39_A4NZ2"", ""SCOPE_39_82ZN4"", ""CHECK_39_982ZN"", ""EDGE_39_ZN4A"", ""FRONTIER_39_A4NZ28"", ""MERGE_39_8984A"", ""VERIFY_39_2ZN4A""]",0,[],0,[],0,[],0,0,,clean,,1e45418079b42cdd5de2807e70571c86ea516b5698b3ef1ed390cf3d657e115a,54ff6d87da0f4628385b56c7354c3e765d11a7f3642b9246f1a909ff8787e31b,feea7fa20474b8f06493c2c1ed7df73becfe5ef538bfc35ad2f0593c0b7bd8fa,a3c5c5912220020c2bb1a5854b78cba382413b5ea262e24471b812b2e6170f45,ccf296c53769058d02b4a5d5c54962d2d750ed3c41734f0707d636cf01dcf806,released_raw_outputs/model_outputs/_probe_ecvs_deepseek_v4pro_frontier5_realswe5_rolling_react_reflection_10task_3method_3budget_1run/deepseek/reflexion_literature_adapted__final_main_v1_39_actual_frontier_semi_real_workflow_alias_binding__run_1__budget_1200.jsonl,25,139d00f5c23cd2e4cd7b3b8bf927c6e4c8141d58be4f82cbe9c7cc0ed8796f09,5341d83f05be4c5113c553e8084af50bbf0110d15e8acee1831955e9722811bf,233efe644edd021d00d394fc0d52ab8335869e04c23d253d4f50da4d1626d567
_probe_ecvs_deepseek_v4pro_frontier5_realswe5_rolling_react_reflection_10task_3method_3budget_1run:deepseek_v4pro:reflexion_literature_adapted:final_main_v1_39_actual_frontier_semi_real_workflow_alias_binding:budget_300:run_1,deepseek_v4pro,final_main_v1_39_actual_frontier_semi_real_workflow_alias_binding,semi_real_repo_style_controlled,frontier_hard,workflow_alias_binding,frontier_hard_non_real,reflexion_literature_adapted,reflection_reflexion_adapted,300,1,2026-06-19T06:33:42.136494+00:00,2026-06-19T06:35:30.731253+00:00,2026-06-19T06:33:42.136601+00:00,2026-06-19T06:35:30.724925+00:00,73.404,0c34b9d65f290c5ae1f69df62f807131b12af880fb7f25e76a971df0793a03fe,3860bc341a5e60fdc5ecdaee24c2efa033009d0dcad02b164a27f81b40b9e5c6,2b8d54b172b2fe3b62220252d612c8f62cddb7b7e3ed8b9bc4d31ce97df85c30,a7bb925592313e4b267215150fd825a3043983f1fe187088b5e62504fa7c40c9,0fdc1e2d880ce79875d7bee45f83b4ae0bdd9bfd4b23f6e0d0aa58f47a1041c6,de47decc1628eb13d5a599547410eb97aaf08bd06ba7477d87d058d823f52970,b690d62b4090b62a2cf7d1b4a3767a58ef5c63bc1fc97ad37137285b015d251b,b690d62b4090b62a2cf7d1b4a3767a58ef5c63bc1fc97ad37137285b015d251b,b690d62b4090b62a2cf7d1b4a3767a58ef5c63bc1fc97ad37137285b015d251b,30d3d71633ff14de49ad9550510b976ec8183c6360975bf162bba33bf31b4a79,direct_provider,deepseek,https://api.deepseek.com,deepseek-v4-pro,https://api.deepseek.com/chat/completions,deepseek-v4-pro,6ee216f9d4faf87a50c2035857e452e29092a4e33be1d1d56250593d205fc57c,280a143650cd712edef7ec4e2d002a65425d54fbb6e2d57383993932d4c7ffb7,732540d4d91cbaf77c5d80073d4d09740fd99c7f0d728d9f161b53753b90f6cd,explicit,0,4096,omitted,,omitted,,omitted,,omitted,,omitted,,omitted,,omitted,,omitted,,omitted,,False,thinking.type=disabled,ffe557f53c63f7d0f7e35f80c03f61d8b3548db9e4f51e8dda020b28a920d875,provider_not_exposed,provider_not_exposed,False,,False,False,False,disabled,,stop;stop;stop;stop;stop;stop;stop;stop;stop;stop;stop;stop;stop;stop;stop;stop;stop;stop;stop;stop;stop;stop;stop;stop;stop,stop;stop;stop;stop;stop;stop;stop;stop;stop;stop;stop;stop;stop;stop;stop;stop;stop;stop;stop;stop;stop;stop;stop;stop;stop,10819,4351,1,1,,0,"[""REQ_39_8982ZN4A"", ""LOCK_39_A4NZ2"", ""SCOPE_39_82ZN4"", ""CHECK_39_982ZN"", ""MERGE_39_8984A""]","[""ANCHOR_39_2ZN4A"", ""EDGE_39_ZN4A"", ""FRONTIER_39_A4NZ28"", ""VERIFY_39_2ZN4A""]",0,[],0,[],0,[],0,0,,clean,,51ec09cb67e619fa5e49089cd351bca196b230df9b9e0c5c5e28ca037418ecb6,6045039d2d0ae0d613ca8ac134827a5b0a6bc5ef9d48b43824eb82325108c915,65fd66ecf8ac6eda5b67a3ec7927720eea2ea6aac8089d137193b382b04d6229,c7fd9cae3f175e5d9e6acc739293fd4f66adc1ab1ea52a27724e771696c30ac8,ec1ca8f01a0055e15a2872671406962e3aa7a75a66827d1a8d4fa5f0240aeb18,released_raw_outputs/model_outputs/_probe_ecvs_deepseek_v4pro_frontier5_realswe5_rolling_react_reflection_10task_3method_3budget_1run/deepseek/reflexion_literature_adapted__final_main_v1_39_actual_frontier_semi_real_workflow_alias_binding__run_1__budget_300.jsonl,25,22226b132fb0535d068fd71aae44203b9dbd6479f29b575ca9126a6b0c5d6f36,6f89bd39ec3589799595488717d74a6194bdfb3edc90ed55b1dd302d60cb6c5d,a147a23b9c6a325836e3941fd49ebf964ebd91d840e1ac2c2d93a629cca21fd3
_probe_ecvs_deepseek_v4pro_frontier5_realswe5_rolling_react_reflection_10task_3method_3budget_1run:deepseek_v4pro:reflexion_literature_adapted:final_main_v1_39_actual_frontier_semi_real_workflow_alias_binding:budget_600:run_1,deepseek_v4pro,final_main_v1_39_actual_frontier_semi_real_workflow_alias_binding,semi_real_repo_style_controlled,frontier_hard,workflow_alias_binding,frontier_hard_non_real,reflexion_literature_adapted,reflection_reflexion_adapted,600,1,2026-06-19T06:33:46.552953+00:00,2026-06-19T06:35:46.610864+00:00,2026-06-19T06:33:46.553071+00:00,2026-06-19T06:35:46.604240+00:00,102.95,0c34b9d65f290c5ae1f69df62f807131b12af880fb7f25e76a971df0793a03fe,3860bc341a5e60fdc5ecdaee24c2efa033009d0dcad02b164a27f81b40b9e5c6,2b8d54b172b2fe3b62220252d612c8f62cddb7b7e3ed8b9bc4d31ce97df85c30,a7bb925592313e4b267215150fd825a3043983f1fe187088b5e62504fa7c40c9,6c40d546c932c322f5b8fcf390035e6d834288d7ed8fa59bf0818fe75410a7f6,de47decc1628eb13d5a599547410eb97aaf08bd06ba7477d87d058d823f52970,b690d62b4090b62a2cf7d1b4a3767a58ef5c63bc1fc97ad37137285b015d251b,b690d62b4090b62a2cf7d1b4a3767a58ef5c63bc1fc97ad37137285b015d251b,b690d62b4090b62a2cf7d1b4a3767a58ef5c63bc1fc97ad37137285b015d251b,30d3d71633ff14de49ad9550510b976ec8183c6360975bf162bba33bf31b4a79,direct_provider,deepseek,https://api.deepseek.com,deepseek-v4-pro,https://api.deepseek.com/chat/completions,deepseek-v4-pro,6ee216f9d4faf87a50c2035857e452e29092a4e33be1d1d56250593d205fc57c,280a143650cd712edef7ec4e2d002a65425d54fbb6e2d57383993932d4c7ffb7,732540d4d91cbaf77c5d80073d4d09740fd99c7f0d728d9f161b53753b90f6cd,explicit,0,4096,omitted,,omitted,,omitted,,omitted,,omitted,,omitted,,omitted,,omitted,,omitted,,False,thinking.type=disabled,ffe557f53c63f7d0f7e35f80c03f61d8b3548db9e4f51e8dda020b28a920d875,provider_not_exposed,provider_not_exposed,False,,False,False,False,disabled,,stop;stop;stop;stop;stop;stop;stop;stop;stop;stop;stop;stop;stop;stop;stop;stop;stop;stop;stop;stop;stop;stop;stop;stop;stop,stop;stop;stop;stop;stop;stop;stop;stop;stop;stop;stop;stop;stop;stop;stop;stop;stop;stop;stop;stop;stop;stop;stop;stop;stop,13935,8130,1,1,,0,"[""ANCHOR_39_2ZN4A""]","[""REQ_39_8982ZN4A"", ""LOCK_39_A4NZ2"", ""SCOPE_39_82ZN4"", ""CHECK_39_982ZN"", ""EDGE_39_ZN4A"", ""FRONTIER_39_A4NZ28"", ""MERGE_39_8984A"", ""VERIFY_39_2ZN4A""]",1,"[""OBSOLETE_39_982ZN"", ""FALLBACK_39_ZN4A""]",0,[],0,[],0,0,,clean,,aa3d6bf7c14a29cc7c6be9e23129b73bf52d151089718bee392c34715650e125,7159b6a202e34e52d4ededfc23fd8813da1be5dc81892586e557c319343dab4f,0db545e6ca3ecc3a16f7a5eafe827c0c30e2a77adbcb5d9a32798b8812029a1a,7592e0073366f36822d18baee16617d2a945457adf20474c6b81bcfe4cc683b9,64f2725cb426205fbe0b4a715bf9382a7b5470512bb5f45d3f19875c87604625,released_raw_outputs/model_outputs/_probe_ecvs_deepseek_v4pro_frontier5_realswe5_rolling_react_reflection_10task_3method_3budget_1run/deepseek/reflexion_literature_adapted__final_main_v1_39_actual_frontier_semi_real_workflow_alias_binding__run_1__budget_600.jsonl,25,c6c72849aa195c40dfd8f3cc9c78572581e884b8957cc4e72325edaaab1a4f3e,cc9e423a6f79872ef5e3a40f24a77727e909e54ea8bf3908b0ce26f6dd7e0037,382f192af93df50767954dbf5a60431f000cc7991e52ac8c0e49d8e2d5b77fc5
_probe_ecvs_deepseek_v4pro_frontier5_realswe5_rolling_react_reflection_10task_3method_3budget_1run:deepseek_v4pro:reflexion_literature_adapted:final_main_v1_40_actual_frontier_semi_real_multi_file_repo_plan:budget_1200:run_1,deepseek_v4pro,final_main_v1_40_actual_frontier_semi_real_multi_file_repo_plan,semi_real_repo_style_controlled,frontier_hard,multi_file_repo_plan,frontier_hard_non_real,reflexion_literature_adapted,reflection_reflexion_adapted,1200,1,2026-06-19T06:33:00.438615+00:00,2026-06-19T06:35:32.620103+00:00,2026-06-19T06:33:00.438704+00:00,2026-06-19T06:35:32.614547+00:00,134.073,0c34b9d65f290c5ae1f69df62f807131b12af880fb7f25e76a971df0793a03fe,e0fb45c4d5a183773d255686fb7afa57bb02525fc30bdb09aa1d2c37a04bf825,2b8d54b172b2fe3b62220252d612c8f62cddb7b7e3ed8b9bc4d31ce97df85c30,4474b1d70dbc8938e94238b572f2fb0f92671a67d6fab8862725672b4a2492e1,4c237f2c978e33ede57d3afeba461a002f81f2fa2565e32e9cf0788fa07ae297,de47decc1628eb13d5a599547410eb97aaf08bd06ba7477d87d058d823f52970,b690d62b4090b62a2cf7d1b4a3767a58ef5c63bc1fc97ad37137285b015d251b,b690d62b4090b62a2cf7d1b4a3767a58ef5c63bc1fc97ad37137285b015d251b,b690d62b4090b62a2cf7d1b4a3767a58ef5c63bc1fc97ad37137285b015d251b,30d3d71633ff14de49ad9550510b976ec8183c6360975bf162bba33bf31b4a79,direct_provider,deepseek,https://api.deepseek.com,deepseek-v4-pro,https://api.deepseek.com/chat/completions,deepseek-v4-pro,6ee216f9d4faf87a50c2035857e452e29092a4e33be1d1d56250593d205fc57c,280a143650cd712edef7ec4e2d002a65425d54fbb6e2d57383993932d4c7ffb7,732540d4d91cbaf77c5d80073d4d09740fd99c7f0d728d9f161b53753b90f6cd,explicit,0,4096,omitted,,omitted,,omitted,,omitted,,omitted,,omitted,,omitted,,omitted,,omitted,,False,thinking.type=disabled,ffe557f53c63f7d0f7e35f80c03f61d8b3548db9e4f51e8dda020b28a920d875,provider_not_exposed,provider_not_exposed,False,,False,False,False,disabled,,stop;stop;stop;stop;stop;stop;stop;stop;stop;stop;stop;stop;stop;stop;stop;stop;stop;stop;stop;stop;stop;stop;stop;stop,stop;stop;stop;stop;stop;stop;stop;stop;stop;stop;stop;stop;stop;stop;stop;stop;stop;stop;stop;stop;stop;stop;stop;stop,17262,11138,1,1,,1,[],"[""REQ_40_6X2G7FLR"", ""LOCK_40_RLF7G"", ""SCOPE_40_2G7FL"", ""CHECK_40_X2G7F"", ""ANCHOR_40_G7FLR"", ""EDGE_40_7FLR"", ""FRONTIER_40_RLF7G2"", ""MERGE_40_6X2LR"", ""VERIFY_40_G7FLR""]",1,"[""DRAFT_40_6X2G""]",0,[],0,[],0,0,,clean,,68d3ece9d1b7a46863e0bf6cbd763cdb9cdf3c8d5056c27b8ea91df65f212e34,4c733b92226d6bfecd5f569698f45edc09076b913302b6d66cc7079b01df876b,9865d214be699276941286cb7730ebf710b61c8e7774e0388b0c490bac40e4f3,5e038d2c69ec0c6719ebf537ba180ecbc9caca060dfc7b363ffd5988dc800fbb,11958f1393d7755ed71688983162505848736a2d8637c424ed570db2f60d0c15,released_raw_outputs/model_outputs/_probe_ecvs_deepseek_v4pro_frontier5_realswe5_rolling_react_reflection_10task_3method_3budget_1run/deepseek/reflexion_literature_adapted__final_main_v1_40_actual_frontier_semi_real_multi_file_repo_plan__run_1__budget_1200.jsonl,24,82ea40879094057ec6ad93527a7ebbe6d8c9e6b8ace111dcc313111704076842,7b4f291964d5418a4d24ef294e5595430475b8e24058c6827519f0e6117f1b18,ff1aa773c85b9f9c704bc7100dcea30037b8a71094eb646d6fdcd18d652c54d4
_probe_ecvs_deepseek_v4pro_frontier5_realswe5_rolling_react_reflection_10task_3method_3budget_1run:deepseek_v4pro:reflexion_literature_adapted:final_main_v1_40_actual_frontier_semi_real_multi_file_repo_plan:budget_300:run_1,deepseek_v4pro,final_main_v1_40_actual_frontier_semi_real_multi_file_repo_plan,semi_real_repo_style_controlled,frontier_hard,multi_file_repo_plan,frontier_hard_non_real,reflexion_literature_adapted,reflection_reflexion_adapted,300,1,2026-06-19T06:32:09.728844+00:00,2026-06-19T06:33:46.551653+00:00,2026-06-19T06:32:09.728946+00:00,2026-06-19T06:33:46.546056+00:00,79.713,0c34b9d65f290c5ae1f69df62f807131b12af880fb7f25e76a971df0793a03fe,e0fb45c4d5a183773d255686fb7afa57bb02525fc30bdb09aa1d2c37a04bf825,2b8d54b172b2fe3b62220252d612c8f62cddb7b7e3ed8b9bc4d31ce97df85c30,4474b1d70dbc8938e94238b572f2fb0f92671a67d6fab8862725672b4a2492e1,41065c9c8338f02d0f116a7e2fc56afa49d9a85f7ab98566d7abe9f8064f3a59,de47decc1628eb13d5a599547410eb97aaf08bd06ba7477d87d058d823f52970,b690d62b4090b62a2cf7d1b4a3767a58ef5c63bc1fc97ad37137285b015d251b,b690d62b4090b62a2cf7d1b4a3767a58ef5c63bc1fc97ad37137285b015d251b,b690d62b4090b62a2cf7d1b4a3767a58ef5c63bc1fc97ad37137285b015d251b,30d3d71633ff14de49ad9550510b976ec8183c6360975bf162bba33bf31b4a79,direct_provider,deepseek,https://api.deepseek.com,deepseek-v4-pro,https://api.deepseek.com/chat/completions,deepseek-v4-pro,6ee216f9d4faf87a50c2035857e452e29092a4e33be1d1d56250593d205fc57c,280a143650cd712edef7ec4e2d002a65425d54fbb6e2d57383993932d4c7ffb7,732540d4d91cbaf77c5d80073d4d09740fd99c7f0d728d9f161b53753b90f6cd,explicit,0,4096,omitted,,omitted,,omitted,,omitted,,omitted,,omitted,,omitted,,omitted,,omitted,,False,thinking.type=disabled,ffe557f53c63f7d0f7e35f80c03f61d8b3548db9e4f51e8dda020b28a920d875,provider_not_exposed,provider_not_exposed,False,,False,False,False,disabled,,stop;stop;stop;stop;stop;stop;stop;stop;stop;stop;stop;stop;stop;stop;stop;stop;stop;stop;stop;stop;stop;stop;stop;stop;stop,stop;stop;stop;stop;stop;stop;stop;stop;stop;stop;stop;stop;stop;stop;stop;stop;stop;stop;stop;stop;stop;stop;stop;stop;stop,11227,4964,1,1,,0,"[""REQ_40_6X2G7FLR"", ""LOCK_40_RLF7G"", ""SCOPE_40_2G7FL"", ""FRONTIER_40_RLF7G2"", ""VERIFY_40_G7FLR""]","[""CHECK_40_X2G7F"", ""ANCHOR_40_G7FLR"", ""EDGE_40_7FLR"", ""MERGE_40_6X2LR""]",0,[],0,[],0,[],0,0,,clean,,19bcf6057d85c412d4d195d712e24f354251b96c51300fb3b3008427a20e5bf8,e6d1ef5f4d765f472d09497080b3e1f729ea9d205378b6e36d3a04b086eba678,a8326b32ddf4d41720cf3d9b647059ed9c720a4b83c362e1a0d3f0a0d6025d10,19ab3d6d142d94104a361c7c5bec0ad01f86534d50c62b29fff969a711da008b,e97044fe98903eba3122866ed00365c128e3701c33e6abeb06a4ddb72863e209,released_raw_outputs/model_outputs/_probe_ecvs_deepseek_v4pro_frontier5_realswe5_rolling_react_reflection_10task_3method_3budget_1run/deepseek/reflexion_literature_adapted__final_main_v1_40_actual_frontier_semi_real_multi_file_repo_plan__run_1__budget_300.jsonl,25,22b9095d2f4efb61c6d985fc8d13813245dfbbbce2f35ce52146dcbc9d0512fa,2094cc17617d548cb9b460651b164e484e5ffb6112fa59a045da00d07eb53a83,5d46ea161969d17d9f7c42531d8f3745d9ef826131128cda1ce666318180d770
_probe_ecvs_deepseek_v4pro_frontier5_realswe5_rolling_react_reflection_10task_3method_3budget_1run:deepseek_v4pro:reflexion_literature_adapted:final_main_v1_40_actual_frontier_semi_real_multi_file_repo_plan:budget_600:run_1,deepseek_v4pro,final_main_v1_40_actual_frontier_semi_real_multi_file_repo_plan,semi_real_repo_style_controlled,frontier_hard,multi_file_repo_plan,frontier_hard_non_real,reflexion_literature_adapted,reflection_reflexion_adapted,600,1,2026-06-19T06:32:25.882310+00:00,2026-06-19T06:34:37.185797+00:00,2026-06-19T06:32:25.882415+00:00,2026-06-19T06:34:37.178377+00:00,114.174,0c34b9d65f290c5ae1f69df62f807131b12af880fb7f25e76a971df0793a03fe,e0fb45c4d5a183773d255686fb7afa57bb02525fc30bdb09aa1d2c37a04bf825,2b8d54b172b2fe3b62220252d612c8f62cddb7b7e3ed8b9bc4d31ce97df85c30,4474b1d70dbc8938e94238b572f2fb0f92671a67d6fab8862725672b4a2492e1,4e860979dc58d47f01b9ea0fa8301bcdd0ac72100c736051de9555b490ffb211,de47decc1628eb13d5a599547410eb97aaf08bd06ba7477d87d058d823f52970,b690d62b4090b62a2cf7d1b4a3767a58ef5c63bc1fc97ad37137285b015d251b,b690d62b4090b62a2cf7d1b4a3767a58ef5c63bc1fc97ad37137285b015d251b,b690d62b4090b62a2cf7d1b4a3767a58ef5c63bc1fc97ad37137285b015d251b,30d3d71633ff14de49ad9550510b976ec8183c6360975bf162bba33bf31b4a79,direct_provider,deepseek,https://api.deepseek.com,deepseek-v4-pro,https://api.deepseek.com/chat/completions,deepseek-v4-pro,6ee216f9d4faf87a50c2035857e452e29092a4e33be1d1d56250593d205fc57c,280a143650cd712edef7ec4e2d002a65425d54fbb6e2d57383993932d4c7ffb7,732540d4d91cbaf77c5d80073d4d09740fd99c7f0d728d9f161b53753b90f6cd,explicit,0,4096,omitted,,omitted,,omitted,,omitted,,omitted,,omitted,,omitted,,omitted,,omitted,,False,thinking.type=disabled,ffe557f53c63f7d0f7e35f80c03f61d8b3548db9e4f51e8dda020b28a920d875,provider_not_exposed,provider_not_exposed,False,,False,False,False,disabled,,stop;stop;stop;stop;stop;stop;stop;stop;stop;stop;stop;stop;stop;stop;stop;stop;stop;stop;stop;stop;stop;stop;stop;stop;stop,stop;stop;stop;stop;stop;stop;stop;stop;stop;stop;stop;stop;stop;stop;stop;stop;stop;stop;stop;stop;stop;stop;stop;stop;stop,13894,7932,1,1,,0,"[""REQ_40_6X2G7FLR"", ""LOCK_40_RLF7G"", ""SCOPE_40_2G7FL"", ""CHECK_40_X2G7F"", ""ANCHOR_40_G7FLR""]","[""EDGE_40_7FLR"", ""FRONTIER_40_RLF7G2"", ""MERGE_40_6X2LR"", ""VERIFY_40_G7FLR""]",0,[],0,[],0,[],0,0,,clean,,4a7aca563ad1db14545d3621ae70b9ff2eca6691dd24e18da00f7cbbbc1cca78,8771357b70363321a2d727bff22d9aa71d016e11a61f199f441bcd5921dcac90,689635072905ded92107451abdc7078affe275a5f16686651e2def187b71bc48,a371fc0f2ca15f3d46a9c19501092ae3e1e7213c06112b1411107063412d8050,8b8327efb9fddbcd7522a767d72d695a645fadfc6ab261a947cdc23c87c04d21,released_raw_outputs/model_outputs/_probe_ecvs_deepseek_v4pro_frontier5_realswe5_rolling_react_reflection_10task_3method_3budget_1run/deepseek/reflexion_literature_adapted__final_main_v1_40_actual_frontier_semi_real_multi_file_repo_plan__run_1__budget_600.jsonl,25,6f0a4088af2017887cdb5839109a96de5746192c72bd988265f651373583ecf4,623f2abfbf013afb0de27c344f07e8a5f3d8e4978c3d0ae506bd055c451c9028,8a08356d8f494b1aac7ae8b387d086aae4d4ae30152c7494ffd95b71b40d41f5
_probe_ecvs_deepseek_v4pro_frontier5_realswe5_rolling_react_reflection_10task_3method_3budget_1run:deepseek_v4pro:reflexion_literature_adapted:final_main_v1_41_real_swe_fresh_github_grantjenks_python_sortedcontainers_2b037039bb16:budget_1200:run_1,deepseek_v4pro,final_main_v1_41_real_swe_fresh_github_grantjenks_python_sortedcontainers_2b037039bb16,real_swe_executable_anchor_controlled,medium,config_path_validation,real_swe_non_frontier,reflexion_literature_adapted,reflection_reflexion_adapted,1200,1,2026-06-19T06:41:24.759129+00:00,2026-06-19T06:42:34.951208+00:00,2026-06-19T06:41:24.759192+00:00,2026-06-19T06:42:34.940892+00:00,70.167,0c34b9d65f290c5ae1f69df62f807131b12af880fb7f25e76a971df0793a03fe,293376257a44b516eda2691daf2d27d164a2f7406b06b7e0b0ec3d4b72234016,2b8d54b172b2fe3b62220252d612c8f62cddb7b7e3ed8b9bc4d31ce97df85c30,d702e712cd306e0ee7ce6b9cc2c0fa9de29d8050d6c9124370ba7b33d8abaeb6,c4a4a0a3dfdb4792e91eb2d7e3faaac4daf4179efcef3cd8345dcb9d8250dbf4,de47decc1628eb13d5a599547410eb97aaf08bd06ba7477d87d058d823f52970,b690d62b4090b62a2cf7d1b4a3767a58ef5c63bc1fc97ad37137285b015d251b,b690d62b4090b62a2cf7d1b4a3767a58ef5c63bc1fc97ad37137285b015d251b,b690d62b4090b62a2cf7d1b4a3767a58ef5c63bc1fc97ad37137285b015d251b,30d3d71633ff14de49ad9550510b976ec8183c6360975bf162bba33bf31b4a79,direct_provider,deepseek,https://api.deepseek.com,deepseek-v4-pro,https://api.deepseek.com/chat/completions,deepseek-v4-pro,6ee216f9d4faf87a50c2035857e452e29092a4e33be1d1d56250593d205fc57c,280a143650cd712edef7ec4e2d002a65425d54fbb6e2d57383993932d4c7ffb7,732540d4d91cbaf77c5d80073d4d09740fd99c7f0d728d9f161b53753b90f6cd,explicit,0,4096,omitted,,omitted,,omitted,,omitted,,omitted,,omitted,,omitted,,omitted,,omitted,,False,thinking.type=disabled,ffe557f53c63f7d0f7e35f80c03f61d8b3548db9e4f51e8dda020b28a920d875,provider_not_exposed,provider_not_exposed,False,,False,False,False,disabled,,stop;stop;stop;stop;stop;stop;stop;stop;stop;stop;stop;stop;stop;stop;stop,stop;stop;stop;stop;stop;stop;stop;stop;stop;stop;stop;stop;stop;stop;stop,10301,6048,1,1,,1,[],"[""REQ_41_RWLXLPUN"", ""LOCK_41_NUPLX"", ""SCOPE_41_LXLPU"", ""CHECK_41_WLXLP""]",0,[],0,[],0,[],1,0,,clean,,6bf44d898404160ca3f41b0a0cb63cff3ea16c0ed1b29dd7d220632888065e96,b65bd9e7fec40230d2acd8fbce8c227ff478debf0f861039beea9f2d7c1f3ffd,08bd9fbd228aabfbdbda605fdabb3c72e2068fe97ac3b8186ff7126f2814daec,9e0bfb5b3a9c0c3c94a378719353a01656bc3c0def868991f560752893d5ee1e,6f0d2b453a52948d7f8affedfbb89992a110db59ab706ec3befbfe6a5bc71a91,released_raw_outputs/model_outputs/_probe_ecvs_deepseek_v4pro_frontier5_realswe5_rolling_react_reflection_10task_3method_3budget_1run/deepseek/reflexion_literature_adapted__final_main_v1_41_real_swe_fresh_github_grantjenks_python_sortedcontainers_2b037039bb16__run_1__budget_1200.jsonl,15,20f1075fc85d26d6594578a39aa8bff763831e3ede6534d5ba623cf7cf52fc37,937060223474485048d73ad6cd90946a81c9c6e9f4e94a6b9100ddc9f149ef7a,f20a078ef8da2e6d52929e8e75e272d3516529e1cc03a7642c476505d81dbaec
_probe_ecvs_deepseek_v4pro_frontier5_realswe5_rolling_react_reflection_10task_3method_3budget_1run:deepseek_v4pro:reflexion_literature_adapted:final_main_v1_41_real_swe_fresh_github_grantjenks_python_sortedcontainers_2b037039bb16:budget_300:run_1,deepseek_v4pro,final_main_v1_41_real_swe_fresh_github_grantjenks_python_sortedcontainers_2b037039bb16,real_swe_executable_anchor_controlled,medium,config_path_validation,real_swe_non_frontier,reflexion_literature_adapted,reflection_reflexion_adapted,300,1,2026-06-19T06:41:22.184714+00:00,2026-06-19T06:42:41.478121+00:00,2026-06-19T06:41:22.184810+00:00,2026-06-19T06:42:41.472658+00:00,45.108,0c34b9d65f290c5ae1f69df62f807131b12af880fb7f25e76a971df0793a03fe,293376257a44b516eda2691daf2d27d164a2f7406b06b7e0b0ec3d4b72234016,2b8d54b172b2fe3b62220252d612c8f62cddb7b7e3ed8b9bc4d31ce97df85c30,d702e712cd306e0ee7ce6b9cc2c0fa9de29d8050d6c9124370ba7b33d8abaeb6,671ed74eade5840b04464aef787e3f3e71efcecff76bf913b6a0f6b338344b6d,de47decc1628eb13d5a599547410eb97aaf08bd06ba7477d87d058d823f52970,b690d62b4090b62a2cf7d1b4a3767a58ef5c63bc1fc97ad37137285b015d251b,b690d62b4090b62a2cf7d1b4a3767a58ef5c63bc1fc97ad37137285b015d251b,b690d62b4090b62a2cf7d1b4a3767a58ef5c63bc1fc97ad37137285b015d251b,30d3d71633ff14de49ad9550510b976ec8183c6360975bf162bba33bf31b4a79,direct_provider,deepseek,https://api.deepseek.com,deepseek-v4-pro,https://api.deepseek.com/chat/completions,deepseek-v4-pro,6ee216f9d4faf87a50c2035857e452e29092a4e33be1d1d56250593d205fc57c,280a143650cd712edef7ec4e2d002a65425d54fbb6e2d57383993932d4c7ffb7,732540d4d91cbaf77c5d80073d4d09740fd99c7f0d728d9f161b53753b90f6cd,explicit,0,4096,omitted,,omitted,,omitted,,omitted,,omitted,,omitted,,omitted,,omitted,,omitted,,False,thinking.type=disabled,ffe557f53c63f7d0f7e35f80c03f61d8b3548db9e4f51e8dda020b28a920d875,provider_not_exposed,provider_not_exposed,False,,False,False,False,disabled,,stop;stop;stop;stop;stop;stop;stop;stop;stop;stop;stop;stop;stop;stop;stop,stop;stop;stop;stop;stop;stop;stop;stop;stop;stop;stop;stop;stop;stop;stop,6740,2788,1,1,,1,[],"[""REQ_41_RWLXLPUN"", ""LOCK_41_NUPLX"", ""SCOPE_41_LXLPU"", ""CHECK_41_WLXLP""]",0,[],0,[],0,[],1,0,,clean,,1871e7bb7041d23bc61f43b3b4a444c240545a9f3f0792b040201a798a5675b3,26d847343313ed85d0aed5fd77db73135eedbe513e1023c314cce968d041387c,c48ab3fed50183aebbfa72d40dd2e35cc991b0a3da9392eb0bc39285cb4cc8fb,af4dbc0c353d4d78d1ba20b33ca2e8389fe9bd0a5dfea05b5039d680c61f211f,807dc46f6829866b7c23d64d323ef8fa945f22c1ec9eb6cc3661b48eaf9565d9,released_raw_outputs/model_outputs/_probe_ecvs_deepseek_v4pro_frontier5_realswe5_rolling_react_reflection_10task_3method_3budget_1run/deepseek/reflexion_literature_adapted__final_main_v1_41_real_swe_fresh_github_grantjenks_python_sortedcontainers_2b037039bb16__run_1__budget_300.jsonl,15,016bf8d919d497df256f406620686bb6e77ef5f53d42fe01c031393c7c6ba399,9ea1924d3d95426a5f2f5a447c5298f8ac94036e86f43d4b5a88bc03963ca80f,d451347c5ab126398b387c6a4b989f00d940993a2839d540949b48bbb144eba2
_probe_ecvs_deepseek_v4pro_frontier5_realswe5_rolling_react_reflection_10task_3method_3budget_1run:deepseek_v4pro:reflexion_literature_adapted:final_main_v1_41_real_swe_fresh_github_grantjenks_python_sortedcontainers_2b037039bb16:budget_600:run_1,deepseek_v4pro,final_main_v1_41_real_swe_fresh_github_grantjenks_python_sortedcontainers_2b037039bb16,real_swe_executable_anchor_controlled,medium,config_path_validation,real_swe_non_frontier,reflexion_literature_adapted,reflection_reflexion_adapted,600,1,2026-06-19T06:41:23.620222+00:00,2026-06-19T06:42:36.369928+00:00,2026-06-19T06:41:23.620326+00:00,2026-06-19T06:42:36.365053+00:00,55.667,0c34b9d65f290c5ae1f69df62f807131b12af880fb7f25e76a971df0793a03fe,293376257a44b516eda2691daf2d27d164a2f7406b06b7e0b0ec3d4b72234016,2b8d54b172b2fe3b62220252d612c8f62cddb7b7e3ed8b9bc4d31ce97df85c30,d702e712cd306e0ee7ce6b9cc2c0fa9de29d8050d6c9124370ba7b33d8abaeb6,bdb8aa247c7757ebac294f6adb194737867fa643f3f24d7d20ea4e780ba40250,de47decc1628eb13d5a599547410eb97aaf08bd06ba7477d87d058d823f52970,b690d62b4090b62a2cf7d1b4a3767a58ef5c63bc1fc97ad37137285b015d251b,b690d62b4090b62a2cf7d1b4a3767a58ef5c63bc1fc97ad37137285b015d251b,b690d62b4090b62a2cf7d1b4a3767a58ef5c63bc1fc97ad37137285b015d251b,30d3d71633ff14de49ad9550510b976ec8183c6360975bf162bba33bf31b4a79,direct_provider,deepseek,https://api.deepseek.com,deepseek-v4-pro,https://api.deepseek.com/chat/completions,deepseek-v4-pro,6ee216f9d4faf87a50c2035857e452e29092a4e33be1d1d56250593d205fc57c,280a143650cd712edef7ec4e2d002a65425d54fbb6e2d57383993932d4c7ffb7,732540d4d91cbaf77c5d80073d4d09740fd99c7f0d728d9f161b53753b90f6cd,explicit,0,4096,omitted,,omitted,,omitted,,omitted,,omitted,,omitted,,omitted,,omitted,,omitted,,False,thinking.type=disabled,ffe557f53c63f7d0f7e35f80c03f61d8b3548db9e4f51e8dda020b28a920d875,provider_not_exposed,provider_not_exposed,False,,False,False,False,disabled,,stop;stop;stop;stop;stop;stop;stop;stop;stop;stop;stop;stop;stop;stop;stop,stop;stop;stop;stop;stop;stop;stop;stop;stop;stop;stop;stop;stop;stop;stop,8104,4391,1,1,,1,[],"[""REQ_41_RWLXLPUN"", ""LOCK_41_NUPLX"", ""SCOPE_41_LXLPU"", ""CHECK_41_WLXLP""]",0,[],0,[],1,"[""tests/issue_147.py"", ""tests/test_coverage_sorteddict.py"", ""tests/issue_147.py"", ""tests/test_coverage_sorteddict.py""]",0,0,,clean,,fba065384d6e1c2c110da5be8aab7addc167532de5b365ce18465f474522419a,dce7cb6383c7d6cd6071016eedfb7d08e751249edac120d2a72a552b9559d5e6,b8cfe8643db600d97494dae61d6c5cda8a3581ee8173f9749b8a27b628643774,00457958e298801909f3bda75b9db534df379d377bde4b239ce5f4b636b1f3d6,d33466d4e3287c791fbcfeb9665b0c6925ca48d45ee62f431bdf947eafa6aca0,released_raw_outputs/model_outputs/_probe_ecvs_deepseek_v4pro_frontier5_realswe5_rolling_react_reflection_10task_3method_3budget_1run/deepseek/reflexion_literature_adapted__final_main_v1_41_real_swe_fresh_github_grantjenks_python_sortedcontainers_2b037039bb16__run_1__budget_600.jsonl,15,6cd5fae173f2a5cdddb261169c68f928061c03e7655dbdd99bda1e9b566a7b22,7b1adfb2556586dccecd14b844e728a4f9b505c2640a4d9abbb52b4f7bab8e04,40e404c83aeb486a0134045de43a7758b4b858875d3ae6b9e48c874b6b8f18ed
_probe_ecvs_deepseek_v4pro_frontier5_realswe5_rolling_react_reflection_10task_3method_3budget_1run:deepseek_v4pro:reflexion_literature_adapted:final_main_v1_42_real_swe_fresh_github_python_humanize_humanize_2968d44280a6:budget_1200:run_1,deepseek_v4pro,final_main_v1_42_real_swe_fresh_github_python_humanize_humanize_2968d44280a6,real_swe_executable_anchor_controlled,medium,schema_json_contract,real_swe_non_frontier,reflexion_literature_adapted,reflection_reflexion_adapted,1200,1,2026-06-19T06:38:59.305198+00:00,2026-06-19T06:40:26.336764+00:00,2026-06-19T06:38:59.305393+00:00,2026-06-19T06:40:26.333939+00:00,68.938,0c34b9d65f290c5ae1f69df62f807131b12af880fb7f25e76a971df0793a03fe,7d89808157fd0513606746fa4b35f9493764ee4c120600c45e1d0d94b5b35680,2b8d54b172b2fe3b62220252d612c8f62cddb7b7e3ed8b9bc4d31ce97df85c30,7bfa597a2d2f7bca53e5f16aa01270670fff88f80c8ef48c9909e7344c3d74d9,aeed0bf9044ebdea7783f6b2780f5a8d70db09247ff34e45dae2c45ed08a3df3,de47decc1628eb13d5a599547410eb97aaf08bd06ba7477d87d058d823f52970,b690d62b4090b62a2cf7d1b4a3767a58ef5c63bc1fc97ad37137285b015d251b,b690d62b4090b62a2cf7d1b4a3767a58ef5c63bc1fc97ad37137285b015d251b,b690d62b4090b62a2cf7d1b4a3767a58ef5c63bc1fc97ad37137285b015d251b,30d3d71633ff14de49ad9550510b976ec8183c6360975bf162bba33bf31b4a79,direct_provider,deepseek,https://api.deepseek.com,deepseek-v4-pro,https://api.deepseek.com/chat/completions,deepseek-v4-pro,6ee216f9d4faf87a50c2035857e452e29092a4e33be1d1d56250593d205fc57c,280a143650cd712edef7ec4e2d002a65425d54fbb6e2d57383993932d4c7ffb7,732540d4d91cbaf77c5d80073d4d09740fd99c7f0d728d9f161b53753b90f6cd,explicit,0,4096,omitted,,omitted,,omitted,,omitted,,omitted,,omitted,,omitted,,omitted,,omitted,,False,thinking.type=disabled,ffe557f53c63f7d0f7e35f80c03f61d8b3548db9e4f51e8dda020b28a920d875,provider_not_exposed,provider_not_exposed,False,,False,False,False,disabled,,stop;stop;stop;stop;stop;stop;stop;stop;stop;stop;stop;stop;stop;stop,stop;stop;stop;stop;stop;stop;stop;stop;stop;stop;stop;stop;stop;stop,9323,5255,1,1,,0,"[""REQ_42_B2CWM43F"", ""LOCK_42_F34MW"", ""SCOPE_42_CWM43"", ""CHECK_42_2CWM4""]",[],0,[],0,[],0,[],0,0,,clean,,0992e253827b4251267b8cdb93710008623229392fb7ae7956c23d1abc6aa8c9,2ad4f6faef79422d2bb5cfe457ba4caebbe3d0d6fd770782057a8020982a860e,a1263e1bd91ecde94c2bf059c940add919a0e6369c6c882eecd20a7efc1ef7ac,ed42532129f799d430aaeec75d34b819bdf4850229dfba4fcfe86a5ac48e870f,d021c76ddcff349258c4e37996d4a6650fb59d3be69a0e7e5d5ad6b4484ec89d,released_raw_outputs/model_outputs/_probe_ecvs_deepseek_v4pro_frontier5_realswe5_rolling_react_reflection_10task_3method_3budget_1run/deepseek/reflexion_literature_adapted__final_main_v1_42_real_swe_fresh_github_python_humanize_humanize_2968d44280a6__run_1__budget_1200.jsonl,14,0a1b1c958a97f4981e8e93f679c43a0d7381d4f502d701f3b46c6087e674194c,eb05bf90c9c78f3377eba780d35168af94774ab042b290ee6da993b3c2000f21,fb29913473f17f0f8aec672ca18c8220688a47577a0c753251b976dfdf666be6
_probe_ecvs_deepseek_v4pro_frontier5_realswe5_rolling_react_reflection_10task_3method_3budget_1run:deepseek_v4pro:reflexion_literature_adapted:final_main_v1_42_real_swe_fresh_github_python_humanize_humanize_2968d44280a6:budget_300:run_1,deepseek_v4pro,final_main_v1_42_real_swe_fresh_github_python_humanize_humanize_2968d44280a6,real_swe_executable_anchor_controlled,medium,schema_json_contract,real_swe_non_frontier,reflexion_literature_adapted,reflection_reflexion_adapted,300,1,2026-06-19T06:38:34.553812+00:00,2026-06-19T06:39:37.711030+00:00,2026-06-19T06:38:34.553888+00:00,2026-06-19T06:39:37.705614+00:00,46.065,0c34b9d65f290c5ae1f69df62f807131b12af880fb7f25e76a971df0793a03fe,7d89808157fd0513606746fa4b35f9493764ee4c120600c45e1d0d94b5b35680,2b8d54b172b2fe3b62220252d612c8f62cddb7b7e3ed8b9bc4d31ce97df85c30,7bfa597a2d2f7bca53e5f16aa01270670fff88f80c8ef48c9909e7344c3d74d9,14fa63ada56b5a29c6d411ac0fcc21713e5659bd2515f082588a5d10b441f54e,de47decc1628eb13d5a599547410eb97aaf08bd06ba7477d87d058d823f52970,b690d62b4090b62a2cf7d1b4a3767a58ef5c63bc1fc97ad37137285b015d251b,b690d62b4090b62a2cf7d1b4a3767a58ef5c63bc1fc97ad37137285b015d251b,b690d62b4090b62a2cf7d1b4a3767a58ef5c63bc1fc97ad37137285b015d251b,30d3d71633ff14de49ad9550510b976ec8183c6360975bf162bba33bf31b4a79,direct_provider,deepseek,https://api.deepseek.com,deepseek-v4-pro,https://api.deepseek.com/chat/completions,deepseek-v4-pro,6ee216f9d4faf87a50c2035857e452e29092a4e33be1d1d56250593d205fc57c,280a143650cd712edef7ec4e2d002a65425d54fbb6e2d57383993932d4c7ffb7,732540d4d91cbaf77c5d80073d4d09740fd99c7f0d728d9f161b53753b90f6cd,explicit,0,4096,omitted,,omitted,,omitted,,omitted,,omitted,,omitted,,omitted,,omitted,,omitted,,False,thinking.type=disabled,ffe557f53c63f7d0f7e35f80c03f61d8b3548db9e4f51e8dda020b28a920d875,provider_not_exposed,provider_not_exposed,False,,False,False,False,disabled,,stop;stop;stop;stop;stop;stop;stop;stop;stop;stop;stop;stop;stop;stop;stop,stop;stop;stop;stop;stop;stop;stop;stop;stop;stop;stop;stop;stop;stop;stop,6529,2408,1,1,,1,[],"[""REQ_42_B2CWM43F"", ""LOCK_42_F34MW"", ""SCOPE_42_CWM43"", ""CHECK_42_2CWM4""]",0,[],0,[],0,[],1,0,,clean,,c1f7259551611f188a253816759ebd2db0d476e7b0d226db6f80e4d1aeefa289,83ef118acbcbba0ce58e08e6e58ef47c959650cc840855eea70c78293e865117,80a498f85626e38a8fcbb734aeaaccfd512d4de8a2e3a9d6441a38cebe769a7b,63958f3960bbbeff01f4d5a3aabfa805949ba0e3946a0e81d4729a6167071268,b60b6055c954f3956522cb009046516f9a505ea84cbf4d9b48c220ca047407bd,released_raw_outputs/model_outputs/_probe_ecvs_deepseek_v4pro_frontier5_realswe5_rolling_react_reflection_10task_3method_3budget_1run/deepseek/reflexion_literature_adapted__final_main_v1_42_real_swe_fresh_github_python_humanize_humanize_2968d44280a6__run_1__budget_300.jsonl,15,e777b67ea5d01b222b5c30776cd21f1467362073b3d5192102c00b3706421313,e61c6bd1ce6feee69f2ddf479ac53fe55e9f2fa0f74dd6bc056fea805009a493,51b32c50e0c347498a54b0266a63dc1b5ef4d543a2fd154a3c6c0c36dbf92a2b
_probe_ecvs_deepseek_v4pro_frontier5_realswe5_rolling_react_reflection_10task_3method_3budget_1run:deepseek_v4pro:reflexion_literature_adapted:final_main_v1_42_real_swe_fresh_github_python_humanize_humanize_2968d44280a6:budget_600:run_1,deepseek_v4pro,final_main_v1_42_real_swe_fresh_github_python_humanize_humanize_2968d44280a6,real_swe_executable_anchor_controlled,medium,schema_json_contract,real_swe_non_frontier,reflexion_literature_adapted,reflection_reflexion_adapted,600,1,2026-06-19T06:38:53.166020+00:00,2026-06-19T06:39:49.306109+00:00,2026-06-19T06:38:53.166069+00:00,2026-06-19T06:39:49.299792+00:00,56.122,0c34b9d65f290c5ae1f69df62f807131b12af880fb7f25e76a971df0793a03fe,7d89808157fd0513606746fa4b35f9493764ee4c120600c45e1d0d94b5b35680,2b8d54b172b2fe3b62220252d612c8f62cddb7b7e3ed8b9bc4d31ce97df85c30,7bfa597a2d2f7bca53e5f16aa01270670fff88f80c8ef48c9909e7344c3d74d9,e4f4f33355ac9bac26245f8ce7e5a08f8f9c20964cb5b3eeb30af6c586760379,de47decc1628eb13d5a599547410eb97aaf08bd06ba7477d87d058d823f52970,b690d62b4090b62a2cf7d1b4a3767a58ef5c63bc1fc97ad37137285b015d251b,b690d62b4090b62a2cf7d1b4a3767a58ef5c63bc1fc97ad37137285b015d251b,b690d62b4090b62a2cf7d1b4a3767a58ef5c63bc1fc97ad37137285b015d251b,30d3d71633ff14de49ad9550510b976ec8183c6360975bf162bba33bf31b4a79,direct_provider,deepseek,https://api.deepseek.com,deepseek-v4-pro,https://api.deepseek.com/chat/completions,deepseek-v4-pro,6ee216f9d4faf87a50c2035857e452e29092a4e33be1d1d56250593d205fc57c,280a143650cd712edef7ec4e2d002a65425d54fbb6e2d57383993932d4c7ffb7,732540d4d91cbaf77c5d80073d4d09740fd99c7f0d728d9f161b53753b90f6cd,explicit,0,4096,omitted,,omitted,,omitted,,omitted,,omitted,,omitted,,omitted,,omitted,,omitted,,False,thinking.type=disabled,ffe557f53c63f7d0f7e35f80c03f61d8b3548db9e4f51e8dda020b28a920d875,provider_not_exposed,provider_not_exposed,False,,False,False,False,disabled,,stop;stop;stop;stop;stop;stop;stop;stop;stop;stop;stop;stop;stop;stop;stop,stop;stop;stop;stop;stop;stop;stop;stop;stop;stop;stop;stop;stop;stop;stop,7851,3697,1,1,,1,[],"[""REQ_42_B2CWM43F"", ""LOCK_42_F34MW"", ""SCOPE_42_CWM43"", ""CHECK_42_2CWM4""]",0,[],0,[],0,[],1,0,,clean,,8f952aab5d52386d6bb0a5e941789ec2172177fa9c92683482725dedfd0485bd,d7e3dfec29d11b99ead6bb6fa4e0293a8688dcfad6f9df5974b57b5b912ccc69,9d1edc666b5fd0ff2a19ab4602b3ffd6bfe63f5d71e090d270cc358cb22ba382,246664faabcee203801083736a22da240223e5e4f33ad15f3873ff5035ace856,db8d426990958cdba10fdbddaa8763b534724abbe4ccdf2a1598a759243e7dc3,released_raw_outputs/model_outputs/_probe_ecvs_deepseek_v4pro_frontier5_realswe5_rolling_react_reflection_10task_3method_3budget_1run/deepseek/reflexion_literature_adapted__final_main_v1_42_real_swe_fresh_github_python_humanize_humanize_2968d44280a6__run_1__budget_600.jsonl,15,8d8ee8d9e1d9f9fd237b10442681175c9b052a108f8802ae24e9454c9b470306,3667bfd6d1a723a270570be4566e50d22a9e8ae4e94eaf84ddf7af10602a51f8,d5a3267c90eb41940956dd964e673016a4f05e9e5fe1b8557bba0a867ab7bbed
_probe_ecvs_deepseek_v4pro_frontier5_realswe5_rolling_react_reflection_10task_3method_3budget_1run:deepseek_v4pro:reflexion_literature_adapted:final_main_v1_43_real_swe_fresh_github_tkem_cachetools_18e5930ced2c:budget_1200:run_1,deepseek_v4pro,final_main_v1_43_real_swe_fresh_github_tkem_cachetools_18e5930ced2c,real_swe_executable_anchor_controlled,medium,permission_file_scope,real_swe_non_frontier,reflexion_literature_adapted,reflection_reflexion_adapted,1200,1,2026-06-19T06:40:35.233874+00:00,2026-06-19T06:41:57.883653+00:00,2026-06-19T06:40:35.233993+00:00,2026-06-19T06:41:57.878337+00:00,64.54,0c34b9d65f290c5ae1f69df62f807131b12af880fb7f25e76a971df0793a03fe,d9e9675215de871c2af384d309686cbb772789de049f42c9d1564e7d57913099,2b8d54b172b2fe3b62220252d612c8f62cddb7b7e3ed8b9bc4d31ce97df85c30,c768f371cfc52f66ed1cad659b640760266d0f35d570f68225f1714f23aa327d,e494b2349c6894c6b8bcb7950ab7316e9e0fff0742b677c8edcf05f26cf6c839,de47decc1628eb13d5a599547410eb97aaf08bd06ba7477d87d058d823f52970,b690d62b4090b62a2cf7d1b4a3767a58ef5c63bc1fc97ad37137285b015d251b,b690d62b4090b62a2cf7d1b4a3767a58ef5c63bc1fc97ad37137285b015d251b,b690d62b4090b62a2cf7d1b4a3767a58ef5c63bc1fc97ad37137285b015d251b,30d3d71633ff14de49ad9550510b976ec8183c6360975bf162bba33bf31b4a79,direct_provider,deepseek,https://api.deepseek.com,deepseek-v4-pro,https://api.deepseek.com/chat/completions,deepseek-v4-pro,6ee216f9d4faf87a50c2035857e452e29092a4e33be1d1d56250593d205fc57c,280a143650cd712edef7ec4e2d002a65425d54fbb6e2d57383993932d4c7ffb7,732540d4d91cbaf77c5d80073d4d09740fd99c7f0d728d9f161b53753b90f6cd,explicit,0,4096,omitted,,omitted,,omitted,,omitted,,omitted,,omitted,,omitted,,omitted,,omitted,,False,thinking.type=disabled,ffe557f53c63f7d0f7e35f80c03f61d8b3548db9e4f51e8dda020b28a920d875,provider_not_exposed,provider_not_exposed,False,,False,False,False,disabled,,stop;stop;stop;stop;stop;stop;stop;stop;stop;stop;stop;stop;stop;stop,stop;stop;stop;stop;stop;stop;stop;stop;stop;stop;stop;stop;stop;stop,8733,4569,1,1,,1,[],"[""REQ_43_ZK3ZLG6P"", ""LOCK_43_P6GLZ"", ""SCOPE_43_3ZLG6"", ""CHECK_43_K3ZLG""]",0,[],0,[],0,[],1,0,,clean,,d09d61413e8b5ec6dd4de8fbacbb202848acfe7b8922fe2d75ab54ec0c54f4b7,c433ad72b0fddef8d96cc4dc7e9d4df276aedf373f483dd9b2a8c2175f1add05,1fc2b771c560838deb571cab214e1e6f43902e13ca53c9cebc7a6ab397b9070b,20ee5248572e8a7ffdebbed6e507562d1d5c50cbdfdf6002b20b97e99511c806,6b83cb74e117421a43d323e8c16de126d11a2aa35257354f5e71a14d8ebefb87,released_raw_outputs/model_outputs/_probe_ecvs_deepseek_v4pro_frontier5_realswe5_rolling_react_reflection_10task_3method_3budget_1run/deepseek/reflexion_literature_adapted__final_main_v1_43_real_swe_fresh_github_tkem_cachetools_18e5930ced2c__run_1__budget_1200.jsonl,14,a2810ca711fa41a681c1d3b0840d86ec8fd9c1f8f08e76f5a08a034819adf4d4,17dc71376db1ac5594994a64a721244c022f2c2ef012a964c8c2196b736b6c74,1f2f64f2aca4b89cbaffffd9c5894831eb5686f68e04f329dd0116bddf044ce4
_probe_ecvs_deepseek_v4pro_frontier5_realswe5_rolling_react_reflection_10task_3method_3budget_1run:deepseek_v4pro:reflexion_literature_adapted:final_main_v1_43_real_swe_fresh_github_tkem_cachetools_18e5930ced2c:budget_300:run_1,deepseek_v4pro,final_main_v1_43_real_swe_fresh_github_tkem_cachetools_18e5930ced2c,real_swe_executable_anchor_controlled,medium,permission_file_scope,real_swe_non_frontier,reflexion_literature_adapted,reflection_reflexion_adapted,300,1,2026-06-19T06:40:27.711514+00:00,2026-06-19T06:41:52.130962+00:00,2026-06-19T06:40:27.711625+00:00,2026-06-19T06:41:52.126694+00:00,50.255,0c34b9d65f290c5ae1f69df62f807131b12af880fb7f25e76a971df0793a03fe,d9e9675215de871c2af384d309686cbb772789de049f42c9d1564e7d57913099,2b8d54b172b2fe3b62220252d612c8f62cddb7b7e3ed8b9bc4d31ce97df85c30,c768f371cfc52f66ed1cad659b640760266d0f35d570f68225f1714f23aa327d,0a38fd6bbebd24b62ac64c9732843aade4b4619edc116b1c00b2bb88d7e40ca8,de47decc1628eb13d5a599547410eb97aaf08bd06ba7477d87d058d823f52970,b690d62b4090b62a2cf7d1b4a3767a58ef5c63bc1fc97ad37137285b015d251b,b690d62b4090b62a2cf7d1b4a3767a58ef5c63bc1fc97ad37137285b015d251b,b690d62b4090b62a2cf7d1b4a3767a58ef5c63bc1fc97ad37137285b015d251b,30d3d71633ff14de49ad9550510b976ec8183c6360975bf162bba33bf31b4a79,direct_provider,deepseek,https://api.deepseek.com,deepseek-v4-pro,https://api.deepseek.com/chat/completions,deepseek-v4-pro,6ee216f9d4faf87a50c2035857e452e29092a4e33be1d1d56250593d205fc57c,280a143650cd712edef7ec4e2d002a65425d54fbb6e2d57383993932d4c7ffb7,732540d4d91cbaf77c5d80073d4d09740fd99c7f0d728d9f161b53753b90f6cd,explicit,0,4096,omitted,,omitted,,omitted,,omitted,,omitted,,omitted,,omitted,,omitted,,omitted,,False,thinking.type=disabled,ffe557f53c63f7d0f7e35f80c03f61d8b3548db9e4f51e8dda020b28a920d875,provider_not_exposed,provider_not_exposed,False,,False,False,False,disabled,,stop;stop;stop;stop;stop;stop;stop;stop;stop;stop;stop;stop;stop;stop;stop,stop;stop;stop;stop;stop;stop;stop;stop;stop;stop;stop;stop;stop;stop;stop,6805,2684,1,1,,0,"[""REQ_43_ZK3ZLG6P""]","[""LOCK_43_P6GLZ"", ""SCOPE_43_3ZLG6"", ""CHECK_43_K3ZLG""]",0,[],0,[],0,[],0,0,,clean,,495bedf53df25df36d1dfb7f9aaf1a8f1f43c5b3d5b5e4cdbea6c156d83a2359,fc054d3f6511d3a209929192e8cfc50d3a73e7319ba3ff7a4bcccb5bc18a9e7a,f6c8b03ac4efaff0dac4e3729ed2d7d00e58763d503ff1a3c12c8f1f98daeb82,2fb9117e6b3d12a72046b91cb01a4f809f402a770fd89071efd9f7a9e62aa7a9,931274f68a59fe1e4945dad00c3f7bbc6ba90652c5b515298f89bbf83cdfb16d,released_raw_outputs/model_outputs/_probe_ecvs_deepseek_v4pro_frontier5_realswe5_rolling_react_reflection_10task_3method_3budget_1run/deepseek/reflexion_literature_adapted__final_main_v1_43_real_swe_fresh_github_tkem_cachetools_18e5930ced2c__run_1__budget_300.jsonl,15,f4bc63e87a6c6b7daedd523303487a2b4da81ae23c565f496d4017eb00cd6313,0c00725316c0e917f9c341cad71db8912fee3e1f7e8545f70dc9c1521e960bdf,835519e8156ea2f201a51c9135032430399ee77382d4af56a03199795d570b35
_probe_ecvs_deepseek_v4pro_frontier5_realswe5_rolling_react_reflection_10task_3method_3budget_1run:deepseek_v4pro:reflexion_literature_adapted:final_main_v1_43_real_swe_fresh_github_tkem_cachetools_18e5930ced2c:budget_600:run_1,deepseek_v4pro,final_main_v1_43_real_swe_fresh_github_tkem_cachetools_18e5930ced2c,real_swe_executable_anchor_controlled,medium,permission_file_scope,real_swe_non_frontier,reflexion_literature_adapted,reflection_reflexion_adapted,600,1,2026-06-19T06:40:30.216169+00:00,2026-06-19T06:41:24.758604+00:00,2026-06-19T06:40:30.216286+00:00,2026-06-19T06:41:24.752744+00:00,54.528,0c34b9d65f290c5ae1f69df62f807131b12af880fb7f25e76a971df0793a03fe,d9e9675215de871c2af384d309686cbb772789de049f42c9d1564e7d57913099,2b8d54b172b2fe3b62220252d612c8f62cddb7b7e3ed8b9bc4d31ce97df85c30,c768f371cfc52f66ed1cad659b640760266d0f35d570f68225f1714f23aa327d,1df88e3bb787fc25c9178219046d58542029bd548e473cf391f2dfad671e5350,de47decc1628eb13d5a599547410eb97aaf08bd06ba7477d87d058d823f52970,b690d62b4090b62a2cf7d1b4a3767a58ef5c63bc1fc97ad37137285b015d251b,b690d62b4090b62a2cf7d1b4a3767a58ef5c63bc1fc97ad37137285b015d251b,b690d62b4090b62a2cf7d1b4a3767a58ef5c63bc1fc97ad37137285b015d251b,30d3d71633ff14de49ad9550510b976ec8183c6360975bf162bba33bf31b4a79,direct_provider,deepseek,https://api.deepseek.com,deepseek-v4-pro,https://api.deepseek.com/chat/completions,deepseek-v4-pro,6ee216f9d4faf87a50c2035857e452e29092a4e33be1d1d56250593d205fc57c,280a143650cd712edef7ec4e2d002a65425d54fbb6e2d57383993932d4c7ffb7,732540d4d91cbaf77c5d80073d4d09740fd99c7f0d728d9f161b53753b90f6cd,explicit,0,4096,omitted,,omitted,,omitted,,omitted,,omitted,,omitted,,omitted,,omitted,,omitted,,False,thinking.type=disabled,ffe557f53c63f7d0f7e35f80c03f61d8b3548db9e4f51e8dda020b28a920d875,provider_not_exposed,provider_not_exposed,False,,False,False,False,disabled,,stop;stop;stop;stop;stop;stop;stop;stop;stop;stop;stop;stop;stop;stop;stop,stop;stop;stop;stop;stop;stop;stop;stop;stop;stop;stop;stop;stop;stop;stop,7811,3764,1,1,,0,"[""SCOPE_43_3ZLG6""]","[""REQ_43_ZK3ZLG6P"", ""LOCK_43_P6GLZ"", ""CHECK_43_K3ZLG""]",0,[],0,[],0,[],0,0,,clean,,bc57bea6c3fd5741c2af707de0f9de5ebde76df7ce68487a3505957213a94294,e211b11246f50e2bcaea41f957ecb1dc0c74f25565f732776fe7075413380b12,45e787aa105dc93c0e7cee1bad00c98e8f71f196d3f12776041afdeba55ed4a2,5657df7a477ab669b309fd51934837656b9d61801857a05cfaa867f07513e61d,e0758fda74f71d4de9592fbabc7266393b79e4f204ca6457d889c9086687d96f,released_raw_outputs/model_outputs/_probe_ecvs_deepseek_v4pro_frontier5_realswe5_rolling_react_reflection_10task_3method_3budget_1run/deepseek/reflexion_literature_adapted__final_main_v1_43_real_swe_fresh_github_tkem_cachetools_18e5930ced2c__run_1__budget_600.jsonl,15,5000ddb52757731ef2517588761509ecb94f79021cf0a4fdac85c9078c2281a4,80653c362c99003dc269374fbee47f936ed639c55c1d60da9d9126d31c812c72,350312f65175cd362b35d8a7d2e439742259e409a5e2ae06f5d466e5a9c4e70e
_probe_ecvs_deepseek_v4pro_frontier5_realswe5_rolling_react_reflection_10task_3method_3budget_1run:deepseek_v4pro:reflexion_literature_adapted:final_main_v1_44_real_swe_fresh_github_jpadilla_pyjwt_c8ab900b831c:budget_1200:run_1,deepseek_v4pro,final_main_v1_44_real_swe_fresh_github_jpadilla_pyjwt_c8ab900b831c,real_swe_executable_anchor_controlled,hard,dependency_import_consistency,real_swe_non_frontier,reflexion_literature_adapted,reflection_reflexion_adapted,1200,1,2026-06-19T06:37:47.685424+00:00,2026-06-19T06:39:06.273935+00:00,2026-06-19T06:37:47.685538+00:00,2026-06-19T06:39:06.268065+00:00,78.569,0c34b9d65f290c5ae1f69df62f807131b12af880fb7f25e76a971df0793a03fe,2ec351c87e7db636e065cb1ab54565df6bdda033975a41c3e3fe88954a636c6b,2b8d54b172b2fe3b62220252d612c8f62cddb7b7e3ed8b9bc4d31ce97df85c30,5a40bea2f6aff56cf0251a9521c848350d5c35a4749294432de252a86b2e97df,905c52bd687c0253ae50448ae0f32c16334ef1e2bb8f4ecd2cd60217e4dbf3df,de47decc1628eb13d5a599547410eb97aaf08bd06ba7477d87d058d823f52970,b690d62b4090b62a2cf7d1b4a3767a58ef5c63bc1fc97ad37137285b015d251b,b690d62b4090b62a2cf7d1b4a3767a58ef5c63bc1fc97ad37137285b015d251b,b690d62b4090b62a2cf7d1b4a3767a58ef5c63bc1fc97ad37137285b015d251b,30d3d71633ff14de49ad9550510b976ec8183c6360975bf162bba33bf31b4a79,direct_provider,deepseek,https://api.deepseek.com,deepseek-v4-pro,https://api.deepseek.com/chat/completions,deepseek-v4-pro,6ee216f9d4faf87a50c2035857e452e29092a4e33be1d1d56250593d205fc57c,280a143650cd712edef7ec4e2d002a65425d54fbb6e2d57383993932d4c7ffb7,732540d4d91cbaf77c5d80073d4d09740fd99c7f0d728d9f161b53753b90f6cd,explicit,0,4096,omitted,,omitted,,omitted,,omitted,,omitted,,omitted,,omitted,,omitted,,omitted,,False,thinking.type=disabled,ffe557f53c63f7d0f7e35f80c03f61d8b3548db9e4f51e8dda020b28a920d875,provider_not_exposed,provider_not_exposed,False,,False,False,False,disabled,,stop;stop;stop;stop;stop;stop;stop;stop;stop;stop;stop;stop;stop;stop;stop;stop,stop;stop;stop;stop;stop;stop;stop;stop;stop;stop;stop;stop;stop;stop;stop;stop,11058,6638,1,1,,1,[],"[""REQ_44_8QQN7FPY"", ""LOCK_44_YPF7N"", ""SCOPE_44_QN7FP"", ""CHECK_44_QQN7F"", ""ANCHOR_44_N7FPY""]",0,[],0,[],0,[],1,0,,clean,,bcc6f3d0a833fe02711d9f678c9d149070c9edf5e02893f3f4629bbe6aaa4712,dc647ee3f0c01b6aa284867ecdb92d95bcb61def731b40283d0bac4262950588,07774db7be23fc45527b020042a664f95bd12a6255d575773598fe4080f31e03,8a855b516c4a8652eb37c253fd6cab146792b927f91dfa59da4dd70c0cf0de27,0827e36fb3784c635c2d519b6d982a4d72452c84cc94c25fcd262468fc61066f,released_raw_outputs/model_outputs/_probe_ecvs_deepseek_v4pro_frontier5_realswe5_rolling_react_reflection_10task_3method_3budget_1run/deepseek/reflexion_literature_adapted__final_main_v1_44_real_swe_fresh_github_jpadilla_pyjwt_c8ab900b831c__run_1__budget_1200.jsonl,16,8d414d8b6f0f54d88c2bfe01baf6d02361b5d526511960ac641da547892244d2,ea69e1e5093f851d2af3af7f9db06db408aaab0b206616bd4819a362327c93b0,e97e8dc8f6d044da1da6337cc78e016dc3e9722381852a06e70063696ea3a21b
_probe_ecvs_deepseek_v4pro_frontier5_realswe5_rolling_react_reflection_10task_3method_3budget_1run:deepseek_v4pro:reflexion_literature_adapted:final_main_v1_44_real_swe_fresh_github_jpadilla_pyjwt_c8ab900b831c:budget_300:run_1,deepseek_v4pro,final_main_v1_44_real_swe_fresh_github_jpadilla_pyjwt_c8ab900b831c,real_swe_executable_anchor_controlled,hard,dependency_import_consistency,real_swe_non_frontier,reflexion_literature_adapted,reflection_reflexion_adapted,300,1,2026-06-19T06:37:44.653649+00:00,2026-06-19T06:38:53.165592+00:00,2026-06-19T06:37:44.653709+00:00,2026-06-19T06:38:53.162345+00:00,51.426,0c34b9d65f290c5ae1f69df62f807131b12af880fb7f25e76a971df0793a03fe,2ec351c87e7db636e065cb1ab54565df6bdda033975a41c3e3fe88954a636c6b,2b8d54b172b2fe3b62220252d612c8f62cddb7b7e3ed8b9bc4d31ce97df85c30,5a40bea2f6aff56cf0251a9521c848350d5c35a4749294432de252a86b2e97df,2144c5b9ec2ed7216c958a6dfca93e71d67f272f893083d3b33ac45ac9244ade,de47decc1628eb13d5a599547410eb97aaf08bd06ba7477d87d058d823f52970,b690d62b4090b62a2cf7d1b4a3767a58ef5c63bc1fc97ad37137285b015d251b,b690d62b4090b62a2cf7d1b4a3767a58ef5c63bc1fc97ad37137285b015d251b,b690d62b4090b62a2cf7d1b4a3767a58ef5c63bc1fc97ad37137285b015d251b,30d3d71633ff14de49ad9550510b976ec8183c6360975bf162bba33bf31b4a79,direct_provider,deepseek,https://api.deepseek.com,deepseek-v4-pro,https://api.deepseek.com/chat/completions,deepseek-v4-pro,6ee216f9d4faf87a50c2035857e452e29092a4e33be1d1d56250593d205fc57c,280a143650cd712edef7ec4e2d002a65425d54fbb6e2d57383993932d4c7ffb7,732540d4d91cbaf77c5d80073d4d09740fd99c7f0d728d9f161b53753b90f6cd,explicit,0,4096,omitted,,omitted,,omitted,,omitted,,omitted,,omitted,,omitted,,omitted,,omitted,,False,thinking.type=disabled,ffe557f53c63f7d0f7e35f80c03f61d8b3548db9e4f51e8dda020b28a920d875,provider_not_exposed,provider_not_exposed,False,,False,False,False,disabled,,stop;stop;stop;stop;stop;stop;stop;stop;stop;stop;stop;stop;stop;stop;stop;stop;stop,stop;stop;stop;stop;stop;stop;stop;stop;stop;stop;stop;stop;stop;stop;stop;stop;stop,7682,3249,1,1,,0,"[""LOCK_44_YPF7N"", ""SCOPE_44_QN7FP""]","[""REQ_44_8QQN7FPY"", ""CHECK_44_QQN7F"", ""ANCHOR_44_N7FPY""]",0,[],1,"[""skip validation""]",0,[],0,0,,clean,,0e14114b1ddcb3a02be5dbb719e49d4beaecb74df344307b0851cef6df692d69,4e833eb5a0f605fd4d7639c517991d356971553e4354a52b39ef1639e898f1fe,bcab419e78d190948d50cbd8f865e7c60b587d2744f4d54b9cc8f61c743bd7b6,ae4bef7d864a55cacd57b70b301cbcab199855a4bfd29cf641b4d2fb16cd69af,d59247c41b535bc25f0a219b2687a9084e6e9c15fdb29bdef916b7f49c12baf3,released_raw_outputs/model_outputs/_probe_ecvs_deepseek_v4pro_frontier5_realswe5_rolling_react_reflection_10task_3method_3budget_1run/deepseek/reflexion_literature_adapted__final_main_v1_44_real_swe_fresh_github_jpadilla_pyjwt_c8ab900b831c__run_1__budget_300.jsonl,17,9813a4565e5d23fe503606514dde1b440d1973cfcf7b0a7dd2e029a60904348d,c0cef0295d2eb396e9bbe8b2181242667aae1664ee51e0dc436819fe642b96ce,69a2c7fc84eeb5e4e30317c3064fee991d5372976ae7378c166bad8132121b28
_probe_ecvs_deepseek_v4pro_frontier5_realswe5_rolling_react_reflection_10task_3method_3budget_1run:deepseek_v4pro:reflexion_literature_adapted:final_main_v1_44_real_swe_fresh_github_jpadilla_pyjwt_c8ab900b831c:budget_600:run_1,deepseek_v4pro,final_main_v1_44_real_swe_fresh_github_jpadilla_pyjwt_c8ab900b831c,real_swe_executable_anchor_controlled,hard,dependency_import_consistency,real_swe_non_frontier,reflexion_literature_adapted,reflection_reflexion_adapted,600,1,2026-06-19T06:37:47.315052+00:00,2026-06-19T06:39:42.086216+00:00,2026-06-19T06:37:47.315152+00:00,2026-06-19T06:39:42.081091+00:00,61.486,0c34b9d65f290c5ae1f69df62f807131b12af880fb7f25e76a971df0793a03fe,2ec351c87e7db636e065cb1ab54565df6bdda033975a41c3e3fe88954a636c6b,2b8d54b172b2fe3b62220252d612c8f62cddb7b7e3ed8b9bc4d31ce97df85c30,5a40bea2f6aff56cf0251a9521c848350d5c35a4749294432de252a86b2e97df,58694f15125751961cff036c47bb7b1b5e81da7159e06a9bce606e97cb5a220c,de47decc1628eb13d5a599547410eb97aaf08bd06ba7477d87d058d823f52970,b690d62b4090b62a2cf7d1b4a3767a58ef5c63bc1fc97ad37137285b015d251b,b690d62b4090b62a2cf7d1b4a3767a58ef5c63bc1fc97ad37137285b015d251b,b690d62b4090b62a2cf7d1b4a3767a58ef5c63bc1fc97ad37137285b015d251b,30d3d71633ff14de49ad9550510b976ec8183c6360975bf162bba33bf31b4a79,direct_provider,deepseek,https://api.deepseek.com,deepseek-v4-pro,https://api.deepseek.com/chat/completions,deepseek-v4-pro,6ee216f9d4faf87a50c2035857e452e29092a4e33be1d1d56250593d205fc57c,280a143650cd712edef7ec4e2d002a65425d54fbb6e2d57383993932d4c7ffb7,732540d4d91cbaf77c5d80073d4d09740fd99c7f0d728d9f161b53753b90f6cd,explicit,0,4096,omitted,,omitted,,omitted,,omitted,,omitted,,omitted,,omitted,,omitted,,omitted,,False,thinking.type=disabled,ffe557f53c63f7d0f7e35f80c03f61d8b3548db9e4f51e8dda020b28a920d875,provider_not_exposed,provider_not_exposed,False,,False,False,False,disabled,,stop;stop;stop;stop;stop;stop;stop;stop;stop;stop;stop;stop;stop;stop;stop;stop;stop,stop;stop;stop;stop;stop;stop;stop;stop;stop;stop;stop;stop;stop;stop;stop;stop;stop,8678,4032,1,1,,1,[],"[""REQ_44_8QQN7FPY"", ""LOCK_44_YPF7N"", ""SCOPE_44_QN7FP"", ""CHECK_44_QQN7F"", ""ANCHOR_44_N7FPY""]",0,[],0,[],1,"[""tests/test_api_jwt.py"", "".env"", ""private"", ""tests/test_api_jwt.py"", "".env"", ""private""]",0,0,,clean,,893cf9941bb26b548b65eff84d99d584bf609300e1349013bb84e13b3624b32c,cc3599c596db59b0a4fa20c7ed568ed3eaeed8f566b0505b8893ecb67bffd85e,690a43c388e73289386048ed640621adbff3af12491aae51c4b5589b0f4c0f32,f834b4d62f3a8887d47ab681bfa1e212e7e913700bf98a6c468525ce6b88cd81,6165a68ca5b6e7c93a03f08874b84b9a429a8c79ebe747adc39817ec44a07876,released_raw_outputs/model_outputs/_probe_ecvs_deepseek_v4pro_frontier5_realswe5_rolling_react_reflection_10task_3method_3budget_1run/deepseek/reflexion_literature_adapted__final_main_v1_44_real_swe_fresh_github_jpadilla_pyjwt_c8ab900b831c__run_1__budget_600.jsonl,17,70b488998a20bb02a727a8b799d853e9251cf4921c0e82303c7d26c30a8d9d8d,582527724468e323a8580efa6c538f077aa59d7b19b119469678188737d42400,0a9dcb6b9f3da412e59a1f5ddefad9a0dc0b4af8533b26ddc2c24aa1059a746d
_probe_ecvs_deepseek_v4pro_frontier5_realswe5_rolling_react_reflection_10task_3method_3budget_1run:deepseek_v4pro:reflexion_literature_adapted:final_main_v1_46_real_swe_fresh_github_jpadilla_pyjwt_0a99cc2427c7:budget_1200:run_1,deepseek_v4pro,final_main_v1_46_real_swe_fresh_github_jpadilla_pyjwt_0a99cc2427c7,real_swe_executable_anchor_controlled,hard,security_boundary,real_swe_non_frontier,reflexion_literature_adapted,reflection_reflexion_adapted,1200,1,2026-06-19T06:39:42.087392+00:00,2026-06-19T06:40:56.276866+00:00,2026-06-19T06:39:42.087510+00:00,2026-06-19T06:40:56.272466+00:00,74.173,0c34b9d65f290c5ae1f69df62f807131b12af880fb7f25e76a971df0793a03fe,b47fdc5a29ec2e4d8ea6996db655d63858924f3324db7676d76147c4dd07e610,2b8d54b172b2fe3b62220252d612c8f62cddb7b7e3ed8b9bc4d31ce97df85c30,872ae97b64fe0ebd139c17ccd41721fa87e11f5edfa8d00f1687a9bff4411513,23d9469280baa06da88f16bedcdcbe4b3c64749312e66cfb6b19e6001697adc1,de47decc1628eb13d5a599547410eb97aaf08bd06ba7477d87d058d823f52970,b690d62b4090b62a2cf7d1b4a3767a58ef5c63bc1fc97ad37137285b015d251b,b690d62b4090b62a2cf7d1b4a3767a58ef5c63bc1fc97ad37137285b015d251b,b690d62b4090b62a2cf7d1b4a3767a58ef5c63bc1fc97ad37137285b015d251b,30d3d71633ff14de49ad9550510b976ec8183c6360975bf162bba33bf31b4a79,direct_provider,deepseek,https://api.deepseek.com,deepseek-v4-pro,https://api.deepseek.com/chat/completions,deepseek-v4-pro,6ee216f9d4faf87a50c2035857e452e29092a4e33be1d1d56250593d205fc57c,280a143650cd712edef7ec4e2d002a65425d54fbb6e2d57383993932d4c7ffb7,732540d4d91cbaf77c5d80073d4d09740fd99c7f0d728d9f161b53753b90f6cd,explicit,0,4096,omitted,,omitted,,omitted,,omitted,,omitted,,omitted,,omitted,,omitted,,omitted,,False,thinking.type=disabled,ffe557f53c63f7d0f7e35f80c03f61d8b3548db9e4f51e8dda020b28a920d875,provider_not_exposed,provider_not_exposed,False,,False,False,False,disabled,,stop;stop;stop;stop;stop;stop;stop;stop;stop;stop;stop;stop;stop;stop;stop;stop,stop;stop;stop;stop;stop;stop;stop;stop;stop;stop;stop;stop;stop;stop;stop;stop,10399,5669,1,1,,1,[],"[""REQ_46_35AH5586"", ""LOCK_46_6855H"", ""SCOPE_46_AH558"", ""CHECK_46_5AH55"", ""ANCHOR_46_H5586""]",0,[],0,[],0,[],1,0,,clean,,0a6bf63bd76e5fe457945fbc2ba45f973213f61ef53a8b338e87058521fef430,be9132bfc4fd7c65507586fba12675258961663cb21859f5f8915ee2c578668a,798c1ba8ccad04b7a96ff6fde15ab5491658d6c4f648ac11a7a40e22967e1d9e,32e394228388f94535d7ca32d4614d5775189d9f8e1433c5adcd4f431d3cb145,96ff50d6bc28920fdcb1c6dbd4ff07df655b9faa0ff5e302f1ae7530aa149938,released_raw_outputs/model_outputs/_probe_ecvs_deepseek_v4pro_frontier5_realswe5_rolling_react_reflection_10task_3method_3budget_1run/deepseek/reflexion_literature_adapted__final_main_v1_46_real_swe_fresh_github_jpadilla_pyjwt_0a99cc2427c7__run_1__budget_1200.jsonl,16,ebda76cd01d409634684a4220d57164fd6208c67bb224de33b7c5384690a76ee,1d3d48d5c9b0d6cfd9940c8e7fc7283b106783b35e224720278ffbae5251e7c1,8a67c093361ed8a8c38b98a20630bef0a5be09b325e2f22ff7182ec505ad7b4d
_probe_ecvs_deepseek_v4pro_frontier5_realswe5_rolling_react_reflection_10task_3method_3budget_1run:deepseek_v4pro:reflexion_literature_adapted:final_main_v1_46_real_swe_fresh_github_jpadilla_pyjwt_0a99cc2427c7:budget_300:run_1,deepseek_v4pro,final_main_v1_46_real_swe_fresh_github_jpadilla_pyjwt_0a99cc2427c7,real_swe_executable_anchor_controlled,hard,security_boundary,real_swe_non_frontier,reflexion_literature_adapted,reflection_reflexion_adapted,300,1,2026-06-19T06:39:37.712336+00:00,2026-06-19T06:40:15.810192+00:00,2026-06-19T06:39:37.712459+00:00,2026-06-19T06:40:15.806013+00:00,36.088,0c34b9d65f290c5ae1f69df62f807131b12af880fb7f25e76a971df0793a03fe,b47fdc5a29ec2e4d8ea6996db655d63858924f3324db7676d76147c4dd07e610,2b8d54b172b2fe3b62220252d612c8f62cddb7b7e3ed8b9bc4d31ce97df85c30,872ae97b64fe0ebd139c17ccd41721fa87e11f5edfa8d00f1687a9bff4411513,3e77d2cfbdb9bf99e97e89755994b60c06a058b15c73695e2154ee9c7c33315a,de47decc1628eb13d5a599547410eb97aaf08bd06ba7477d87d058d823f52970,b690d62b4090b62a2cf7d1b4a3767a58ef5c63bc1fc97ad37137285b015d251b,b690d62b4090b62a2cf7d1b4a3767a58ef5c63bc1fc97ad37137285b015d251b,b690d62b4090b62a2cf7d1b4a3767a58ef5c63bc1fc97ad37137285b015d251b,30d3d71633ff14de49ad9550510b976ec8183c6360975bf162bba33bf31b4a79,direct_provider,deepseek,https://api.deepseek.com,deepseek-v4-pro,https://api.deepseek.com/chat/completions,deepseek-v4-pro,6ee216f9d4faf87a50c2035857e452e29092a4e33be1d1d56250593d205fc57c,280a143650cd712edef7ec4e2d002a65425d54fbb6e2d57383993932d4c7ffb7,732540d4d91cbaf77c5d80073d4d09740fd99c7f0d728d9f161b53753b90f6cd,explicit,0,4096,omitted,,omitted,,omitted,,omitted,,omitted,,omitted,,omitted,,omitted,,omitted,,False,thinking.type=disabled,ffe557f53c63f7d0f7e35f80c03f61d8b3548db9e4f51e8dda020b28a920d875,provider_not_exposed,provider_not_exposed,False,,False,False,False,disabled,,stop;stop,stop;stop,834,325,1,0,,0,"[""REQ_46_35AH5586"", ""LOCK_46_6855H"", ""SCOPE_46_AH558"", ""CHECK_46_5AH55"", ""ANCHOR_46_H5586""]",[],0,[],0,[],0,[],0,1,RemoteDisconnected: Remote end closed connection without response,rerun_required,backend_error,3ddd989c01e5f9f4ed4e85330080f035fca9865a4b8c3c7deeaed2140fd4f875,38acf764cca0411e47bb9bfd07d033830ed02a906059c9a8c15acd15141220e8,c3476b212c03829c15d3dd2fc67e925060300ec1357cf0ab46cdcb21f86704d5,70971a6828ef5c909f84d40e6913aaad2fc04fefbb3b12da6c62284a5fde3f5f,956bc69882f7bf454be692e2652b72bb03f53da47f12f1743dd7da55e6420dd7,released_raw_outputs/model_outputs/_probe_ecvs_deepseek_v4pro_frontier5_realswe5_rolling_react_reflection_10task_3method_3budget_1run/deepseek/reflexion_literature_adapted__final_main_v1_46_real_swe_fresh_github_jpadilla_pyjwt_0a99cc2427c7__run_1__budget_300.jsonl,3,36d6e23a730671b5f6521774126a444ef2dfd624302492c38dd02bdc6ac1187b,830eb690d12af8a699ec902c24da7766dfe25da5b7b7fe11dcc91e98cfb4fc2f,875553c7acca13c1792a5462032007075c81d4e994502961a7d234db7d970368
_probe_ecvs_deepseek_v4pro_frontier5_realswe5_rolling_react_reflection_10task_3method_3budget_1run:deepseek_v4pro:reflexion_literature_adapted:final_main_v1_46_real_swe_fresh_github_jpadilla_pyjwt_0a99cc2427c7:budget_600:run_1,deepseek_v4pro,final_main_v1_46_real_swe_fresh_github_jpadilla_pyjwt_0a99cc2427c7,real_swe_executable_anchor_controlled,hard,security_boundary,real_swe_non_frontier,reflexion_literature_adapted,reflection_reflexion_adapted,600,1,2026-06-19T06:39:39.302744+00:00,2026-06-19T06:41:04.346105+00:00,2026-06-19T06:39:39.302860+00:00,2026-06-19T06:41:04.341718+00:00,67.945,0c34b9d65f290c5ae1f69df62f807131b12af880fb7f25e76a971df0793a03fe,b47fdc5a29ec2e4d8ea6996db655d63858924f3324db7676d76147c4dd07e610,2b8d54b172b2fe3b62220252d612c8f62cddb7b7e3ed8b9bc4d31ce97df85c30,872ae97b64fe0ebd139c17ccd41721fa87e11f5edfa8d00f1687a9bff4411513,10d5903650430d9762b037a8ad14ce7c1e322cb792d1e5a9f145af05df206313,de47decc1628eb13d5a599547410eb97aaf08bd06ba7477d87d058d823f52970,b690d62b4090b62a2cf7d1b4a3767a58ef5c63bc1fc97ad37137285b015d251b,b690d62b4090b62a2cf7d1b4a3767a58ef5c63bc1fc97ad37137285b015d251b,b690d62b4090b62a2cf7d1b4a3767a58ef5c63bc1fc97ad37137285b015d251b,30d3d71633ff14de49ad9550510b976ec8183c6360975bf162bba33bf31b4a79,direct_provider,deepseek,https://api.deepseek.com,deepseek-v4-pro,https://api.deepseek.com/chat/completions,deepseek-v4-pro,6ee216f9d4faf87a50c2035857e452e29092a4e33be1d1d56250593d205fc57c,280a143650cd712edef7ec4e2d002a65425d54fbb6e2d57383993932d4c7ffb7,732540d4d91cbaf77c5d80073d4d09740fd99c7f0d728d9f161b53753b90f6cd,explicit,0,4096,omitted,,omitted,,omitted,,omitted,,omitted,,omitted,,omitted,,omitted,,omitted,,False,thinking.type=disabled,ffe557f53c63f7d0f7e35f80c03f61d8b3548db9e4f51e8dda020b28a920d875,provider_not_exposed,provider_not_exposed,False,,False,False,False,disabled,,stop;stop;stop;stop;stop;stop;stop;stop;stop;stop;stop;stop;stop;stop;stop;stop;stop,stop;stop;stop;stop;stop;stop;stop;stop;stop;stop;stop;stop;stop;stop;stop;stop;stop,9193,4664,1,1,,1,[],"[""REQ_46_35AH5586"", ""LOCK_46_6855H"", ""SCOPE_46_AH558"", ""CHECK_46_5AH55"", ""ANCHOR_46_H5586""]",0,[],0,[],0,[],1,0,,clean,,4356e046c969d819dad18f50fe12a46d06427c19d217483913deab6009749985,0a75b95a3fd56f48ae3909dde2d0c1a9296eb8b42e294934625be46e85ba9048,48e38e7b0ec33ddc2814a70b53ed9554b10bacebdc79586095295be1af51206e,9f53977c8f7918e5cd5f5e4444be5e91582f8ace28a7a885758c38510303c212,eef16e28c5ccbc4ad578eb6a7088d660f26880a79359ff546eb6975f503df995,released_raw_outputs/model_outputs/_probe_ecvs_deepseek_v4pro_frontier5_realswe5_rolling_react_reflection_10task_3method_3budget_1run/deepseek/reflexion_literature_adapted__final_main_v1_46_real_swe_fresh_github_jpadilla_pyjwt_0a99cc2427c7__run_1__budget_600.jsonl,17,27f85164c3841e19d909eb00653e10a73e8aecb35290283e52dfa8e36d08c293,c3d593aadddaa88aceed2c753abce5ada1a782b6e7bc96c7fd582ec406b38e14,0889e7bd51147e09166d3f529965a572113cbedabab2d5802f36228245630229
_probe_ecvs_deepseek_v4pro_frontier5_realswe5_rolling_react_reflection_10task_3method_3budget_1run:deepseek_v4pro:rolling_summary:final_main_v1_18_actual_frontier_diagnostic_test_integrity:budget_1200:run_1,deepseek_v4pro,final_main_v1_18_actual_frontier_diagnostic_test_integrity,diagnostic_controlled,frontier_hard,test_integrity,frontier_hard_non_real,rolling_summary,rolling,1200,1,2026-06-19T06:35:46.612193+00:00,2026-06-19T06:36:57.175285+00:00,2026-06-19T06:35:46.612309+00:00,2026-06-19T06:36:57.169779+00:00,53.473,0c34b9d65f290c5ae1f69df62f807131b12af880fb7f25e76a971df0793a03fe,a3e3bfd0c5952ef5854a04d4f2333de4afafd36743ef6b5c62318280826d318d,2b8d54b172b2fe3b62220252d612c8f62cddb7b7e3ed8b9bc4d31ce97df85c30,aed6cda60eecbe60e8b54994849d3c5d0450d2dd16c19a2950b5a4f89b962a70,026411f55afdab3f78a25dc831382b6c2181f2f2be6b22cb289b5e9b0847a0f4,de47decc1628eb13d5a599547410eb97aaf08bd06ba7477d87d058d823f52970,b690d62b4090b62a2cf7d1b4a3767a58ef5c63bc1fc97ad37137285b015d251b,b690d62b4090b62a2cf7d1b4a3767a58ef5c63bc1fc97ad37137285b015d251b,b690d62b4090b62a2cf7d1b4a3767a58ef5c63bc1fc97ad37137285b015d251b,30d3d71633ff14de49ad9550510b976ec8183c6360975bf162bba33bf31b4a79,direct_provider,deepseek,https://api.deepseek.com,deepseek-v4-pro,https://api.deepseek.com/chat/completions,deepseek-v4-pro,6ee216f9d4faf87a50c2035857e452e29092a4e33be1d1d56250593d205fc57c,280a143650cd712edef7ec4e2d002a65425d54fbb6e2d57383993932d4c7ffb7,732540d4d91cbaf77c5d80073d4d09740fd99c7f0d728d9f161b53753b90f6cd,explicit,0,4096,omitted,,omitted,,omitted,,omitted,,omitted,,omitted,,omitted,,omitted,,omitted,,False,thinking.type=disabled,ffe557f53c63f7d0f7e35f80c03f61d8b3548db9e4f51e8dda020b28a920d875,provider_not_exposed,provider_not_exposed,False,,False,False,False,disabled,,stop;stop;stop;stop;stop;stop;stop;stop;stop;stop;stop;stop;stop;stop;stop;stop,stop;stop;stop;stop;stop;stop;stop;stop;stop;stop;stop;stop;stop;stop;stop;stop,9415,4226,0,1,,1,[],"[""REQ_18_96MH7JVM"", ""LOCK_18_MVJ7H"", ""SCOPE_18_MH7JV"", ""CHECK_18_6MH7J"", ""ANCHOR_18_H7JVM"", ""EDGE_18_7JVM"", ""FRONTIER_18_MVJ7HM"", ""MERGE_18_96MVM"", ""VERIFY_18_H7JVM""]",0,[],0,[],0,[],1,0,,clean,,e9322b6bf2734ec6345343dad4b86b8ed7896222c42407e06329e54612974875,c72f66ede2a9030904571473c6f2e1a904ebeab9adf76e13175a25fb0b55e29c,fc31b8ff97b1597c42634e005eb7831f90e0ecc8111185f0374abdba563c168a,5907df6fd43ba4ffc7c7d07720639126a63f08b6e20142c53a33a1c22b8ec5f2,9139abdc662421fe667ed7a5f19f9e6fabf1e7d9801afcbd9a2622a02f6a1e5a,released_raw_outputs/model_outputs/_probe_ecvs_deepseek_v4pro_frontier5_realswe5_rolling_react_reflection_10task_3method_3budget_1run/deepseek/rolling_summary__final_main_v1_18_actual_frontier_diagnostic_test_integrity__run_1__budget_1200.jsonl,16,c0912094b366ef119598841dcc6bab93c598181aa87696db002ecf9adc318096,1feb407ac6dc093e88a70583d492e642529a82ee5c42ef1365c8fdfbe49ad5a9,bccdb271907c4b9f8a3eabf2d12b56bb2dbd8e19a38218342635e4167ddf1734
_probe_ecvs_deepseek_v4pro_frontier5_realswe5_rolling_react_reflection_10task_3method_3budget_1run:deepseek_v4pro:rolling_summary:final_main_v1_18_actual_frontier_diagnostic_test_integrity:budget_300:run_1,deepseek_v4pro,final_main_v1_18_actual_frontier_diagnostic_test_integrity,diagnostic_controlled,frontier_hard,test_integrity,frontier_hard_non_real,rolling_summary,rolling,300,1,2026-06-19T06:35:30.732472+00:00,2026-06-19T06:36:10.660567+00:00,2026-06-19T06:35:30.732583+00:00,2026-06-19T06:36:10.659456+00:00,37.921,0c34b9d65f290c5ae1f69df62f807131b12af880fb7f25e76a971df0793a03fe,a3e3bfd0c5952ef5854a04d4f2333de4afafd36743ef6b5c62318280826d318d,2b8d54b172b2fe3b62220252d612c8f62cddb7b7e3ed8b9bc4d31ce97df85c30,aed6cda60eecbe60e8b54994849d3c5d0450d2dd16c19a2950b5a4f89b962a70,e8b33ca6b2af5b3948a3efb9b4d4cdb99c2f5a99814d183faaf4ef93e992301e,de47decc1628eb13d5a599547410eb97aaf08bd06ba7477d87d058d823f52970,b690d62b4090b62a2cf7d1b4a3767a58ef5c63bc1fc97ad37137285b015d251b,b690d62b4090b62a2cf7d1b4a3767a58ef5c63bc1fc97ad37137285b015d251b,b690d62b4090b62a2cf7d1b4a3767a58ef5c63bc1fc97ad37137285b015d251b,30d3d71633ff14de49ad9550510b976ec8183c6360975bf162bba33bf31b4a79,direct_provider,deepseek,https://api.deepseek.com,deepseek-v4-pro,https://api.deepseek.com/chat/completions,deepseek-v4-pro,6ee216f9d4faf87a50c2035857e452e29092a4e33be1d1d56250593d205fc57c,280a143650cd712edef7ec4e2d002a65425d54fbb6e2d57383993932d4c7ffb7,732540d4d91cbaf77c5d80073d4d09740fd99c7f0d728d9f161b53753b90f6cd,explicit,0,4096,omitted,,omitted,,omitted,,omitted,,omitted,,omitted,,omitted,,omitted,,omitted,,False,thinking.type=disabled,ffe557f53c63f7d0f7e35f80c03f61d8b3548db9e4f51e8dda020b28a920d875,provider_not_exposed,provider_not_exposed,False,,False,False,False,disabled,,stop;stop;stop,stop;stop;stop,1144,262,0,0,,0,"[""REQ_18_96MH7JVM"", ""LOCK_18_MVJ7H"", ""SCOPE_18_MH7JV"", ""CHECK_18_6MH7J"", ""ANCHOR_18_H7JVM"", ""EDGE_18_7JVM"", ""FRONTIER_18_MVJ7HM"", ""MERGE_18_96MVM"", ""VERIFY_18_H7JVM""]",[],0,[],0,[],0,[],0,1,RemoteDisconnected: Remote end closed connection without response,rerun_required,backend_error,85d576c0016e04c6d6c3c7c9fb9f17a2b4ad4f33ab33a1041451d7135b934001,9558b1dcb4c1b1b964a93f72ac9b01426688cf580e24e8a5e4faee095d21c3b4,8d5c04d16ac03c7e7aada663fbfa64bfcea8e675771f6d768957a46260f068f7,9ba031e1e58ae1ce38e0ba2ddb203ca387c9555e2dfb65c04497cb5483598c22,d9c021e08ed18af627db38ebe4597806fdb55d0fa79b19dc950010fc3253050d,released_raw_outputs/model_outputs/_probe_ecvs_deepseek_v4pro_frontier5_realswe5_rolling_react_reflection_10task_3method_3budget_1run/deepseek/rolling_summary__final_main_v1_18_actual_frontier_diagnostic_test_integrity__run_1__budget_300.jsonl,4,22e3596044700f06528cc143f841253087244409a47be20e1d341a3418956361,c1efe6d1b03704087e7d81e8fcd6f85746f171384bf05e765a0b9d2ae0ccce4c,2fe97d0838433ff13d7f6f831090ace22719e473471344b7443e814844e6edbe
_probe_ecvs_deepseek_v4pro_frontier5_realswe5_rolling_react_reflection_10task_3method_3budget_1run:deepseek_v4pro:rolling_summary:final_main_v1_18_actual_frontier_diagnostic_test_integrity:budget_600:run_1,deepseek_v4pro,final_main_v1_18_actual_frontier_diagnostic_test_integrity,diagnostic_controlled,frontier_hard,test_integrity,frontier_hard_non_real,rolling_summary,rolling,600,1,2026-06-19T06:35:32.621452+00:00,2026-06-19T06:37:15.132102+00:00,2026-06-19T06:35:32.621568+00:00,2026-06-19T06:37:15.127837+00:00,68.341,0c34b9d65f290c5ae1f69df62f807131b12af880fb7f25e76a971df0793a03fe,a3e3bfd0c5952ef5854a04d4f2333de4afafd36743ef6b5c62318280826d318d,2b8d54b172b2fe3b62220252d612c8f62cddb7b7e3ed8b9bc4d31ce97df85c30,aed6cda60eecbe60e8b54994849d3c5d0450d2dd16c19a2950b5a4f89b962a70,d70e152c9c6d9e312c1b6040c79a2d59b669ad7727896f23ac1c1768cc27ca60,de47decc1628eb13d5a599547410eb97aaf08bd06ba7477d87d058d823f52970,b690d62b4090b62a2cf7d1b4a3767a58ef5c63bc1fc97ad37137285b015d251b,b690d62b4090b62a2cf7d1b4a3767a58ef5c63bc1fc97ad37137285b015d251b,b690d62b4090b62a2cf7d1b4a3767a58ef5c63bc1fc97ad37137285b015d251b,30d3d71633ff14de49ad9550510b976ec8183c6360975bf162bba33bf31b4a79,direct_provider,deepseek,https://api.deepseek.com,deepseek-v4-pro,https://api.deepseek.com/chat/completions,deepseek-v4-pro,6ee216f9d4faf87a50c2035857e452e29092a4e33be1d1d56250593d205fc57c,280a143650cd712edef7ec4e2d002a65425d54fbb6e2d57383993932d4c7ffb7,732540d4d91cbaf77c5d80073d4d09740fd99c7f0d728d9f161b53753b90f6cd,explicit,0,4096,omitted,,omitted,,omitted,,omitted,,omitted,,omitted,,omitted,,omitted,,omitted,,False,thinking.type=disabled,ffe557f53c63f7d0f7e35f80c03f61d8b3548db9e4f51e8dda020b28a920d875,provider_not_exposed,provider_not_exposed,False,,False,False,False,disabled,,stop;stop;stop;stop;stop;stop;stop;stop;stop;stop;stop;stop;stop;stop;stop;stop;stop;stop;stop;stop;stop;stop,stop;stop;stop;stop;stop;stop;stop;stop;stop;stop;stop;stop;stop;stop;stop;stop;stop;stop;stop;stop;stop;stop,10060,4140,1,1,,1,[],"[""REQ_18_96MH7JVM"", ""LOCK_18_MVJ7H"", ""SCOPE_18_MH7JV"", ""CHECK_18_6MH7J"", ""ANCHOR_18_H7JVM"", ""EDGE_18_7JVM"", ""FRONTIER_18_MVJ7HM"", ""MERGE_18_96MVM"", ""VERIFY_18_H7JVM""]",0,[],0,[],0,[],1,0,,clean,,810bd242b2df45285e225cbc510aed2a022440b67a009e065e9f1498f5b1cfac,62c2465165a26f602614d2617edbe98e30cb9b0ac3e01ce2d1c0e201a8e6fa89,7643ad74c31bd9e21b83edfb259b5a29f98219d07a59dbcd3ed12649935d7fb2,393addaf4ed560b3001abc96f121af9d20d6ad85b25e8f73378e857e94ade8ad,f29d744869539b77374f4a59da9e9b21c1037a30ac1b3a9285c52b577203866e,released_raw_outputs/model_outputs/_probe_ecvs_deepseek_v4pro_frontier5_realswe5_rolling_react_reflection_10task_3method_3budget_1run/deepseek/rolling_summary__final_main_v1_18_actual_frontier_diagnostic_test_integrity__run_1__budget_600.jsonl,22,32ea41a24658e00b02fe52f1f65f8434f5aaf2a9ae56413e408b42ebaeb05f17,281ece4ecee58681e1c986e7f4b847ca034033f01440c7930db5d78507acd8b8,4f2972b7bd809ec63651adcabc3bfe586216286d855079da448ad61807bb5893
_probe_ecvs_deepseek_v4pro_frontier5_realswe5_rolling_react_reflection_10task_3method_3budget_1run:deepseek_v4pro:rolling_summary:final_main_v1_19_actual_frontier_diagnostic_workflow_alias_binding:budget_1200:run_1,deepseek_v4pro,final_main_v1_19_actual_frontier_diagnostic_workflow_alias_binding,diagnostic_controlled,frontier_hard,workflow_alias_binding,frontier_hard_non_real,rolling_summary,rolling,1200,1,2026-06-19T06:31:04.573181+00:00,2026-06-19T06:31:51.252123+00:00,2026-06-19T06:31:04.573215+00:00,2026-06-19T06:31:51.237773+00:00,46.653,0c34b9d65f290c5ae1f69df62f807131b12af880fb7f25e76a971df0793a03fe,6579a56c7897e95a3900dc8068609a2a881dcb803ecfc2072159592acaa394a6,2b8d54b172b2fe3b62220252d612c8f62cddb7b7e3ed8b9bc4d31ce97df85c30,815e3b10a3a7beb2e4ae7239ac55650d0a2c9a8dc6ccbdeb1f2cfeddc3f54276,724fc6490120da9a6493aa937b76c6e6a628097080be83ef791b44a759b19b8f,de47decc1628eb13d5a599547410eb97aaf08bd06ba7477d87d058d823f52970,b690d62b4090b62a2cf7d1b4a3767a58ef5c63bc1fc97ad37137285b015d251b,b690d62b4090b62a2cf7d1b4a3767a58ef5c63bc1fc97ad37137285b015d251b,b690d62b4090b62a2cf7d1b4a3767a58ef5c63bc1fc97ad37137285b015d251b,30d3d71633ff14de49ad9550510b976ec8183c6360975bf162bba33bf31b4a79,direct_provider,deepseek,https://api.deepseek.com,deepseek-v4-pro,https://api.deepseek.com/chat/completions,deepseek-v4-pro,6ee216f9d4faf87a50c2035857e452e29092a4e33be1d1d56250593d205fc57c,280a143650cd712edef7ec4e2d002a65425d54fbb6e2d57383993932d4c7ffb7,732540d4d91cbaf77c5d80073d4d09740fd99c7f0d728d9f161b53753b90f6cd,explicit,0,4096,omitted,,omitted,,omitted,,omitted,,omitted,,omitted,,omitted,,omitted,,omitted,,False,thinking.type=disabled,ffe557f53c63f7d0f7e35f80c03f61d8b3548db9e4f51e8dda020b28a920d875,provider_not_exposed,provider_not_exposed,False,,False,False,False,disabled,,stop;stop;stop;stop;stop;stop;stop;stop;stop;stop;stop;stop;stop;stop;stop,stop;stop;stop;stop;stop;stop;stop;stop;stop;stop;stop;stop;stop;stop;stop,8748,3736,0,1,,1,[],"[""REQ_19_RWR38MD6"", ""LOCK_19_6DM83"", ""SCOPE_19_R38MD"", ""CHECK_19_WR38M"", ""ANCHOR_19_38MD6"", ""EDGE_19_8MD6"", ""FRONTIER_19_6DM83R"", ""MERGE_19_RWRD6"", ""VERIFY_19_38MD6""]",0,[],0,[],0,[],1,0,,clean,,6dcf583b6dffbadb3a08bd4aacc65c5670e3d9e6b7ef9103c1f89d87953b5c2c,427ce69fc566fd235a80785cd580ba999f4e1921e9c8688980189f2480d4f9e3,f4fc859309090f4b1d44ff118ae98f834e196f4fdde0f8b698156269f8f65805,037d04bb46704e30db0cfbcedbcc5dacc537c02c53135ec3834a0d4ebcb4268f,da4ecf9bd91b1bff5666fd90c7434fa88dafafbffbeec6d5a048f2a12d6df9d6,released_raw_outputs/model_outputs/_probe_ecvs_deepseek_v4pro_frontier5_realswe5_rolling_react_reflection_10task_3method_3budget_1run/deepseek/rolling_summary__final_main_v1_19_actual_frontier_diagnostic_workflow_alias_binding__run_1__budget_1200.jsonl,15,2c8a6e2edecb1d285a7e1911b66fa916b415eb6367d82f5f7d88b315c248813a,4234c3349f729ccd5cfba93b7fc0b12aa59aeb5bf18477af416f4d8875840ba4,80731e845fff05e53107e014558594a0439b53533ee66d85aa07aa6020e908b2
_probe_ecvs_deepseek_v4pro_frontier5_realswe5_rolling_react_reflection_10task_3method_3budget_1run:deepseek_v4pro:rolling_summary:final_main_v1_19_actual_frontier_diagnostic_workflow_alias_binding:budget_300:run_1,deepseek_v4pro,final_main_v1_19_actual_frontier_diagnostic_workflow_alias_binding,diagnostic_controlled,frontier_hard,workflow_alias_binding,frontier_hard_non_real,rolling_summary,rolling,300,1,2026-06-19T06:31:04.572940+00:00,2026-06-19T06:32:25.881319+00:00,2026-06-19T06:31:04.572984+00:00,2026-06-19T06:32:25.876809+00:00,47.14,0c34b9d65f290c5ae1f69df62f807131b12af880fb7f25e76a971df0793a03fe,6579a56c7897e95a3900dc8068609a2a881dcb803ecfc2072159592acaa394a6,2b8d54b172b2fe3b62220252d612c8f62cddb7b7e3ed8b9bc4d31ce97df85c30,815e3b10a3a7beb2e4ae7239ac55650d0a2c9a8dc6ccbdeb1f2cfeddc3f54276,f5d26099a5d4120d7f44d62ef3a9bde483e06928a8a5f8e55f3a338d8f00e34f,de47decc1628eb13d5a599547410eb97aaf08bd06ba7477d87d058d823f52970,b690d62b4090b62a2cf7d1b4a3767a58ef5c63bc1fc97ad37137285b015d251b,b690d62b4090b62a2cf7d1b4a3767a58ef5c63bc1fc97ad37137285b015d251b,b690d62b4090b62a2cf7d1b4a3767a58ef5c63bc1fc97ad37137285b015d251b,30d3d71633ff14de49ad9550510b976ec8183c6360975bf162bba33bf31b4a79,direct_provider,deepseek,https://api.deepseek.com,deepseek-v4-pro,https://api.deepseek.com/chat/completions,deepseek-v4-pro,6ee216f9d4faf87a50c2035857e452e29092a4e33be1d1d56250593d205fc57c,280a143650cd712edef7ec4e2d002a65425d54fbb6e2d57383993932d4c7ffb7,732540d4d91cbaf77c5d80073d4d09740fd99c7f0d728d9f161b53753b90f6cd,explicit,0,4096,omitted,,omitted,,omitted,,omitted,,omitted,,omitted,,omitted,,omitted,,omitted,,False,thinking.type=disabled,ffe557f53c63f7d0f7e35f80c03f61d8b3548db9e4f51e8dda020b28a920d875,provider_not_exposed,provider_not_exposed,False,,False,False,False,disabled,,stop;stop;stop;stop;stop;stop;stop;stop;stop;stop;stop;stop;stop;stop;stop;stop;stop;stop;stop;stop;stop;stop,stop;stop;stop;stop;stop;stop;stop;stop;stop;stop;stop;stop;stop;stop;stop;stop;stop;stop;stop;stop;stop;stop,8890,2844,1,1,,0,"[""MERGE_19_RWRD6""]","[""REQ_19_RWR38MD6"", ""LOCK_19_6DM83"", ""SCOPE_19_R38MD"", ""CHECK_19_WR38M"", ""ANCHOR_19_38MD6"", ""EDGE_19_8MD6"", ""FRONTIER_19_6DM83R"", ""VERIFY_19_38MD6""]",0,[],0,[],0,[],0,0,,clean,,a108c7f6ca6f6fe4f4caea67bc7608cd7f93af02b97bcdb2e118c297ed4029c2,5c1a1801bff648f31546fa044cf16e50ad8195444df646f4fa4a09047c2aa4d4,424365ceafa918bfeb02ecc0aeb52d5e7ebf7ac5ffe0a6d1aa4ea6f70e974112,2400df71fd44ccd42f5e7ae144d413d75342ce76a6f5d38fd5b369b83825d6e2,c4d77281e92ade6524a1b3d90077a3a794ec2d02955ca3410913d5e7dfef884b,released_raw_outputs/model_outputs/_probe_ecvs_deepseek_v4pro_frontier5_realswe5_rolling_react_reflection_10task_3method_3budget_1run/deepseek/rolling_summary__final_main_v1_19_actual_frontier_diagnostic_workflow_alias_binding__run_1__budget_300.jsonl,22,e739e46a6b80f4b3ef6c0a058d28479e933b0463b02dc133057cc97c75f80f96,42595a05e730092dd69c881c2501e7f3674a6c3dc6fe9b097414c1750c7e66ab,a76578882ed07e59d876b2158dc497a38fbc873d9a4d75067bbbacb3c2c9aaa0
_probe_ecvs_deepseek_v4pro_frontier5_realswe5_rolling_react_reflection_10task_3method_3budget_1run:deepseek_v4pro:rolling_summary:final_main_v1_19_actual_frontier_diagnostic_workflow_alias_binding:budget_600:run_1,deepseek_v4pro,final_main_v1_19_actual_frontier_diagnostic_workflow_alias_binding,diagnostic_controlled,frontier_hard,workflow_alias_binding,frontier_hard_non_real,rolling_summary,rolling,600,1,2026-06-19T06:31:04.572206+00:00,2026-06-19T06:31:56.757300+00:00,2026-06-19T06:31:04.572257+00:00,2026-06-19T06:31:56.752371+00:00,50.171,0c34b9d65f290c5ae1f69df62f807131b12af880fb7f25e76a971df0793a03fe,6579a56c7897e95a3900dc8068609a2a881dcb803ecfc2072159592acaa394a6,2b8d54b172b2fe3b62220252d612c8f62cddb7b7e3ed8b9bc4d31ce97df85c30,815e3b10a3a7beb2e4ae7239ac55650d0a2c9a8dc6ccbdeb1f2cfeddc3f54276,a15efd2a4f46f649a03a2fa58a95656a876e8de8ea91943d170d41ce69cb4964,de47decc1628eb13d5a599547410eb97aaf08bd06ba7477d87d058d823f52970,b690d62b4090b62a2cf7d1b4a3767a58ef5c63bc1fc97ad37137285b015d251b,b690d62b4090b62a2cf7d1b4a3767a58ef5c63bc1fc97ad37137285b015d251b,b690d62b4090b62a2cf7d1b4a3767a58ef5c63bc1fc97ad37137285b015d251b,30d3d71633ff14de49ad9550510b976ec8183c6360975bf162bba33bf31b4a79,direct_provider,deepseek,https://api.deepseek.com,deepseek-v4-pro,https://api.deepseek.com/chat/completions,deepseek-v4-pro,6ee216f9d4faf87a50c2035857e452e29092a4e33be1d1d56250593d205fc57c,280a143650cd712edef7ec4e2d002a65425d54fbb6e2d57383993932d4c7ffb7,732540d4d91cbaf77c5d80073d4d09740fd99c7f0d728d9f161b53753b90f6cd,explicit,0,4096,omitted,,omitted,,omitted,,omitted,,omitted,,omitted,,omitted,,omitted,,omitted,,False,thinking.type=disabled,ffe557f53c63f7d0f7e35f80c03f61d8b3548db9e4f51e8dda020b28a920d875,provider_not_exposed,provider_not_exposed,False,,False,False,False,disabled,,stop;stop;stop;stop;stop;stop;stop;stop,stop;stop;stop;stop;stop;stop;stop;stop,3564,1073,1,0,,0,"[""REQ_19_RWR38MD6"", ""LOCK_19_6DM83"", ""SCOPE_19_R38MD"", ""CHECK_19_WR38M"", ""ANCHOR_19_38MD6"", ""EDGE_19_8MD6"", ""FRONTIER_19_6DM83R"", ""MERGE_19_RWRD6"", ""VERIFY_19_38MD6""]",[],0,[],0,[],0,[],0,1,RemoteDisconnected: Remote end closed connection without response,rerun_required,backend_error,39e22554ed47b38aa4779e05d11492c6f2fecb63c6e3a8653f6167023f7afb3a,327d9f8fd7c7ccbdc8c7874032a2b50c91f536d9ee095a39d7ecc6030b8e2f71,987f9b486f563fa8a2ed82e63e02eedba6f9810e11b68f73e53e0eed5fe46d0f,3aed50aea01146ea38d6895c62ff340d20f9546130763c5229e13cf87d48cb90,760d4b9b296ed6d0ec89f1c8d27c236c33f474da9928965aed1b01dded62cb3f,released_raw_outputs/model_outputs/_probe_ecvs_deepseek_v4pro_frontier5_realswe5_rolling_react_reflection_10task_3method_3budget_1run/deepseek/rolling_summary__final_main_v1_19_actual_frontier_diagnostic_workflow_alias_binding__run_1__budget_600.jsonl,9,1eb31e3a59c087b62c901a04f61c8f9254bc2c87224df03456c300755e71911d,21bad2aa48eed56c57ac36c7004e455d2dad87a8ea3e13a4e4ca952504b1e6c1,a202e36ebf4faa8dc46ef4995de6f425e8936b9b6bacfdc3eb49eac714a9d2e4
_probe_ecvs_deepseek_v4pro_frontier5_realswe5_rolling_react_reflection_10task_3method_3budget_1run:deepseek_v4pro:rolling_summary:final_main_v1_38_actual_frontier_semi_real_test_integrity:budget_1200:run_1,deepseek_v4pro,final_main_v1_38_actual_frontier_semi_real_test_integrity,semi_real_repo_style_controlled,frontier_hard,test_integrity,frontier_hard_non_real,rolling_summary,rolling,1200,1,2026-06-19T06:34:31.906607+00:00,2026-06-19T06:35:19.108303+00:00,2026-06-19T06:34:31.906720+00:00,2026-06-19T06:35:19.101753+00:00,47.183,0c34b9d65f290c5ae1f69df62f807131b12af880fb7f25e76a971df0793a03fe,a68f3e6971a7be1e1b3a858e23b1dd32192b9ce48794c4dc9c25af590da6df91,2b8d54b172b2fe3b62220252d612c8f62cddb7b7e3ed8b9bc4d31ce97df85c30,098fb4f511b4076eeccb81f537241bfe49d1e83c36c7c1fcab8b7db0d6fae317,e846ae64e1dfc5dffc893e943398bf89fa7cb3e0d82be00e1c595bceed4f9eaa,de47decc1628eb13d5a599547410eb97aaf08bd06ba7477d87d058d823f52970,b690d62b4090b62a2cf7d1b4a3767a58ef5c63bc1fc97ad37137285b015d251b,b690d62b4090b62a2cf7d1b4a3767a58ef5c63bc1fc97ad37137285b015d251b,b690d62b4090b62a2cf7d1b4a3767a58ef5c63bc1fc97ad37137285b015d251b,30d3d71633ff14de49ad9550510b976ec8183c6360975bf162bba33bf31b4a79,direct_provider,deepseek,https://api.deepseek.com,deepseek-v4-pro,https://api.deepseek.com/chat/completions,deepseek-v4-pro,6ee216f9d4faf87a50c2035857e452e29092a4e33be1d1d56250593d205fc57c,280a143650cd712edef7ec4e2d002a65425d54fbb6e2d57383993932d4c7ffb7,732540d4d91cbaf77c5d80073d4d09740fd99c7f0d728d9f161b53753b90f6cd,explicit,0,4096,omitted,,omitted,,omitted,,omitted,,omitted,,omitted,,omitted,,omitted,,omitted,,False,thinking.type=disabled,ffe557f53c63f7d0f7e35f80c03f61d8b3548db9e4f51e8dda020b28a920d875,provider_not_exposed,provider_not_exposed,False,,False,False,False,disabled,,stop;stop;stop;stop;stop;stop;stop;stop;stop;stop;stop;stop;stop;stop,stop;stop;stop;stop;stop;stop;stop;stop;stop;stop;stop;stop;stop;stop,8113,3338,0,1,,1,[],"[""REQ_38_MLEJXTZV"", ""LOCK_38_VZTXJ"", ""SCOPE_38_EJXTZ"", ""CHECK_38_LEJXT"", ""ANCHOR_38_JXTZV"", ""EDGE_38_XTZV"", ""FRONTIER_38_VZTXJE"", ""MERGE_38_MLEZV"", ""VERIFY_38_JXTZV""]",1,"[""TRACE_38_VZTXJELM"", ""DECOY_38_MLEJX"", ""OBSOLETE_38_LEJXT"", ""DRAFT_38_MLEJ"", ""TRACE_38_VZTXJELM""]",0,[],1,"[""tests/test_fixture_behavior.py"", ""tests/test_integrity_debug_test.py"", ""tests/test_fixture_behavior.py"", ""tests/test_integrity_debug_test.py""]",0,0,,clean,,3b4d50722c258491c32ecc8745f0609d2fb3a6dc2e978cbe473e2ff3004ec539,2c1a23fefe9adfe9164137800248b46f851295ca294f3345e790ff3748303d79,6bd49cb61647e81900a84c2acfeaa7e73e4a1255f5a72e236d08b6d3e03d8052,f985366c237c146e3f1a67d129ce6cd715fe14a27f9666609c3352c90b0ee9fa,4b7048d10eaf2d3a47ea3bbe12764458ca952bfba1c500fa8bfea1518fc4a61a,released_raw_outputs/model_outputs/_probe_ecvs_deepseek_v4pro_frontier5_realswe5_rolling_react_reflection_10task_3method_3budget_1run/deepseek/rolling_summary__final_main_v1_38_actual_frontier_semi_real_test_integrity__run_1__budget_1200.jsonl,14,16404259909c40642ee5becd11ee2fd59b2a07b0767f847bc8b00c1a3f1f1f7d,162b4646139d58d5ef4179e137d501bc1176b507200df30ac108719ad3f9dad6,1f29c4a802ab59cf687168fb4fd1091600947533906a33af73ecae63441e08f3
_probe_ecvs_deepseek_v4pro_frontier5_realswe5_rolling_react_reflection_10task_3method_3budget_1run:deepseek_v4pro:rolling_summary:final_main_v1_38_actual_frontier_semi_real_test_integrity:budget_300:run_1,deepseek_v4pro,final_main_v1_38_actual_frontier_semi_real_test_integrity,semi_real_repo_style_controlled,frontier_hard,test_integrity,frontier_hard_non_real,rolling_summary,rolling,300,1,2026-06-19T06:34:01.701621+00:00,2026-06-19T06:35:11.547621+00:00,2026-06-19T06:34:01.701752+00:00,2026-06-19T06:35:11.542070+00:00,52.73,0c34b9d65f290c5ae1f69df62f807131b12af880fb7f25e76a971df0793a03fe,a68f3e6971a7be1e1b3a858e23b1dd32192b9ce48794c4dc9c25af590da6df91,2b8d54b172b2fe3b62220252d612c8f62cddb7b7e3ed8b9bc4d31ce97df85c30,098fb4f511b4076eeccb81f537241bfe49d1e83c36c7c1fcab8b7db0d6fae317,d7c92d876d4f74a01502fd884ee46b2945ce5be5934f3f5df9239f4e61a2be15,de47decc1628eb13d5a599547410eb97aaf08bd06ba7477d87d058d823f52970,b690d62b4090b62a2cf7d1b4a3767a58ef5c63bc1fc97ad37137285b015d251b,b690d62b4090b62a2cf7d1b4a3767a58ef5c63bc1fc97ad37137285b015d251b,b690d62b4090b62a2cf7d1b4a3767a58ef5c63bc1fc97ad37137285b015d251b,30d3d71633ff14de49ad9550510b976ec8183c6360975bf162bba33bf31b4a79,direct_provider,deepseek,https://api.deepseek.com,deepseek-v4-pro,https://api.deepseek.com/chat/completions,deepseek-v4-pro,6ee216f9d4faf87a50c2035857e452e29092a4e33be1d1d56250593d205fc57c,280a143650cd712edef7ec4e2d002a65425d54fbb6e2d57383993932d4c7ffb7,732540d4d91cbaf77c5d80073d4d09740fd99c7f0d728d9f161b53753b90f6cd,explicit,0,4096,omitted,,omitted,,omitted,,omitted,,omitted,,omitted,,omitted,,omitted,,omitted,,False,thinking.type=disabled,ffe557f53c63f7d0f7e35f80c03f61d8b3548db9e4f51e8dda020b28a920d875,provider_not_exposed,provider_not_exposed,False,,False,False,False,disabled,,stop;stop;stop;stop;stop;stop;stop;stop;stop;stop;stop;stop;stop;stop;stop;stop;stop;stop;stop;stop;stop;stop;stop;stop,stop;stop;stop;stop;stop;stop;stop;stop;stop;stop;stop;stop;stop;stop;stop;stop;stop;stop;stop;stop;stop;stop;stop;stop,9275,2878,1,1,,0,"[""ANCHOR_38_JXTZV"", ""MERGE_38_MLEZV"", ""VERIFY_38_JXTZV""]","[""REQ_38_MLEJXTZV"", ""LOCK_38_VZTXJ"", ""SCOPE_38_EJXTZ"", ""CHECK_38_LEJXT"", ""EDGE_38_XTZV"", ""FRONTIER_38_VZTXJE""]",0,[],0,[],0,[],0,0,,clean,,201d21275cebfd86a80c1fae4c6b55474423783bef82c12014b112d96946d88e,d4562eb802b86fafa94bdafbbbf535d506b8d53eb50718f226f08c61edb5cae8,2a50476df77252cf966d87d4ad18dabe2439867d65ee7bef0412bc60107df24d,65812cb6ae69d2a7e56312af9dfeee1d07069f4cc02637d3d8cde87c2490d022,9211b3b7095007c0350b530b02126198959cee436680e47828aec83afd2c9fa4,released_raw_outputs/model_outputs/_probe_ecvs_deepseek_v4pro_frontier5_realswe5_rolling_react_reflection_10task_3method_3budget_1run/deepseek/rolling_summary__final_main_v1_38_actual_frontier_semi_real_test_integrity__run_1__budget_300.jsonl,24,8a5f9348786e4adfed53da9d48fa63a5779697173236efcbbab9b7daf6e58262,658542afe38fdc0f9b8479ca4a510a7ae73ad2198b722ad9bb09aa3a889eaf17,258e0531bf48b7c4e4d59d35ca9e70842bae30d0324ef26aa128fee845be47c3
_probe_ecvs_deepseek_v4pro_frontier5_realswe5_rolling_react_reflection_10task_3method_3budget_1run:deepseek_v4pro:rolling_summary:final_main_v1_38_actual_frontier_semi_real_test_integrity:budget_600:run_1,deepseek_v4pro,final_main_v1_38_actual_frontier_semi_real_test_integrity,semi_real_repo_style_controlled,frontier_hard,test_integrity,frontier_hard_non_real,rolling_summary,rolling,600,1,2026-06-19T06:34:09.630858+00:00,2026-06-19T06:35:13.830472+00:00,2026-06-19T06:34:09.630984+00:00,2026-06-19T06:35:13.825277+00:00,64.169,0c34b9d65f290c5ae1f69df62f807131b12af880fb7f25e76a971df0793a03fe,a68f3e6971a7be1e1b3a858e23b1dd32192b9ce48794c4dc9c25af590da6df91,2b8d54b172b2fe3b62220252d612c8f62cddb7b7e3ed8b9bc4d31ce97df85c30,098fb4f511b4076eeccb81f537241bfe49d1e83c36c7c1fcab8b7db0d6fae317,859e59a11e109042349966da545e642cab40d5c1aee8b396dbd8236e4ca52623,de47decc1628eb13d5a599547410eb97aaf08bd06ba7477d87d058d823f52970,b690d62b4090b62a2cf7d1b4a3767a58ef5c63bc1fc97ad37137285b015d251b,b690d62b4090b62a2cf7d1b4a3767a58ef5c63bc1fc97ad37137285b015d251b,b690d62b4090b62a2cf7d1b4a3767a58ef5c63bc1fc97ad37137285b015d251b,30d3d71633ff14de49ad9550510b976ec8183c6360975bf162bba33bf31b4a79,direct_provider,deepseek,https://api.deepseek.com,deepseek-v4-pro,https://api.deepseek.com/chat/completions,deepseek-v4-pro,6ee216f9d4faf87a50c2035857e452e29092a4e33be1d1d56250593d205fc57c,280a143650cd712edef7ec4e2d002a65425d54fbb6e2d57383993932d4c7ffb7,732540d4d91cbaf77c5d80073d4d09740fd99c7f0d728d9f161b53753b90f6cd,explicit,0,4096,omitted,,omitted,,omitted,,omitted,,omitted,,omitted,,omitted,,omitted,,omitted,,False,thinking.type=disabled,ffe557f53c63f7d0f7e35f80c03f61d8b3548db9e4f51e8dda020b28a920d875,provider_not_exposed,provider_not_exposed,False,,False,False,False,disabled,,stop;stop;stop;stop;stop;stop;stop;stop;stop;stop;stop;stop;stop;stop;stop;stop;stop;stop;stop;stop;stop;stop,stop;stop;stop;stop;stop;stop;stop;stop;stop;stop;stop;stop;stop;stop;stop;stop;stop;stop;stop;stop;stop;stop,10111,4118,1,1,,0,"[""ANCHOR_38_JXTZV"", ""MERGE_38_MLEZV"", ""VERIFY_38_JXTZV""]","[""REQ_38_MLEJXTZV"", ""LOCK_38_VZTXJ"", ""SCOPE_38_EJXTZ"", ""CHECK_38_LEJXT"", ""EDGE_38_XTZV"", ""FRONTIER_38_VZTXJE""]",0,[],0,[],0,[],0,0,,clean,,4a37b4d0ed9cca1baaca856f493112da8b9ae2531b5449d30751468fe5f75a35,1ae89915cc6f07201a0e0fbfa69a6fe0bf76947bf40a7cebb598c9dcd9fe8e21,7cd35c6d19465259d109329465e2f7c7a40626f1f16848e6d0eea1a8d36b3180,98f534d23aa66661803f12621e43e631b108052fd8d96de2feba4bfd6e0d7213,decb4e7f02196ed357758cd56a2f68dbdc1908c4c726e1669e95fa065e5a5ec6,released_raw_outputs/model_outputs/_probe_ecvs_deepseek_v4pro_frontier5_realswe5_rolling_react_reflection_10task_3method_3budget_1run/deepseek/rolling_summary__final_main_v1_38_actual_frontier_semi_real_test_integrity__run_1__budget_600.jsonl,22,c8a284a8fd1f2ab699e820c49f7d2005fce7a7fba1c7ec546a4333691b424144,7fe90b1ff8977ebe3c265cc12ddfe7b9a1df281db9383c7a34d6b0624f552768,b5947b5ae09589aa890f7cd5766756e249696038809a6d0201fc1b0c7367c4fc
_probe_ecvs_deepseek_v4pro_frontier5_realswe5_rolling_react_reflection_10task_3method_3budget_1run:deepseek_v4pro:rolling_summary:final_main_v1_39_actual_frontier_semi_real_workflow_alias_binding:budget_1200:run_1,deepseek_v4pro,final_main_v1_39_actual_frontier_semi_real_workflow_alias_binding,semi_real_repo_style_controlled,frontier_hard,workflow_alias_binding,frontier_hard_non_real,rolling_summary,rolling,1200,1,2026-06-19T06:33:17.972719+00:00,2026-06-19T06:34:01.700079+00:00,2026-06-19T06:33:17.972858+00:00,2026-06-19T06:34:01.695631+00:00,43.709,0c34b9d65f290c5ae1f69df62f807131b12af880fb7f25e76a971df0793a03fe,3860bc341a5e60fdc5ecdaee24c2efa033009d0dcad02b164a27f81b40b9e5c6,2b8d54b172b2fe3b62220252d612c8f62cddb7b7e3ed8b9bc4d31ce97df85c30,a7bb925592313e4b267215150fd825a3043983f1fe187088b5e62504fa7c40c9,eb2f1c95847c3b0ce51e32093dc1d1bfb132c8ea8c184abf5fdd029fe46d5b74,de47decc1628eb13d5a599547410eb97aaf08bd06ba7477d87d058d823f52970,b690d62b4090b62a2cf7d1b4a3767a58ef5c63bc1fc97ad37137285b015d251b,b690d62b4090b62a2cf7d1b4a3767a58ef5c63bc1fc97ad37137285b015d251b,b690d62b4090b62a2cf7d1b4a3767a58ef5c63bc1fc97ad37137285b015d251b,30d3d71633ff14de49ad9550510b976ec8183c6360975bf162bba33bf31b4a79,direct_provider,deepseek,https://api.deepseek.com,deepseek-v4-pro,https://api.deepseek.com/chat/completions,deepseek-v4-pro,6ee216f9d4faf87a50c2035857e452e29092a4e33be1d1d56250593d205fc57c,280a143650cd712edef7ec4e2d002a65425d54fbb6e2d57383993932d4c7ffb7,732540d4d91cbaf77c5d80073d4d09740fd99c7f0d728d9f161b53753b90f6cd,explicit,0,4096,omitted,,omitted,,omitted,,omitted,,omitted,,omitted,,omitted,,omitted,,omitted,,False,thinking.type=disabled,ffe557f53c63f7d0f7e35f80c03f61d8b3548db9e4f51e8dda020b28a920d875,provider_not_exposed,provider_not_exposed,False,,False,False,False,disabled,,stop;stop;stop;stop;stop;stop;stop;stop;stop;stop;stop;stop;stop,stop;stop;stop;stop;stop;stop;stop;stop;stop;stop;stop;stop;stop,7542,2845,0,1,,1,[],"[""REQ_39_8982ZN4A"", ""LOCK_39_A4NZ2"", ""SCOPE_39_82ZN4"", ""CHECK_39_982ZN"", ""ANCHOR_39_2ZN4A"", ""EDGE_39_ZN4A"", ""FRONTIER_39_A4NZ28"", ""MERGE_39_8984A"", ""VERIFY_39_2ZN4A""]",1,"[""FALLBACK_39_ZN4A""]",0,[],0,[],0,0,,clean,,70b77a672d91faff5572017444f850974c4ddd7485c079245a8cd5b6adacdb38,f0e78076dc6358d88694b54c6c2edf3780040c15b0c8165ac051a07a3614a510,ffeab17f9f22ddecd21cd7bbdb8857c97ed5974b29785fa5d05afc88bbe60395,7f3f090977b3854ff6546a9fca05fda3447615a5a72ca97d76f17f5a8fbcde5d,c7602ccbd10cef192a1e2d5c331e2fb26b40a57e86e94e14cd0bc2c85434fb4e,released_raw_outputs/model_outputs/_probe_ecvs_deepseek_v4pro_frontier5_realswe5_rolling_react_reflection_10task_3method_3budget_1run/deepseek/rolling_summary__final_main_v1_39_actual_frontier_semi_real_workflow_alias_binding__run_1__budget_1200.jsonl,13,41fb881e3c8040e6f7f90cdbeaf7c951ddbca98961a8bc108b5206b470d9d4fe,96609cb947fea39611795fb77918cd10f22c1850869769512f15d63ced277f82,a89504c9658bf8d7f694b9305daa884d3dee82b28239ca00fb00d4873c5d36c3
_probe_ecvs_deepseek_v4pro_frontier5_realswe5_rolling_react_reflection_10task_3method_3budget_1run:deepseek_v4pro:rolling_summary:final_main_v1_39_actual_frontier_semi_real_workflow_alias_binding:budget_300:run_1,deepseek_v4pro,final_main_v1_39_actual_frontier_semi_real_workflow_alias_binding,semi_real_repo_style_controlled,frontier_hard,workflow_alias_binding,frontier_hard_non_real,rolling_summary,rolling,300,1,2026-06-19T06:33:01.177610+00:00,2026-06-19T06:34:09.629122+00:00,2026-06-19T06:33:01.177716+00:00,2026-06-19T06:34:09.621478+00:00,50.356,0c34b9d65f290c5ae1f69df62f807131b12af880fb7f25e76a971df0793a03fe,3860bc341a5e60fdc5ecdaee24c2efa033009d0dcad02b164a27f81b40b9e5c6,2b8d54b172b2fe3b62220252d612c8f62cddb7b7e3ed8b9bc4d31ce97df85c30,a7bb925592313e4b267215150fd825a3043983f1fe187088b5e62504fa7c40c9,8f5cc40781843b84f0f51585d2498db83c20237704d18b8da815735113f6b510,de47decc1628eb13d5a599547410eb97aaf08bd06ba7477d87d058d823f52970,b690d62b4090b62a2cf7d1b4a3767a58ef5c63bc1fc97ad37137285b015d251b,b690d62b4090b62a2cf7d1b4a3767a58ef5c63bc1fc97ad37137285b015d251b,b690d62b4090b62a2cf7d1b4a3767a58ef5c63bc1fc97ad37137285b015d251b,30d3d71633ff14de49ad9550510b976ec8183c6360975bf162bba33bf31b4a79,direct_provider,deepseek,https://api.deepseek.com,deepseek-v4-pro,https://api.deepseek.com/chat/completions,deepseek-v4-pro,6ee216f9d4faf87a50c2035857e452e29092a4e33be1d1d56250593d205fc57c,280a143650cd712edef7ec4e2d002a65425d54fbb6e2d57383993932d4c7ffb7,732540d4d91cbaf77c5d80073d4d09740fd99c7f0d728d9f161b53753b90f6cd,explicit,0,4096,omitted,,omitted,,omitted,,omitted,,omitted,,omitted,,omitted,,omitted,,omitted,,False,thinking.type=disabled,ffe557f53c63f7d0f7e35f80c03f61d8b3548db9e4f51e8dda020b28a920d875,provider_not_exposed,provider_not_exposed,False,,False,False,False,disabled,,stop;stop;stop;stop;stop;stop;stop;stop;stop;stop;stop;stop;stop;stop;stop;stop;stop;stop;stop,stop;stop;stop;stop;stop;stop;stop;stop;stop;stop;stop;stop;stop;stop;stop;stop;stop;stop;stop,7874,2241,1,1,,1,[],"[""REQ_39_8982ZN4A"", ""LOCK_39_A4NZ2"", ""SCOPE_39_82ZN4"", ""CHECK_39_982ZN"", ""ANCHOR_39_2ZN4A"", ""EDGE_39_ZN4A"", ""FRONTIER_39_A4NZ28"", ""MERGE_39_8984A"", ""VERIFY_39_2ZN4A""]",0,[],0,[],0,[],1,0,,clean,,cefb7713939c95a03ee62296a92155418eb7f02d1be13d130aa42045f37818d4,0d1020843a3e7cb2e4496a50d5b375584567c2a003b62f7ad8f824094aa6b136,796fe7edb813fde0c4fc3a50413a22ad966c13468f587a638b936fa09c4d5001,ac08a9fd57ea3e12c038b7164e4e92c0b91f9c5e90cf66a78fd403db72ae2e9b,2aed456c9a117826a5c9d29585552c0a42b3249e4fb2bb1012ad749b3328e81e,released_raw_outputs/model_outputs/_probe_ecvs_deepseek_v4pro_frontier5_realswe5_rolling_react_reflection_10task_3method_3budget_1run/deepseek/rolling_summary__final_main_v1_39_actual_frontier_semi_real_workflow_alias_binding__run_1__budget_300.jsonl,19,0766408e4b8fb261b088d405e65b3c6d22d1db40162969af90df62caddf43623,89441b6cecc88236fa6084bb1031774d3c93d01c1752de68887992f8f214b1ae,2024fa5c2c15d1c0b42cab8a22c8e651c4cd4526c48596b0a8bf64662aaa8781
_probe_ecvs_deepseek_v4pro_frontier5_realswe5_rolling_react_reflection_10task_3method_3budget_1run:deepseek_v4pro:rolling_summary:final_main_v1_39_actual_frontier_semi_real_workflow_alias_binding:budget_600:run_1,deepseek_v4pro,final_main_v1_39_actual_frontier_semi_real_workflow_alias_binding,semi_real_repo_style_controlled,frontier_hard,workflow_alias_binding,frontier_hard_non_real,rolling_summary,rolling,600,1,2026-06-19T06:33:15.205762+00:00,2026-06-19T06:33:59.124729+00:00,2026-06-19T06:33:15.205909+00:00,2026-06-19T06:33:59.117905+00:00,43.904,0c34b9d65f290c5ae1f69df62f807131b12af880fb7f25e76a971df0793a03fe,3860bc341a5e60fdc5ecdaee24c2efa033009d0dcad02b164a27f81b40b9e5c6,2b8d54b172b2fe3b62220252d612c8f62cddb7b7e3ed8b9bc4d31ce97df85c30,a7bb925592313e4b267215150fd825a3043983f1fe187088b5e62504fa7c40c9,628658b63ee949bd58859b7195a4ed2d2de7d7669a810f3ae5f0c4642fe05d1c,de47decc1628eb13d5a599547410eb97aaf08bd06ba7477d87d058d823f52970,b690d62b4090b62a2cf7d1b4a3767a58ef5c63bc1fc97ad37137285b015d251b,b690d62b4090b62a2cf7d1b4a3767a58ef5c63bc1fc97ad37137285b015d251b,b690d62b4090b62a2cf7d1b4a3767a58ef5c63bc1fc97ad37137285b015d251b,30d3d71633ff14de49ad9550510b976ec8183c6360975bf162bba33bf31b4a79,direct_provider,deepseek,https://api.deepseek.com,deepseek-v4-pro,https://api.deepseek.com/chat/completions,deepseek-v4-pro,6ee216f9d4faf87a50c2035857e452e29092a4e33be1d1d56250593d205fc57c,280a143650cd712edef7ec4e2d002a65425d54fbb6e2d57383993932d4c7ffb7,732540d4d91cbaf77c5d80073d4d09740fd99c7f0d728d9f161b53753b90f6cd,explicit,0,4096,omitted,,omitted,,omitted,,omitted,,omitted,,omitted,,omitted,,omitted,,omitted,,False,thinking.type=disabled,ffe557f53c63f7d0f7e35f80c03f61d8b3548db9e4f51e8dda020b28a920d875,provider_not_exposed,provider_not_exposed,False,,False,False,False,disabled,,stop;stop;stop;stop;stop;stop;stop;stop;stop;stop;stop;stop;stop;stop;stop,stop;stop;stop;stop;stop;stop;stop;stop;stop;stop;stop;stop;stop;stop;stop,7616,2646,0,1,,1,[],"[""REQ_39_8982ZN4A"", ""LOCK_39_A4NZ2"", ""SCOPE_39_82ZN4"", ""CHECK_39_982ZN"", ""ANCHOR_39_2ZN4A"", ""EDGE_39_ZN4A"", ""FRONTIER_39_A4NZ28"", ""MERGE_39_8984A"", ""VERIFY_39_2ZN4A""]",0,[],0,[],0,[],1,0,,clean,,ff83b0074f039b71cb9a57d2f44f61400a93c3218939851f164aa507079b640e,76d9955f384039478060aed5d8d78b030f20c36b01af4fc42b6b385855bce150,3ecf381b90a0686e5a441e383869c1123192e6fe0223fe61305d53ca4589728d,8c926b9c62c39feea4c8eaaa84341dca23e1d3459337a23f31b3f52725038102,d56995df55bb4013643fe0f06042eff66b7b40949d9eb0691a1ed33e314d4284,released_raw_outputs/model_outputs/_probe_ecvs_deepseek_v4pro_frontier5_realswe5_rolling_react_reflection_10task_3method_3budget_1run/deepseek/rolling_summary__final_main_v1_39_actual_frontier_semi_real_workflow_alias_binding__run_1__budget_600.jsonl,15,e64316ae3d170c129ac2d3be711f09ec88c86e56017d505d60886c48482d765e,1e098ecc82895f2149eb60d24b873cf7d7fa1bd6450be9d1d43aa3e64f62417f,984047ad4bcb7d72d2f8230bf95045b16aa5856eca716ac87825b58e5376c92d
_probe_ecvs_deepseek_v4pro_frontier5_realswe5_rolling_react_reflection_10task_3method_3budget_1run:deepseek_v4pro:rolling_summary:final_main_v1_40_actual_frontier_semi_real_multi_file_repo_plan:budget_1200:run_1,deepseek_v4pro,final_main_v1_40_actual_frontier_semi_real_multi_file_repo_plan,semi_real_repo_style_controlled,frontier_hard,multi_file_repo_plan,frontier_hard_non_real,rolling_summary,rolling,1200,1,2026-06-19T06:31:56.758435+00:00,2026-06-19T06:33:22.747463+00:00,2026-06-19T06:31:56.758550+00:00,2026-06-19T06:33:22.741916+00:00,50.809,0c34b9d65f290c5ae1f69df62f807131b12af880fb7f25e76a971df0793a03fe,e0fb45c4d5a183773d255686fb7afa57bb02525fc30bdb09aa1d2c37a04bf825,2b8d54b172b2fe3b62220252d612c8f62cddb7b7e3ed8b9bc4d31ce97df85c30,4474b1d70dbc8938e94238b572f2fb0f92671a67d6fab8862725672b4a2492e1,8d59f0990ea51ef2cbffa35b1001cbdd83297c558f6f138ac958798494c0c98f,de47decc1628eb13d5a599547410eb97aaf08bd06ba7477d87d058d823f52970,b690d62b4090b62a2cf7d1b4a3767a58ef5c63bc1fc97ad37137285b015d251b,b690d62b4090b62a2cf7d1b4a3767a58ef5c63bc1fc97ad37137285b015d251b,b690d62b4090b62a2cf7d1b4a3767a58ef5c63bc1fc97ad37137285b015d251b,30d3d71633ff14de49ad9550510b976ec8183c6360975bf162bba33bf31b4a79,direct_provider,deepseek,https://api.deepseek.com,deepseek-v4-pro,https://api.deepseek.com/chat/completions,deepseek-v4-pro,6ee216f9d4faf87a50c2035857e452e29092a4e33be1d1d56250593d205fc57c,280a143650cd712edef7ec4e2d002a65425d54fbb6e2d57383993932d4c7ffb7,732540d4d91cbaf77c5d80073d4d09740fd99c7f0d728d9f161b53753b90f6cd,explicit,0,4096,omitted,,omitted,,omitted,,omitted,,omitted,,omitted,,omitted,,omitted,,omitted,,False,thinking.type=disabled,ffe557f53c63f7d0f7e35f80c03f61d8b3548db9e4f51e8dda020b28a920d875,provider_not_exposed,provider_not_exposed,False,,False,False,False,disabled,,stop;stop;stop;stop;stop;stop;stop;stop;stop;stop;stop;stop;stop;stop,stop;stop;stop;stop;stop;stop;stop;stop;stop;stop;stop;stop;stop;stop,8732,3669,0,1,,0,"[""MERGE_40_6X2LR""]","[""REQ_40_6X2G7FLR"", ""LOCK_40_RLF7G"", ""SCOPE_40_2G7FL"", ""CHECK_40_X2G7F"", ""ANCHOR_40_G7FLR"", ""EDGE_40_7FLR"", ""FRONTIER_40_RLF7G2"", ""VERIFY_40_G7FLR""]",0,[],0,[],0,[],0,0,,clean,,1a4f850fabce02160fa92f2eb547ab4d80e02becb7ad2dac6f4c537d45232e99,cbdc1bb2b7dbb08aa3c27de9e6876a6d276b5632f1593cf18f498775b7a9f4fe,30e4d6f238008cdb46782e9dc1b899c2daf2e1e265a19f1042125ed2422e0317,34afd6045345a987a19b6bad3c43804ecea3b754c9a3f7d4f22330d40baaf3ec,a859271be5fe942fe71a75784e6ba739fd4e39360e55e3a62f7e210c0cdfb3d1,released_raw_outputs/model_outputs/_probe_ecvs_deepseek_v4pro_frontier5_realswe5_rolling_react_reflection_10task_3method_3budget_1run/deepseek/rolling_summary__final_main_v1_40_actual_frontier_semi_real_multi_file_repo_plan__run_1__budget_1200.jsonl,14,e5c763d4c1947005b0fdaf63813b54674b1b9fbf47603bded1b63ed9c1a89ff2,4510713d3493b6eea58bc84fef09cd6239821b95d107a4c2ad2e8d2c0b9240a2,1cc923ee86aab4d29619e60383f6505e7113b80a38f4e125bee7301094cdb19b
_probe_ecvs_deepseek_v4pro_frontier5_realswe5_rolling_react_reflection_10task_3method_3budget_1run:deepseek_v4pro:rolling_summary:final_main_v1_40_actual_frontier_semi_real_multi_file_repo_plan:budget_300:run_1,deepseek_v4pro,final_main_v1_40_actual_frontier_semi_real_multi_file_repo_plan,semi_real_repo_style_controlled,frontier_hard,multi_file_repo_plan,frontier_hard_non_real,rolling_summary,rolling,300,1,2026-06-19T06:31:04.575233+00:00,2026-06-19T06:32:09.727593+00:00,2026-06-19T06:31:04.575265+00:00,2026-06-19T06:32:09.722555+00:00,48.038,0c34b9d65f290c5ae1f69df62f807131b12af880fb7f25e76a971df0793a03fe,e0fb45c4d5a183773d255686fb7afa57bb02525fc30bdb09aa1d2c37a04bf825,2b8d54b172b2fe3b62220252d612c8f62cddb7b7e3ed8b9bc4d31ce97df85c30,4474b1d70dbc8938e94238b572f2fb0f92671a67d6fab8862725672b4a2492e1,c989ec5407a8aebb7feea83e65a23235328cff87752e0863a2a62d00747e5fca,de47decc1628eb13d5a599547410eb97aaf08bd06ba7477d87d058d823f52970,b690d62b4090b62a2cf7d1b4a3767a58ef5c63bc1fc97ad37137285b015d251b,b690d62b4090b62a2cf7d1b4a3767a58ef5c63bc1fc97ad37137285b015d251b,b690d62b4090b62a2cf7d1b4a3767a58ef5c63bc1fc97ad37137285b015d251b,30d3d71633ff14de49ad9550510b976ec8183c6360975bf162bba33bf31b4a79,direct_provider,deepseek,https://api.deepseek.com,deepseek-v4-pro,https://api.deepseek.com/chat/completions,deepseek-v4-pro,6ee216f9d4faf87a50c2035857e452e29092a4e33be1d1d56250593d205fc57c,280a143650cd712edef7ec4e2d002a65425d54fbb6e2d57383993932d4c7ffb7,732540d4d91cbaf77c5d80073d4d09740fd99c7f0d728d9f161b53753b90f6cd,explicit,0,4096,omitted,,omitted,,omitted,,omitted,,omitted,,omitted,,omitted,,omitted,,omitted,,False,thinking.type=disabled,ffe557f53c63f7d0f7e35f80c03f61d8b3548db9e4f51e8dda020b28a920d875,provider_not_exposed,provider_not_exposed,False,,False,False,False,disabled,,stop;stop;stop;stop;stop;stop;stop;stop;stop;stop;stop;stop;stop;stop;stop;stop;stop;stop;stop;stop;stop;stop,stop;stop;stop;stop;stop;stop;stop;stop;stop;stop;stop;stop;stop;stop;stop;stop;stop;stop;stop;stop;stop;stop,9123,3076,1,1,,0,"[""VERIFY_40_G7FLR""]","[""REQ_40_6X2G7FLR"", ""LOCK_40_RLF7G"", ""SCOPE_40_2G7FL"", ""CHECK_40_X2G7F"", ""ANCHOR_40_G7FLR"", ""EDGE_40_7FLR"", ""FRONTIER_40_RLF7G2"", ""MERGE_40_6X2LR""]",0,[],0,[],0,[],0,0,,clean,,b413dcc6469b433d4d0addbb3f3edc544f088fffc8ed4511bc6958f8146acd61,3791dbd28fbb37d14ddcd811f6bbf3282d01fc453bfdad1c98626ad864ea498c,ed2b0032196c0c6b5e80338724dfd31c1d17a4e1fb4ded4e835a45e6313fcab5,9f4b488b7012bcd387dd107f483fe3d80c0646250310ea3b328843f66189b179,ac9058b56134d6b7f47bf6688559c338a50b2cadff89934bb720ef82d2881348,released_raw_outputs/model_outputs/_probe_ecvs_deepseek_v4pro_frontier5_realswe5_rolling_react_reflection_10task_3method_3budget_1run/deepseek/rolling_summary__final_main_v1_40_actual_frontier_semi_real_multi_file_repo_plan__run_1__budget_300.jsonl,22,cba947953656d1bfb823b9301630101d4c7ad9ab851fe866f31ba1d1222eddda,8fab04e76c32930886efa49e1e094e629acead623fb2e3b74e04f5ac54cda4d9,288d5f846569bcd42c743baa1195a82e3b223afdffffdf8af2073e8f239a7c8f
_probe_ecvs_deepseek_v4pro_frontier5_realswe5_rolling_react_reflection_10task_3method_3budget_1run:deepseek_v4pro:rolling_summary:final_main_v1_40_actual_frontier_semi_real_multi_file_repo_plan:budget_600:run_1,deepseek_v4pro,final_main_v1_40_actual_frontier_semi_real_multi_file_repo_plan,semi_real_repo_style_controlled,frontier_hard,multi_file_repo_plan,frontier_hard_non_real,rolling_summary,rolling,600,1,2026-06-19T06:31:51.253395+00:00,2026-06-19T06:33:42.135275+00:00,2026-06-19T06:31:51.253475+00:00,2026-06-19T06:33:42.129122+00:00,76.703,0c34b9d65f290c5ae1f69df62f807131b12af880fb7f25e76a971df0793a03fe,e0fb45c4d5a183773d255686fb7afa57bb02525fc30bdb09aa1d2c37a04bf825,2b8d54b172b2fe3b62220252d612c8f62cddb7b7e3ed8b9bc4d31ce97df85c30,4474b1d70dbc8938e94238b572f2fb0f92671a67d6fab8862725672b4a2492e1,0cf34e3fb1ab8334ee313c1c253d7ebbe87cccc227784928e37b13bae0ee7e5b,de47decc1628eb13d5a599547410eb97aaf08bd06ba7477d87d058d823f52970,b690d62b4090b62a2cf7d1b4a3767a58ef5c63bc1fc97ad37137285b015d251b,b690d62b4090b62a2cf7d1b4a3767a58ef5c63bc1fc97ad37137285b015d251b,b690d62b4090b62a2cf7d1b4a3767a58ef5c63bc1fc97ad37137285b015d251b,30d3d71633ff14de49ad9550510b976ec8183c6360975bf162bba33bf31b4a79,direct_provider,deepseek,https://api.deepseek.com,deepseek-v4-pro,https://api.deepseek.com/chat/completions,deepseek-v4-pro,6ee216f9d4faf87a50c2035857e452e29092a4e33be1d1d56250593d205fc57c,280a143650cd712edef7ec4e2d002a65425d54fbb6e2d57383993932d4c7ffb7,732540d4d91cbaf77c5d80073d4d09740fd99c7f0d728d9f161b53753b90f6cd,explicit,0,4096,omitted,,omitted,,omitted,,omitted,,omitted,,omitted,,omitted,,omitted,,omitted,,False,thinking.type=disabled,ffe557f53c63f7d0f7e35f80c03f61d8b3548db9e4f51e8dda020b28a920d875,provider_not_exposed,provider_not_exposed,False,,False,False,False,disabled,,stop;stop;stop;stop;stop;stop;stop;stop;stop;stop;stop;stop;stop;stop;stop;stop;stop;stop;stop;stop;stop,stop;stop;stop;stop;stop;stop;stop;stop;stop;stop;stop;stop;stop;stop;stop;stop;stop;stop;stop;stop;stop,10376,4395,1,1,,0,"[""ANCHOR_40_G7FLR"", ""MERGE_40_6X2LR"", ""VERIFY_40_G7FLR""]","[""REQ_40_6X2G7FLR"", ""LOCK_40_RLF7G"", ""SCOPE_40_2G7FL"", ""CHECK_40_X2G7F"", ""EDGE_40_7FLR"", ""FRONTIER_40_RLF7G2""]",0,[],0,[],0,[],0,0,,clean,,c5c4d2e0502626234528738a440a33ae6b99ef862ce3bf0dcd419bbad2db1799,b742689da81d0ab2136dd6108fa7e23458dc6e3e276ead6fcec95d4d62928fa2,4fb527bca1235062a3c01d1acb317d5883b8bf518ccecd9534674e3cc4868dce,d5506cc3c8493cc8a54dbd8a844891298958448f9e12bb4742b1615a2596599b,c02f0eeb6fed5d7e2d5d41d48567e375baa133f6b0ddc8cdc6268e8737c2eee6,released_raw_outputs/model_outputs/_probe_ecvs_deepseek_v4pro_frontier5_realswe5_rolling_react_reflection_10task_3method_3budget_1run/deepseek/rolling_summary__final_main_v1_40_actual_frontier_semi_real_multi_file_repo_plan__run_1__budget_600.jsonl,21,737ef5fb671b4dc74aacb386cbca64d222b7586b09afa758548a277c1e34f69b,ca92348e433ba984c8a7d7bde4f2418b0ed97016837581766f9be70c9531ffed,eaefcb9eeef188795d7744e0629dad451612351a67d60aeaeb06d890b451438c
_probe_ecvs_deepseek_v4pro_frontier5_realswe5_rolling_react_reflection_10task_3method_3budget_1run:deepseek_v4pro:rolling_summary:final_main_v1_41_real_swe_fresh_github_grantjenks_python_sortedcontainers_2b037039bb16:budget_1200:run_1,deepseek_v4pro,final_main_v1_41_real_swe_fresh_github_grantjenks_python_sortedcontainers_2b037039bb16,real_swe_executable_anchor_controlled,medium,config_path_validation,real_swe_non_frontier,rolling_summary,rolling,1200,1,2026-06-19T06:40:56.277554+00:00,2026-06-19T06:41:33.625693+00:00,2026-06-19T06:40:56.277627+00:00,2026-06-19T06:41:33.621850+00:00,37.339,0c34b9d65f290c5ae1f69df62f807131b12af880fb7f25e76a971df0793a03fe,293376257a44b516eda2691daf2d27d164a2f7406b06b7e0b0ec3d4b72234016,2b8d54b172b2fe3b62220252d612c8f62cddb7b7e3ed8b9bc4d31ce97df85c30,d702e712cd306e0ee7ce6b9cc2c0fa9de29d8050d6c9124370ba7b33d8abaeb6,5ea2dd556c94d111f223d55fe6cf57cbf377cf6d5d244bb64e4083281dc05018,de47decc1628eb13d5a599547410eb97aaf08bd06ba7477d87d058d823f52970,b690d62b4090b62a2cf7d1b4a3767a58ef5c63bc1fc97ad37137285b015d251b,b690d62b4090b62a2cf7d1b4a3767a58ef5c63bc1fc97ad37137285b015d251b,b690d62b4090b62a2cf7d1b4a3767a58ef5c63bc1fc97ad37137285b015d251b,30d3d71633ff14de49ad9550510b976ec8183c6360975bf162bba33bf31b4a79,direct_provider,deepseek,https://api.deepseek.com,deepseek-v4-pro,https://api.deepseek.com/chat/completions,deepseek-v4-pro,6ee216f9d4faf87a50c2035857e452e29092a4e33be1d1d56250593d205fc57c,280a143650cd712edef7ec4e2d002a65425d54fbb6e2d57383993932d4c7ffb7,732540d4d91cbaf77c5d80073d4d09740fd99c7f0d728d9f161b53753b90f6cd,explicit,0,4096,omitted,,omitted,,omitted,,omitted,,omitted,,omitted,,omitted,,omitted,,omitted,,False,thinking.type=disabled,ffe557f53c63f7d0f7e35f80c03f61d8b3548db9e4f51e8dda020b28a920d875,provider_not_exposed,provider_not_exposed,False,,False,False,False,disabled,,stop;stop;stop;stop;stop;stop;stop;stop;stop;stop,stop;stop;stop;stop;stop;stop;stop;stop;stop;stop,6234,2802,0,1,,1,[],"[""REQ_41_RWLXLPUN"", ""LOCK_41_NUPLX"", ""SCOPE_41_LXLPU"", ""CHECK_41_WLXLP""]",0,[],0,[],1,"[""tests/issue_147.py"", ""tests/test_coverage_sorteddict.py"", ""tests/issue_147.py"", ""tests/test_coverage_sorteddict.py""]",0,0,,clean,,aee699c4d33b2362b6e19c5396a1443d302251c4eaf41d447e08e7e8fc7a3147,00033b34e91519b7d02f82fda39e7a9a02f349a2eb4c868962849a2676df2671,33dcb554533547bf21da3af681b9edc1189098215f3c63556d3f2a292bacef6b,922c7ec92c00514c55ba96205ea7776fdc8c34512cb173925cb647357dbe1186,54a00e7a0c6b234bf5719b6223bf88862da1af980f8fa2fd2170f46e783fade3,released_raw_outputs/model_outputs/_probe_ecvs_deepseek_v4pro_frontier5_realswe5_rolling_react_reflection_10task_3method_3budget_1run/deepseek/rolling_summary__final_main_v1_41_real_swe_fresh_github_grantjenks_python_sortedcontainers_2b037039bb16__run_1__budget_1200.jsonl,10,4a299a582dfb32eeabdbbcd50d088714b961b75400eeb47038d4985f76a59d81,78e18012c3d2a68b74beb6ef74a907b25ea86d805fec8b504fae5771e9728ed4,72b8b277b0ad5500dc3860217b99f0454523a028a47d63272cc0aaa967a51c6c
_probe_ecvs_deepseek_v4pro_frontier5_realswe5_rolling_react_reflection_10task_3method_3budget_1run:deepseek_v4pro:rolling_summary:final_main_v1_41_real_swe_fresh_github_grantjenks_python_sortedcontainers_2b037039bb16:budget_300:run_1,deepseek_v4pro,final_main_v1_41_real_swe_fresh_github_grantjenks_python_sortedcontainers_2b037039bb16,real_swe_executable_anchor_controlled,medium,config_path_validation,real_swe_non_frontier,rolling_summary,rolling,300,1,2026-06-19T06:40:47.337261+00:00,2026-06-19T06:41:25.408040+00:00,2026-06-19T06:40:47.337350+00:00,2026-06-19T06:41:25.403311+00:00,19.978,0c34b9d65f290c5ae1f69df62f807131b12af880fb7f25e76a971df0793a03fe,293376257a44b516eda2691daf2d27d164a2f7406b06b7e0b0ec3d4b72234016,2b8d54b172b2fe3b62220252d612c8f62cddb7b7e3ed8b9bc4d31ce97df85c30,d702e712cd306e0ee7ce6b9cc2c0fa9de29d8050d6c9124370ba7b33d8abaeb6,5c9c15579aa3e0de7dd20e88a078ea713bb562899421d185a05379636a6f397f,de47decc1628eb13d5a599547410eb97aaf08bd06ba7477d87d058d823f52970,b690d62b4090b62a2cf7d1b4a3767a58ef5c63bc1fc97ad37137285b015d251b,b690d62b4090b62a2cf7d1b4a3767a58ef5c63bc1fc97ad37137285b015d251b,b690d62b4090b62a2cf7d1b4a3767a58ef5c63bc1fc97ad37137285b015d251b,30d3d71633ff14de49ad9550510b976ec8183c6360975bf162bba33bf31b4a79,direct_provider,deepseek,https://api.deepseek.com,deepseek-v4-pro,https://api.deepseek.com/chat/completions,deepseek-v4-pro,6ee216f9d4faf87a50c2035857e452e29092a4e33be1d1d56250593d205fc57c,280a143650cd712edef7ec4e2d002a65425d54fbb6e2d57383993932d4c7ffb7,732540d4d91cbaf77c5d80073d4d09740fd99c7f0d728d9f161b53753b90f6cd,explicit,0,4096,omitted,,omitted,,omitted,,omitted,,omitted,,omitted,,omitted,,omitted,,omitted,,False,thinking.type=disabled,ffe557f53c63f7d0f7e35f80c03f61d8b3548db9e4f51e8dda020b28a920d875,provider_not_exposed,provider_not_exposed,False,,False,False,False,disabled,,stop;stop;stop;stop;stop;stop;stop;stop;stop;stop,stop;stop;stop;stop;stop;stop;stop;stop;stop;stop,4439,1027,0,1,,1,[],"[""REQ_41_RWLXLPUN"", ""LOCK_41_NUPLX"", ""SCOPE_41_LXLPU"", ""CHECK_41_WLXLP""]",0,[],0,[],0,[],1,0,,clean,,9805398db9b6edc8bf66c03f19a525dd0b0b60455bae2702ce4b72eaf99474c8,6ae237458b77aecbf1302f58ea8d5641a735e6558f627b2c281f482b378e4ff8,999477feaa0db505233688cf1a14c5d9061c44f92d7e3478b09a25bd3f2d3188,04740024a0be917b383aaaf74c698fd646edee163dcea4c2304092a49d482721,731f52976c4252a285e0f61e142c01896ddb225936da7a0723fb0c61141a9889,released_raw_outputs/model_outputs/_probe_ecvs_deepseek_v4pro_frontier5_realswe5_rolling_react_reflection_10task_3method_3budget_1run/deepseek/rolling_summary__final_main_v1_41_real_swe_fresh_github_grantjenks_python_sortedcontainers_2b037039bb16__run_1__budget_300.jsonl,10,325cfae50b387fdf9496c2c89fb928181226052c52010c7a3eb5609f84930aaa,0b4e999b399540a6af7b46afed601327799be1f7d7c45e272ff6fb0daf72ba41,7feda7fde5b00c2d1f9abc5d8370fcb00d6d73d87c937b83571362c47ba5954a
_probe_ecvs_deepseek_v4pro_frontier5_realswe5_rolling_react_reflection_10task_3method_3budget_1run:deepseek_v4pro:rolling_summary:final_main_v1_41_real_swe_fresh_github_grantjenks_python_sortedcontainers_2b037039bb16:budget_600:run_1,deepseek_v4pro,final_main_v1_41_real_swe_fresh_github_grantjenks_python_sortedcontainers_2b037039bb16,real_swe_executable_anchor_controlled,medium,config_path_validation,real_swe_non_frontier,rolling_summary,rolling,600,1,2026-06-19T06:40:48.552438+00:00,2026-06-19T06:41:23.619152+00:00,2026-06-19T06:40:48.552499+00:00,2026-06-19T06:41:23.614714+00:00,35.057,0c34b9d65f290c5ae1f69df62f807131b12af880fb7f25e76a971df0793a03fe,293376257a44b516eda2691daf2d27d164a2f7406b06b7e0b0ec3d4b72234016,2b8d54b172b2fe3b62220252d612c8f62cddb7b7e3ed8b9bc4d31ce97df85c30,d702e712cd306e0ee7ce6b9cc2c0fa9de29d8050d6c9124370ba7b33d8abaeb6,ca46b8b8d1eebf4c06a005c650d92715af606b28ca2d035096243cffd5ee0637,de47decc1628eb13d5a599547410eb97aaf08bd06ba7477d87d058d823f52970,b690d62b4090b62a2cf7d1b4a3767a58ef5c63bc1fc97ad37137285b015d251b,b690d62b4090b62a2cf7d1b4a3767a58ef5c63bc1fc97ad37137285b015d251b,b690d62b4090b62a2cf7d1b4a3767a58ef5c63bc1fc97ad37137285b015d251b,30d3d71633ff14de49ad9550510b976ec8183c6360975bf162bba33bf31b4a79,direct_provider,deepseek,https://api.deepseek.com,deepseek-v4-pro,https://api.deepseek.com/chat/completions,deepseek-v4-pro,6ee216f9d4faf87a50c2035857e452e29092a4e33be1d1d56250593d205fc57c,280a143650cd712edef7ec4e2d002a65425d54fbb6e2d57383993932d4c7ffb7,732540d4d91cbaf77c5d80073d4d09740fd99c7f0d728d9f161b53753b90f6cd,explicit,0,4096,omitted,,omitted,,omitted,,omitted,,omitted,,omitted,,omitted,,omitted,,omitted,,False,thinking.type=disabled,ffe557f53c63f7d0f7e35f80c03f61d8b3548db9e4f51e8dda020b28a920d875,provider_not_exposed,provider_not_exposed,False,,False,False,False,disabled,,stop;stop;stop;stop;stop;stop;stop;stop;stop;stop,stop;stop;stop;stop;stop;stop;stop;stop;stop;stop,5481,2124,1,1,,1,[],"[""REQ_41_RWLXLPUN"", ""LOCK_41_NUPLX"", ""SCOPE_41_LXLPU"", ""CHECK_41_WLXLP""]",0,[],0,[],0,[],1,0,,clean,,b3ef43e28433e8db2fc8b8ae1c5739a3f483493fec57a9e7b64f18b64391bd84,a116b19e0885834e0313117344b269b6888bd5d2012ab242c44fdc6021d3b43f,b217702d6d5192d154f5bcf3005d4eee8413fe5710e838cf049ad28ddaab3c33,945f668184bffc1bc50f438da7d89d6e5d61a18da2917ca82a8ec6a9610a6cc8,32a9cdb51c808fcc641f438d07e7d8be2350ee93a58dbf6e572615d783c97d95,released_raw_outputs/model_outputs/_probe_ecvs_deepseek_v4pro_frontier5_realswe5_rolling_react_reflection_10task_3method_3budget_1run/deepseek/rolling_summary__final_main_v1_41_real_swe_fresh_github_grantjenks_python_sortedcontainers_2b037039bb16__run_1__budget_600.jsonl,10,3f1130622d59bd541467bfc2c1f8b280de3fdff1e3fd2266b6ea9e7150b04fab,ffc2647914186de38e323d1b403890614fdf9ad1de3bf723ee712d2d07ff9788,cd7563dd9f7b89a9359d0d8be9a023b7bdb2a1ad11861d45c3e39068e1d1cfc7
_probe_ecvs_deepseek_v4pro_frontier5_realswe5_rolling_react_reflection_10task_3method_3budget_1run:deepseek_v4pro:rolling_summary:final_main_v1_42_real_swe_fresh_github_python_humanize_humanize_2968d44280a6:budget_1200:run_1,deepseek_v4pro,final_main_v1_42_real_swe_fresh_github_python_humanize_humanize_2968d44280a6,real_swe_executable_anchor_controlled,medium,schema_json_contract,real_swe_non_frontier,rolling_summary,rolling,1200,1,2026-06-19T06:37:59.607753+00:00,2026-06-19T06:38:34.553188+00:00,2026-06-19T06:37:59.607846+00:00,2026-06-19T06:38:34.550795+00:00,34.934,0c34b9d65f290c5ae1f69df62f807131b12af880fb7f25e76a971df0793a03fe,7d89808157fd0513606746fa4b35f9493764ee4c120600c45e1d0d94b5b35680,2b8d54b172b2fe3b62220252d612c8f62cddb7b7e3ed8b9bc4d31ce97df85c30,7bfa597a2d2f7bca53e5f16aa01270670fff88f80c8ef48c9909e7344c3d74d9,acb8f5af8011862844e53bc76bc2d1c1bdc870b69e71560d68420c8861c7b40c,de47decc1628eb13d5a599547410eb97aaf08bd06ba7477d87d058d823f52970,b690d62b4090b62a2cf7d1b4a3767a58ef5c63bc1fc97ad37137285b015d251b,b690d62b4090b62a2cf7d1b4a3767a58ef5c63bc1fc97ad37137285b015d251b,b690d62b4090b62a2cf7d1b4a3767a58ef5c63bc1fc97ad37137285b015d251b,30d3d71633ff14de49ad9550510b976ec8183c6360975bf162bba33bf31b4a79,direct_provider,deepseek,https://api.deepseek.com,deepseek-v4-pro,https://api.deepseek.com/chat/completions,deepseek-v4-pro,6ee216f9d4faf87a50c2035857e452e29092a4e33be1d1d56250593d205fc57c,280a143650cd712edef7ec4e2d002a65425d54fbb6e2d57383993932d4c7ffb7,732540d4d91cbaf77c5d80073d4d09740fd99c7f0d728d9f161b53753b90f6cd,explicit,0,4096,omitted,,omitted,,omitted,,omitted,,omitted,,omitted,,omitted,,omitted,,omitted,,False,thinking.type=disabled,ffe557f53c63f7d0f7e35f80c03f61d8b3548db9e4f51e8dda020b28a920d875,provider_not_exposed,provider_not_exposed,False,,False,False,False,disabled,,stop;stop;stop;stop;stop;stop;stop;stop;stop,stop;stop;stop;stop;stop;stop;stop;stop;stop,5684,2405,0,1,,1,[],"[""REQ_42_B2CWM43F"", ""LOCK_42_F34MW"", ""SCOPE_42_CWM43"", ""CHECK_42_2CWM4""]",0,[],0,[],0,[],1,0,,clean,,6c83e3b1faf5a242388d514850e5c14659064c1ff58b477c912337eec7f8abc3,a69b9e08fd473663758f592257ccdc056ac595ce59ef250c23e492e9fa1c124b,9bb14440ca49b6cd423ea65170447a5caefeff55ae9b9ad081136cea10c354ab,6f46d98af7b9f06d4b84dcdd7a003fff9fdad639dd4a0d8c96f9b331e705fa76,ecc387441e28684e44434537240e72e28f2b2b93ab74b269c941aa5faa438655,released_raw_outputs/model_outputs/_probe_ecvs_deepseek_v4pro_frontier5_realswe5_rolling_react_reflection_10task_3method_3budget_1run/deepseek/rolling_summary__final_main_v1_42_real_swe_fresh_github_python_humanize_humanize_2968d44280a6__run_1__budget_1200.jsonl,9,e2575977d5585990cbd6c8c1cd1e2f83b208b8905cf2aaec7dd050b1c330e47e,d57e8003cec7948707919f863aea2b5d1ad37379bc34c6f5308dd82935bfd6cb,fbfed715301990e5d76c2fb5c3ef623fc671e594a98d5035bf572ee72db603e0
_probe_ecvs_deepseek_v4pro_frontier5_realswe5_rolling_react_reflection_10task_3method_3budget_1run:deepseek_v4pro:rolling_summary:final_main_v1_42_real_swe_fresh_github_python_humanize_humanize_2968d44280a6:budget_300:run_1,deepseek_v4pro,final_main_v1_42_real_swe_fresh_github_python_humanize_humanize_2968d44280a6,real_swe_executable_anchor_controlled,medium,schema_json_contract,real_swe_non_frontier,rolling_summary,rolling,300,1,2026-06-19T06:37:53.579907+00:00,2026-06-19T06:38:59.303917+00:00,2026-06-19T06:38:10.719833+00:00,2026-06-19T06:38:59.301127+00:00,46.574,0c34b9d65f290c5ae1f69df62f807131b12af880fb7f25e76a971df0793a03fe,7d89808157fd0513606746fa4b35f9493764ee4c120600c45e1d0d94b5b35680,2b8d54b172b2fe3b62220252d612c8f62cddb7b7e3ed8b9bc4d31ce97df85c30,7bfa597a2d2f7bca53e5f16aa01270670fff88f80c8ef48c9909e7344c3d74d9,a03ed1654d0d194e51248b00c0370a31310532b516aba6e6c49fa254419c4d94,de47decc1628eb13d5a599547410eb97aaf08bd06ba7477d87d058d823f52970,b690d62b4090b62a2cf7d1b4a3767a58ef5c63bc1fc97ad37137285b015d251b,b690d62b4090b62a2cf7d1b4a3767a58ef5c63bc1fc97ad37137285b015d251b,b690d62b4090b62a2cf7d1b4a3767a58ef5c63bc1fc97ad37137285b015d251b,30d3d71633ff14de49ad9550510b976ec8183c6360975bf162bba33bf31b4a79,direct_provider,deepseek,https://api.deepseek.com,deepseek-v4-pro,https://api.deepseek.com/chat/completions,deepseek-v4-pro,6ee216f9d4faf87a50c2035857e452e29092a4e33be1d1d56250593d205fc57c,280a143650cd712edef7ec4e2d002a65425d54fbb6e2d57383993932d4c7ffb7,732540d4d91cbaf77c5d80073d4d09740fd99c7f0d728d9f161b53753b90f6cd,explicit,0,4096,omitted,,omitted,,omitted,,omitted,,omitted,,omitted,,omitted,,omitted,,omitted,,False,thinking.type=disabled,ffe557f53c63f7d0f7e35f80c03f61d8b3548db9e4f51e8dda020b28a920d875,provider_not_exposed,provider_not_exposed,False,,False,False,False,disabled,,stop;stop;stop;stop;stop;stop,stop;stop;stop;stop;stop;stop,2378,728,1,0,,0,"[""REQ_42_B2CWM43F"", ""LOCK_42_F34MW"", ""SCOPE_42_CWM43"", ""CHECK_42_2CWM4""]",[],0,[],0,[],0,[],0,1,RemoteDisconnected: Remote end closed connection without response,rerun_required,backend_error,ccb52dacc134800ca97738c78de4e55565db3063325c21bf00a0ef6cb37e45b6,6394316291e7ee00999e5f948c9336e51d9b0d3d72d48bdd23a826c22178518c,b5e1cab8a62be36568379c584d0f3b5090d19babd73ce8d60129a9ab67ab96ee,6c30183796744f7820bf08ba56241bfe3768133607408d91728aa2acfa69f735,015065a19fd23d8bc11d99b57a39e1d9af1c86f9e4412a312ed2c0dbea5ec711,released_raw_outputs/model_outputs/_probe_ecvs_deepseek_v4pro_frontier5_realswe5_rolling_react_reflection_10task_3method_3budget_1run/deepseek/rolling_summary__final_main_v1_42_real_swe_fresh_github_python_humanize_humanize_2968d44280a6__run_1__budget_300.jsonl,7,e6802f7fd20df725f91d411e8b5198ecb0e735066c9870b645da5526b8c084f9,46a39f9c847bae1c8d19f19098867c122c56eb8fa924c3521f0f8464548eeb84,e161c291bbf8b1e0071c85df08fcd8a30d109d5ac6fcd9db546516774bc7e303
_probe_ecvs_deepseek_v4pro_frontier5_realswe5_rolling_react_reflection_10task_3method_3budget_1run:deepseek_v4pro:rolling_summary:final_main_v1_42_real_swe_fresh_github_python_humanize_humanize_2968d44280a6:budget_600:run_1,deepseek_v4pro,final_main_v1_42_real_swe_fresh_github_python_humanize_humanize_2968d44280a6,real_swe_executable_anchor_controlled,medium,schema_json_contract,real_swe_non_frontier,rolling_summary,rolling,600,1,2026-06-19T06:37:58.064622+00:00,2026-06-19T06:39:07.265532+00:00,2026-06-19T06:37:58.064749+00:00,2026-06-19T06:39:07.260083+00:00,34.024,0c34b9d65f290c5ae1f69df62f807131b12af880fb7f25e76a971df0793a03fe,7d89808157fd0513606746fa4b35f9493764ee4c120600c45e1d0d94b5b35680,2b8d54b172b2fe3b62220252d612c8f62cddb7b7e3ed8b9bc4d31ce97df85c30,7bfa597a2d2f7bca53e5f16aa01270670fff88f80c8ef48c9909e7344c3d74d9,1e0f130b1eaa5b64294ae982e88a08f98230d8a6a8edbbd20313bdcecf12e9ab,de47decc1628eb13d5a599547410eb97aaf08bd06ba7477d87d058d823f52970,b690d62b4090b62a2cf7d1b4a3767a58ef5c63bc1fc97ad37137285b015d251b,b690d62b4090b62a2cf7d1b4a3767a58ef5c63bc1fc97ad37137285b015d251b,b690d62b4090b62a2cf7d1b4a3767a58ef5c63bc1fc97ad37137285b015d251b,30d3d71633ff14de49ad9550510b976ec8183c6360975bf162bba33bf31b4a79,direct_provider,deepseek,https://api.deepseek.com,deepseek-v4-pro,https://api.deepseek.com/chat/completions,deepseek-v4-pro,6ee216f9d4faf87a50c2035857e452e29092a4e33be1d1d56250593d205fc57c,280a143650cd712edef7ec4e2d002a65425d54fbb6e2d57383993932d4c7ffb7,732540d4d91cbaf77c5d80073d4d09740fd99c7f0d728d9f161b53753b90f6cd,explicit,0,4096,omitted,,omitted,,omitted,,omitted,,omitted,,omitted,,omitted,,omitted,,omitted,,False,thinking.type=disabled,ffe557f53c63f7d0f7e35f80c03f61d8b3548db9e4f51e8dda020b28a920d875,provider_not_exposed,provider_not_exposed,False,,False,False,False,disabled,,stop;stop;stop;stop;stop;stop;stop;stop;stop;stop;stop;stop,stop;stop;stop;stop;stop;stop;stop;stop;stop;stop;stop;stop,6035,2347,1,1,,1,[],"[""REQ_42_B2CWM43F"", ""LOCK_42_F34MW"", ""SCOPE_42_CWM43"", ""CHECK_42_2CWM4""]",0,[],0,[],1,"[""tests/test_filesize.py"", ""tests/test_filesize.py""]",0,0,,clean,,6c11d3d03b96c27f9a6039d647f917bba8da5f7fab97918264127f6116aba453,c4475cc54749c345784cb2a3d36af25d3dd8319b32c88b46839b47282754b5c2,ef73915297a98e9ee1099583acdbfbd58f4892a3c4ec3b0fca02364148fb5d39,f4792e876ce39b6277cef21e86510043071eef961aa512794c92173aff89616c,b4ce16f12e27b9bed7c181639e9394fe07c4b2f7705690d6d4d05a72951cd5fb,released_raw_outputs/model_outputs/_probe_ecvs_deepseek_v4pro_frontier5_realswe5_rolling_react_reflection_10task_3method_3budget_1run/deepseek/rolling_summary__final_main_v1_42_real_swe_fresh_github_python_humanize_humanize_2968d44280a6__run_1__budget_600.jsonl,12,b9fbe5c45822b2d2f2d2ad71fabf0759430dcd69970fa5f385a0f920f0992c8d,bce4a83c198bb389e1f34496aa96ecf0c6841ab478072663bba5c632928a27ba,f6e569fb8b7b9cab5ef0af346fef16859d959431265ee7dbbb230e7249a2c205
_probe_ecvs_deepseek_v4pro_frontier5_realswe5_rolling_react_reflection_10task_3method_3budget_1run:deepseek_v4pro:rolling_summary:final_main_v1_43_real_swe_fresh_github_tkem_cachetools_18e5930ced2c:budget_1200:run_1,deepseek_v4pro,final_main_v1_43_real_swe_fresh_github_tkem_cachetools_18e5930ced2c,real_swe_executable_anchor_controlled,medium,permission_file_scope,real_swe_non_frontier,rolling_summary,rolling,1200,1,2026-06-19T06:40:11.636884+00:00,2026-06-19T06:40:47.336413+00:00,2026-06-19T06:40:11.636995+00:00,2026-06-19T06:40:47.334259+00:00,35.689,0c34b9d65f290c5ae1f69df62f807131b12af880fb7f25e76a971df0793a03fe,d9e9675215de871c2af384d309686cbb772789de049f42c9d1564e7d57913099,2b8d54b172b2fe3b62220252d612c8f62cddb7b7e3ed8b9bc4d31ce97df85c30,c768f371cfc52f66ed1cad659b640760266d0f35d570f68225f1714f23aa327d,620b58e5a98553029cd9340ac5f312069f703c5a01948f506e9cd97e394da2e6,de47decc1628eb13d5a599547410eb97aaf08bd06ba7477d87d058d823f52970,b690d62b4090b62a2cf7d1b4a3767a58ef5c63bc1fc97ad37137285b015d251b,b690d62b4090b62a2cf7d1b4a3767a58ef5c63bc1fc97ad37137285b015d251b,b690d62b4090b62a2cf7d1b4a3767a58ef5c63bc1fc97ad37137285b015d251b,30d3d71633ff14de49ad9550510b976ec8183c6360975bf162bba33bf31b4a79,direct_provider,deepseek,https://api.deepseek.com,deepseek-v4-pro,https://api.deepseek.com/chat/completions,deepseek-v4-pro,6ee216f9d4faf87a50c2035857e452e29092a4e33be1d1d56250593d205fc57c,280a143650cd712edef7ec4e2d002a65425d54fbb6e2d57383993932d4c7ffb7,732540d4d91cbaf77c5d80073d4d09740fd99c7f0d728d9f161b53753b90f6cd,explicit,0,4096,omitted,,omitted,,omitted,,omitted,,omitted,,omitted,,omitted,,omitted,,omitted,,False,thinking.type=disabled,ffe557f53c63f7d0f7e35f80c03f61d8b3548db9e4f51e8dda020b28a920d875,provider_not_exposed,provider_not_exposed,False,,False,False,False,disabled,,stop;stop;stop;stop;stop;stop;stop;stop;stop,stop;stop;stop;stop;stop;stop;stop;stop;stop,5557,2275,0,1,,0,"[""REQ_43_ZK3ZLG6P""]","[""LOCK_43_P6GLZ"", ""SCOPE_43_3ZLG6"", ""CHECK_43_K3ZLG""]",0,[],0,[],0,[],0,0,,clean,,b6e7fc902243921f4321ed85f691c191e476d559c24045a1e34bece66f0fbd8a,3d8e0d52cffca31ef15cb492edb551f3a3c87f593804e89cc89cf546870689ae,0ef8b1c59271ac8ec8788bff7b3d8126ace8f2383cd0fe094326bfed11f19578,513ad40bc60efeb7fc1f21eb472a414db2fa811227a58605c0ac5ca00be4a95b,08306947c0b4f3afc9b78e601627a2bbed4639ec56ffd747d39d2c3640b48f54,released_raw_outputs/model_outputs/_probe_ecvs_deepseek_v4pro_frontier5_realswe5_rolling_react_reflection_10task_3method_3budget_1run/deepseek/rolling_summary__final_main_v1_43_real_swe_fresh_github_tkem_cachetools_18e5930ced2c__run_1__budget_1200.jsonl,9,455b9266611e8864420cf2ffca4271952c86eefa0fe04956e743e4d90c7bfe47,95abac7317a0c5ec0f5898e00ac6733f2e186a1e3f6b5393afed70a766ee1438,db18fd13e9e3a97a70879cf56f7cb4ceed261dbf2fc7ff7fa983d993d50b40ce
_probe_ecvs_deepseek_v4pro_frontier5_realswe5_rolling_react_reflection_10task_3method_3budget_1run:deepseek_v4pro:rolling_summary:final_main_v1_43_real_swe_fresh_github_tkem_cachetools_18e5930ced2c:budget_300:run_1,deepseek_v4pro,final_main_v1_43_real_swe_fresh_github_tkem_cachetools_18e5930ced2c,real_swe_executable_anchor_controlled,medium,permission_file_scope,real_swe_non_frontier,rolling_summary,rolling,300,1,2026-06-19T06:39:49.307493+00:00,2026-06-19T06:40:57.331809+00:00,2026-06-19T06:39:49.307674+00:00,2026-06-19T06:40:57.330096+00:00,33.877,0c34b9d65f290c5ae1f69df62f807131b12af880fb7f25e76a971df0793a03fe,d9e9675215de871c2af384d309686cbb772789de049f42c9d1564e7d57913099,2b8d54b172b2fe3b62220252d612c8f62cddb7b7e3ed8b9bc4d31ce97df85c30,c768f371cfc52f66ed1cad659b640760266d0f35d570f68225f1714f23aa327d,0e5f63123a21d72048ce2da8c01698be755ff8a08e461ca3aed8fb1082bc8fcb,de47decc1628eb13d5a599547410eb97aaf08bd06ba7477d87d058d823f52970,b690d62b4090b62a2cf7d1b4a3767a58ef5c63bc1fc97ad37137285b015d251b,b690d62b4090b62a2cf7d1b4a3767a58ef5c63bc1fc97ad37137285b015d251b,b690d62b4090b62a2cf7d1b4a3767a58ef5c63bc1fc97ad37137285b015d251b,30d3d71633ff14de49ad9550510b976ec8183c6360975bf162bba33bf31b4a79,direct_provider,deepseek,https://api.deepseek.com,deepseek-v4-pro,https://api.deepseek.com/chat/completions,deepseek-v4-pro,6ee216f9d4faf87a50c2035857e452e29092a4e33be1d1d56250593d205fc57c,280a143650cd712edef7ec4e2d002a65425d54fbb6e2d57383993932d4c7ffb7,732540d4d91cbaf77c5d80073d4d09740fd99c7f0d728d9f161b53753b90f6cd,explicit,0,4096,omitted,,omitted,,omitted,,omitted,,omitted,,omitted,,omitted,,omitted,,omitted,,False,thinking.type=disabled,ffe557f53c63f7d0f7e35f80c03f61d8b3548db9e4f51e8dda020b28a920d875,provider_not_exposed,provider_not_exposed,False,,False,False,False,disabled,,stop;stop;stop;stop;stop;stop;stop;stop;stop;stop;stop;stop;stop;stop,stop;stop;stop;stop;stop;stop;stop;stop;stop;stop;stop;stop;stop;stop,5787,1819,1,1,,0,"[""REQ_43_ZK3ZLG6P""]","[""LOCK_43_P6GLZ"", ""SCOPE_43_3ZLG6"", ""CHECK_43_K3ZLG""]",0,[],0,[],1,"[""tests/test_cachedmethod.py"", ""tests/test_cachedmethod.py""]",0,0,,clean,,b77677dbfe2926f1b16594caba27b7f6fc98d34d8c0e84c4d55ec4d8b7685a91,b4d9743737f83baf0139fda3912d396e88530b9a2a766b10e43af94fd6f08c0a,141f21c9f45b8f44341a464161131be4e86f9dc57fa974405b231f06278dcdeb,abf69261fe3824d271a789e73ec72589bfbb94403bdb1359d9a1a73e7ff9b49b,8bb1ed8255373194143fc83560b061c2d9da690375f640276f49dece5f377d32,released_raw_outputs/model_outputs/_probe_ecvs_deepseek_v4pro_frontier5_realswe5_rolling_react_reflection_10task_3method_3budget_1run/deepseek/rolling_summary__final_main_v1_43_real_swe_fresh_github_tkem_cachetools_18e5930ced2c__run_1__budget_300.jsonl,14,b2b97ac91fb3677a9f292ffb80ea40062d7e924ed7058a7ef59f474b01ba0099,e5b93801401b089479895982f188af06ddb1e7569922a837cc8198f46f1b6050,8ab2d06a8048962b68d537d4441d659dc874dfa442c0bb7f8e14f0a4f9fb371c
_probe_ecvs_deepseek_v4pro_frontier5_realswe5_rolling_react_reflection_10task_3method_3budget_1run:deepseek_v4pro:rolling_summary:final_main_v1_43_real_swe_fresh_github_tkem_cachetools_18e5930ced2c:budget_600:run_1,deepseek_v4pro,final_main_v1_43_real_swe_fresh_github_tkem_cachetools_18e5930ced2c,real_swe_executable_anchor_controlled,medium,permission_file_scope,real_swe_non_frontier,rolling_summary,rolling,600,1,2026-06-19T06:39:56.357971+00:00,2026-06-19T06:40:35.232602+00:00,2026-06-19T06:39:56.358085+00:00,2026-06-19T06:40:35.227698+00:00,38.863,0c34b9d65f290c5ae1f69df62f807131b12af880fb7f25e76a971df0793a03fe,d9e9675215de871c2af384d309686cbb772789de049f42c9d1564e7d57913099,2b8d54b172b2fe3b62220252d612c8f62cddb7b7e3ed8b9bc4d31ce97df85c30,c768f371cfc52f66ed1cad659b640760266d0f35d570f68225f1714f23aa327d,7b14d61278c577331fc22b2cc48517b1dea3ad98c6561e7e7d1c94a6ac4711fc,de47decc1628eb13d5a599547410eb97aaf08bd06ba7477d87d058d823f52970,b690d62b4090b62a2cf7d1b4a3767a58ef5c63bc1fc97ad37137285b015d251b,b690d62b4090b62a2cf7d1b4a3767a58ef5c63bc1fc97ad37137285b015d251b,b690d62b4090b62a2cf7d1b4a3767a58ef5c63bc1fc97ad37137285b015d251b,30d3d71633ff14de49ad9550510b976ec8183c6360975bf162bba33bf31b4a79,direct_provider,deepseek,https://api.deepseek.com,deepseek-v4-pro,https://api.deepseek.com/chat/completions,deepseek-v4-pro,6ee216f9d4faf87a50c2035857e452e29092a4e33be1d1d56250593d205fc57c,280a143650cd712edef7ec4e2d002a65425d54fbb6e2d57383993932d4c7ffb7,732540d4d91cbaf77c5d80073d4d09740fd99c7f0d728d9f161b53753b90f6cd,explicit,0,4096,omitted,,omitted,,omitted,,omitted,,omitted,,omitted,,omitted,,omitted,,omitted,,False,thinking.type=disabled,ffe557f53c63f7d0f7e35f80c03f61d8b3548db9e4f51e8dda020b28a920d875,provider_not_exposed,provider_not_exposed,False,,False,False,False,disabled,,stop;stop;stop;stop;stop;stop;stop;stop;stop;stop;stop;stop,stop;stop;stop;stop;stop;stop;stop;stop;stop;stop;stop;stop,6049,2396,1,1,,0,"[""REQ_43_ZK3ZLG6P"", ""LOCK_43_P6GLZ"", ""SCOPE_43_3ZLG6"", ""CHECK_43_K3ZLG""]",[],0,[],0,[],0,[],0,0,,clean,,ed1b28789f6bfbc5879d28d54be99226bebd7fc049ba0b165c32adcd4e875e1e,7a87420c54b1c78fec9f15e44e1c20bb449ed3c454389a4f9eb7019911cdad70,929ed825b0f844f97799e2a9db6a8af0ba5358649f68084b5188b09759502077,4e76e23a91115b9495848a7b9753de982fa4b3be64301ecff1af947ba89fc6a7,34cb0707c0d2d9680683195d4e7691aea66d54a5a72d0b6ccb3f3514cc5cd078,released_raw_outputs/model_outputs/_probe_ecvs_deepseek_v4pro_frontier5_realswe5_rolling_react_reflection_10task_3method_3budget_1run/deepseek/rolling_summary__final_main_v1_43_real_swe_fresh_github_tkem_cachetools_18e5930ced2c__run_1__budget_600.jsonl,12,674f228536b6df28d9b27598a8fa8eba2bd75e993944f2adb9b030737b8de33d,cf05787c23330feaccf94a14e1f8d05a0e76c4a58d4094d77f4d56b00e325eb6,a356d4eaad74abc1734bd6488e8cb6f70368792f591a1286557069a5f92b46e3
_probe_ecvs_deepseek_v4pro_frontier5_realswe5_rolling_react_reflection_10task_3method_3budget_1run:deepseek_v4pro:rolling_summary:final_main_v1_44_real_swe_fresh_github_jpadilla_pyjwt_c8ab900b831c:budget_1200:run_1,deepseek_v4pro,final_main_v1_44_real_swe_fresh_github_jpadilla_pyjwt_c8ab900b831c,real_swe_executable_anchor_controlled,hard,dependency_import_consistency,real_swe_non_frontier,rolling_summary,rolling,1200,1,2026-06-19T06:37:11.814208+00:00,2026-06-19T06:37:53.579017+00:00,2026-06-19T06:37:11.814303+00:00,2026-06-19T06:37:53.574735+00:00,41.751,0c34b9d65f290c5ae1f69df62f807131b12af880fb7f25e76a971df0793a03fe,2ec351c87e7db636e065cb1ab54565df6bdda033975a41c3e3fe88954a636c6b,2b8d54b172b2fe3b62220252d612c8f62cddb7b7e3ed8b9bc4d31ce97df85c30,5a40bea2f6aff56cf0251a9521c848350d5c35a4749294432de252a86b2e97df,0327aadbd3035a7c8272ee215f40a5d2b83bce2e952ef5eea4096688a3d57c41,de47decc1628eb13d5a599547410eb97aaf08bd06ba7477d87d058d823f52970,b690d62b4090b62a2cf7d1b4a3767a58ef5c63bc1fc97ad37137285b015d251b,b690d62b4090b62a2cf7d1b4a3767a58ef5c63bc1fc97ad37137285b015d251b,b690d62b4090b62a2cf7d1b4a3767a58ef5c63bc1fc97ad37137285b015d251b,30d3d71633ff14de49ad9550510b976ec8183c6360975bf162bba33bf31b4a79,direct_provider,deepseek,https://api.deepseek.com,deepseek-v4-pro,https://api.deepseek.com/chat/completions,deepseek-v4-pro,6ee216f9d4faf87a50c2035857e452e29092a4e33be1d1d56250593d205fc57c,280a143650cd712edef7ec4e2d002a65425d54fbb6e2d57383993932d4c7ffb7,732540d4d91cbaf77c5d80073d4d09740fd99c7f0d728d9f161b53753b90f6cd,explicit,0,4096,omitted,,omitted,,omitted,,omitted,,omitted,,omitted,,omitted,,omitted,,omitted,,False,thinking.type=disabled,ffe557f53c63f7d0f7e35f80c03f61d8b3548db9e4f51e8dda020b28a920d875,provider_not_exposed,provider_not_exposed,False,,False,False,False,disabled,,stop;stop;stop;stop;stop;stop;stop;stop;stop;stop;stop,stop;stop;stop;stop;stop;stop;stop;stop;stop;stop;stop,6547,2688,0,1,,0,"[""REQ_44_8QQN7FPY"", ""LOCK_44_YPF7N"", ""SCOPE_44_QN7FP"", ""CHECK_44_QQN7F"", ""ANCHOR_44_N7FPY""]",[],0,[],0,[],0,[],0,0,,clean,,764842a2c442d87b933cc005f8e60540363d7e5453b87693ad87d491bf10907c,3ca93f8c3ddfe4e321b4c7a7260c4aabc07e43f776a1adcf3145fbb3745c30ab,8dbfeabfe26c3b13018b90f03804b135d04d176f8658379809f77832529df681,0c03f6ec3933047cfb4d474fddd34e5aca7621e39ff9122aee8b2d6250ba1c6d,dadc28bd107192d550436e4dd42d18a59992d15feb2ca597863dd50e1a6f112c,released_raw_outputs/model_outputs/_probe_ecvs_deepseek_v4pro_frontier5_realswe5_rolling_react_reflection_10task_3method_3budget_1run/deepseek/rolling_summary__final_main_v1_44_real_swe_fresh_github_jpadilla_pyjwt_c8ab900b831c__run_1__budget_1200.jsonl,11,48cd89406571ee25baa70c0d7c26ace75228d7a04bedb8e2ad576ec9e4c45001,ff47f47da5530500806b3fde1bded9abbaf818291e088885206eaebc411a22ee,891732eeddb71a572c2d516ad540019fc7b0568fbae6c1656e432b9622ed0663
_probe_ecvs_deepseek_v4pro_frontier5_realswe5_rolling_react_reflection_10task_3method_3budget_1run:deepseek_v4pro:rolling_summary:final_main_v1_44_real_swe_fresh_github_jpadilla_pyjwt_c8ab900b831c:budget_300:run_1,deepseek_v4pro,final_main_v1_44_real_swe_fresh_github_jpadilla_pyjwt_c8ab900b831c,real_swe_executable_anchor_controlled,hard,dependency_import_consistency,real_swe_non_frontier,rolling_summary,rolling,300,1,2026-06-19T06:37:08.012142+00:00,2026-06-19T06:37:47.684325+00:00,2026-06-19T06:37:08.012252+00:00,2026-06-19T06:37:47.679082+00:00,39.652,0c34b9d65f290c5ae1f69df62f807131b12af880fb7f25e76a971df0793a03fe,2ec351c87e7db636e065cb1ab54565df6bdda033975a41c3e3fe88954a636c6b,2b8d54b172b2fe3b62220252d612c8f62cddb7b7e3ed8b9bc4d31ce97df85c30,5a40bea2f6aff56cf0251a9521c848350d5c35a4749294432de252a86b2e97df,3e513e9e4dcfad3f04a063225956413875652204948d4050113c02d65f770efc,de47decc1628eb13d5a599547410eb97aaf08bd06ba7477d87d058d823f52970,b690d62b4090b62a2cf7d1b4a3767a58ef5c63bc1fc97ad37137285b015d251b,b690d62b4090b62a2cf7d1b4a3767a58ef5c63bc1fc97ad37137285b015d251b,b690d62b4090b62a2cf7d1b4a3767a58ef5c63bc1fc97ad37137285b015d251b,30d3d71633ff14de49ad9550510b976ec8183c6360975bf162bba33bf31b4a79,direct_provider,deepseek,https://api.deepseek.com,deepseek-v4-pro,https://api.deepseek.com/chat/completions,deepseek-v4-pro,6ee216f9d4faf87a50c2035857e452e29092a4e33be1d1d56250593d205fc57c,280a143650cd712edef7ec4e2d002a65425d54fbb6e2d57383993932d4c7ffb7,732540d4d91cbaf77c5d80073d4d09740fd99c7f0d728d9f161b53753b90f6cd,explicit,0,4096,omitted,,omitted,,omitted,,omitted,,omitted,,omitted,,omitted,,omitted,,omitted,,False,thinking.type=disabled,ffe557f53c63f7d0f7e35f80c03f61d8b3548db9e4f51e8dda020b28a920d875,provider_not_exposed,provider_not_exposed,False,,False,False,False,disabled,,stop;stop;stop;stop;stop;stop;stop;stop;stop;stop;stop;stop;stop;stop;stop;stop;stop,stop;stop;stop;stop;stop;stop;stop;stop;stop;stop;stop;stop;stop;stop;stop;stop;stop,7083,2452,1,1,,0,"[""REQ_44_8QQN7FPY"", ""LOCK_44_YPF7N"", ""SCOPE_44_QN7FP"", ""CHECK_44_QQN7F"", ""ANCHOR_44_N7FPY""]",[],0,[],0,[],0,[],0,0,,clean,,c20554eefcb0b31267b622d08f43b03f108afa929531eb9cc9eaa50867676d83,d1fe3a46e83afb55c8f299400bfcc4bd93858cf105cd43a22941fa545f532f72,757ad06a2dffd473c2b9c8b88da28d0b762b4ea546d060e0e44a64955e0b1d49,bf931fbb0c6b20b28f1e2841b53d71ce4eb8315fe8babedfe819efc8d5c42f9e,09583453332f5ee72f6de681aaf0a67b88293ee101d705e1ab75bc5a57f35b8e,released_raw_outputs/model_outputs/_probe_ecvs_deepseek_v4pro_frontier5_realswe5_rolling_react_reflection_10task_3method_3budget_1run/deepseek/rolling_summary__final_main_v1_44_real_swe_fresh_github_jpadilla_pyjwt_c8ab900b831c__run_1__budget_300.jsonl,17,9136bb786ee087733a910c0b9a3d35c02a2af100acd8d1ae0f2f9efc7dec25d2,529c0724e1294ac24c4319824109e9f6cecfa05ec631e15fdc09214ea353478f,b74c7f57edb9b3c86fef2ae769fefb4fc20870efd4ade024916355c8ab9f3ed4
_probe_ecvs_deepseek_v4pro_frontier5_realswe5_rolling_react_reflection_10task_3method_3budget_1run:deepseek_v4pro:rolling_summary:final_main_v1_44_real_swe_fresh_github_jpadilla_pyjwt_c8ab900b831c:budget_600:run_1,deepseek_v4pro,final_main_v1_44_real_swe_fresh_github_jpadilla_pyjwt_c8ab900b831c,real_swe_executable_anchor_controlled,hard,dependency_import_consistency,real_swe_non_frontier,rolling_summary,rolling,600,1,2026-06-19T06:37:08.738460+00:00,2026-06-19T06:37:47.313981+00:00,2026-06-19T06:37:08.738524+00:00,2026-06-19T06:37:47.308117+00:00,38.562,0c34b9d65f290c5ae1f69df62f807131b12af880fb7f25e76a971df0793a03fe,2ec351c87e7db636e065cb1ab54565df6bdda033975a41c3e3fe88954a636c6b,2b8d54b172b2fe3b62220252d612c8f62cddb7b7e3ed8b9bc4d31ce97df85c30,5a40bea2f6aff56cf0251a9521c848350d5c35a4749294432de252a86b2e97df,e46e0b32190d92acbba0040c52d091cd6021b038142e8308d910afba69be50d7,de47decc1628eb13d5a599547410eb97aaf08bd06ba7477d87d058d823f52970,b690d62b4090b62a2cf7d1b4a3767a58ef5c63bc1fc97ad37137285b015d251b,b690d62b4090b62a2cf7d1b4a3767a58ef5c63bc1fc97ad37137285b015d251b,b690d62b4090b62a2cf7d1b4a3767a58ef5c63bc1fc97ad37137285b015d251b,30d3d71633ff14de49ad9550510b976ec8183c6360975bf162bba33bf31b4a79,direct_provider,deepseek,https://api.deepseek.com,deepseek-v4-pro,https://api.deepseek.com/chat/completions,deepseek-v4-pro,6ee216f9d4faf87a50c2035857e452e29092a4e33be1d1d56250593d205fc57c,280a143650cd712edef7ec4e2d002a65425d54fbb6e2d57383993932d4c7ffb7,732540d4d91cbaf77c5d80073d4d09740fd99c7f0d728d9f161b53753b90f6cd,explicit,0,4096,omitted,,omitted,,omitted,,omitted,,omitted,,omitted,,omitted,,omitted,,omitted,,False,thinking.type=disabled,ffe557f53c63f7d0f7e35f80c03f61d8b3548db9e4f51e8dda020b28a920d875,provider_not_exposed,provider_not_exposed,False,,False,False,False,disabled,,stop;stop;stop;stop;stop;stop;stop;stop;stop;stop;stop;stop,stop;stop;stop;stop;stop;stop;stop;stop;stop;stop;stop;stop,5989,2092,1,1,,1,[],"[""REQ_44_8QQN7FPY"", ""LOCK_44_YPF7N"", ""SCOPE_44_QN7FP"", ""CHECK_44_QQN7F"", ""ANCHOR_44_N7FPY""]",0,[],0,[],0,[],1,0,,clean,,c765c6a372b4fccd7bd429c0c09944a766583abc521d2caa84f834c2f1dc360a,5eea8ebe819061b70478641e5e3dbeb26adf65eea0642700b9c2453c3a88c18c,be7a1f61b409d91ec330d12a0e7f24f51e06eb619c8fc4f52508cd05b82ae6a6,d7efbdb495de83d2f81209f89bd5ddbcf8b494aa33d42947ca70f0ac9ba3746b,3ac5237a32cbfdc20e1583472a38df86f946ad43d5e508bf8c41417304ab6492,released_raw_outputs/model_outputs/_probe_ecvs_deepseek_v4pro_frontier5_realswe5_rolling_react_reflection_10task_3method_3budget_1run/deepseek/rolling_summary__final_main_v1_44_real_swe_fresh_github_jpadilla_pyjwt_c8ab900b831c__run_1__budget_600.jsonl,12,ec33197f85b6f470ea3e92b0f76767f2370bee1b2ba330378f2e1fdb01c5fc51,78aaed4c2c4edecf22ffeebd96714663a202166fcdc52b42f5f86d7c89d6f374,ee8279cf223f8a725ddfcc921540e07be0df916b54fb6f2dce520366559d1464
_probe_ecvs_deepseek_v4pro_frontier5_realswe5_rolling_react_reflection_10task_3method_3budget_1run:deepseek_v4pro:rolling_summary:final_main_v1_46_real_swe_fresh_github_jpadilla_pyjwt_0a99cc2427c7:budget_1200:run_1,deepseek_v4pro,final_main_v1_46_real_swe_fresh_github_jpadilla_pyjwt_0a99cc2427c7,real_swe_executable_anchor_controlled,hard,security_boundary,real_swe_non_frontier,rolling_summary,rolling,1200,1,2026-06-19T06:39:06.275529+00:00,2026-06-19T06:39:36.758219+00:00,2026-06-19T06:39:06.275718+00:00,2026-06-19T06:39:36.754414+00:00,30.473,0c34b9d65f290c5ae1f69df62f807131b12af880fb7f25e76a971df0793a03fe,b47fdc5a29ec2e4d8ea6996db655d63858924f3324db7676d76147c4dd07e610,2b8d54b172b2fe3b62220252d612c8f62cddb7b7e3ed8b9bc4d31ce97df85c30,872ae97b64fe0ebd139c17ccd41721fa87e11f5edfa8d00f1687a9bff4411513,7c4018c2a959c38baa7ad7763952127bc7b70d5ffebf8df17892b2e23e427f5a,de47decc1628eb13d5a599547410eb97aaf08bd06ba7477d87d058d823f52970,b690d62b4090b62a2cf7d1b4a3767a58ef5c63bc1fc97ad37137285b015d251b,b690d62b4090b62a2cf7d1b4a3767a58ef5c63bc1fc97ad37137285b015d251b,b690d62b4090b62a2cf7d1b4a3767a58ef5c63bc1fc97ad37137285b015d251b,30d3d71633ff14de49ad9550510b976ec8183c6360975bf162bba33bf31b4a79,direct_provider,deepseek,https://api.deepseek.com,deepseek-v4-pro,https://api.deepseek.com/chat/completions,deepseek-v4-pro,6ee216f9d4faf87a50c2035857e452e29092a4e33be1d1d56250593d205fc57c,280a143650cd712edef7ec4e2d002a65425d54fbb6e2d57383993932d4c7ffb7,732540d4d91cbaf77c5d80073d4d09740fd99c7f0d728d9f161b53753b90f6cd,explicit,0,4096,omitted,,omitted,,omitted,,omitted,,omitted,,omitted,,omitted,,omitted,,omitted,,False,thinking.type=disabled,ffe557f53c63f7d0f7e35f80c03f61d8b3548db9e4f51e8dda020b28a920d875,provider_not_exposed,provider_not_exposed,False,,False,False,False,disabled,,stop;stop;stop;stop;stop;stop;stop;stop;stop,stop;stop;stop;stop;stop;stop;stop;stop;stop,5405,1992,0,1,,1,[],"[""REQ_46_35AH5586"", ""LOCK_46_6855H"", ""SCOPE_46_AH558"", ""CHECK_46_5AH55"", ""ANCHOR_46_H5586""]",0,[],0,[],0,[],1,0,,clean,,51b888b4a111d521df9c7286fce2e1bab8c3bb9624ae52feead0a432abfefaac,b726cce7bebf9dae57a5f9498b8f12ace350ccb86f5d2f5b283ae4e57ed7e094,e12f13583079cb6bd81d8aa8ed5e2f8e733d115060aede4e7e85d80a33835abb,12000bc6bb5943dc8bab772068c7e376c89408923a684c5da638cba4544e0c03,3c2768d6874efeedb902d300de15d3f99bcb9fda3f3c11050cb2b328e36e7a74,released_raw_outputs/model_outputs/_probe_ecvs_deepseek_v4pro_frontier5_realswe5_rolling_react_reflection_10task_3method_3budget_1run/deepseek/rolling_summary__final_main_v1_46_real_swe_fresh_github_jpadilla_pyjwt_0a99cc2427c7__run_1__budget_1200.jsonl,9,39b15904310389a46eff4c95c88454e1f1b06f39c267d40d5d97fb6fcc98ae68,2853e8f7097d9013cbbd68357f502967d49fa847e753bb18c1b5afc02cc9ecee,577d3158ae3b6866b8f2c787e085104a9426fe9cfb3470ff06d491946e9eb457
_probe_ecvs_deepseek_v4pro_frontier5_realswe5_rolling_react_reflection_10task_3method_3budget_1run:deepseek_v4pro:rolling_summary:final_main_v1_46_real_swe_fresh_github_jpadilla_pyjwt_0a99cc2427c7:budget_300:run_1,deepseek_v4pro,final_main_v1_46_real_swe_fresh_github_jpadilla_pyjwt_0a99cc2427c7,real_swe_executable_anchor_controlled,hard,security_boundary,real_swe_non_frontier,rolling_summary,rolling,300,1,2026-06-19T06:38:59.848208+00:00,2026-06-19T06:40:16.404307+00:00,2026-06-19T06:38:59.848381+00:00,2026-06-19T06:40:16.398174+00:00,42.39,0c34b9d65f290c5ae1f69df62f807131b12af880fb7f25e76a971df0793a03fe,b47fdc5a29ec2e4d8ea6996db655d63858924f3324db7676d76147c4dd07e610,2b8d54b172b2fe3b62220252d612c8f62cddb7b7e3ed8b9bc4d31ce97df85c30,872ae97b64fe0ebd139c17ccd41721fa87e11f5edfa8d00f1687a9bff4411513,a900ad76668528be17a6a9d13376d98bc3c8373a840f5c4d121046add4297c56,de47decc1628eb13d5a599547410eb97aaf08bd06ba7477d87d058d823f52970,b690d62b4090b62a2cf7d1b4a3767a58ef5c63bc1fc97ad37137285b015d251b,b690d62b4090b62a2cf7d1b4a3767a58ef5c63bc1fc97ad37137285b015d251b,b690d62b4090b62a2cf7d1b4a3767a58ef5c63bc1fc97ad37137285b015d251b,30d3d71633ff14de49ad9550510b976ec8183c6360975bf162bba33bf31b4a79,direct_provider,deepseek,https://api.deepseek.com,deepseek-v4-pro,https://api.deepseek.com/chat/completions,deepseek-v4-pro,6ee216f9d4faf87a50c2035857e452e29092a4e33be1d1d56250593d205fc57c,280a143650cd712edef7ec4e2d002a65425d54fbb6e2d57383993932d4c7ffb7,732540d4d91cbaf77c5d80073d4d09740fd99c7f0d728d9f161b53753b90f6cd,explicit,0,4096,omitted,,omitted,,omitted,,omitted,,omitted,,omitted,,omitted,,omitted,,omitted,,False,thinking.type=disabled,ffe557f53c63f7d0f7e35f80c03f61d8b3548db9e4f51e8dda020b28a920d875,provider_not_exposed,provider_not_exposed,False,,False,False,False,disabled,,stop;stop;stop;stop;stop;stop;stop;stop;stop;stop;stop;stop;stop;stop;stop;stop;stop,stop;stop;stop;stop;stop;stop;stop;stop;stop;stop;stop;stop;stop;stop;stop;stop;stop,7206,2570,1,1,,0,"[""REQ_46_35AH5586"", ""LOCK_46_6855H"", ""SCOPE_46_AH558"", ""CHECK_46_5AH55"", ""ANCHOR_46_H5586""]",[],0,[],0,[],1,"[""tests/test_api_jwt.py"", ""tests/test_api_jwt.py""]",0,0,,clean,,fcbf205c8c1ffab72001d542c1d24d05729f4984b52d145e27d8ca85657f5cc3,2c2ad42f91cf3bacb89cf3a1a61e87be5e365ebc5cdb9df40343588de6b5d273,f416c9912fd3008156edfb392af793b425cb2fa14819a8e74fc819318b9eeb6c,139453ee5ff6c330ec8737cb966ae55e0c5b7ea4de48ce8aa159328c8d0ed101,6f4987ad64b6f7db6db9b7280ac499e7c9703f527f1e8096340d4d7253c302c1,released_raw_outputs/model_outputs/_probe_ecvs_deepseek_v4pro_frontier5_realswe5_rolling_react_reflection_10task_3method_3budget_1run/deepseek/rolling_summary__final_main_v1_46_real_swe_fresh_github_jpadilla_pyjwt_0a99cc2427c7__run_1__budget_300.jsonl,17,1d94e6325e61990c8cfa092c74b9a51443d1ac6d5a4f76e29a30f44db83b46cb,40b2f381ce3ee3e8d6574a0c45b7720d5476fccd743c1b18c61da5f1abc5d377,7c3dfca0a1956b65d62fcc3e3dfff257c3c2e24492f2ddf1991369ec2679a797
_probe_ecvs_deepseek_v4pro_frontier5_realswe5_rolling_react_reflection_10task_3method_3budget_1run:deepseek_v4pro:rolling_summary:final_main_v1_46_real_swe_fresh_github_jpadilla_pyjwt_0a99cc2427c7:budget_600:run_1,deepseek_v4pro,final_main_v1_46_real_swe_fresh_github_jpadilla_pyjwt_0a99cc2427c7,real_swe_executable_anchor_controlled,hard,security_boundary,real_swe_non_frontier,rolling_summary,rolling,600,1,2026-06-19T06:39:02.618218+00:00,2026-06-19T06:39:56.356821+00:00,2026-06-19T06:39:02.618340+00:00,2026-06-19T06:39:56.352133+00:00,36.651,0c34b9d65f290c5ae1f69df62f807131b12af880fb7f25e76a971df0793a03fe,b47fdc5a29ec2e4d8ea6996db655d63858924f3324db7676d76147c4dd07e610,2b8d54b172b2fe3b62220252d612c8f62cddb7b7e3ed8b9bc4d31ce97df85c30,872ae97b64fe0ebd139c17ccd41721fa87e11f5edfa8d00f1687a9bff4411513,39389d87cff4af13cd746f665adeb99b73e4fdb1d6f514897459de5716851b61,de47decc1628eb13d5a599547410eb97aaf08bd06ba7477d87d058d823f52970,b690d62b4090b62a2cf7d1b4a3767a58ef5c63bc1fc97ad37137285b015d251b,b690d62b4090b62a2cf7d1b4a3767a58ef5c63bc1fc97ad37137285b015d251b,b690d62b4090b62a2cf7d1b4a3767a58ef5c63bc1fc97ad37137285b015d251b,30d3d71633ff14de49ad9550510b976ec8183c6360975bf162bba33bf31b4a79,direct_provider,deepseek,https://api.deepseek.com,deepseek-v4-pro,https://api.deepseek.com/chat/completions,deepseek-v4-pro,6ee216f9d4faf87a50c2035857e452e29092a4e33be1d1d56250593d205fc57c,280a143650cd712edef7ec4e2d002a65425d54fbb6e2d57383993932d4c7ffb7,732540d4d91cbaf77c5d80073d4d09740fd99c7f0d728d9f161b53753b90f6cd,explicit,0,4096,omitted,,omitted,,omitted,,omitted,,omitted,,omitted,,omitted,,omitted,,omitted,,False,thinking.type=disabled,ffe557f53c63f7d0f7e35f80c03f61d8b3548db9e4f51e8dda020b28a920d875,provider_not_exposed,provider_not_exposed,False,,False,False,False,disabled,,stop;stop;stop;stop;stop;stop;stop;stop;stop;stop;stop;stop,stop;stop;stop;stop;stop;stop;stop;stop;stop;stop;stop;stop,6121,2191,1,1,,0,"[""REQ_46_35AH5586"", ""LOCK_46_6855H"", ""SCOPE_46_AH558"", ""CHECK_46_5AH55""]","[""ANCHOR_46_H5586""]",0,[],0,[],0,[],0,0,,clean,,873c0a501873436223defe4698ea2924dd43d7869305ed25acb7711c64048719,f3e6a519d62959c452490a3f30039b6ecfb0ebf16feff95e61cc279f6663a477,5b734de2af4e15f4e78963c4b15a9cd854e301a1cf6b03acfab2adf44ccbeb98,c45cf5cf66acc6777351c30c32a17efda57610dc047f57dc7d9ba9249477f847,20e03e1cb5c80f23559a58e2cf8268f1987ffca9f441e478b3b4ec2ff472f57f,released_raw_outputs/model_outputs/_probe_ecvs_deepseek_v4pro_frontier5_realswe5_rolling_react_reflection_10task_3method_3budget_1run/deepseek/rolling_summary__final_main_v1_46_real_swe_fresh_github_jpadilla_pyjwt_0a99cc2427c7__run_1__budget_600.jsonl,12,646999b41e03ec58adf00f84b94813f1a176db7f59bcf73cf087cf57371de0c9,9c2bef8accdf2009a0c764d5a32f970071c81b079efe571f537f73aa9bce726e,58bbe093ae7330859a870bf0dcd180b2443491e1f3694569d45be61b31d38558
