global_artifact_id,condition_id,task_id,source_type,difficulty_tier,task_family,selection_group,method,method_label,state_budget,run_index,run_started_at_utc,run_finished_at_utc,request_started_at_utc,request_finished_at_utc,latency_seconds,task_manifest_sha256,task_entry_sha256,scorer_oracle_manifest_sha256,scorer_oracle_sha256,prompt_hash,config_sha256,runner_sha256,parser_sha256,eval_harness_sha256,environment_hash_or_commit,requested_provider_or_access_path,provider,base_url,requested_model,selected_provider_or_endpoint,selected_model_or_returned_model,supported_parameter_snapshot_sha256,model_snapshot_proxy_sha256,decoding_parameter_freeze_sha256,temperature_send_mode,temperature_value,max_tokens,top_p_send_mode,top_p_value,top_k_send_mode,top_k_value,min_p_send_mode,min_p_value,top_a_send_mode,top_a_value,frequency_penalty_send_mode,frequency_penalty_value,presence_penalty_send_mode,presence_penalty_value,repetition_penalty_send_mode,repetition_penalty_value,stop_send_mode,stop_value_sha256,seed_send_mode,seed_value,stream,reasoning_disable_mode,reasoning_control_request_sha256,reasoning_tokens_observed,reasoning_tokens_source,reasoning_content_present,reasoning_content_sha256,fallback_enabled,tools_enabled,web_enabled,cache_policy,provider_not_exposed_fields,finish_reason,native_finish_reason,input_tokens,output_tokens,state_hard_cap_used,state_chars_before_budget,state_chars_after_budget,state_budget_violation,state_compaction_strategy,ssr_protocol_version,ssr_budget_native_compaction_used,ssr_priority_compaction_used,ssr_visible_allowed_candidates,ssr_out_tokens_before_compaction,ssr_out_tokens_after_compaction,ssr_visible_candidates_preserved_in_state,ssr_visible_candidates_missing_from_state,compiled_ssr_fields_sha256,final_json_parse_success,final_json_parse_error,final_exact_success,missing_exact_tokens,present_exact_tokens,forbidden_token_leakage,forbidden_token_hits,forbidden_action_violation,forbidden_action_hits,boundary_violation,boundary_violation_hits,reliable_success,backend_error,backend_error_brief,gate_status,gate_reason,request_hash,response_metadata_sha256,usage_metadata_sha256,raw_response_sha256,parsed_output_sha256,private_raw_ref,private_raw_line_count,metric_record_sha256,manifest_entry_hash,h5_chain_hash
_probe_ecvs_deepseek_v4pro_frontier5_realswe5_mature_ssr_10task_2method_3budget_1run:deepseek_v4pro:ssr_loop:final_main_v1_18_actual_frontier_diagnostic_test_integrity:budget_1200:run_1,deepseek_v4pro,final_main_v1_18_actual_frontier_diagnostic_test_integrity,diagnostic_controlled,frontier_hard,test_integrity,frontier_hard_non_real,ssr_loop,ssr_loop,1200,1,2026-06-19T07:42:56.801303+00:00,2026-06-19T07:43:34.484241+00:00,2026-06-19T07:42:56.801369+00:00,2026-06-19T07:43:34.483196+00:00,37.673,0c34b9d65f290c5ae1f69df62f807131b12af880fb7f25e76a971df0793a03fe,a3e3bfd0c5952ef5854a04d4f2333de4afafd36743ef6b5c62318280826d318d,2b8d54b172b2fe3b62220252d612c8f62cddb7b7e3ed8b9bc4d31ce97df85c30,aed6cda60eecbe60e8b54994849d3c5d0450d2dd16c19a2950b5a4f89b962a70,b4014d3027870f21a168ac25654c319880a3bc035957f8c9fd17c7d6f9437eb5,b1ff25252c724238518b136c1874ef31af83785721c342cd85dded9c9898513e,516aae77011e73621a2cf8ef4ab7fdf9037da06a2c43d94b165b5ffbd27c8376,516aae77011e73621a2cf8ef4ab7fdf9037da06a2c43d94b165b5ffbd27c8376,516aae77011e73621a2cf8ef4ab7fdf9037da06a2c43d94b165b5ffbd27c8376,b9b794241e72f572240582b255743f7610f98bd383c4d77ce21225edf02b4a6c,direct_provider,deepseek,https://api.deepseek.com,deepseek-v4-pro,https://api.deepseek.com/chat/completions,deepseek-v4-pro,53564c95d49bfa46ffa65801037a10ea6b462e0880a1ad4c58eb3cb13ee35b10,f999812d4a697d6f4b7cb0c5ac103c6b477e9d737a3926c79677c0a14b16aed5,732540d4d91cbaf77c5d80073d4d09740fd99c7f0d728d9f161b53753b90f6cd,explicit,0,4096,omitted,,omitted,,omitted,,omitted,,omitted,,omitted,,omitted,,omitted,,omitted,,False,thinking.type=disabled,ffe557f53c63f7d0f7e35f80c03f61d8b3548db9e4f51e8dda020b28a920d875,provider_not_exposed,provider_not_exposed,False,,False,False,False,disabled,,stop;stop;stop;stop;stop;stop;stop;stop;stop;stop;stop;stop;stop,stop;stop;stop;stop;stop;stop;stop;stop;stop;stop;stop;stop;stop,8143,2062,0,555,301,0,ssr_priority_compactor,mature_ssr_protocol_v1_ecvs_safe_visible_only,1,1,9,0,9,9,0,906ab2fa5a952371c446fcb32ca729f45237b4795fbb0b19be59444b37ea862e,1,,1,[],"[""REQ_18_96MH7JVM"", ""LOCK_18_MVJ7H"", ""SCOPE_18_MH7JV"", ""CHECK_18_6MH7J"", ""ANCHOR_18_H7JVM"", ""EDGE_18_7JVM"", ""FRONTIER_18_MVJ7HM"", ""MERGE_18_96MVM"", ""VERIFY_18_H7JVM""]",0,[],0,[],0,[],1,0,,clean,,3ec220efa00e9611d183bc4f2549a8b7cf581fd88668b45c95f391698db15e19,0829fda7413886e7f12ee0dc2c395577c559bdbf188d37c2f88a57900b74d1fc,e6987ed8e73da2727567e87bca092c0a9ba214084b30e666b4a6e7783a4c95f0,2bbac746353b9b53e9a74e013278d723ccbc047010ceaa696f96c6c808edc95c,0e62e705314a23c9f0c005816bfd0badb633b8cb90ecd6ae9063f23d177e7173,released_raw_outputs/model_outputs/_probe_ecvs_deepseek_v4pro_frontier5_realswe5_mature_ssr_10task_2method_3budget_1run/deepseek/ssr_loop__final_main_v1_18_actual_frontier_diagnostic_test_integrity__run_1__budget_1200.jsonl,13,0fec0ad98359679276370572f5fe0e683542e02ddfc9f5cb7fbedd9ca0bd61a4,e8c20a44c736f653cbb661d2be34245df3d26184f8d6e1ffa806f7d112ed1ac1,df3e21ea0abd7bdd81c816d9dc20c7493a4a7fcfb518098841d0971aa129cd21
_probe_ecvs_deepseek_v4pro_frontier5_realswe5_mature_ssr_10task_2method_3budget_1run:deepseek_v4pro:ssr_loop:final_main_v1_18_actual_frontier_diagnostic_test_integrity:budget_300:run_1,deepseek_v4pro,final_main_v1_18_actual_frontier_diagnostic_test_integrity,diagnostic_controlled,frontier_hard,test_integrity,frontier_hard_non_real,ssr_loop,ssr_loop,300,1,2026-06-19T07:42:51.735332+00:00,2026-06-19T07:43:27.014151+00:00,2026-06-19T07:42:51.735437+00:00,2026-06-19T07:43:27.011480+00:00,35.263,0c34b9d65f290c5ae1f69df62f807131b12af880fb7f25e76a971df0793a03fe,a3e3bfd0c5952ef5854a04d4f2333de4afafd36743ef6b5c62318280826d318d,2b8d54b172b2fe3b62220252d612c8f62cddb7b7e3ed8b9bc4d31ce97df85c30,aed6cda60eecbe60e8b54994849d3c5d0450d2dd16c19a2950b5a4f89b962a70,7627e4660733173e3c672b9f56cce83ccd9a2f329726c11ee4f07f22b245b93f,b1ff25252c724238518b136c1874ef31af83785721c342cd85dded9c9898513e,516aae77011e73621a2cf8ef4ab7fdf9037da06a2c43d94b165b5ffbd27c8376,516aae77011e73621a2cf8ef4ab7fdf9037da06a2c43d94b165b5ffbd27c8376,516aae77011e73621a2cf8ef4ab7fdf9037da06a2c43d94b165b5ffbd27c8376,b9b794241e72f572240582b255743f7610f98bd383c4d77ce21225edf02b4a6c,direct_provider,deepseek,https://api.deepseek.com,deepseek-v4-pro,https://api.deepseek.com/chat/completions,deepseek-v4-pro,53564c95d49bfa46ffa65801037a10ea6b462e0880a1ad4c58eb3cb13ee35b10,f999812d4a697d6f4b7cb0c5ac103c6b477e9d737a3926c79677c0a14b16aed5,732540d4d91cbaf77c5d80073d4d09740fd99c7f0d728d9f161b53753b90f6cd,explicit,0,4096,omitted,,omitted,,omitted,,omitted,,omitted,,omitted,,omitted,,omitted,,omitted,,False,thinking.type=disabled,ffe557f53c63f7d0f7e35f80c03f61d8b3548db9e4f51e8dda020b28a920d875,provider_not_exposed,provider_not_exposed,False,,False,False,False,disabled,,stop;stop;stop;stop;stop;stop;stop;stop;stop;stop;stop;stop;stop,stop;stop;stop;stop;stop;stop;stop;stop;stop;stop;stop;stop;stop,8102,1574,0,426,276,1,ssr_priority_compactor,mature_ssr_protocol_v1_ecvs_safe_visible_only,1,1,9,0,9,9,0,d26134bf0d813dc1030cdda95454b310ea538fcbb3934ba63c43bf142c2ab2f2,1,,1,[],"[""REQ_18_96MH7JVM"", ""LOCK_18_MVJ7H"", ""SCOPE_18_MH7JV"", ""CHECK_18_6MH7J"", ""ANCHOR_18_H7JVM"", ""EDGE_18_7JVM"", ""FRONTIER_18_MVJ7HM"", ""MERGE_18_96MVM"", ""VERIFY_18_H7JVM""]",0,[],0,[],0,[],1,0,,clean,,0fff3a787159731fba0be915100ed4436df727658b4c55fa4b77b2bb7ad3a7fa,71f16c25211327c2c64b43a68fc337a56cf85379ce15182372d2d4ce39d44676,c79136b340c5f7bf4b4f1d0c76320079dc1f7b9b60fced87c3a1e9bea0fecb14,81bd3b05dc3e40b8477fcc0ccba15cf06efa437527f18b1219c803151eefb076,dbd42e4296e9086158919c110e5edc8cede1641bc4fa66550c07a7d7333b9f4e,released_raw_outputs/model_outputs/_probe_ecvs_deepseek_v4pro_frontier5_realswe5_mature_ssr_10task_2method_3budget_1run/deepseek/ssr_loop__final_main_v1_18_actual_frontier_diagnostic_test_integrity__run_1__budget_300.jsonl,13,1e2db62ff427e8bf071af4532769976bd371435a07aca979dd529b7a2af4d34f,2c3d0151a2060e7dd169a2814fb5a29184238337e0bea7d50197a48311d9d28d,a4af81ce2c8e32e2cc1f9796cbc46ef3a92ea1f6159fca316987dade570e2689
_probe_ecvs_deepseek_v4pro_frontier5_realswe5_mature_ssr_10task_2method_3budget_1run:deepseek_v4pro:ssr_loop:final_main_v1_18_actual_frontier_diagnostic_test_integrity:budget_600:run_1,deepseek_v4pro,final_main_v1_18_actual_frontier_diagnostic_test_integrity,diagnostic_controlled,frontier_hard,test_integrity,frontier_hard_non_real,ssr_loop,ssr_loop,600,1,2026-06-19T07:42:56.664347+00:00,2026-06-19T07:43:31.221272+00:00,2026-06-19T07:42:56.664414+00:00,2026-06-19T07:43:31.220024+00:00,34.55,0c34b9d65f290c5ae1f69df62f807131b12af880fb7f25e76a971df0793a03fe,a3e3bfd0c5952ef5854a04d4f2333de4afafd36743ef6b5c62318280826d318d,2b8d54b172b2fe3b62220252d612c8f62cddb7b7e3ed8b9bc4d31ce97df85c30,aed6cda60eecbe60e8b54994849d3c5d0450d2dd16c19a2950b5a4f89b962a70,d852f3093354d4c3cb92105da33e1194ac7cd5c1ca0508ac98eb12e4b65543fb,b1ff25252c724238518b136c1874ef31af83785721c342cd85dded9c9898513e,516aae77011e73621a2cf8ef4ab7fdf9037da06a2c43d94b165b5ffbd27c8376,516aae77011e73621a2cf8ef4ab7fdf9037da06a2c43d94b165b5ffbd27c8376,516aae77011e73621a2cf8ef4ab7fdf9037da06a2c43d94b165b5ffbd27c8376,b9b794241e72f572240582b255743f7610f98bd383c4d77ce21225edf02b4a6c,direct_provider,deepseek,https://api.deepseek.com,deepseek-v4-pro,https://api.deepseek.com/chat/completions,deepseek-v4-pro,53564c95d49bfa46ffa65801037a10ea6b462e0880a1ad4c58eb3cb13ee35b10,f999812d4a697d6f4b7cb0c5ac103c6b477e9d737a3926c79677c0a14b16aed5,732540d4d91cbaf77c5d80073d4d09740fd99c7f0d728d9f161b53753b90f6cd,explicit,0,4096,omitted,,omitted,,omitted,,omitted,,omitted,,omitted,,omitted,,omitted,,omitted,,False,thinking.type=disabled,ffe557f53c63f7d0f7e35f80c03f61d8b3548db9e4f51e8dda020b28a920d875,provider_not_exposed,provider_not_exposed,False,,False,False,False,disabled,,stop;stop;stop;stop;stop;stop;stop;stop;stop;stop;stop;stop;stop,stop;stop;stop;stop;stop;stop;stop;stop;stop;stop;stop;stop;stop,8118,1918,0,436,301,0,ssr_priority_compactor,mature_ssr_protocol_v1_ecvs_safe_visible_only,1,1,9,0,9,9,0,906ab2fa5a952371c446fcb32ca729f45237b4795fbb0b19be59444b37ea862e,1,,1,[],"[""REQ_18_96MH7JVM"", ""LOCK_18_MVJ7H"", ""SCOPE_18_MH7JV"", ""CHECK_18_6MH7J"", ""ANCHOR_18_H7JVM"", ""EDGE_18_7JVM"", ""FRONTIER_18_MVJ7HM"", ""MERGE_18_96MVM"", ""VERIFY_18_H7JVM""]",0,[],0,[],0,[],1,0,,clean,,ac821e0ec4160a3cb9ee1d8d3d895453cb31a718c933e23f53f59c59a1061b2e,6e8446bffad4d30581c6601fe1df12867f41cfc86dc36830858b5d6f9814d010,eef7f13470b330591734b7a8b20b8b2566a6ab50e0ac6b11e66a087dd82f917c,efe619992c34aabb8deaec1c264a167c68d6a5aefcd00b80fe7b61091d8ed9cb,c0eba1549cc75670f900d883601384b394a63ec741339dc70c3d0e68befb6743,released_raw_outputs/model_outputs/_probe_ecvs_deepseek_v4pro_frontier5_realswe5_mature_ssr_10task_2method_3budget_1run/deepseek/ssr_loop__final_main_v1_18_actual_frontier_diagnostic_test_integrity__run_1__budget_600.jsonl,13,4497479b96bc2f57373f05346d9ebce7aaa6ba2d6bc7fd312259772f20c44c98,5c1cb77734a7302b4f1014a780c101784dcfe2f1957e4bed2648add3081c0a72,8c46f024c4ea56624cbba7c384fe25c8713f017e744802953c500b736b1b3be1
_probe_ecvs_deepseek_v4pro_frontier5_realswe5_mature_ssr_10task_2method_3budget_1run:deepseek_v4pro:ssr_loop:final_main_v1_19_actual_frontier_diagnostic_workflow_alias_binding:budget_1200:run_1,deepseek_v4pro,final_main_v1_19_actual_frontier_diagnostic_workflow_alias_binding,diagnostic_controlled,frontier_hard,workflow_alias_binding,frontier_hard_non_real,ssr_loop,ssr_loop,1200,1,2026-06-19T07:41:08.524298+00:00,2026-06-19T07:42:04.771936+00:00,2026-06-19T07:41:08.524342+00:00,2026-06-19T07:42:04.770812+00:00,39.163,0c34b9d65f290c5ae1f69df62f807131b12af880fb7f25e76a971df0793a03fe,6579a56c7897e95a3900dc8068609a2a881dcb803ecfc2072159592acaa394a6,2b8d54b172b2fe3b62220252d612c8f62cddb7b7e3ed8b9bc4d31ce97df85c30,815e3b10a3a7beb2e4ae7239ac55650d0a2c9a8dc6ccbdeb1f2cfeddc3f54276,dc8300e0de71b13f197a0a6370921d20cd69de5ea1c2bddefb3f4b4811d0e3fb,b1ff25252c724238518b136c1874ef31af83785721c342cd85dded9c9898513e,516aae77011e73621a2cf8ef4ab7fdf9037da06a2c43d94b165b5ffbd27c8376,516aae77011e73621a2cf8ef4ab7fdf9037da06a2c43d94b165b5ffbd27c8376,516aae77011e73621a2cf8ef4ab7fdf9037da06a2c43d94b165b5ffbd27c8376,b9b794241e72f572240582b255743f7610f98bd383c4d77ce21225edf02b4a6c,direct_provider,deepseek,https://api.deepseek.com,deepseek-v4-pro,https://api.deepseek.com/chat/completions,deepseek-v4-pro,53564c95d49bfa46ffa65801037a10ea6b462e0880a1ad4c58eb3cb13ee35b10,f999812d4a697d6f4b7cb0c5ac103c6b477e9d737a3926c79677c0a14b16aed5,732540d4d91cbaf77c5d80073d4d09740fd99c7f0d728d9f161b53753b90f6cd,explicit,0,4096,omitted,,omitted,,omitted,,omitted,,omitted,,omitted,,omitted,,omitted,,omitted,,False,thinking.type=disabled,ffe557f53c63f7d0f7e35f80c03f61d8b3548db9e4f51e8dda020b28a920d875,provider_not_exposed,provider_not_exposed,False,,False,False,False,disabled,,stop;stop;stop;stop;stop;stop;stop;stop;stop;stop;stop;stop;stop,stop;stop;stop;stop;stop;stop;stop;stop;stop;stop;stop;stop;stop,8112,2272,0,663,301,0,ssr_priority_compactor,mature_ssr_protocol_v1_ecvs_safe_visible_only,1,1,9,0,9,9,0,a54a099a5e0838eec3f294ab900e17a0e22a15633e6f0e247d05513b6c1774e5,1,,1,[],"[""REQ_19_RWR38MD6"", ""LOCK_19_6DM83"", ""SCOPE_19_R38MD"", ""CHECK_19_WR38M"", ""ANCHOR_19_38MD6"", ""EDGE_19_8MD6"", ""FRONTIER_19_6DM83R"", ""MERGE_19_RWRD6"", ""VERIFY_19_38MD6""]",0,[],0,[],0,[],1,0,,clean,,876c38879c787e427a502347e7ae928a02871e6eed9fbf1660ef3fb4455c81a2,8cda259c5061dcfade5f502162d584fd50d8499bf94bcbc7108dbf40cfa0d31b,cb6af20e3b3fae9b7047600a36b60298e3e653fb06a706d38101ddcb167de081,364d76f014337092674ce98649bee01812c61c2736bce25c4e6bfdbbc2b61734,897ae8e77afbbdebb7b7ae6b21e71829142888dd35cf11f44ecda96b2f1701d4,released_raw_outputs/model_outputs/_probe_ecvs_deepseek_v4pro_frontier5_realswe5_mature_ssr_10task_2method_3budget_1run/deepseek/ssr_loop__final_main_v1_19_actual_frontier_diagnostic_workflow_alias_binding__run_1__budget_1200.jsonl,13,7cd9ea0b407359c277b70f5d43ecdc0cc321412b7fd9bbb78d89491e24e52841,bd838d7226dcdc6d9f0f97a3949f08af53d35b336786fc5af55170b1127fe7de,ba2447ff95aba7fff8a89091eae4a02934522158936e4aca7240763486b1d00a
_probe_ecvs_deepseek_v4pro_frontier5_realswe5_mature_ssr_10task_2method_3budget_1run:deepseek_v4pro:ssr_loop:final_main_v1_19_actual_frontier_diagnostic_workflow_alias_binding:budget_300:run_1,deepseek_v4pro,final_main_v1_19_actual_frontier_diagnostic_workflow_alias_binding,diagnostic_controlled,frontier_hard,workflow_alias_binding,frontier_hard_non_real,ssr_loop,ssr_loop,300,1,2026-06-19T07:41:08.523229+00:00,2026-06-19T07:42:11.554803+00:00,2026-06-19T07:41:08.523287+00:00,2026-06-19T07:42:11.551561+00:00,28.869,0c34b9d65f290c5ae1f69df62f807131b12af880fb7f25e76a971df0793a03fe,6579a56c7897e95a3900dc8068609a2a881dcb803ecfc2072159592acaa394a6,2b8d54b172b2fe3b62220252d612c8f62cddb7b7e3ed8b9bc4d31ce97df85c30,815e3b10a3a7beb2e4ae7239ac55650d0a2c9a8dc6ccbdeb1f2cfeddc3f54276,2e602d8c3939f276113e10d6f60795f9e4671e506f76fe1e5d9c767d82a68385,b1ff25252c724238518b136c1874ef31af83785721c342cd85dded9c9898513e,516aae77011e73621a2cf8ef4ab7fdf9037da06a2c43d94b165b5ffbd27c8376,516aae77011e73621a2cf8ef4ab7fdf9037da06a2c43d94b165b5ffbd27c8376,516aae77011e73621a2cf8ef4ab7fdf9037da06a2c43d94b165b5ffbd27c8376,b9b794241e72f572240582b255743f7610f98bd383c4d77ce21225edf02b4a6c,direct_provider,deepseek,https://api.deepseek.com,deepseek-v4-pro,https://api.deepseek.com/chat/completions,deepseek-v4-pro,53564c95d49bfa46ffa65801037a10ea6b462e0880a1ad4c58eb3cb13ee35b10,f999812d4a697d6f4b7cb0c5ac103c6b477e9d737a3926c79677c0a14b16aed5,732540d4d91cbaf77c5d80073d4d09740fd99c7f0d728d9f161b53753b90f6cd,explicit,0,4096,omitted,,omitted,,omitted,,omitted,,omitted,,omitted,,omitted,,omitted,,omitted,,False,thinking.type=disabled,ffe557f53c63f7d0f7e35f80c03f61d8b3548db9e4f51e8dda020b28a920d875,provider_not_exposed,provider_not_exposed,False,,False,False,False,disabled,,stop;stop;stop;stop;stop;stop;stop;stop;stop;stop;stop;stop;stop,stop;stop;stop;stop;stop;stop;stop;stop;stop;stop;stop;stop;stop,8071,1528,0,360,276,1,ssr_priority_compactor,mature_ssr_protocol_v1_ecvs_safe_visible_only,1,1,9,0,9,9,0,253076d8801dade3e5f628cf89924c3f02dd90f5d0426276051d37c89dca1487,1,,1,[],"[""REQ_19_RWR38MD6"", ""LOCK_19_6DM83"", ""SCOPE_19_R38MD"", ""CHECK_19_WR38M"", ""ANCHOR_19_38MD6"", ""EDGE_19_8MD6"", ""FRONTIER_19_6DM83R"", ""MERGE_19_RWRD6"", ""VERIFY_19_38MD6""]",0,[],0,[],0,[],1,0,,clean,,5106a44885ca0e90fda165648fe9dd2426798b52c3735fc715ec7c24dac07298,a3e61feec889f5eac2927f0b53ed4a8eb48254a1f92686ded4754091a3997f4a,caf017f1b5c5422fc13674bbf1f27cbb2b0d04d046fd23f3354450d56775a777,8b98d6994cca51416a00886e001e9da759909a229be69d81ab5fd98112155778,97308de1a593923bd0a6314e8429cf73b775620f7d96f284c73d292223d320a1,released_raw_outputs/model_outputs/_probe_ecvs_deepseek_v4pro_frontier5_realswe5_mature_ssr_10task_2method_3budget_1run/deepseek/ssr_loop__final_main_v1_19_actual_frontier_diagnostic_workflow_alias_binding__run_1__budget_300.jsonl,13,76d900ebbf17d04f0f8e1f0634f1fbea2a4022368fd2cffcee2b26087b83137b,41aef6fa7025374abff36f15fa6b6e9a7c87a35ba4c13cbe48173c8567d2a9b6,61f865e66034d6ad5b8401117e695a67f418f181f3af4b6f5e791a9dd9ac3798
_probe_ecvs_deepseek_v4pro_frontier5_realswe5_mature_ssr_10task_2method_3budget_1run:deepseek_v4pro:ssr_loop:final_main_v1_19_actual_frontier_diagnostic_workflow_alias_binding:budget_600:run_1,deepseek_v4pro,final_main_v1_19_actual_frontier_diagnostic_workflow_alias_binding,diagnostic_controlled,frontier_hard,workflow_alias_binding,frontier_hard_non_real,ssr_loop,ssr_loop,600,1,2026-06-19T07:41:08.523567+00:00,2026-06-19T07:41:59.737606+00:00,2026-06-19T07:41:08.523628+00:00,2026-06-19T07:41:59.735609+00:00,34.124,0c34b9d65f290c5ae1f69df62f807131b12af880fb7f25e76a971df0793a03fe,6579a56c7897e95a3900dc8068609a2a881dcb803ecfc2072159592acaa394a6,2b8d54b172b2fe3b62220252d612c8f62cddb7b7e3ed8b9bc4d31ce97df85c30,815e3b10a3a7beb2e4ae7239ac55650d0a2c9a8dc6ccbdeb1f2cfeddc3f54276,e315f2dc084e8476c48386787989bb9d9cae23d940f0c4256a18c953d3ab89dd,b1ff25252c724238518b136c1874ef31af83785721c342cd85dded9c9898513e,516aae77011e73621a2cf8ef4ab7fdf9037da06a2c43d94b165b5ffbd27c8376,516aae77011e73621a2cf8ef4ab7fdf9037da06a2c43d94b165b5ffbd27c8376,516aae77011e73621a2cf8ef4ab7fdf9037da06a2c43d94b165b5ffbd27c8376,b9b794241e72f572240582b255743f7610f98bd383c4d77ce21225edf02b4a6c,direct_provider,deepseek,https://api.deepseek.com,deepseek-v4-pro,https://api.deepseek.com/chat/completions,deepseek-v4-pro,53564c95d49bfa46ffa65801037a10ea6b462e0880a1ad4c58eb3cb13ee35b10,f999812d4a697d6f4b7cb0c5ac103c6b477e9d737a3926c79677c0a14b16aed5,732540d4d91cbaf77c5d80073d4d09740fd99c7f0d728d9f161b53753b90f6cd,explicit,0,4096,omitted,,omitted,,omitted,,omitted,,omitted,,omitted,,omitted,,omitted,,omitted,,False,thinking.type=disabled,ffe557f53c63f7d0f7e35f80c03f61d8b3548db9e4f51e8dda020b28a920d875,provider_not_exposed,provider_not_exposed,False,,False,False,False,disabled,,stop;stop;stop;stop;stop;stop;stop;stop;stop;stop;stop;stop;stop,stop;stop;stop;stop;stop;stop;stop;stop;stop;stop;stop;stop;stop,8087,1846,0,403,301,0,ssr_priority_compactor,mature_ssr_protocol_v1_ecvs_safe_visible_only,1,1,9,0,9,9,0,a54a099a5e0838eec3f294ab900e17a0e22a15633e6f0e247d05513b6c1774e5,1,,1,[],"[""REQ_19_RWR38MD6"", ""LOCK_19_6DM83"", ""SCOPE_19_R38MD"", ""CHECK_19_WR38M"", ""ANCHOR_19_38MD6"", ""EDGE_19_8MD6"", ""FRONTIER_19_6DM83R"", ""MERGE_19_RWRD6"", ""VERIFY_19_38MD6""]",0,[],0,[],0,[],1,0,,clean,,5b74c81af64436090a85161ecbca9e8eddb42add67050bd41fbb45201e2b231a,f80d71e13f107aa4026cf55236cda474e400763c737cd5470afa1ebb5bd663f1,6b6264f4ccc23146387ce592ca8e7821007c0b20007aa049371c36e2d344eba0,ab51c6935bb0a3cf18d486d7f9ea881f828e50b82b69ae6bedf90694633f38a4,13722e15183786a9907f51817e4de81220808349747880d5989f24f84f428a73,released_raw_outputs/model_outputs/_probe_ecvs_deepseek_v4pro_frontier5_realswe5_mature_ssr_10task_2method_3budget_1run/deepseek/ssr_loop__final_main_v1_19_actual_frontier_diagnostic_workflow_alias_binding__run_1__budget_600.jsonl,13,2ac1adb81ccfe3e75a851f351a039c46d4579d5d933175ca3ae2ef91a800f5e8,7ba32cb42210caf85b69aa087ba6c8242b74424662cd4a26b4e4758f1deeb5d7,0a9fd1a97f4d8e2714200a9772889f175224f2b56888cd5e4d3d2a1b9abc39f9
_probe_ecvs_deepseek_v4pro_frontier5_realswe5_mature_ssr_10task_2method_3budget_1run:deepseek_v4pro:ssr_loop:final_main_v1_38_actual_frontier_semi_real_test_integrity:budget_1200:run_1,deepseek_v4pro,final_main_v1_38_actual_frontier_semi_real_test_integrity,semi_real_repo_style_controlled,frontier_hard,test_integrity,frontier_hard_non_real,ssr_loop,ssr_loop,1200,1,2026-06-19T07:42:40.958002+00:00,2026-06-19T07:43:38.609074+00:00,2026-06-19T07:42:40.958053+00:00,2026-06-19T07:43:38.606777+00:00,39.56,0c34b9d65f290c5ae1f69df62f807131b12af880fb7f25e76a971df0793a03fe,a68f3e6971a7be1e1b3a858e23b1dd32192b9ce48794c4dc9c25af590da6df91,2b8d54b172b2fe3b62220252d612c8f62cddb7b7e3ed8b9bc4d31ce97df85c30,098fb4f511b4076eeccb81f537241bfe49d1e83c36c7c1fcab8b7db0d6fae317,b2b67430b07014c9c128a4c10cfd732abbebda0489df2cc7dc44fe205dfd1c3b,b1ff25252c724238518b136c1874ef31af83785721c342cd85dded9c9898513e,516aae77011e73621a2cf8ef4ab7fdf9037da06a2c43d94b165b5ffbd27c8376,516aae77011e73621a2cf8ef4ab7fdf9037da06a2c43d94b165b5ffbd27c8376,516aae77011e73621a2cf8ef4ab7fdf9037da06a2c43d94b165b5ffbd27c8376,b9b794241e72f572240582b255743f7610f98bd383c4d77ce21225edf02b4a6c,direct_provider,deepseek,https://api.deepseek.com,deepseek-v4-pro,https://api.deepseek.com/chat/completions,deepseek-v4-pro,53564c95d49bfa46ffa65801037a10ea6b462e0880a1ad4c58eb3cb13ee35b10,f999812d4a697d6f4b7cb0c5ac103c6b477e9d737a3926c79677c0a14b16aed5,732540d4d91cbaf77c5d80073d4d09740fd99c7f0d728d9f161b53753b90f6cd,explicit,0,4096,omitted,,omitted,,omitted,,omitted,,omitted,,omitted,,omitted,,omitted,,omitted,,False,thinking.type=disabled,ffe557f53c63f7d0f7e35f80c03f61d8b3548db9e4f51e8dda020b28a920d875,provider_not_exposed,provider_not_exposed,False,,False,False,False,disabled,,stop;stop;stop;stop;stop;stop;stop;stop;stop;stop;stop;stop;stop,stop;stop;stop;stop;stop;stop;stop;stop;stop;stop;stop;stop;stop,8079,2076,0,613,301,0,ssr_priority_compactor,mature_ssr_protocol_v1_ecvs_safe_visible_only,1,1,9,0,9,9,0,88630e5ed711dddf916fc3a55dc09912a150e25e5e7583025ea91d4272707af5,1,,1,[],"[""REQ_38_MLEJXTZV"", ""LOCK_38_VZTXJ"", ""SCOPE_38_EJXTZ"", ""CHECK_38_LEJXT"", ""ANCHOR_38_JXTZV"", ""EDGE_38_XTZV"", ""FRONTIER_38_VZTXJE"", ""MERGE_38_MLEZV"", ""VERIFY_38_JXTZV""]",0,[],0,[],0,[],1,0,,clean,,edc0dc1e10d4505ac1b567ad19417e51dae2dafc660d7d70cc3e19ce5a08c769,2f75eaa6b0886b802d64dec8b250fb0e41a7380e9bd5bbdb6a9083f315417f6c,ee82d82e701857442b7ac336ea416ef72056ae8a5c23486a9188bbaefdbb0749,fd79c8df0f1f39932d55f73d2d64fc675f28ef17ed63339f9f0d8a77a6649cc4,4207388caac61d0d1ab04783746f4840e546bdfc7e22eb7f2e3604e3e73264a0,released_raw_outputs/model_outputs/_probe_ecvs_deepseek_v4pro_frontier5_realswe5_mature_ssr_10task_2method_3budget_1run/deepseek/ssr_loop__final_main_v1_38_actual_frontier_semi_real_test_integrity__run_1__budget_1200.jsonl,13,0eec41536500a4cadbe4d551cd0841e070c299e8e666fb0126c8900cbb7b7855,9facb50f94aa69ed7d0ccf7d5d1dd8acb4fb5b2a11a8aed04fdf19c619688483,86af24dbd01ed0a0d1979bf586fd203682c685d0bf1cf409fd2fbabca2273235
_probe_ecvs_deepseek_v4pro_frontier5_realswe5_mature_ssr_10task_2method_3budget_1run:deepseek_v4pro:ssr_loop:final_main_v1_38_actual_frontier_semi_real_test_integrity:budget_300:run_1,deepseek_v4pro,final_main_v1_38_actual_frontier_semi_real_test_integrity,semi_real_repo_style_controlled,frontier_hard,test_integrity,frontier_hard_non_real,ssr_loop,ssr_loop,300,1,2026-06-19T07:42:29.800449+00:00,2026-06-19T07:43:03.333161+00:00,2026-06-19T07:42:29.800564+00:00,2026-06-19T07:43:03.325778+00:00,33.504,0c34b9d65f290c5ae1f69df62f807131b12af880fb7f25e76a971df0793a03fe,a68f3e6971a7be1e1b3a858e23b1dd32192b9ce48794c4dc9c25af590da6df91,2b8d54b172b2fe3b62220252d612c8f62cddb7b7e3ed8b9bc4d31ce97df85c30,098fb4f511b4076eeccb81f537241bfe49d1e83c36c7c1fcab8b7db0d6fae317,d278d89efd1d0ffafa8b138c5edc1441c1e39f789ae930fd6f0c99ac6d8c063d,b1ff25252c724238518b136c1874ef31af83785721c342cd85dded9c9898513e,516aae77011e73621a2cf8ef4ab7fdf9037da06a2c43d94b165b5ffbd27c8376,516aae77011e73621a2cf8ef4ab7fdf9037da06a2c43d94b165b5ffbd27c8376,516aae77011e73621a2cf8ef4ab7fdf9037da06a2c43d94b165b5ffbd27c8376,b9b794241e72f572240582b255743f7610f98bd383c4d77ce21225edf02b4a6c,direct_provider,deepseek,https://api.deepseek.com,deepseek-v4-pro,https://api.deepseek.com/chat/completions,deepseek-v4-pro,53564c95d49bfa46ffa65801037a10ea6b462e0880a1ad4c58eb3cb13ee35b10,f999812d4a697d6f4b7cb0c5ac103c6b477e9d737a3926c79677c0a14b16aed5,732540d4d91cbaf77c5d80073d4d09740fd99c7f0d728d9f161b53753b90f6cd,explicit,0,4096,omitted,,omitted,,omitted,,omitted,,omitted,,omitted,,omitted,,omitted,,omitted,,False,thinking.type=disabled,ffe557f53c63f7d0f7e35f80c03f61d8b3548db9e4f51e8dda020b28a920d875,provider_not_exposed,provider_not_exposed,False,,False,False,False,disabled,,stop;stop;stop;stop;stop;stop;stop;stop;stop;stop;stop;stop;stop,stop;stop;stop;stop;stop;stop;stop;stop;stop;stop;stop;stop;stop,8036,1765,0,493,276,1,ssr_priority_compactor,mature_ssr_protocol_v1_ecvs_safe_visible_only,1,1,9,0,9,9,0,2a7f8b8efb32160178e01f5b75754557e85ef49907b693e5de4a6f5e6894a5d9,1,,1,[],"[""REQ_38_MLEJXTZV"", ""LOCK_38_VZTXJ"", ""SCOPE_38_EJXTZ"", ""CHECK_38_LEJXT"", ""ANCHOR_38_JXTZV"", ""EDGE_38_XTZV"", ""FRONTIER_38_VZTXJE"", ""MERGE_38_MLEZV"", ""VERIFY_38_JXTZV""]",0,[],0,[],0,[],1,0,,clean,,df62cad206d34d3024c41cef06a4cca01edf8521ac78fe34f60589983d6962e5,96a50df92988fcef1ed5345da00d3a22ca31a952303409a7fb718ed0eb2b6eed,33d3c9eb5a4fe8a54f4454f597fc544dfd9b36ef83fc82cdefb12c4561bc1285,53a1f10293f4303e7546d1ac099b6a9288da2a922280f6d1807e72830b0f71a4,545f7504c20060eb124c80c314f89d0ef632b802e63b68ecbc57a5ee3863ff22,released_raw_outputs/model_outputs/_probe_ecvs_deepseek_v4pro_frontier5_realswe5_mature_ssr_10task_2method_3budget_1run/deepseek/ssr_loop__final_main_v1_38_actual_frontier_semi_real_test_integrity__run_1__budget_300.jsonl,13,6b8ce9e09dd14feeace0ced7347724faaeab86ce9e665fe9b8729270943d9fd4,377cbc82cc8aa24b6013d58737c69edc5bbb25994d0014a9bf140ac14a1e8e6c,05f5c16ce984f85e87a1afb5d87f4e98adcf16069672d4aa46c4a0868b86e362
_probe_ecvs_deepseek_v4pro_frontier5_realswe5_mature_ssr_10task_2method_3budget_1run:deepseek_v4pro:ssr_loop:final_main_v1_38_actual_frontier_semi_real_test_integrity:budget_600:run_1,deepseek_v4pro,final_main_v1_38_actual_frontier_semi_real_test_integrity,semi_real_repo_style_controlled,frontier_hard,test_integrity,frontier_hard_non_real,ssr_loop,ssr_loop,600,1,2026-06-19T07:42:30.746039+00:00,2026-06-19T07:43:27.329638+00:00,2026-06-19T07:42:30.746094+00:00,2026-06-19T07:43:27.327266+00:00,38.492,0c34b9d65f290c5ae1f69df62f807131b12af880fb7f25e76a971df0793a03fe,a68f3e6971a7be1e1b3a858e23b1dd32192b9ce48794c4dc9c25af590da6df91,2b8d54b172b2fe3b62220252d612c8f62cddb7b7e3ed8b9bc4d31ce97df85c30,098fb4f511b4076eeccb81f537241bfe49d1e83c36c7c1fcab8b7db0d6fae317,b5ef1da8a4850f1ab0081fc40f33e7f93145ff05b31b758e8ecb3c24d2497b8f,b1ff25252c724238518b136c1874ef31af83785721c342cd85dded9c9898513e,516aae77011e73621a2cf8ef4ab7fdf9037da06a2c43d94b165b5ffbd27c8376,516aae77011e73621a2cf8ef4ab7fdf9037da06a2c43d94b165b5ffbd27c8376,516aae77011e73621a2cf8ef4ab7fdf9037da06a2c43d94b165b5ffbd27c8376,b9b794241e72f572240582b255743f7610f98bd383c4d77ce21225edf02b4a6c,direct_provider,deepseek,https://api.deepseek.com,deepseek-v4-pro,https://api.deepseek.com/chat/completions,deepseek-v4-pro,53564c95d49bfa46ffa65801037a10ea6b462e0880a1ad4c58eb3cb13ee35b10,f999812d4a697d6f4b7cb0c5ac103c6b477e9d737a3926c79677c0a14b16aed5,732540d4d91cbaf77c5d80073d4d09740fd99c7f0d728d9f161b53753b90f6cd,explicit,0,4096,omitted,,omitted,,omitted,,omitted,,omitted,,omitted,,omitted,,omitted,,omitted,,False,thinking.type=disabled,ffe557f53c63f7d0f7e35f80c03f61d8b3548db9e4f51e8dda020b28a920d875,provider_not_exposed,provider_not_exposed,False,,False,False,False,disabled,,stop;stop;stop;stop;stop;stop;stop;stop;stop;stop;stop;stop;stop,stop;stop;stop;stop;stop;stop;stop;stop;stop;stop;stop;stop;stop,8054,2061,0,732,301,1,ssr_priority_compactor,mature_ssr_protocol_v1_ecvs_safe_visible_only,1,1,9,0,9,9,0,88630e5ed711dddf916fc3a55dc09912a150e25e5e7583025ea91d4272707af5,1,,1,[],"[""REQ_38_MLEJXTZV"", ""LOCK_38_VZTXJ"", ""SCOPE_38_EJXTZ"", ""CHECK_38_LEJXT"", ""ANCHOR_38_JXTZV"", ""EDGE_38_XTZV"", ""FRONTIER_38_VZTXJE"", ""MERGE_38_MLEZV"", ""VERIFY_38_JXTZV""]",0,[],0,[],0,[],1,0,,clean,,136abe4c3eff274fe6277ad7b3c87e21c9afce420ea1d9307a5970e870718b3a,4956437761ace58e95ee81da96496b3a09f0509100b4d956179020c91cbff87c,bacde6b1db3fa4aa60e3e037860ebfeca7e8d800679d03d60ab33c1124689b53,452bede2867de7600bc783ec4e9ba8ba98615418e777470cd324f58f04cdeb39,07776e0dca7fc3a3ccc9920dfc0a391fcf1d1ee2f4b4a28ce3d7cce5713c7bb5,released_raw_outputs/model_outputs/_probe_ecvs_deepseek_v4pro_frontier5_realswe5_mature_ssr_10task_2method_3budget_1run/deepseek/ssr_loop__final_main_v1_38_actual_frontier_semi_real_test_integrity__run_1__budget_600.jsonl,13,fde8a9235036573bd8e2a497d104becb6001060b1d456cfdd46df81f1232b280,532e93d2ab2cde39fd4b40f71cdc65ee32f58d779bc13ab86fcdb7ff21f3bf34,024881b1b352961b06f4bdbef28f19985be89f5246fb3379b769e1b35ab88a7c
_probe_ecvs_deepseek_v4pro_frontier5_realswe5_mature_ssr_10task_2method_3budget_1run:deepseek_v4pro:ssr_loop:final_main_v1_39_actual_frontier_semi_real_workflow_alias_binding:budget_1200:run_1,deepseek_v4pro,final_main_v1_39_actual_frontier_semi_real_workflow_alias_binding,semi_real_repo_style_controlled,frontier_hard,workflow_alias_binding,frontier_hard_non_real,ssr_loop,ssr_loop,1200,1,2026-06-19T07:42:11.555342+00:00,2026-06-19T07:43:29.591119+00:00,2026-06-19T07:42:11.555398+00:00,2026-06-19T07:43:29.586280+00:00,42.857,0c34b9d65f290c5ae1f69df62f807131b12af880fb7f25e76a971df0793a03fe,3860bc341a5e60fdc5ecdaee24c2efa033009d0dcad02b164a27f81b40b9e5c6,2b8d54b172b2fe3b62220252d612c8f62cddb7b7e3ed8b9bc4d31ce97df85c30,a7bb925592313e4b267215150fd825a3043983f1fe187088b5e62504fa7c40c9,27ebd4f05e0c726a2f2988a18e07f9da1e985eb9c3fbba6352ccfd7f50e26878,b1ff25252c724238518b136c1874ef31af83785721c342cd85dded9c9898513e,516aae77011e73621a2cf8ef4ab7fdf9037da06a2c43d94b165b5ffbd27c8376,516aae77011e73621a2cf8ef4ab7fdf9037da06a2c43d94b165b5ffbd27c8376,516aae77011e73621a2cf8ef4ab7fdf9037da06a2c43d94b165b5ffbd27c8376,b9b794241e72f572240582b255743f7610f98bd383c4d77ce21225edf02b4a6c,direct_provider,deepseek,https://api.deepseek.com,deepseek-v4-pro,https://api.deepseek.com/chat/completions,deepseek-v4-pro,53564c95d49bfa46ffa65801037a10ea6b462e0880a1ad4c58eb3cb13ee35b10,f999812d4a697d6f4b7cb0c5ac103c6b477e9d737a3926c79677c0a14b16aed5,732540d4d91cbaf77c5d80073d4d09740fd99c7f0d728d9f161b53753b90f6cd,explicit,0,4096,omitted,,omitted,,omitted,,omitted,,omitted,,omitted,,omitted,,omitted,,omitted,,False,thinking.type=disabled,ffe557f53c63f7d0f7e35f80c03f61d8b3548db9e4f51e8dda020b28a920d875,provider_not_exposed,provider_not_exposed,False,,False,False,False,disabled,,stop;stop;stop;stop;stop;stop;stop;stop;stop;stop;stop;stop;stop,stop;stop;stop;stop;stop;stop;stop;stop;stop;stop;stop;stop;stop,8134,2291,0,562,301,0,ssr_priority_compactor,mature_ssr_protocol_v1_ecvs_safe_visible_only,1,1,9,0,9,9,0,6fdc969bfad6f9a944086d711516151622ff6b6e1fd5a2a8f93500af80d84513,1,,1,[],"[""REQ_39_8982ZN4A"", ""LOCK_39_A4NZ2"", ""SCOPE_39_82ZN4"", ""CHECK_39_982ZN"", ""ANCHOR_39_2ZN4A"", ""EDGE_39_ZN4A"", ""FRONTIER_39_A4NZ28"", ""MERGE_39_8984A"", ""VERIFY_39_2ZN4A""]",0,[],0,[],0,[],1,0,,clean,,97f75c56f870f01d201022addab2752e21eb2e70cff5e3111c5c36c725c41f92,0cc4f9f5ac8e5b7657776e2bef50a0ac259c8ca4cacec7637df2b9e54f7e80e2,31dd9121e87bda16e7798a4a6af225d50509429f0c36195d42b0029cf6024b9c,f00a4d273cb1f0ca2aa46cf998894ee1c61181b9cc0d2841192dbee465a42a3b,57442d879794962fc5c5fbc05c855c4f370b87cda3335cf0945e96973ede3d61,released_raw_outputs/model_outputs/_probe_ecvs_deepseek_v4pro_frontier5_realswe5_mature_ssr_10task_2method_3budget_1run/deepseek/ssr_loop__final_main_v1_39_actual_frontier_semi_real_workflow_alias_binding__run_1__budget_1200.jsonl,13,2fd5603063c00c41d928d1dba9aebf3d94d3b0ef575f9a3c7fbfe21e37c0c4e5,dd1a4972008c6c9ae1a686e7acb5d2e2c92cc7ef7f392ca6b9eb78860f4d2060,ece308ab4158cc8023a008072e4b1d2ea753ee79f21071051289c90ff0b6baee
_probe_ecvs_deepseek_v4pro_frontier5_realswe5_mature_ssr_10task_2method_3budget_1run:deepseek_v4pro:ssr_loop:final_main_v1_39_actual_frontier_semi_real_workflow_alias_binding:budget_300:run_1,deepseek_v4pro,final_main_v1_39_actual_frontier_semi_real_workflow_alias_binding,semi_real_repo_style_controlled,frontier_hard,workflow_alias_binding,frontier_hard_non_real,ssr_loop,ssr_loop,300,1,2026-06-19T07:42:04.772412+00:00,2026-06-19T07:42:56.800788+00:00,2026-06-19T07:42:04.772485+00:00,2026-06-19T07:42:56.799389+00:00,34.942,0c34b9d65f290c5ae1f69df62f807131b12af880fb7f25e76a971df0793a03fe,3860bc341a5e60fdc5ecdaee24c2efa033009d0dcad02b164a27f81b40b9e5c6,2b8d54b172b2fe3b62220252d612c8f62cddb7b7e3ed8b9bc4d31ce97df85c30,a7bb925592313e4b267215150fd825a3043983f1fe187088b5e62504fa7c40c9,ffcb11aa38a3d0ff469f0c2a22e3190bda9361741e3749b1595ee36f02104e80,b1ff25252c724238518b136c1874ef31af83785721c342cd85dded9c9898513e,516aae77011e73621a2cf8ef4ab7fdf9037da06a2c43d94b165b5ffbd27c8376,516aae77011e73621a2cf8ef4ab7fdf9037da06a2c43d94b165b5ffbd27c8376,516aae77011e73621a2cf8ef4ab7fdf9037da06a2c43d94b165b5ffbd27c8376,b9b794241e72f572240582b255743f7610f98bd383c4d77ce21225edf02b4a6c,direct_provider,deepseek,https://api.deepseek.com,deepseek-v4-pro,https://api.deepseek.com/chat/completions,deepseek-v4-pro,53564c95d49bfa46ffa65801037a10ea6b462e0880a1ad4c58eb3cb13ee35b10,f999812d4a697d6f4b7cb0c5ac103c6b477e9d737a3926c79677c0a14b16aed5,732540d4d91cbaf77c5d80073d4d09740fd99c7f0d728d9f161b53753b90f6cd,explicit,0,4096,omitted,,omitted,,omitted,,omitted,,omitted,,omitted,,omitted,,omitted,,omitted,,False,thinking.type=disabled,ffe557f53c63f7d0f7e35f80c03f61d8b3548db9e4f51e8dda020b28a920d875,provider_not_exposed,provider_not_exposed,False,,False,False,False,disabled,,stop;stop;stop;stop;stop;stop;stop;stop;stop;stop;stop;stop;stop,stop;stop;stop;stop;stop;stop;stop;stop;stop;stop;stop;stop;stop,8093,1883,0,465,276,1,ssr_priority_compactor,mature_ssr_protocol_v1_ecvs_safe_visible_only,1,1,9,0,9,9,0,792a42f65b791aa9d3be45bfb914ee4facd611c65695a5c6b309e6ee7d6b0a09,1,,1,[],"[""REQ_39_8982ZN4A"", ""LOCK_39_A4NZ2"", ""SCOPE_39_82ZN4"", ""CHECK_39_982ZN"", ""ANCHOR_39_2ZN4A"", ""EDGE_39_ZN4A"", ""FRONTIER_39_A4NZ28"", ""MERGE_39_8984A"", ""VERIFY_39_2ZN4A""]",0,[],0,[],0,[],1,0,,clean,,d46a8478245dfd0da2ecff9a1945e69beeb58943abde48b3dd36e77bbdd5f9dd,3ae4d60816bed136a0fa16662b07303cef4bfa389f8d4be4a509834b1904d275,7cee26bbfda4fbf7f3c6b46e9e3d2d92701334669a7ad17c3a857e85d09900ed,546f3e7539130ac0863bd9f7fef41926b44e0f94575c2737b390d3132084488d,644fcf56c61b14d1cc1ebc849076f34128320d574ae8800735649f65148d7ec1,released_raw_outputs/model_outputs/_probe_ecvs_deepseek_v4pro_frontier5_realswe5_mature_ssr_10task_2method_3budget_1run/deepseek/ssr_loop__final_main_v1_39_actual_frontier_semi_real_workflow_alias_binding__run_1__budget_300.jsonl,13,c568bbd44cf7053bd45f9aa9ad2974647add64afce03f293856f1ed6314258e6,2542a13741a7a035a406e5c6479de3b16d72359feab5eeb36cc30cd81097a6e8,17b2301d2bc714ca002367b7b3470b915492a31f5ff21c96b1a6649b9f08888a
_probe_ecvs_deepseek_v4pro_frontier5_realswe5_mature_ssr_10task_2method_3budget_1run:deepseek_v4pro:ssr_loop:final_main_v1_39_actual_frontier_semi_real_workflow_alias_binding:budget_600:run_1,deepseek_v4pro,final_main_v1_39_actual_frontier_semi_real_workflow_alias_binding,semi_real_repo_style_controlled,frontier_hard,workflow_alias_binding,frontier_hard_non_real,ssr_loop,ssr_loop,600,1,2026-06-19T07:42:09.247624+00:00,2026-06-19T07:42:47.561412+00:00,2026-06-19T07:42:09.247691+00:00,2026-06-19T07:42:47.559784+00:00,38.304,0c34b9d65f290c5ae1f69df62f807131b12af880fb7f25e76a971df0793a03fe,3860bc341a5e60fdc5ecdaee24c2efa033009d0dcad02b164a27f81b40b9e5c6,2b8d54b172b2fe3b62220252d612c8f62cddb7b7e3ed8b9bc4d31ce97df85c30,a7bb925592313e4b267215150fd825a3043983f1fe187088b5e62504fa7c40c9,ba54c057bbe2a8a3b2050ebca4070607db96c0288d362d8950c3f3b540683157,b1ff25252c724238518b136c1874ef31af83785721c342cd85dded9c9898513e,516aae77011e73621a2cf8ef4ab7fdf9037da06a2c43d94b165b5ffbd27c8376,516aae77011e73621a2cf8ef4ab7fdf9037da06a2c43d94b165b5ffbd27c8376,516aae77011e73621a2cf8ef4ab7fdf9037da06a2c43d94b165b5ffbd27c8376,b9b794241e72f572240582b255743f7610f98bd383c4d77ce21225edf02b4a6c,direct_provider,deepseek,https://api.deepseek.com,deepseek-v4-pro,https://api.deepseek.com/chat/completions,deepseek-v4-pro,53564c95d49bfa46ffa65801037a10ea6b462e0880a1ad4c58eb3cb13ee35b10,f999812d4a697d6f4b7cb0c5ac103c6b477e9d737a3926c79677c0a14b16aed5,732540d4d91cbaf77c5d80073d4d09740fd99c7f0d728d9f161b53753b90f6cd,explicit,0,4096,omitted,,omitted,,omitted,,omitted,,omitted,,omitted,,omitted,,omitted,,omitted,,False,thinking.type=disabled,ffe557f53c63f7d0f7e35f80c03f61d8b3548db9e4f51e8dda020b28a920d875,provider_not_exposed,provider_not_exposed,False,,False,False,False,disabled,,stop;stop;stop;stop;stop;stop;stop;stop;stop;stop;stop;stop;stop,stop;stop;stop;stop;stop;stop;stop;stop;stop;stop;stop;stop;stop,8109,1987,0,569,301,0,ssr_priority_compactor,mature_ssr_protocol_v1_ecvs_safe_visible_only,1,1,9,0,9,9,0,6fdc969bfad6f9a944086d711516151622ff6b6e1fd5a2a8f93500af80d84513,1,,1,[],"[""REQ_39_8982ZN4A"", ""LOCK_39_A4NZ2"", ""SCOPE_39_82ZN4"", ""CHECK_39_982ZN"", ""ANCHOR_39_2ZN4A"", ""EDGE_39_ZN4A"", ""FRONTIER_39_A4NZ28"", ""MERGE_39_8984A"", ""VERIFY_39_2ZN4A""]",0,[],0,[],0,[],1,0,,clean,,38f374bba2aeba8ec0cd1f47d31c942088459088dce12c25b4661a14ec5acf3b,85107903543a40a3c0f2b60ff75bdbe48c63f22c830acd4611bdc167f007ee4d,a9e32a12988fa9f368434dddfbaf5ef7f822a8f061fbaec7eea66b59dc677aad,420a72ee8fa64da633330b1e12521586467f5342c0624c944ee618dacc2e53a2,1f0bd341421bd87e05d8aeee1d84194aeb9497b94bc2669e95bfd7b707d82d0b,released_raw_outputs/model_outputs/_probe_ecvs_deepseek_v4pro_frontier5_realswe5_mature_ssr_10task_2method_3budget_1run/deepseek/ssr_loop__final_main_v1_39_actual_frontier_semi_real_workflow_alias_binding__run_1__budget_600.jsonl,13,0135d4ed9d86a697b491d4bec8a4376cc6b554dd7ad2482c2fa2a3c929dcc4f3,e11e7ac0b4ac94b797b5ef5071bdafd47d61cc997c1d8359f13a8054c8d30340,bce1656a9a947484b99c081a539abc33e84f68f0fb4d2c5543fddd071eb473d6
_probe_ecvs_deepseek_v4pro_frontier5_realswe5_mature_ssr_10task_2method_3budget_1run:deepseek_v4pro:ssr_loop:final_main_v1_40_actual_frontier_semi_real_multi_file_repo_plan:budget_1200:run_1,deepseek_v4pro,final_main_v1_40_actual_frontier_semi_real_multi_file_repo_plan,semi_real_repo_style_controlled,frontier_hard,multi_file_repo_plan,frontier_hard_non_real,ssr_loop,ssr_loop,1200,1,2026-06-19T07:41:51.129674+00:00,2026-06-19T07:42:29.799558+00:00,2026-06-19T07:41:51.129740+00:00,2026-06-19T07:42:29.796912+00:00,38.659,0c34b9d65f290c5ae1f69df62f807131b12af880fb7f25e76a971df0793a03fe,e0fb45c4d5a183773d255686fb7afa57bb02525fc30bdb09aa1d2c37a04bf825,2b8d54b172b2fe3b62220252d612c8f62cddb7b7e3ed8b9bc4d31ce97df85c30,4474b1d70dbc8938e94238b572f2fb0f92671a67d6fab8862725672b4a2492e1,653bf6b85c2d690e05445f75b7954f0ca78cf2e0093fd26344542c2d51d0f1b7,b1ff25252c724238518b136c1874ef31af83785721c342cd85dded9c9898513e,516aae77011e73621a2cf8ef4ab7fdf9037da06a2c43d94b165b5ffbd27c8376,516aae77011e73621a2cf8ef4ab7fdf9037da06a2c43d94b165b5ffbd27c8376,516aae77011e73621a2cf8ef4ab7fdf9037da06a2c43d94b165b5ffbd27c8376,b9b794241e72f572240582b255743f7610f98bd383c4d77ce21225edf02b4a6c,direct_provider,deepseek,https://api.deepseek.com,deepseek-v4-pro,https://api.deepseek.com/chat/completions,deepseek-v4-pro,53564c95d49bfa46ffa65801037a10ea6b462e0880a1ad4c58eb3cb13ee35b10,f999812d4a697d6f4b7cb0c5ac103c6b477e9d737a3926c79677c0a14b16aed5,732540d4d91cbaf77c5d80073d4d09740fd99c7f0d728d9f161b53753b90f6cd,explicit,0,4096,omitted,,omitted,,omitted,,omitted,,omitted,,omitted,,omitted,,omitted,,omitted,,False,thinking.type=disabled,ffe557f53c63f7d0f7e35f80c03f61d8b3548db9e4f51e8dda020b28a920d875,provider_not_exposed,provider_not_exposed,False,,False,False,False,disabled,,stop;stop;stop;stop;stop;stop;stop;stop;stop;stop;stop;stop;stop,stop;stop;stop;stop;stop;stop;stop;stop;stop;stop;stop;stop;stop,8260,2218,0,513,301,0,ssr_priority_compactor,mature_ssr_protocol_v1_ecvs_safe_visible_only,1,1,9,0,9,9,0,07b5cbc1099495c5d4206d504dbf07b7f037eaf15febe805f004064d38d82d3f,1,,1,[],"[""REQ_40_6X2G7FLR"", ""LOCK_40_RLF7G"", ""SCOPE_40_2G7FL"", ""CHECK_40_X2G7F"", ""ANCHOR_40_G7FLR"", ""EDGE_40_7FLR"", ""FRONTIER_40_RLF7G2"", ""MERGE_40_6X2LR"", ""VERIFY_40_G7FLR""]",0,[],0,[],0,[],1,0,,clean,,b218662c20165053c5bfd8b7666d47b5371224c52ef2a16854f2c165a9069f5b,3c757e365a790f90f7e135b6a773a8d5b5989d29f8db00b3e6d9521a857f69c9,9ace6b57490769bae43a216cfc900ded045f7bb6811d6fbb1429643d126f8ac5,79acc44416426fe37cdbe0c99f04b4c6ce75bcab61bf4966282d5b2c24aa777d,7c522643ed74dc74d28f0c7421e2ba88b48d30ee5948291e4f517abc5a96b936,released_raw_outputs/model_outputs/_probe_ecvs_deepseek_v4pro_frontier5_realswe5_mature_ssr_10task_2method_3budget_1run/deepseek/ssr_loop__final_main_v1_40_actual_frontier_semi_real_multi_file_repo_plan__run_1__budget_1200.jsonl,13,aa25b7f60d0242c3776bdbb996df6f4b3c6bdb63caa49cc7d86740b87edc9a9c,3eb0133bedc5dd36155a30fbda02e17614a83899e3b6e63e72a54f26259f20de,3ef685c79bab9b78c06de4efae40613d1eb18766f3474e6200d07823d147f23f
_probe_ecvs_deepseek_v4pro_frontier5_realswe5_mature_ssr_10task_2method_3budget_1run:deepseek_v4pro:ssr_loop:final_main_v1_40_actual_frontier_semi_real_multi_file_repo_plan:budget_300:run_1,deepseek_v4pro,final_main_v1_40_actual_frontier_semi_real_multi_file_repo_plan,semi_real_repo_style_controlled,frontier_hard,multi_file_repo_plan,frontier_hard_non_real,ssr_loop,ssr_loop,300,1,2026-06-19T07:41:08.525448+00:00,2026-06-19T07:42:13.350745+00:00,2026-06-19T07:41:08.525512+00:00,2026-06-19T07:42:13.349596+00:00,30.656,0c34b9d65f290c5ae1f69df62f807131b12af880fb7f25e76a971df0793a03fe,e0fb45c4d5a183773d255686fb7afa57bb02525fc30bdb09aa1d2c37a04bf825,2b8d54b172b2fe3b62220252d612c8f62cddb7b7e3ed8b9bc4d31ce97df85c30,4474b1d70dbc8938e94238b572f2fb0f92671a67d6fab8862725672b4a2492e1,2e86088bb49fcf2cf219b498291e8a1aa01d0a0ef45bb87f72dc161d876ed55a,b1ff25252c724238518b136c1874ef31af83785721c342cd85dded9c9898513e,516aae77011e73621a2cf8ef4ab7fdf9037da06a2c43d94b165b5ffbd27c8376,516aae77011e73621a2cf8ef4ab7fdf9037da06a2c43d94b165b5ffbd27c8376,516aae77011e73621a2cf8ef4ab7fdf9037da06a2c43d94b165b5ffbd27c8376,b9b794241e72f572240582b255743f7610f98bd383c4d77ce21225edf02b4a6c,direct_provider,deepseek,https://api.deepseek.com,deepseek-v4-pro,https://api.deepseek.com/chat/completions,deepseek-v4-pro,53564c95d49bfa46ffa65801037a10ea6b462e0880a1ad4c58eb3cb13ee35b10,f999812d4a697d6f4b7cb0c5ac103c6b477e9d737a3926c79677c0a14b16aed5,732540d4d91cbaf77c5d80073d4d09740fd99c7f0d728d9f161b53753b90f6cd,explicit,0,4096,omitted,,omitted,,omitted,,omitted,,omitted,,omitted,,omitted,,omitted,,omitted,,False,thinking.type=disabled,ffe557f53c63f7d0f7e35f80c03f61d8b3548db9e4f51e8dda020b28a920d875,provider_not_exposed,provider_not_exposed,False,,False,False,False,disabled,,stop;stop;stop;stop;stop;stop;stop;stop;stop;stop;stop;stop;stop,stop;stop;stop;stop;stop;stop;stop;stop;stop;stop;stop;stop;stop,8219,1545,0,295,276,0,ssr_priority_compactor,mature_ssr_protocol_v1_ecvs_safe_visible_only,1,1,9,0,9,9,0,91826d7e1a1c0b1e0253ff5b759b5a735e3cb536e116bea63356aeac5ce63fec,1,,1,[],"[""REQ_40_6X2G7FLR"", ""LOCK_40_RLF7G"", ""SCOPE_40_2G7FL"", ""CHECK_40_X2G7F"", ""ANCHOR_40_G7FLR"", ""EDGE_40_7FLR"", ""FRONTIER_40_RLF7G2"", ""MERGE_40_6X2LR"", ""VERIFY_40_G7FLR""]",0,[],0,[],0,[],1,0,,clean,,0e58f2de40cb34feeb0b7246921efd8147f648a24ec73066a71534e87c1017f1,402db86130f0bbc91153c45793908dcd125b369f828b2db43f083ebb2b601916,8e82820c1baeaf99f508a00c8180f1b0835cbee1c504ed151160314126a820a4,414937df680e3e1930b0bf34d2a4dd5d237bc40ea818e63041abfe63f3e17c40,062b8f0049dee83075057fc4f240d0929f4d52a6ca1520b09a3347966ab89089,released_raw_outputs/model_outputs/_probe_ecvs_deepseek_v4pro_frontier5_realswe5_mature_ssr_10task_2method_3budget_1run/deepseek/ssr_loop__final_main_v1_40_actual_frontier_semi_real_multi_file_repo_plan__run_1__budget_300.jsonl,13,5e63070ec601e20238b19363068be6f26d38c04b773597a7cf32426cf19eb25f,c0928604283ae65b200498bd7e34752e43b13f323e4d701e655a6d1919ec34a4,dc794c7a3a2ebd5d945a55987357116d58c9ca1c836b99e75f9c0db3c65d1171
_probe_ecvs_deepseek_v4pro_frontier5_realswe5_mature_ssr_10task_2method_3budget_1run:deepseek_v4pro:ssr_loop:final_main_v1_40_actual_frontier_semi_real_multi_file_repo_plan:budget_600:run_1,deepseek_v4pro,final_main_v1_40_actual_frontier_semi_real_multi_file_repo_plan,semi_real_repo_style_controlled,frontier_hard,multi_file_repo_plan,frontier_hard_non_real,ssr_loop,ssr_loop,600,1,2026-06-19T07:41:48.545270+00:00,2026-06-19T07:42:56.663840+00:00,2026-06-19T07:41:48.545367+00:00,2026-06-19T07:42:56.661489+00:00,33.952,0c34b9d65f290c5ae1f69df62f807131b12af880fb7f25e76a971df0793a03fe,e0fb45c4d5a183773d255686fb7afa57bb02525fc30bdb09aa1d2c37a04bf825,2b8d54b172b2fe3b62220252d612c8f62cddb7b7e3ed8b9bc4d31ce97df85c30,4474b1d70dbc8938e94238b572f2fb0f92671a67d6fab8862725672b4a2492e1,91f2162f9b201f96d138b7243fbc7b4b83a3d3955f07bad3b8b16cdca3089149,b1ff25252c724238518b136c1874ef31af83785721c342cd85dded9c9898513e,516aae77011e73621a2cf8ef4ab7fdf9037da06a2c43d94b165b5ffbd27c8376,516aae77011e73621a2cf8ef4ab7fdf9037da06a2c43d94b165b5ffbd27c8376,516aae77011e73621a2cf8ef4ab7fdf9037da06a2c43d94b165b5ffbd27c8376,b9b794241e72f572240582b255743f7610f98bd383c4d77ce21225edf02b4a6c,direct_provider,deepseek,https://api.deepseek.com,deepseek-v4-pro,https://api.deepseek.com/chat/completions,deepseek-v4-pro,53564c95d49bfa46ffa65801037a10ea6b462e0880a1ad4c58eb3cb13ee35b10,f999812d4a697d6f4b7cb0c5ac103c6b477e9d737a3926c79677c0a14b16aed5,732540d4d91cbaf77c5d80073d4d09740fd99c7f0d728d9f161b53753b90f6cd,explicit,0,4096,omitted,,omitted,,omitted,,omitted,,omitted,,omitted,,omitted,,omitted,,omitted,,False,thinking.type=disabled,ffe557f53c63f7d0f7e35f80c03f61d8b3548db9e4f51e8dda020b28a920d875,provider_not_exposed,provider_not_exposed,False,,False,False,False,disabled,,stop;stop;stop;stop;stop;stop;stop;stop;stop;stop;stop;stop;stop,stop;stop;stop;stop;stop;stop;stop;stop;stop;stop;stop;stop;stop,8235,1828,0,338,301,0,ssr_priority_compactor,mature_ssr_protocol_v1_ecvs_safe_visible_only,1,1,9,0,9,9,0,07b5cbc1099495c5d4206d504dbf07b7f037eaf15febe805f004064d38d82d3f,1,,1,[],"[""REQ_40_6X2G7FLR"", ""LOCK_40_RLF7G"", ""SCOPE_40_2G7FL"", ""CHECK_40_X2G7F"", ""ANCHOR_40_G7FLR"", ""EDGE_40_7FLR"", ""FRONTIER_40_RLF7G2"", ""MERGE_40_6X2LR"", ""VERIFY_40_G7FLR""]",0,[],0,[],0,[],1,0,,clean,,f773ff225369041990834aced5324109954003bd0367b94616a18e3aa5643c00,e37d4efc1c227f5baeec837f1b4b4fc5a94f69c8137708c7ae36fcde17bf54a0,5fd28d205f773a520e1138fab0246c496ef79d2522832277d1b5487d15717fd7,91f26f8a3b810cae5d4154e289f1706716bc4c5eccd821f38be56eb959d77f90,267e2e5a8bf42a2e00058cc4ec3cc40a5b42658741da8fd75543f09ceeaed5dd,released_raw_outputs/model_outputs/_probe_ecvs_deepseek_v4pro_frontier5_realswe5_mature_ssr_10task_2method_3budget_1run/deepseek/ssr_loop__final_main_v1_40_actual_frontier_semi_real_multi_file_repo_plan__run_1__budget_600.jsonl,13,34eab4c16aaec2bc63a8e9225f77f36f8f7a265b045c7501a5cf8103bc6f56a5,be8fe20561231da7877dbf8d59ac87f695b4add132e0a1a2361ebd640c727cf6,58f67d438740c8e8bd35e4b619679daf85d9233db646bc57b9087a254bd66f79
_probe_ecvs_deepseek_v4pro_frontier5_realswe5_mature_ssr_10task_2method_3budget_1run:deepseek_v4pro:ssr_loop:final_main_v1_41_real_swe_fresh_github_grantjenks_python_sortedcontainers_2b037039bb16:budget_1200:run_1,deepseek_v4pro,final_main_v1_41_real_swe_fresh_github_grantjenks_python_sortedcontainers_2b037039bb16,real_swe_executable_anchor_controlled,medium,config_path_validation,real_swe_non_frontier,ssr_loop,ssr_loop,1200,1,2026-06-19T07:44:31.399300+00:00,2026-06-19T07:44:56.514632+00:00,2026-06-19T07:44:31.399475+00:00,2026-06-19T07:44:56.513046+00:00,25.101,0c34b9d65f290c5ae1f69df62f807131b12af880fb7f25e76a971df0793a03fe,293376257a44b516eda2691daf2d27d164a2f7406b06b7e0b0ec3d4b72234016,2b8d54b172b2fe3b62220252d612c8f62cddb7b7e3ed8b9bc4d31ce97df85c30,d702e712cd306e0ee7ce6b9cc2c0fa9de29d8050d6c9124370ba7b33d8abaeb6,9bdbebb493ed9e1ae77137e71b4a78f00d3e4f33527288a3a8d61e126566a634,b1ff25252c724238518b136c1874ef31af83785721c342cd85dded9c9898513e,516aae77011e73621a2cf8ef4ab7fdf9037da06a2c43d94b165b5ffbd27c8376,516aae77011e73621a2cf8ef4ab7fdf9037da06a2c43d94b165b5ffbd27c8376,516aae77011e73621a2cf8ef4ab7fdf9037da06a2c43d94b165b5ffbd27c8376,b9b794241e72f572240582b255743f7610f98bd383c4d77ce21225edf02b4a6c,direct_provider,deepseek,https://api.deepseek.com,deepseek-v4-pro,https://api.deepseek.com/chat/completions,deepseek-v4-pro,53564c95d49bfa46ffa65801037a10ea6b462e0880a1ad4c58eb3cb13ee35b10,f999812d4a697d6f4b7cb0c5ac103c6b477e9d737a3926c79677c0a14b16aed5,732540d4d91cbaf77c5d80073d4d09740fd99c7f0d728d9f161b53753b90f6cd,explicit,0,4096,omitted,,omitted,,omitted,,omitted,,omitted,,omitted,,omitted,,omitted,,omitted,,False,thinking.type=disabled,ffe557f53c63f7d0f7e35f80c03f61d8b3548db9e4f51e8dda020b28a920d875,provider_not_exposed,provider_not_exposed,False,,False,False,False,disabled,,stop;stop;stop;stop;stop;stop;stop;stop,stop;stop;stop;stop;stop;stop;stop;stop,5042,1363,0,704,222,0,ssr_priority_compactor,mature_ssr_protocol_v1_ecvs_safe_visible_only,1,1,4,0,4,4,0,93abdbf1fc8f6036fa4a8fb5f9f112e11ac57e41a22e79aa7fb89bba2484ff48,1,,1,[],"[""REQ_41_RWLXLPUN"", ""LOCK_41_NUPLX"", ""SCOPE_41_LXLPU"", ""CHECK_41_WLXLP""]",0,[],0,[],0,[],1,0,,clean,,7a7a6e882d4166d8012b8a5d980dfc024da511ed4bb6b0eda0cf1cf69de1194f,46a0f6e9565834f2819fd45dc8b0617de7e76d8ed61dbfa3b95260864f9f7436,dcc3c569cafe70025641f18ea4e4842c301173d5a7ff47f9a301fd7406089a3e,7b3ad643a7bb1f9a67cb2d949605dd9f6bb93d512de745cc25650f2c0a5a5338,d5ed6456d8703a92cebc7bc5226bd78a3677747b6c0b893889b98e8c8f5633b4,released_raw_outputs/model_outputs/_probe_ecvs_deepseek_v4pro_frontier5_realswe5_mature_ssr_10task_2method_3budget_1run/deepseek/ssr_loop__final_main_v1_41_real_swe_fresh_github_grantjenks_python_sortedcontainers_2b037039bb16__run_1__budget_1200.jsonl,8,f90e916ab5ac3ddf23c6aeee1e89c5280d03fefc418d53b40479289828c0b5ae,45c23af781f3e4f4384e2b3ba7b087cd8dd4925577324812ad63fbcd70d6e504,cdc3dc657b29303438fe6ef09caea512ad4fcfc585b20db80bbd901de7fef2a1
_probe_ecvs_deepseek_v4pro_frontier5_realswe5_mature_ssr_10task_2method_3budget_1run:deepseek_v4pro:ssr_loop:final_main_v1_41_real_swe_fresh_github_grantjenks_python_sortedcontainers_2b037039bb16:budget_300:run_1,deepseek_v4pro,final_main_v1_41_real_swe_fresh_github_grantjenks_python_sortedcontainers_2b037039bb16,real_swe_executable_anchor_controlled,medium,config_path_validation,real_swe_non_frontier,ssr_loop,ssr_loop,300,1,2026-06-19T07:44:28.651932+00:00,2026-06-19T07:44:50.701876+00:00,2026-06-19T07:44:28.651986+00:00,2026-06-19T07:44:50.700232+00:00,22.042,0c34b9d65f290c5ae1f69df62f807131b12af880fb7f25e76a971df0793a03fe,293376257a44b516eda2691daf2d27d164a2f7406b06b7e0b0ec3d4b72234016,2b8d54b172b2fe3b62220252d612c8f62cddb7b7e3ed8b9bc4d31ce97df85c30,d702e712cd306e0ee7ce6b9cc2c0fa9de29d8050d6c9124370ba7b33d8abaeb6,fd513a269d0c5e7ef27745667c8071e4dd4afed38e76373652eab8179e58d905,b1ff25252c724238518b136c1874ef31af83785721c342cd85dded9c9898513e,516aae77011e73621a2cf8ef4ab7fdf9037da06a2c43d94b165b5ffbd27c8376,516aae77011e73621a2cf8ef4ab7fdf9037da06a2c43d94b165b5ffbd27c8376,516aae77011e73621a2cf8ef4ab7fdf9037da06a2c43d94b165b5ffbd27c8376,b9b794241e72f572240582b255743f7610f98bd383c4d77ce21225edf02b4a6c,direct_provider,deepseek,https://api.deepseek.com,deepseek-v4-pro,https://api.deepseek.com/chat/completions,deepseek-v4-pro,53564c95d49bfa46ffa65801037a10ea6b462e0880a1ad4c58eb3cb13ee35b10,f999812d4a697d6f4b7cb0c5ac103c6b477e9d737a3926c79677c0a14b16aed5,732540d4d91cbaf77c5d80073d4d09740fd99c7f0d728d9f161b53753b90f6cd,explicit,0,4096,omitted,,omitted,,omitted,,omitted,,omitted,,omitted,,omitted,,omitted,,omitted,,False,thinking.type=disabled,ffe557f53c63f7d0f7e35f80c03f61d8b3548db9e4f51e8dda020b28a920d875,provider_not_exposed,provider_not_exposed,False,,False,False,False,disabled,,stop;stop;stop;stop;stop;stop;stop;stop,stop;stop;stop;stop;stop;stop;stop;stop,5027,1131,0,354,222,1,ssr_priority_compactor,mature_ssr_protocol_v1_ecvs_safe_visible_only,1,1,4,0,4,4,0,93abdbf1fc8f6036fa4a8fb5f9f112e11ac57e41a22e79aa7fb89bba2484ff48,1,,1,[],"[""REQ_41_RWLXLPUN"", ""LOCK_41_NUPLX"", ""SCOPE_41_LXLPU"", ""CHECK_41_WLXLP""]",0,[],0,[],0,[],1,0,,clean,,7d9aec310c7343cfaa2da774027b2458c596c56ac750233051cc9d8cd9e9acc5,8bd78a83739386f173dda24d334d21cb3de306cc134345485a522ace3148e04b,7e3f48d753acbe503acd84f9db4727c7d6858f9da3d88dfd9838093c9e4ff0a9,7223d5079469cd3adb35b6ecb4631f069e5c1bf32ca4c3057b49ed50888349bd,45d6f4f33065283a68d76a74d0139d7969e19721fc827ae990eb04883fac7619,released_raw_outputs/model_outputs/_probe_ecvs_deepseek_v4pro_frontier5_realswe5_mature_ssr_10task_2method_3budget_1run/deepseek/ssr_loop__final_main_v1_41_real_swe_fresh_github_grantjenks_python_sortedcontainers_2b037039bb16__run_1__budget_300.jsonl,8,6aa66f5a9c049d194088f2f88d87f4450aa85b5d1df13904c6b45510a257d2f3,a774a4fde10e37cdd1ed7c1ec72093ba188e68790e2f555dc2d99d33476fdb8f,6bd190405814ca221fe8eb5233d56b2903eaf5472d7191be7f21e780dc190e05
_probe_ecvs_deepseek_v4pro_frontier5_realswe5_mature_ssr_10task_2method_3budget_1run:deepseek_v4pro:ssr_loop:final_main_v1_41_real_swe_fresh_github_grantjenks_python_sortedcontainers_2b037039bb16:budget_600:run_1,deepseek_v4pro,final_main_v1_41_real_swe_fresh_github_grantjenks_python_sortedcontainers_2b037039bb16,real_swe_executable_anchor_controlled,medium,config_path_validation,real_swe_non_frontier,ssr_loop,ssr_loop,600,1,2026-06-19T07:44:30.509314+00:00,2026-06-19T07:44:52.844223+00:00,2026-06-19T07:44:30.509425+00:00,2026-06-19T07:44:52.842337+00:00,22.325,0c34b9d65f290c5ae1f69df62f807131b12af880fb7f25e76a971df0793a03fe,293376257a44b516eda2691daf2d27d164a2f7406b06b7e0b0ec3d4b72234016,2b8d54b172b2fe3b62220252d612c8f62cddb7b7e3ed8b9bc4d31ce97df85c30,d702e712cd306e0ee7ce6b9cc2c0fa9de29d8050d6c9124370ba7b33d8abaeb6,97eef968d9e70c79fcda0ea0d76c56ee9d680810698f79de38672df601d09c83,b1ff25252c724238518b136c1874ef31af83785721c342cd85dded9c9898513e,516aae77011e73621a2cf8ef4ab7fdf9037da06a2c43d94b165b5ffbd27c8376,516aae77011e73621a2cf8ef4ab7fdf9037da06a2c43d94b165b5ffbd27c8376,516aae77011e73621a2cf8ef4ab7fdf9037da06a2c43d94b165b5ffbd27c8376,b9b794241e72f572240582b255743f7610f98bd383c4d77ce21225edf02b4a6c,direct_provider,deepseek,https://api.deepseek.com,deepseek-v4-pro,https://api.deepseek.com/chat/completions,deepseek-v4-pro,53564c95d49bfa46ffa65801037a10ea6b462e0880a1ad4c58eb3cb13ee35b10,f999812d4a697d6f4b7cb0c5ac103c6b477e9d737a3926c79677c0a14b16aed5,732540d4d91cbaf77c5d80073d4d09740fd99c7f0d728d9f161b53753b90f6cd,explicit,0,4096,omitted,,omitted,,omitted,,omitted,,omitted,,omitted,,omitted,,omitted,,omitted,,False,thinking.type=disabled,ffe557f53c63f7d0f7e35f80c03f61d8b3548db9e4f51e8dda020b28a920d875,provider_not_exposed,provider_not_exposed,False,,False,False,False,disabled,,stop;stop;stop;stop;stop;stop;stop;stop,stop;stop;stop;stop;stop;stop;stop;stop,5027,1213,0,294,222,0,ssr_priority_compactor,mature_ssr_protocol_v1_ecvs_safe_visible_only,1,1,4,4,4,4,0,93abdbf1fc8f6036fa4a8fb5f9f112e11ac57e41a22e79aa7fb89bba2484ff48,1,,1,[],"[""REQ_41_RWLXLPUN"", ""LOCK_41_NUPLX"", ""SCOPE_41_LXLPU"", ""CHECK_41_WLXLP""]",0,[],0,[],0,[],1,0,,clean,,35d444e8acce600a083a472b9f0892c49a5deb94efe95c30a029fc5d91ebdbfb,8661bab0740b918b09a2d856cda5a7402d6bfd9ecbf3d02bca8053777da8b5dd,95489f42c3274ae434157f77e29f675c7c22f905fc9fbe3f5fb987b5d3b8aab3,9c9cbc1ae096d2347e7a71d47a9a9b8e9eda9fd989fab1e17844ef1fac947201,94eee321d1fd7e6f0f831109e23206fe9a4ac79826bf1e7927d7b806e058ecd7,released_raw_outputs/model_outputs/_probe_ecvs_deepseek_v4pro_frontier5_realswe5_mature_ssr_10task_2method_3budget_1run/deepseek/ssr_loop__final_main_v1_41_real_swe_fresh_github_grantjenks_python_sortedcontainers_2b037039bb16__run_1__budget_600.jsonl,8,c30bd369f4bb910c24d9afec45e62e6abc3a703e46ed1a4c2b14004548dc9ca4,d9c7c9eb6830b4f82e35de2c78080380d4fd018eb5df46765121908e4e8b92cf,89f449dc3ab2afd349d9833b9929aba78ec804763eea12b66bc2dc4a059db159
_probe_ecvs_deepseek_v4pro_frontier5_realswe5_mature_ssr_10task_2method_3budget_1run:deepseek_v4pro:ssr_loop:final_main_v1_42_real_swe_fresh_github_python_humanize_humanize_2968d44280a6:budget_1200:run_1,deepseek_v4pro,final_main_v1_42_real_swe_fresh_github_python_humanize_humanize_2968d44280a6,real_swe_executable_anchor_controlled,medium,schema_json_contract,real_swe_non_frontier,ssr_loop,ssr_loop,1200,1,2026-06-19T07:43:39.053120+00:00,2026-06-19T07:44:02.536143+00:00,2026-06-19T07:43:39.053183+00:00,2026-06-19T07:44:02.535290+00:00,23.474,0c34b9d65f290c5ae1f69df62f807131b12af880fb7f25e76a971df0793a03fe,7d89808157fd0513606746fa4b35f9493764ee4c120600c45e1d0d94b5b35680,2b8d54b172b2fe3b62220252d612c8f62cddb7b7e3ed8b9bc4d31ce97df85c30,7bfa597a2d2f7bca53e5f16aa01270670fff88f80c8ef48c9909e7344c3d74d9,38c5f1397e3d23e988676585406829c177a1cd9cf28472bc565d22e79ee0af8d,b1ff25252c724238518b136c1874ef31af83785721c342cd85dded9c9898513e,516aae77011e73621a2cf8ef4ab7fdf9037da06a2c43d94b165b5ffbd27c8376,516aae77011e73621a2cf8ef4ab7fdf9037da06a2c43d94b165b5ffbd27c8376,516aae77011e73621a2cf8ef4ab7fdf9037da06a2c43d94b165b5ffbd27c8376,b9b794241e72f572240582b255743f7610f98bd383c4d77ce21225edf02b4a6c,direct_provider,deepseek,https://api.deepseek.com,deepseek-v4-pro,https://api.deepseek.com/chat/completions,deepseek-v4-pro,53564c95d49bfa46ffa65801037a10ea6b462e0880a1ad4c58eb3cb13ee35b10,f999812d4a697d6f4b7cb0c5ac103c6b477e9d737a3926c79677c0a14b16aed5,732540d4d91cbaf77c5d80073d4d09740fd99c7f0d728d9f161b53753b90f6cd,explicit,0,4096,omitted,,omitted,,omitted,,omitted,,omitted,,omitted,,omitted,,omitted,,omitted,,False,thinking.type=disabled,ffe557f53c63f7d0f7e35f80c03f61d8b3548db9e4f51e8dda020b28a920d875,provider_not_exposed,provider_not_exposed,False,,False,False,False,disabled,,stop;stop;stop;stop;stop;stop;stop;stop,stop;stop;stop;stop;stop;stop;stop;stop,5014,1237,0,651,222,0,ssr_priority_compactor,mature_ssr_protocol_v1_ecvs_safe_visible_only,1,1,4,4,4,4,0,dc84a65a1369029c0a37a1580741014aac7601ed4d1197d0b8c242829c6bd09e,1,,1,[],"[""REQ_42_B2CWM43F"", ""LOCK_42_F34MW"", ""SCOPE_42_CWM43"", ""CHECK_42_2CWM4""]",0,[],0,[],0,[],1,0,,clean,,c067e49b5748ca1a7646320433ed1cb46737ccd6103f2354c7cf68414bdfa006,f8296a8af9b6594cb98df833cfaa9276145934a4e2e9c2e3b325101cae61f193,48546fefaa0582989b2378b74c3d210014333964dc231ad129fa6aacb59bd8ec,f526a631ecc3d0539f3816a2e44356ebefccfd73b92d8d1e9fe2f4acd7a30707,97705e16d7d9bb681523861f5302d03e83f72d0e0c325859e3d5295c27198b1e,released_raw_outputs/model_outputs/_probe_ecvs_deepseek_v4pro_frontier5_realswe5_mature_ssr_10task_2method_3budget_1run/deepseek/ssr_loop__final_main_v1_42_real_swe_fresh_github_python_humanize_humanize_2968d44280a6__run_1__budget_1200.jsonl,8,71113828ba66bfd98ae120af8e65366aa1a945f5627897e98e0036f26add765f,ac8c860c9b98b79ae8e671f6fbc6c486741e147084b177b397ac675af5c24523,ecf523e4eac9240c1b719a701450f72d97d710f857a7f101a8102fc946a9b356
_probe_ecvs_deepseek_v4pro_frontier5_realswe5_mature_ssr_10task_2method_3budget_1run:deepseek_v4pro:ssr_loop:final_main_v1_42_real_swe_fresh_github_python_humanize_humanize_2968d44280a6:budget_300:run_1,deepseek_v4pro,final_main_v1_42_real_swe_fresh_github_python_humanize_humanize_2968d44280a6,real_swe_executable_anchor_controlled,medium,schema_json_contract,real_swe_non_frontier,ssr_loop,ssr_loop,300,1,2026-06-19T07:43:37.817246+00:00,2026-06-19T07:44:00.446274+00:00,2026-06-19T07:43:37.817299+00:00,2026-06-19T07:44:00.445464+00:00,22.619,0c34b9d65f290c5ae1f69df62f807131b12af880fb7f25e76a971df0793a03fe,7d89808157fd0513606746fa4b35f9493764ee4c120600c45e1d0d94b5b35680,2b8d54b172b2fe3b62220252d612c8f62cddb7b7e3ed8b9bc4d31ce97df85c30,7bfa597a2d2f7bca53e5f16aa01270670fff88f80c8ef48c9909e7344c3d74d9,661949aa93d1e4c0b213cdc240c48ab9f4435d59db01d7d5a2dffc8420ae9ef7,b1ff25252c724238518b136c1874ef31af83785721c342cd85dded9c9898513e,516aae77011e73621a2cf8ef4ab7fdf9037da06a2c43d94b165b5ffbd27c8376,516aae77011e73621a2cf8ef4ab7fdf9037da06a2c43d94b165b5ffbd27c8376,516aae77011e73621a2cf8ef4ab7fdf9037da06a2c43d94b165b5ffbd27c8376,b9b794241e72f572240582b255743f7610f98bd383c4d77ce21225edf02b4a6c,direct_provider,deepseek,https://api.deepseek.com,deepseek-v4-pro,https://api.deepseek.com/chat/completions,deepseek-v4-pro,53564c95d49bfa46ffa65801037a10ea6b462e0880a1ad4c58eb3cb13ee35b10,f999812d4a697d6f4b7cb0c5ac103c6b477e9d737a3926c79677c0a14b16aed5,732540d4d91cbaf77c5d80073d4d09740fd99c7f0d728d9f161b53753b90f6cd,explicit,0,4096,omitted,,omitted,,omitted,,omitted,,omitted,,omitted,,omitted,,omitted,,omitted,,False,thinking.type=disabled,ffe557f53c63f7d0f7e35f80c03f61d8b3548db9e4f51e8dda020b28a920d875,provider_not_exposed,provider_not_exposed,False,,False,False,False,disabled,,stop;stop;stop;stop;stop;stop;stop;stop,stop;stop;stop;stop;stop;stop;stop;stop,4999,1133,0,294,222,0,ssr_priority_compactor,mature_ssr_protocol_v1_ecvs_safe_visible_only,1,1,4,4,4,4,0,dc84a65a1369029c0a37a1580741014aac7601ed4d1197d0b8c242829c6bd09e,1,,1,[],"[""REQ_42_B2CWM43F"", ""LOCK_42_F34MW"", ""SCOPE_42_CWM43"", ""CHECK_42_2CWM4""]",0,[],0,[],0,[],1,0,,clean,,430773b93bbe3c410f44492a7cafc263f13639f47585c36741c06237e11ba99a,924f90c16392831effbfba73cd69697c1409aae8eef69333749a8f65fa0f1400,ee80192410b7582ec5e1eedad6c69c1921000dbdc4dde3a334cea72a1df16d3d,ce1672248d31e8966d030e68801db7ab063bdb88ae51625f296e6c9536ef5465,9d1364d45e421622420646a2f027498f662c6fa6fb14a24bc0c428fdfb7b9348,released_raw_outputs/model_outputs/_probe_ecvs_deepseek_v4pro_frontier5_realswe5_mature_ssr_10task_2method_3budget_1run/deepseek/ssr_loop__final_main_v1_42_real_swe_fresh_github_python_humanize_humanize_2968d44280a6__run_1__budget_300.jsonl,8,3968de230e8f6c70ad58a8f989914497323b4b6efc606edcacf8a76dbc7e5285,359cb7b062ab09e88fff2bf4a14332770ae33024bcb1b398a1ce75eb31cd85b5,ccfe143a2a442745543ef7c20e0cfc85d835cf23851884805b44306a790f1e4d
_probe_ecvs_deepseek_v4pro_frontier5_realswe5_mature_ssr_10task_2method_3budget_1run:deepseek_v4pro:ssr_loop:final_main_v1_42_real_swe_fresh_github_python_humanize_humanize_2968d44280a6:budget_600:run_1,deepseek_v4pro,final_main_v1_42_real_swe_fresh_github_python_humanize_humanize_2968d44280a6,real_swe_executable_anchor_controlled,medium,schema_json_contract,real_swe_non_frontier,ssr_loop,ssr_loop,600,1,2026-06-19T07:43:38.610001+00:00,2026-06-19T07:44:06.559797+00:00,2026-06-19T07:43:38.610120+00:00,2026-06-19T07:44:06.559022+00:00,27.944,0c34b9d65f290c5ae1f69df62f807131b12af880fb7f25e76a971df0793a03fe,7d89808157fd0513606746fa4b35f9493764ee4c120600c45e1d0d94b5b35680,2b8d54b172b2fe3b62220252d612c8f62cddb7b7e3ed8b9bc4d31ce97df85c30,7bfa597a2d2f7bca53e5f16aa01270670fff88f80c8ef48c9909e7344c3d74d9,c0b787a6405119955fa6238086aae27908603e365290d0c498da3dd7eb0acc2f,b1ff25252c724238518b136c1874ef31af83785721c342cd85dded9c9898513e,516aae77011e73621a2cf8ef4ab7fdf9037da06a2c43d94b165b5ffbd27c8376,516aae77011e73621a2cf8ef4ab7fdf9037da06a2c43d94b165b5ffbd27c8376,516aae77011e73621a2cf8ef4ab7fdf9037da06a2c43d94b165b5ffbd27c8376,b9b794241e72f572240582b255743f7610f98bd383c4d77ce21225edf02b4a6c,direct_provider,deepseek,https://api.deepseek.com,deepseek-v4-pro,https://api.deepseek.com/chat/completions,deepseek-v4-pro,53564c95d49bfa46ffa65801037a10ea6b462e0880a1ad4c58eb3cb13ee35b10,f999812d4a697d6f4b7cb0c5ac103c6b477e9d737a3926c79677c0a14b16aed5,732540d4d91cbaf77c5d80073d4d09740fd99c7f0d728d9f161b53753b90f6cd,explicit,0,4096,omitted,,omitted,,omitted,,omitted,,omitted,,omitted,,omitted,,omitted,,omitted,,False,thinking.type=disabled,ffe557f53c63f7d0f7e35f80c03f61d8b3548db9e4f51e8dda020b28a920d875,provider_not_exposed,provider_not_exposed,False,,False,False,False,disabled,,stop;stop;stop;stop;stop;stop;stop;stop,stop;stop;stop;stop;stop;stop;stop;stop,4999,1302,0,368,222,0,ssr_priority_compactor,mature_ssr_protocol_v1_ecvs_safe_visible_only,1,1,4,4,4,4,0,dc84a65a1369029c0a37a1580741014aac7601ed4d1197d0b8c242829c6bd09e,1,,1,[],"[""REQ_42_B2CWM43F"", ""LOCK_42_F34MW"", ""SCOPE_42_CWM43"", ""CHECK_42_2CWM4""]",0,[],0,[],0,[],1,0,,clean,,79448ffbcf03f9f06c7d78580b1128d00a6c83d6ba36a79164f60a295d9ef0fc,7213d2450f676fdcb5fca992c261a8be815ef05e328c65ab17a73ebfa25db37d,077cd0e10c9d7387759ade13e865740b5e69a2123e9137ae372d7da42555ffd3,ef30c7347b35e1e6444acc71b5dac1930feeba6cf83937b46ab6ce508cbda3ba,16f2f8b221bd918419e327276bcd52a719f58671a57719ef3bf3026cd000fd07,released_raw_outputs/model_outputs/_probe_ecvs_deepseek_v4pro_frontier5_realswe5_mature_ssr_10task_2method_3budget_1run/deepseek/ssr_loop__final_main_v1_42_real_swe_fresh_github_python_humanize_humanize_2968d44280a6__run_1__budget_600.jsonl,8,939a4319c581f21126a3bd608f88f61a5ffff782a8595fcddccd887db4c82734,6c06571d35969805062d9991f62ff77337392ea6bf8bf7332893af8bad616e9b,fb1317adad83d57d0b7c4af752966e7dd793f98e7d1a02d0ef3915af71470317
_probe_ecvs_deepseek_v4pro_frontier5_realswe5_mature_ssr_10task_2method_3budget_1run:deepseek_v4pro:ssr_loop:final_main_v1_43_real_swe_fresh_github_tkem_cachetools_18e5930ced2c:budget_1200:run_1,deepseek_v4pro,final_main_v1_43_real_swe_fresh_github_tkem_cachetools_18e5930ced2c,real_swe_executable_anchor_controlled,medium,permission_file_scope,real_swe_non_frontier,ssr_loop,ssr_loop,1200,1,2026-06-19T07:44:20.374236+00:00,2026-06-19T07:44:46.142594+00:00,2026-06-19T07:44:20.374316+00:00,2026-06-19T07:44:46.140911+00:00,25.76,0c34b9d65f290c5ae1f69df62f807131b12af880fb7f25e76a971df0793a03fe,d9e9675215de871c2af384d309686cbb772789de049f42c9d1564e7d57913099,2b8d54b172b2fe3b62220252d612c8f62cddb7b7e3ed8b9bc4d31ce97df85c30,c768f371cfc52f66ed1cad659b640760266d0f35d570f68225f1714f23aa327d,68662214537b3b94fc5223adaec9bdff5757183a434be584a7792901e6b688d6,b1ff25252c724238518b136c1874ef31af83785721c342cd85dded9c9898513e,516aae77011e73621a2cf8ef4ab7fdf9037da06a2c43d94b165b5ffbd27c8376,516aae77011e73621a2cf8ef4ab7fdf9037da06a2c43d94b165b5ffbd27c8376,516aae77011e73621a2cf8ef4ab7fdf9037da06a2c43d94b165b5ffbd27c8376,b9b794241e72f572240582b255743f7610f98bd383c4d77ce21225edf02b4a6c,direct_provider,deepseek,https://api.deepseek.com,deepseek-v4-pro,https://api.deepseek.com/chat/completions,deepseek-v4-pro,53564c95d49bfa46ffa65801037a10ea6b462e0880a1ad4c58eb3cb13ee35b10,f999812d4a697d6f4b7cb0c5ac103c6b477e9d737a3926c79677c0a14b16aed5,732540d4d91cbaf77c5d80073d4d09740fd99c7f0d728d9f161b53753b90f6cd,explicit,0,4096,omitted,,omitted,,omitted,,omitted,,omitted,,omitted,,omitted,,omitted,,omitted,,False,thinking.type=disabled,ffe557f53c63f7d0f7e35f80c03f61d8b3548db9e4f51e8dda020b28a920d875,provider_not_exposed,provider_not_exposed,False,,False,False,False,disabled,,stop;stop;stop;stop;stop;stop;stop;stop,stop;stop;stop;stop;stop;stop;stop;stop,5013,1403,0,489,222,0,ssr_priority_compactor,mature_ssr_protocol_v1_ecvs_safe_visible_only,1,1,4,0,4,4,0,ef2de3d0cba72e72d08834264bbd507109ded3341427ad5b5895a17cffe380d4,1,,1,[],"[""REQ_43_ZK3ZLG6P"", ""LOCK_43_P6GLZ"", ""SCOPE_43_3ZLG6"", ""CHECK_43_K3ZLG""]",0,[],0,[],0,[],1,0,,clean,,c0468422621f8ab2b3a71753945913f2f7ee49c292394a9b42249ff83d883fad,d36946c0e7bf5acce976a95eca27fb7d28a0d3621023760f466dd3e4a2bff60a,1bdaf6100ecf59aa1d39e23660f61e62c965ccd7d207df3eb7b5f88ae772e180,47de8964586f423c528f753f5361203331da8f5e00daf10fc187046d37bf38bb,9002a20d717930e7542ac04376bdf8fd3d7f836918cac711584f8fdd427412b7,released_raw_outputs/model_outputs/_probe_ecvs_deepseek_v4pro_frontier5_realswe5_mature_ssr_10task_2method_3budget_1run/deepseek/ssr_loop__final_main_v1_43_real_swe_fresh_github_tkem_cachetools_18e5930ced2c__run_1__budget_1200.jsonl,8,5b2a897f30bf5d58414ea08061af204710a812338cc240e735e485a20e13a835,18efcf0a9ae6fc5de6820bf2a2711bc34565042c95919e5ea340dd8813f213d5,c6025b9a102311c8cdd831ec3e76c94cfa1439b4fdccc87d32a25655b88934f7
_probe_ecvs_deepseek_v4pro_frontier5_realswe5_mature_ssr_10task_2method_3budget_1run:deepseek_v4pro:ssr_loop:final_main_v1_43_real_swe_fresh_github_tkem_cachetools_18e5930ced2c:budget_300:run_1,deepseek_v4pro,final_main_v1_43_real_swe_fresh_github_tkem_cachetools_18e5930ced2c,real_swe_executable_anchor_controlled,medium,permission_file_scope,real_swe_non_frontier,ssr_loop,ssr_loop,300,1,2026-06-19T07:44:06.582961+00:00,2026-06-19T07:44:45.527912+00:00,2026-06-19T07:44:06.583019+00:00,2026-06-19T07:44:45.526532+00:00,20.868,0c34b9d65f290c5ae1f69df62f807131b12af880fb7f25e76a971df0793a03fe,d9e9675215de871c2af384d309686cbb772789de049f42c9d1564e7d57913099,2b8d54b172b2fe3b62220252d612c8f62cddb7b7e3ed8b9bc4d31ce97df85c30,c768f371cfc52f66ed1cad659b640760266d0f35d570f68225f1714f23aa327d,2ebe34436dae1a79d13220ec0c41979a26d0afa15f931baafc6bf9d4da17cf0b,b1ff25252c724238518b136c1874ef31af83785721c342cd85dded9c9898513e,516aae77011e73621a2cf8ef4ab7fdf9037da06a2c43d94b165b5ffbd27c8376,516aae77011e73621a2cf8ef4ab7fdf9037da06a2c43d94b165b5ffbd27c8376,516aae77011e73621a2cf8ef4ab7fdf9037da06a2c43d94b165b5ffbd27c8376,b9b794241e72f572240582b255743f7610f98bd383c4d77ce21225edf02b4a6c,direct_provider,deepseek,https://api.deepseek.com,deepseek-v4-pro,https://api.deepseek.com/chat/completions,deepseek-v4-pro,53564c95d49bfa46ffa65801037a10ea6b462e0880a1ad4c58eb3cb13ee35b10,f999812d4a697d6f4b7cb0c5ac103c6b477e9d737a3926c79677c0a14b16aed5,732540d4d91cbaf77c5d80073d4d09740fd99c7f0d728d9f161b53753b90f6cd,explicit,0,4096,omitted,,omitted,,omitted,,omitted,,omitted,,omitted,,omitted,,omitted,,omitted,,False,thinking.type=disabled,ffe557f53c63f7d0f7e35f80c03f61d8b3548db9e4f51e8dda020b28a920d875,provider_not_exposed,provider_not_exposed,False,,False,False,False,disabled,,stop;stop;stop;stop;stop;stop;stop;stop,stop;stop;stop;stop;stop;stop;stop;stop,4998,1041,0,288,222,0,ssr_priority_compactor,mature_ssr_protocol_v1_ecvs_safe_visible_only,1,1,4,4,4,4,0,ef2de3d0cba72e72d08834264bbd507109ded3341427ad5b5895a17cffe380d4,1,,1,[],"[""REQ_43_ZK3ZLG6P"", ""LOCK_43_P6GLZ"", ""SCOPE_43_3ZLG6"", ""CHECK_43_K3ZLG""]",0,[],0,[],0,[],1,0,,clean,,0c045a2cd435dc04b375170f5a592f20200e6f050c7bd79f1815d27b6f5eae5c,e698142cefdaf596f057afce5a5e28ebd0bdd1856ee5b8229821338a0c519144,09c548e43771c3cf8ecb08be8b51aba35fc27dc50228f172fae59abd1cfca10b,476266e3d88091b72610b7687159f4a65bc0386cf90345e39a5efa8be88a9c99,8988e71904f7cb5a74cfebe64ce42c67cf9278701d4b52234686fc1f5bd1f091,released_raw_outputs/model_outputs/_probe_ecvs_deepseek_v4pro_frontier5_realswe5_mature_ssr_10task_2method_3budget_1run/deepseek/ssr_loop__final_main_v1_43_real_swe_fresh_github_tkem_cachetools_18e5930ced2c__run_1__budget_300.jsonl,8,17ca2eff65d9a43eec444de254952800fb7161de75f7791d17f2107eff154c07,3044599e290fbee72857d2bab641fa2473b5dc1a5ae57cdc480e5a9969e4ffc5,776419c79670c4e5eb60e1b3b37ed0504598a0be0e43dccf32186162f2a5216a
_probe_ecvs_deepseek_v4pro_frontier5_realswe5_mature_ssr_10task_2method_3budget_1run:deepseek_v4pro:ssr_loop:final_main_v1_43_real_swe_fresh_github_tkem_cachetools_18e5930ced2c:budget_600:run_1,deepseek_v4pro,final_main_v1_43_real_swe_fresh_github_tkem_cachetools_18e5930ced2c,real_swe_executable_anchor_controlled,medium,permission_file_scope,real_swe_non_frontier,ssr_loop,ssr_loop,600,1,2026-06-19T07:44:09.689902+00:00,2026-06-19T07:44:34.071647+00:00,2026-06-19T07:44:09.689994+00:00,2026-06-19T07:44:34.068809+00:00,24.375,0c34b9d65f290c5ae1f69df62f807131b12af880fb7f25e76a971df0793a03fe,d9e9675215de871c2af384d309686cbb772789de049f42c9d1564e7d57913099,2b8d54b172b2fe3b62220252d612c8f62cddb7b7e3ed8b9bc4d31ce97df85c30,c768f371cfc52f66ed1cad659b640760266d0f35d570f68225f1714f23aa327d,c79c724f40869d7209ec6d80ce65d288bb94db1a9aa499fcea67e501d5119c73,b1ff25252c724238518b136c1874ef31af83785721c342cd85dded9c9898513e,516aae77011e73621a2cf8ef4ab7fdf9037da06a2c43d94b165b5ffbd27c8376,516aae77011e73621a2cf8ef4ab7fdf9037da06a2c43d94b165b5ffbd27c8376,516aae77011e73621a2cf8ef4ab7fdf9037da06a2c43d94b165b5ffbd27c8376,b9b794241e72f572240582b255743f7610f98bd383c4d77ce21225edf02b4a6c,direct_provider,deepseek,https://api.deepseek.com,deepseek-v4-pro,https://api.deepseek.com/chat/completions,deepseek-v4-pro,53564c95d49bfa46ffa65801037a10ea6b462e0880a1ad4c58eb3cb13ee35b10,f999812d4a697d6f4b7cb0c5ac103c6b477e9d737a3926c79677c0a14b16aed5,732540d4d91cbaf77c5d80073d4d09740fd99c7f0d728d9f161b53753b90f6cd,explicit,0,4096,omitted,,omitted,,omitted,,omitted,,omitted,,omitted,,omitted,,omitted,,omitted,,False,thinking.type=disabled,ffe557f53c63f7d0f7e35f80c03f61d8b3548db9e4f51e8dda020b28a920d875,provider_not_exposed,provider_not_exposed,False,,False,False,False,disabled,,stop;stop;stop;stop;stop;stop;stop;stop,stop;stop;stop;stop;stop;stop;stop;stop,4998,1302,0,341,222,0,ssr_priority_compactor,mature_ssr_protocol_v1_ecvs_safe_visible_only,1,1,4,4,4,4,0,ef2de3d0cba72e72d08834264bbd507109ded3341427ad5b5895a17cffe380d4,1,,1,[],"[""REQ_43_ZK3ZLG6P"", ""LOCK_43_P6GLZ"", ""SCOPE_43_3ZLG6"", ""CHECK_43_K3ZLG""]",0,[],0,[],0,[],1,0,,clean,,e6159bef5b856c310a3e84812dad042137cdc9413a7635144a2b21d05bfc899c,fc7501867b4dce8c6d89c84e33e6ede0d4c046f9cab8c4137296c82ef2165030,5f99e5fec337cafeef818c455be47d9644ae25f7bd3295deff391f87325677a0,e77daffb519b1897a908bcd87ead1d2075ddf9919b202852b9c570974089087d,ecccf360653cd179074caccd6817ad59fab9a4fce202f0ba68657828fcd956c6,released_raw_outputs/model_outputs/_probe_ecvs_deepseek_v4pro_frontier5_realswe5_mature_ssr_10task_2method_3budget_1run/deepseek/ssr_loop__final_main_v1_43_real_swe_fresh_github_tkem_cachetools_18e5930ced2c__run_1__budget_600.jsonl,8,c1b9629e1aaafefea4dc6151ca2b8a534a11748ae2dcf228304a779236e654ed,49ce30f434060c74883f999c04d67118e9093c3f5097be4cb287bda9c12b3a96,d8d996650374faea86adeedbfb494d4b641898aaaf0c1dcf90f180e36f6e88c4
_probe_ecvs_deepseek_v4pro_frontier5_realswe5_mature_ssr_10task_2method_3budget_1run:deepseek_v4pro:ssr_loop:final_main_v1_44_real_swe_fresh_github_jpadilla_pyjwt_c8ab900b831c:budget_1200:run_1,deepseek_v4pro,final_main_v1_44_real_swe_fresh_github_jpadilla_pyjwt_c8ab900b831c,real_swe_executable_anchor_controlled,hard,dependency_import_consistency,real_swe_non_frontier,ssr_loop,ssr_loop,1200,1,2026-06-19T07:43:29.591813+00:00,2026-06-19T07:43:56.771089+00:00,2026-06-19T07:43:29.591928+00:00,2026-06-19T07:43:56.770209+00:00,27.171,0c34b9d65f290c5ae1f69df62f807131b12af880fb7f25e76a971df0793a03fe,2ec351c87e7db636e065cb1ab54565df6bdda033975a41c3e3fe88954a636c6b,2b8d54b172b2fe3b62220252d612c8f62cddb7b7e3ed8b9bc4d31ce97df85c30,5a40bea2f6aff56cf0251a9521c848350d5c35a4749294432de252a86b2e97df,25c4d7be05857cd449e7c5b5d075074066ffb8f97fbd660ed33242568c02ade4,b1ff25252c724238518b136c1874ef31af83785721c342cd85dded9c9898513e,516aae77011e73621a2cf8ef4ab7fdf9037da06a2c43d94b165b5ffbd27c8376,516aae77011e73621a2cf8ef4ab7fdf9037da06a2c43d94b165b5ffbd27c8376,516aae77011e73621a2cf8ef4ab7fdf9037da06a2c43d94b165b5ffbd27c8376,b9b794241e72f572240582b255743f7610f98bd383c4d77ce21225edf02b4a6c,direct_provider,deepseek,https://api.deepseek.com,deepseek-v4-pro,https://api.deepseek.com/chat/completions,deepseek-v4-pro,53564c95d49bfa46ffa65801037a10ea6b462e0880a1ad4c58eb3cb13ee35b10,f999812d4a697d6f4b7cb0c5ac103c6b477e9d737a3926c79677c0a14b16aed5,732540d4d91cbaf77c5d80073d4d09740fd99c7f0d728d9f161b53753b90f6cd,explicit,0,4096,omitted,,omitted,,omitted,,omitted,,omitted,,omitted,,omitted,,omitted,,omitted,,False,thinking.type=disabled,ffe557f53c63f7d0f7e35f80c03f61d8b3548db9e4f51e8dda020b28a920d875,provider_not_exposed,provider_not_exposed,False,,False,False,False,disabled,,stop;stop;stop;stop;stop;stop;stop;stop;stop,stop;stop;stop;stop;stop;stop;stop;stop;stop,5671,1521,0,488,238,0,ssr_priority_compactor,mature_ssr_protocol_v1_ecvs_safe_visible_only,1,1,5,0,5,5,0,dd785ffa311215d5eb3616c215cd2825ba01d3964b8b0c8787701ab1b1f5f05f,1,,1,[],"[""REQ_44_8QQN7FPY"", ""LOCK_44_YPF7N"", ""SCOPE_44_QN7FP"", ""CHECK_44_QQN7F"", ""ANCHOR_44_N7FPY""]",0,[],0,[],0,[],1,0,,clean,,373a4026501c12ba073baad1aa742c0902ec2cce14811dbf73bbf94b07a12cf3,8ea53705f22a533701902b6a04eda8f8227d63ba9c42944208f64e84e5ac1be1,47412d50758da62a05ea09b267f4c6b063f45cedd17ce0d54acca7463fe321ec,4a8ab1b461cdb0ba782251af7883bb3e3f04465ae3b1e1daf631cac8ca5b4733,1c42d4f7c8bad45fa389f97170e73e17b6da198e66eefae768d4ddf0dcb40483,released_raw_outputs/model_outputs/_probe_ecvs_deepseek_v4pro_frontier5_realswe5_mature_ssr_10task_2method_3budget_1run/deepseek/ssr_loop__final_main_v1_44_real_swe_fresh_github_jpadilla_pyjwt_c8ab900b831c__run_1__budget_1200.jsonl,9,f09abd46b1f6e623be86a86eabe3ab63aa784f032a5cca46eadb9daf192b4b01,4bb2ae5636d633d04db978a0a408b690c05e44f5e77eafd063c14d525773add6,852e2cc5d9005677199624eea2034097e5da2f925d3d58b4e74accd49dcff8f9
_probe_ecvs_deepseek_v4pro_frontier5_realswe5_mature_ssr_10task_2method_3budget_1run:deepseek_v4pro:ssr_loop:final_main_v1_44_real_swe_fresh_github_jpadilla_pyjwt_c8ab900b831c:budget_300:run_1,deepseek_v4pro,final_main_v1_44_real_swe_fresh_github_jpadilla_pyjwt_c8ab900b831c,real_swe_executable_anchor_controlled,hard,dependency_import_consistency,real_swe_non_frontier,ssr_loop,ssr_loop,300,1,2026-06-19T07:43:27.015144+00:00,2026-06-19T07:43:52.982572+00:00,2026-06-19T07:43:27.015289+00:00,2026-06-19T07:43:52.980792+00:00,25.96,0c34b9d65f290c5ae1f69df62f807131b12af880fb7f25e76a971df0793a03fe,2ec351c87e7db636e065cb1ab54565df6bdda033975a41c3e3fe88954a636c6b,2b8d54b172b2fe3b62220252d612c8f62cddb7b7e3ed8b9bc4d31ce97df85c30,5a40bea2f6aff56cf0251a9521c848350d5c35a4749294432de252a86b2e97df,9948ecb24a3100bfcd1c6fc79c75eb6e45ea7c55764c49a88b1b68662a775884,b1ff25252c724238518b136c1874ef31af83785721c342cd85dded9c9898513e,516aae77011e73621a2cf8ef4ab7fdf9037da06a2c43d94b165b5ffbd27c8376,516aae77011e73621a2cf8ef4ab7fdf9037da06a2c43d94b165b5ffbd27c8376,516aae77011e73621a2cf8ef4ab7fdf9037da06a2c43d94b165b5ffbd27c8376,b9b794241e72f572240582b255743f7610f98bd383c4d77ce21225edf02b4a6c,direct_provider,deepseek,https://api.deepseek.com,deepseek-v4-pro,https://api.deepseek.com/chat/completions,deepseek-v4-pro,53564c95d49bfa46ffa65801037a10ea6b462e0880a1ad4c58eb3cb13ee35b10,f999812d4a697d6f4b7cb0c5ac103c6b477e9d737a3926c79677c0a14b16aed5,732540d4d91cbaf77c5d80073d4d09740fd99c7f0d728d9f161b53753b90f6cd,explicit,0,4096,omitted,,omitted,,omitted,,omitted,,omitted,,omitted,,omitted,,omitted,,omitted,,False,thinking.type=disabled,ffe557f53c63f7d0f7e35f80c03f61d8b3548db9e4f51e8dda020b28a920d875,provider_not_exposed,provider_not_exposed,False,,False,False,False,disabled,,stop;stop;stop;stop;stop;stop;stop;stop;stop,stop;stop;stop;stop;stop;stop;stop;stop;stop,5654,1273,0,310,238,1,ssr_priority_compactor,mature_ssr_protocol_v1_ecvs_safe_visible_only,1,1,5,5,5,5,0,0624b10eb1233602dfffa2c7a41ea87b8997a26b3ab21751f47b21675463088f,1,,1,[],"[""REQ_44_8QQN7FPY"", ""LOCK_44_YPF7N"", ""SCOPE_44_QN7FP"", ""CHECK_44_QQN7F"", ""ANCHOR_44_N7FPY""]",0,[],0,[],0,[],1,0,,clean,,7a826097c8bb401e91dc937cd119baa9250414e3e00f3ce1c977efd1e38e9164,18207542ee93707e5666db5c0b186b3ef826f6a3d6912d1ed8571205172a1141,161900aa046e5575ced5f23d21624208b4e40e843eca34d0628abd034491c752,55a632bcec7d8ef57da0073801b62c796e6b2917783523b00278c7d455e69f32,c56fceff37d76f9db13fcb98fced5bde69ad169fd3bbd74fa9f8a67753625596,released_raw_outputs/model_outputs/_probe_ecvs_deepseek_v4pro_frontier5_realswe5_mature_ssr_10task_2method_3budget_1run/deepseek/ssr_loop__final_main_v1_44_real_swe_fresh_github_jpadilla_pyjwt_c8ab900b831c__run_1__budget_300.jsonl,9,56482464559dea9212189c06c70750ba67331c0d4be8fd20aaf0aee04dc3ccd9,4ab2bb6c56a6bb07814b528acb6faf172b31b021b10ffc1a0e8100d67087e1af,ae0c6c38afe049f1e1a9d133d7b816ac99be253fb4349ee9eb88df1e16019678
_probe_ecvs_deepseek_v4pro_frontier5_realswe5_mature_ssr_10task_2method_3budget_1run:deepseek_v4pro:ssr_loop:final_main_v1_44_real_swe_fresh_github_jpadilla_pyjwt_c8ab900b831c:budget_600:run_1,deepseek_v4pro,final_main_v1_44_real_swe_fresh_github_jpadilla_pyjwt_c8ab900b831c,real_swe_executable_anchor_controlled,hard,dependency_import_consistency,real_swe_non_frontier,ssr_loop,ssr_loop,600,1,2026-06-19T07:43:27.330902+00:00,2026-06-19T07:43:57.128534+00:00,2026-06-19T07:43:27.331037+00:00,2026-06-19T07:43:57.127713+00:00,29.793,0c34b9d65f290c5ae1f69df62f807131b12af880fb7f25e76a971df0793a03fe,2ec351c87e7db636e065cb1ab54565df6bdda033975a41c3e3fe88954a636c6b,2b8d54b172b2fe3b62220252d612c8f62cddb7b7e3ed8b9bc4d31ce97df85c30,5a40bea2f6aff56cf0251a9521c848350d5c35a4749294432de252a86b2e97df,0c28f0f97863adf5fd24e2f61e4945d5a37ba6c53fc95f7fafabd167dc8e5745,b1ff25252c724238518b136c1874ef31af83785721c342cd85dded9c9898513e,516aae77011e73621a2cf8ef4ab7fdf9037da06a2c43d94b165b5ffbd27c8376,516aae77011e73621a2cf8ef4ab7fdf9037da06a2c43d94b165b5ffbd27c8376,516aae77011e73621a2cf8ef4ab7fdf9037da06a2c43d94b165b5ffbd27c8376,b9b794241e72f572240582b255743f7610f98bd383c4d77ce21225edf02b4a6c,direct_provider,deepseek,https://api.deepseek.com,deepseek-v4-pro,https://api.deepseek.com/chat/completions,deepseek-v4-pro,53564c95d49bfa46ffa65801037a10ea6b462e0880a1ad4c58eb3cb13ee35b10,f999812d4a697d6f4b7cb0c5ac103c6b477e9d737a3926c79677c0a14b16aed5,732540d4d91cbaf77c5d80073d4d09740fd99c7f0d728d9f161b53753b90f6cd,explicit,0,4096,omitted,,omitted,,omitted,,omitted,,omitted,,omitted,,omitted,,omitted,,omitted,,False,thinking.type=disabled,ffe557f53c63f7d0f7e35f80c03f61d8b3548db9e4f51e8dda020b28a920d875,provider_not_exposed,provider_not_exposed,False,,False,False,False,disabled,,stop;stop;stop;stop;stop;stop;stop;stop;stop,stop;stop;stop;stop;stop;stop;stop;stop;stop,5654,1538,0,437,238,0,ssr_priority_compactor,mature_ssr_protocol_v1_ecvs_safe_visible_only,1,1,5,5,5,5,0,81e097d9e3d5d0e86d52306319fb39f636ca78a95c744693df0d398ddad367f9,1,,1,[],"[""REQ_44_8QQN7FPY"", ""LOCK_44_YPF7N"", ""SCOPE_44_QN7FP"", ""CHECK_44_QQN7F"", ""ANCHOR_44_N7FPY""]",0,[],0,[],0,[],1,0,,clean,,89faa03341341d7051fd53d7491cc18263249661c24ff7b0127108e1b7e8a675,97e4f6cca88c5be7cdb1b5c0b830f79dcbd0453c4e138123b6a810d9dab2aeee,457ea329d87e9c5a81e94db42da82d8d8cc2f7d40c0a6e3d2322b6b84d9f9891,e349e6291fc8cbbe4272550274c18c02f5f26a5777bfe5353e17bf4eaa646bf9,5e0c0731883b035a5ba3a2758440951be0ec0ce267b36601251b380f78d67305,released_raw_outputs/model_outputs/_probe_ecvs_deepseek_v4pro_frontier5_realswe5_mature_ssr_10task_2method_3budget_1run/deepseek/ssr_loop__final_main_v1_44_real_swe_fresh_github_jpadilla_pyjwt_c8ab900b831c__run_1__budget_600.jsonl,9,6d7ae1eab5b0acbd010bd5dc69dde2c26bc55bf023ceb01b8a002ee0938329fd,df6f09c6e37dce7c4df7a4d07128b95cd5de3c8d9567332ed7c3f8aa5727ae9b,f277c9a3ab6dc8141c39b03e3330c279130c97624d4b887681961d7cb599a95d
_probe_ecvs_deepseek_v4pro_frontier5_realswe5_mature_ssr_10task_2method_3budget_1run:deepseek_v4pro:ssr_loop:final_main_v1_46_real_swe_fresh_github_jpadilla_pyjwt_0a99cc2427c7:budget_1200:run_1,deepseek_v4pro,final_main_v1_46_real_swe_fresh_github_jpadilla_pyjwt_0a99cc2427c7,real_swe_executable_anchor_controlled,hard,security_boundary,real_swe_non_frontier,ssr_loop,ssr_loop,1200,1,2026-06-19T07:43:57.129248+00:00,2026-06-19T07:44:30.508298+00:00,2026-06-19T07:43:57.129313+00:00,2026-06-19T07:44:30.502907+00:00,33.36,0c34b9d65f290c5ae1f69df62f807131b12af880fb7f25e76a971df0793a03fe,b47fdc5a29ec2e4d8ea6996db655d63858924f3324db7676d76147c4dd07e610,2b8d54b172b2fe3b62220252d612c8f62cddb7b7e3ed8b9bc4d31ce97df85c30,872ae97b64fe0ebd139c17ccd41721fa87e11f5edfa8d00f1687a9bff4411513,c0d810f12c0badd71e5b9b95dae0429a2983370604e88c767fa5db62a7f03d5a,b1ff25252c724238518b136c1874ef31af83785721c342cd85dded9c9898513e,516aae77011e73621a2cf8ef4ab7fdf9037da06a2c43d94b165b5ffbd27c8376,516aae77011e73621a2cf8ef4ab7fdf9037da06a2c43d94b165b5ffbd27c8376,516aae77011e73621a2cf8ef4ab7fdf9037da06a2c43d94b165b5ffbd27c8376,b9b794241e72f572240582b255743f7610f98bd383c4d77ce21225edf02b4a6c,direct_provider,deepseek,https://api.deepseek.com,deepseek-v4-pro,https://api.deepseek.com/chat/completions,deepseek-v4-pro,53564c95d49bfa46ffa65801037a10ea6b462e0880a1ad4c58eb3cb13ee35b10,f999812d4a697d6f4b7cb0c5ac103c6b477e9d737a3926c79677c0a14b16aed5,732540d4d91cbaf77c5d80073d4d09740fd99c7f0d728d9f161b53753b90f6cd,explicit,0,4096,omitted,,omitted,,omitted,,omitted,,omitted,,omitted,,omitted,,omitted,,omitted,,False,thinking.type=disabled,ffe557f53c63f7d0f7e35f80c03f61d8b3548db9e4f51e8dda020b28a920d875,provider_not_exposed,provider_not_exposed,False,,False,False,False,disabled,,stop;stop;stop;stop;stop;stop;stop;stop;stop,stop;stop;stop;stop;stop;stop;stop;stop;stop,5650,1608,0,687,238,0,ssr_priority_compactor,mature_ssr_protocol_v1_ecvs_safe_visible_only,1,1,5,0,5,5,0,0c94860ec3f650b9a183280116ad0219268afbad8dfc6f4500b6d2c960ef7e31,1,,1,[],"[""REQ_46_35AH5586"", ""LOCK_46_6855H"", ""SCOPE_46_AH558"", ""CHECK_46_5AH55"", ""ANCHOR_46_H5586""]",0,[],0,[],0,[],1,0,,clean,,20464508041df67ba929dfa2b3d0aabe88312772c00f0eb5181682391e287040,4a288434e56afb58ef28410076fe5d2e6ff6e086698bf4b474d1ac38fa6a95d4,ec8637998cc9208ef6cb2aedbc767bad9b578802f7fa7115fa269ef19a769327,2732f8d3cb2c76be386d35ec3301195d31cc4b29a72f1decf0f7eee0f73d526d,bc6bd0185c89d97d1d115d5591f2d84c83d39fe09e13c384ddc926f4834e3d85,released_raw_outputs/model_outputs/_probe_ecvs_deepseek_v4pro_frontier5_realswe5_mature_ssr_10task_2method_3budget_1run/deepseek/ssr_loop__final_main_v1_46_real_swe_fresh_github_jpadilla_pyjwt_0a99cc2427c7__run_1__budget_1200.jsonl,9,852345a605e1463c24766f1d5c4086a16f7dc8568dca9bb99e3a19f747b89f11,0b5915e285dba1b305097f84b672757bad3e0b5352a22d68f78b8bc0b550fae8,1eb7df789ddb815788c8892a0a4caa3a716131448e795d06b19c72de72824aeb
_probe_ecvs_deepseek_v4pro_frontier5_realswe5_mature_ssr_10task_2method_3budget_1run:deepseek_v4pro:ssr_loop:final_main_v1_46_real_swe_fresh_github_jpadilla_pyjwt_0a99cc2427c7:budget_300:run_1,deepseek_v4pro,final_main_v1_46_real_swe_fresh_github_jpadilla_pyjwt_0a99cc2427c7,real_swe_executable_anchor_controlled,hard,security_boundary,real_swe_non_frontier,ssr_loop,ssr_loop,300,1,2026-06-19T07:43:55.526930+00:00,2026-06-19T07:44:34.864355+00:00,2026-06-19T07:43:55.526983+00:00,2026-06-19T07:44:34.862893+00:00,22.244,0c34b9d65f290c5ae1f69df62f807131b12af880fb7f25e76a971df0793a03fe,b47fdc5a29ec2e4d8ea6996db655d63858924f3324db7676d76147c4dd07e610,2b8d54b172b2fe3b62220252d612c8f62cddb7b7e3ed8b9bc4d31ce97df85c30,872ae97b64fe0ebd139c17ccd41721fa87e11f5edfa8d00f1687a9bff4411513,334c7bc9284efdeb7c9614c294e647f522c9b2ea396d96abec13645a12ac95b7,b1ff25252c724238518b136c1874ef31af83785721c342cd85dded9c9898513e,516aae77011e73621a2cf8ef4ab7fdf9037da06a2c43d94b165b5ffbd27c8376,516aae77011e73621a2cf8ef4ab7fdf9037da06a2c43d94b165b5ffbd27c8376,516aae77011e73621a2cf8ef4ab7fdf9037da06a2c43d94b165b5ffbd27c8376,b9b794241e72f572240582b255743f7610f98bd383c4d77ce21225edf02b4a6c,direct_provider,deepseek,https://api.deepseek.com,deepseek-v4-pro,https://api.deepseek.com/chat/completions,deepseek-v4-pro,53564c95d49bfa46ffa65801037a10ea6b462e0880a1ad4c58eb3cb13ee35b10,f999812d4a697d6f4b7cb0c5ac103c6b477e9d737a3926c79677c0a14b16aed5,732540d4d91cbaf77c5d80073d4d09740fd99c7f0d728d9f161b53753b90f6cd,explicit,0,4096,omitted,,omitted,,omitted,,omitted,,omitted,,omitted,,omitted,,omitted,,omitted,,False,thinking.type=disabled,ffe557f53c63f7d0f7e35f80c03f61d8b3548db9e4f51e8dda020b28a920d875,provider_not_exposed,provider_not_exposed,False,,False,False,False,disabled,,stop;stop;stop;stop;stop;stop;stop;stop;stop,stop;stop;stop;stop;stop;stop;stop;stop;stop,5633,1128,0,217,238,0,ssr_priority_compactor,mature_ssr_protocol_v1_ecvs_safe_visible_only,1,1,5,0,5,5,0,1a799b780d36e6e6edbe5fc37c080c51adbd24b7a0926f91e7b89d51192ca421,1,,1,[],"[""REQ_46_35AH5586"", ""LOCK_46_6855H"", ""SCOPE_46_AH558"", ""CHECK_46_5AH55"", ""ANCHOR_46_H5586""]",0,[],0,[],0,[],1,0,,clean,,5e605bfd1694386ea6f48815f1b58756a31a494d7357da974a5ca297c9a6adee,db12a5bbffdc71df879387173de2e6a9f45818af7b029b23383414ba1a43e718,3f80eb58b6628d047d0b4319333b2fbef096d510b45682ee888a524827786397,8b7158f2b67375e442aa13044bf95d0deceb665476f60b0886e82c082415f308,c57af1510f253b2bad9e2e91811faee5075d08bc1c0d9504ea01e3768d444442,released_raw_outputs/model_outputs/_probe_ecvs_deepseek_v4pro_frontier5_realswe5_mature_ssr_10task_2method_3budget_1run/deepseek/ssr_loop__final_main_v1_46_real_swe_fresh_github_jpadilla_pyjwt_0a99cc2427c7__run_1__budget_300.jsonl,9,14b846963dd0937c4c0e74351ff1417582afeb57b53aedcc5acbb7068cbd344d,f59689d05db019058afaa8ec700afb0d5915abd84a7bd3d93145c3a307276745,6e9006f174e2acb0c854c690ca17dd9a2ef586073ba28fbc2cdd6b62cd508277
_probe_ecvs_deepseek_v4pro_frontier5_realswe5_mature_ssr_10task_2method_3budget_1run:deepseek_v4pro:ssr_loop:final_main_v1_46_real_swe_fresh_github_jpadilla_pyjwt_0a99cc2427c7:budget_600:run_1,deepseek_v4pro,final_main_v1_46_real_swe_fresh_github_jpadilla_pyjwt_0a99cc2427c7,real_swe_executable_anchor_controlled,hard,security_boundary,real_swe_non_frontier,ssr_loop,ssr_loop,600,1,2026-06-19T07:43:56.771529+00:00,2026-06-19T07:44:25.037494+00:00,2026-06-19T07:43:56.771585+00:00,2026-06-19T07:44:25.034839+00:00,28.253,0c34b9d65f290c5ae1f69df62f807131b12af880fb7f25e76a971df0793a03fe,b47fdc5a29ec2e4d8ea6996db655d63858924f3324db7676d76147c4dd07e610,2b8d54b172b2fe3b62220252d612c8f62cddb7b7e3ed8b9bc4d31ce97df85c30,872ae97b64fe0ebd139c17ccd41721fa87e11f5edfa8d00f1687a9bff4411513,f4eb3773edbe79307b946fa78bae7cdeb9c971ccf62fd8fa35db25583c1dde60,b1ff25252c724238518b136c1874ef31af83785721c342cd85dded9c9898513e,516aae77011e73621a2cf8ef4ab7fdf9037da06a2c43d94b165b5ffbd27c8376,516aae77011e73621a2cf8ef4ab7fdf9037da06a2c43d94b165b5ffbd27c8376,516aae77011e73621a2cf8ef4ab7fdf9037da06a2c43d94b165b5ffbd27c8376,b9b794241e72f572240582b255743f7610f98bd383c4d77ce21225edf02b4a6c,direct_provider,deepseek,https://api.deepseek.com,deepseek-v4-pro,https://api.deepseek.com/chat/completions,deepseek-v4-pro,53564c95d49bfa46ffa65801037a10ea6b462e0880a1ad4c58eb3cb13ee35b10,f999812d4a697d6f4b7cb0c5ac103c6b477e9d737a3926c79677c0a14b16aed5,732540d4d91cbaf77c5d80073d4d09740fd99c7f0d728d9f161b53753b90f6cd,explicit,0,4096,omitted,,omitted,,omitted,,omitted,,omitted,,omitted,,omitted,,omitted,,omitted,,False,thinking.type=disabled,ffe557f53c63f7d0f7e35f80c03f61d8b3548db9e4f51e8dda020b28a920d875,provider_not_exposed,provider_not_exposed,False,,False,False,False,disabled,,stop;stop;stop;stop;stop;stop;stop;stop;stop,stop;stop;stop;stop;stop;stop;stop;stop;stop,5633,1466,0,310,238,0,ssr_priority_compactor,mature_ssr_protocol_v1_ecvs_safe_visible_only,1,1,5,5,5,5,0,4b2de054164c89f432d0b161ebb99ac06b8d37dd2d66a76097cd523a6c13f83e,1,,1,[],"[""REQ_46_35AH5586"", ""LOCK_46_6855H"", ""SCOPE_46_AH558"", ""CHECK_46_5AH55"", ""ANCHOR_46_H5586""]",0,[],0,[],0,[],1,0,,clean,,743cb799d8579ac7d946442e40c0eb659de20fc2da554acf85b9987c107c0e26,7b09f1e4a163b13d009694db20a8a2fc4658bffce348f851b0ca03675ee6989e,ea0aab1e7cbc6e67fec762068ffc6873d30c4ef42858ab27c2e111e2ecf2e404,768afcfeff50b0e9047574ddbebe5f14dc5e5eee7f188a7234ca14ccef791963,fbb3dce489039a5dadb2ae9270b6d68eae80c72a233ffdcb8293f83156265765,released_raw_outputs/model_outputs/_probe_ecvs_deepseek_v4pro_frontier5_realswe5_mature_ssr_10task_2method_3budget_1run/deepseek/ssr_loop__final_main_v1_46_real_swe_fresh_github_jpadilla_pyjwt_0a99cc2427c7__run_1__budget_600.jsonl,9,15beb3842dba4425f0a64c40ebcb4b6c60ad891c9eec2b5389fafee2195ccac9,1b57f2c9d532e1f4a87fcb2b73347cfe5a16f6c660d97bfdca340e26716f03b7,feff45d19dadb8767cce3add35c32f4c74cf39fe71e04b9489263e0211eb4aaf
_probe_ecvs_deepseek_v4pro_frontier5_realswe5_mature_ssr_10task_2method_3budget_1run:deepseek_v4pro:ssr_only:final_main_v1_18_actual_frontier_diagnostic_test_integrity:budget_1200:run_1,deepseek_v4pro,final_main_v1_18_actual_frontier_diagnostic_test_integrity,diagnostic_controlled,frontier_hard,test_integrity,frontier_hard_non_real,ssr_only,ssr_only,1200,1,2026-06-19T07:42:47.562056+00:00,2026-06-19T07:43:37.816853+00:00,2026-06-19T07:42:47.562136+00:00,2026-06-19T07:43:37.815712+00:00,32.145,0c34b9d65f290c5ae1f69df62f807131b12af880fb7f25e76a971df0793a03fe,a3e3bfd0c5952ef5854a04d4f2333de4afafd36743ef6b5c62318280826d318d,2b8d54b172b2fe3b62220252d612c8f62cddb7b7e3ed8b9bc4d31ce97df85c30,aed6cda60eecbe60e8b54994849d3c5d0450d2dd16c19a2950b5a4f89b962a70,f9fbc08d21039e774b403dffba716b4eadd24240a01658ac62c630d2b60adbeb,b1ff25252c724238518b136c1874ef31af83785721c342cd85dded9c9898513e,516aae77011e73621a2cf8ef4ab7fdf9037da06a2c43d94b165b5ffbd27c8376,516aae77011e73621a2cf8ef4ab7fdf9037da06a2c43d94b165b5ffbd27c8376,516aae77011e73621a2cf8ef4ab7fdf9037da06a2c43d94b165b5ffbd27c8376,b9b794241e72f572240582b255743f7610f98bd383c4d77ce21225edf02b4a6c,direct_provider,deepseek,https://api.deepseek.com,deepseek-v4-pro,https://api.deepseek.com/chat/completions,deepseek-v4-pro,53564c95d49bfa46ffa65801037a10ea6b462e0880a1ad4c58eb3cb13ee35b10,f999812d4a697d6f4b7cb0c5ac103c6b477e9d737a3926c79677c0a14b16aed5,732540d4d91cbaf77c5d80073d4d09740fd99c7f0d728d9f161b53753b90f6cd,explicit,0,4096,omitted,,omitted,,omitted,,omitted,,omitted,,omitted,,omitted,,omitted,,omitted,,False,thinking.type=disabled,ffe557f53c63f7d0f7e35f80c03f61d8b3548db9e4f51e8dda020b28a920d875,provider_not_exposed,provider_not_exposed,False,,False,False,False,disabled,,stop;stop;stop;stop;stop;stop;stop;stop;stop;stop;stop;stop;stop,stop;stop;stop;stop;stop;stop;stop;stop;stop;stop;stop;stop;stop,7674,1705,0,322,276,0,ssr_priority_compactor,mature_ssr_protocol_v1_ecvs_safe_visible_only,1,1,9,0,9,9,0,d26134bf0d813dc1030cdda95454b310ea538fcbb3934ba63c43bf142c2ab2f2,1,,1,[],"[""REQ_18_96MH7JVM"", ""LOCK_18_MVJ7H"", ""SCOPE_18_MH7JV"", ""CHECK_18_6MH7J"", ""ANCHOR_18_H7JVM"", ""EDGE_18_7JVM"", ""FRONTIER_18_MVJ7HM"", ""MERGE_18_96MVM"", ""VERIFY_18_H7JVM""]",0,[],0,[],0,[],1,0,,clean,,0544dac54fdb6aafb9521bf61d3f9fcee1e8ee107dbed2f815dd99b8c0b2292a,c618fcb087ed3a890d3ca5cc763667679f98e7dd192a7bf9c7084702c41a5a06,b77589473adc855b9af4827dc472f90a4f6f9202daec42c1b97b4ce5ca62e5ac,19149c24c649412d61dc270f759ab37f0cca37122d3e79be42d19a3beed8f7ad,28f02788653867ea6837e92e31466f9e6b45b119156d87e3884b5213319250bb,released_raw_outputs/model_outputs/_probe_ecvs_deepseek_v4pro_frontier5_realswe5_mature_ssr_10task_2method_3budget_1run/deepseek/ssr_only__final_main_v1_18_actual_frontier_diagnostic_test_integrity__run_1__budget_1200.jsonl,13,76154010923091a801971f72c2141e6fefac7249bdc030d0b745904b6916aab0,885399669154bf350141f3fd96c9e7d10fd33d04bbbcd946c4a67988fd230d1f,4d1697fc3affe01958ad4aa258b931f3d082a6def852a44fc09be0469b561d7b
_probe_ecvs_deepseek_v4pro_frontier5_realswe5_mature_ssr_10task_2method_3budget_1run:deepseek_v4pro:ssr_only:final_main_v1_18_actual_frontier_diagnostic_test_integrity:budget_300:run_1,deepseek_v4pro,final_main_v1_18_actual_frontier_diagnostic_test_integrity,diagnostic_controlled,frontier_hard,test_integrity,frontier_hard_non_real,ssr_only,ssr_only,300,1,2026-06-19T07:42:42.699940+00:00,2026-06-19T07:43:30.396923+00:00,2026-06-19T07:42:42.699987+00:00,2026-06-19T07:43:30.393649+00:00,29.606,0c34b9d65f290c5ae1f69df62f807131b12af880fb7f25e76a971df0793a03fe,a3e3bfd0c5952ef5854a04d4f2333de4afafd36743ef6b5c62318280826d318d,2b8d54b172b2fe3b62220252d612c8f62cddb7b7e3ed8b9bc4d31ce97df85c30,aed6cda60eecbe60e8b54994849d3c5d0450d2dd16c19a2950b5a4f89b962a70,c15d4aab7cd6de0843f88d7d4ad937a551cec28d9448b2c1acc1a5fc0d4da461,b1ff25252c724238518b136c1874ef31af83785721c342cd85dded9c9898513e,516aae77011e73621a2cf8ef4ab7fdf9037da06a2c43d94b165b5ffbd27c8376,516aae77011e73621a2cf8ef4ab7fdf9037da06a2c43d94b165b5ffbd27c8376,516aae77011e73621a2cf8ef4ab7fdf9037da06a2c43d94b165b5ffbd27c8376,b9b794241e72f572240582b255743f7610f98bd383c4d77ce21225edf02b4a6c,direct_provider,deepseek,https://api.deepseek.com,deepseek-v4-pro,https://api.deepseek.com/chat/completions,deepseek-v4-pro,53564c95d49bfa46ffa65801037a10ea6b462e0880a1ad4c58eb3cb13ee35b10,f999812d4a697d6f4b7cb0c5ac103c6b477e9d737a3926c79677c0a14b16aed5,732540d4d91cbaf77c5d80073d4d09740fd99c7f0d728d9f161b53753b90f6cd,explicit,0,4096,omitted,,omitted,,omitted,,omitted,,omitted,,omitted,,omitted,,omitted,,omitted,,False,thinking.type=disabled,ffe557f53c63f7d0f7e35f80c03f61d8b3548db9e4f51e8dda020b28a920d875,provider_not_exposed,provider_not_exposed,False,,False,False,False,disabled,,stop;stop;stop;stop;stop;stop;stop;stop;stop;stop;stop;stop;stop,stop;stop;stop;stop;stop;stop;stop;stop;stop;stop;stop;stop;stop,7649,1406,0,194,276,0,ssr_priority_compactor,mature_ssr_protocol_v1_ecvs_safe_visible_only,1,1,9,0,9,9,0,d26134bf0d813dc1030cdda95454b310ea538fcbb3934ba63c43bf142c2ab2f2,1,,1,[],"[""REQ_18_96MH7JVM"", ""LOCK_18_MVJ7H"", ""SCOPE_18_MH7JV"", ""CHECK_18_6MH7J"", ""ANCHOR_18_H7JVM"", ""EDGE_18_7JVM"", ""FRONTIER_18_MVJ7HM"", ""MERGE_18_96MVM"", ""VERIFY_18_H7JVM""]",0,[],0,[],0,[],1,0,,clean,,065ee507d97cc67ece89ce1df6dde5df2a8ecf38625e5e0af4fa92be8fba6f13,864c0ba0670c0641ff6d1b9341ba945b98703992f25db18587d72c0bbfe517d1,3af0fe9ea7d811002c0f0950cb4fa7e85526fbeaa9827ad4e95e1bbfc84020b5,462d02cbe95ab9aea79d88cff0a173496a54856df4272bc9c4eb76777311b30a,8ff7204e9449aa71644f35861a396086ed27614c906f568917a41bfac782019d,released_raw_outputs/model_outputs/_probe_ecvs_deepseek_v4pro_frontier5_realswe5_mature_ssr_10task_2method_3budget_1run/deepseek/ssr_only__final_main_v1_18_actual_frontier_diagnostic_test_integrity__run_1__budget_300.jsonl,13,c155fae192facbeb07912e6ac108da484e67a422a2ec8e26fe2b02e012c6cdcd,df0f739a1d79e189fd302184b48f101e505ca494e32a5041ed5ff2dbce6cfd4e,08932caae14d58ed839c5ceb9ce07c1491d0dcd20c2c52545302899b867564ba
_probe_ecvs_deepseek_v4pro_frontier5_realswe5_mature_ssr_10task_2method_3budget_1run:deepseek_v4pro:ssr_only:final_main_v1_18_actual_frontier_diagnostic_test_integrity:budget_600:run_1,deepseek_v4pro,final_main_v1_18_actual_frontier_diagnostic_test_integrity,diagnostic_controlled,frontier_hard,test_integrity,frontier_hard_non_real,ssr_only,ssr_only,600,1,2026-06-19T07:42:43.560132+00:00,2026-06-19T07:43:16.828545+00:00,2026-06-19T07:42:43.560223+00:00,2026-06-19T07:43:16.827213+00:00,33.25,0c34b9d65f290c5ae1f69df62f807131b12af880fb7f25e76a971df0793a03fe,a3e3bfd0c5952ef5854a04d4f2333de4afafd36743ef6b5c62318280826d318d,2b8d54b172b2fe3b62220252d612c8f62cddb7b7e3ed8b9bc4d31ce97df85c30,aed6cda60eecbe60e8b54994849d3c5d0450d2dd16c19a2950b5a4f89b962a70,9c9d9dea0b7323fe7d7f4c686b4da34498f6362451a2e81b2de068899219a065,b1ff25252c724238518b136c1874ef31af83785721c342cd85dded9c9898513e,516aae77011e73621a2cf8ef4ab7fdf9037da06a2c43d94b165b5ffbd27c8376,516aae77011e73621a2cf8ef4ab7fdf9037da06a2c43d94b165b5ffbd27c8376,516aae77011e73621a2cf8ef4ab7fdf9037da06a2c43d94b165b5ffbd27c8376,b9b794241e72f572240582b255743f7610f98bd383c4d77ce21225edf02b4a6c,direct_provider,deepseek,https://api.deepseek.com,deepseek-v4-pro,https://api.deepseek.com/chat/completions,deepseek-v4-pro,53564c95d49bfa46ffa65801037a10ea6b462e0880a1ad4c58eb3cb13ee35b10,f999812d4a697d6f4b7cb0c5ac103c6b477e9d737a3926c79677c0a14b16aed5,732540d4d91cbaf77c5d80073d4d09740fd99c7f0d728d9f161b53753b90f6cd,explicit,0,4096,omitted,,omitted,,omitted,,omitted,,omitted,,omitted,,omitted,,omitted,,omitted,,False,thinking.type=disabled,ffe557f53c63f7d0f7e35f80c03f61d8b3548db9e4f51e8dda020b28a920d875,provider_not_exposed,provider_not_exposed,False,,False,False,False,disabled,,stop;stop;stop;stop;stop;stop;stop;stop;stop;stop;stop;stop;stop,stop;stop;stop;stop;stop;stop;stop;stop;stop;stop;stop;stop;stop,7649,1661,0,282,276,0,ssr_priority_compactor,mature_ssr_protocol_v1_ecvs_safe_visible_only,1,1,9,0,9,9,0,d26134bf0d813dc1030cdda95454b310ea538fcbb3934ba63c43bf142c2ab2f2,1,,1,[],"[""REQ_18_96MH7JVM"", ""LOCK_18_MVJ7H"", ""SCOPE_18_MH7JV"", ""CHECK_18_6MH7J"", ""ANCHOR_18_H7JVM"", ""EDGE_18_7JVM"", ""FRONTIER_18_MVJ7HM"", ""MERGE_18_96MVM"", ""VERIFY_18_H7JVM""]",0,[],0,[],0,[],1,0,,clean,,9e5de9744c0e33d05f749f8e8ceb837208339dfaaea21ba78eff1fd20a3b6050,89b99e1f7f8d790cb0de3a013c7327f2150ca26e991c66de48bbcadca614077b,b41232ae7f829a8db3518f05983d360b0dab04eeb4bfcf8a1634be4192c7e22e,31f9acd992f50f3568632c954022be0cd324d4713dfb49fcdff5010beb71c24f,7bbab9bf1fc3485ba2c955fd4168b60b8a80248d0b850f2b31f606550aa54883,released_raw_outputs/model_outputs/_probe_ecvs_deepseek_v4pro_frontier5_realswe5_mature_ssr_10task_2method_3budget_1run/deepseek/ssr_only__final_main_v1_18_actual_frontier_diagnostic_test_integrity__run_1__budget_600.jsonl,13,e11293c4c6ab76798990b2f93a2c26b4729c24378f58db68017656a1864dfe26,23b46cfa6b839472720a1e4078579d25d26485a5369c6941af4ff90df65b5785,5419005af7290fbc4cbf39e1c48ea6be3baef344ff42cee366af913f7337b56e
_probe_ecvs_deepseek_v4pro_frontier5_realswe5_mature_ssr_10task_2method_3budget_1run:deepseek_v4pro:ssr_only:final_main_v1_19_actual_frontier_diagnostic_workflow_alias_binding:budget_1200:run_1,deepseek_v4pro,final_main_v1_19_actual_frontier_diagnostic_workflow_alias_binding,diagnostic_controlled,frontier_hard,workflow_alias_binding,frontier_hard_non_real,ssr_only,ssr_only,1200,1,2026-06-19T07:41:08.521981+00:00,2026-06-19T07:42:12.616412+00:00,2026-06-19T07:41:08.522034+00:00,2026-06-19T07:42:12.615314+00:00,29.919,0c34b9d65f290c5ae1f69df62f807131b12af880fb7f25e76a971df0793a03fe,6579a56c7897e95a3900dc8068609a2a881dcb803ecfc2072159592acaa394a6,2b8d54b172b2fe3b62220252d612c8f62cddb7b7e3ed8b9bc4d31ce97df85c30,815e3b10a3a7beb2e4ae7239ac55650d0a2c9a8dc6ccbdeb1f2cfeddc3f54276,b631ed53aa74762dbbd38ebfe6a2cdfb8ae844833aac2963ae974ecb06048f52,b1ff25252c724238518b136c1874ef31af83785721c342cd85dded9c9898513e,516aae77011e73621a2cf8ef4ab7fdf9037da06a2c43d94b165b5ffbd27c8376,516aae77011e73621a2cf8ef4ab7fdf9037da06a2c43d94b165b5ffbd27c8376,516aae77011e73621a2cf8ef4ab7fdf9037da06a2c43d94b165b5ffbd27c8376,b9b794241e72f572240582b255743f7610f98bd383c4d77ce21225edf02b4a6c,direct_provider,deepseek,https://api.deepseek.com,deepseek-v4-pro,https://api.deepseek.com/chat/completions,deepseek-v4-pro,53564c95d49bfa46ffa65801037a10ea6b462e0880a1ad4c58eb3cb13ee35b10,f999812d4a697d6f4b7cb0c5ac103c6b477e9d737a3926c79677c0a14b16aed5,732540d4d91cbaf77c5d80073d4d09740fd99c7f0d728d9f161b53753b90f6cd,explicit,0,4096,omitted,,omitted,,omitted,,omitted,,omitted,,omitted,,omitted,,omitted,,omitted,,False,thinking.type=disabled,ffe557f53c63f7d0f7e35f80c03f61d8b3548db9e4f51e8dda020b28a920d875,provider_not_exposed,provider_not_exposed,False,,False,False,False,disabled,,stop;stop;stop;stop;stop;stop;stop;stop;stop;stop;stop;stop;stop,stop;stop;stop;stop;stop;stop;stop;stop;stop;stop;stop;stop;stop,7643,1616,0,357,276,0,ssr_priority_compactor,mature_ssr_protocol_v1_ecvs_safe_visible_only,1,1,9,0,9,9,0,253076d8801dade3e5f628cf89924c3f02dd90f5d0426276051d37c89dca1487,1,,1,[],"[""REQ_19_RWR38MD6"", ""LOCK_19_6DM83"", ""SCOPE_19_R38MD"", ""CHECK_19_WR38M"", ""ANCHOR_19_38MD6"", ""EDGE_19_8MD6"", ""FRONTIER_19_6DM83R"", ""MERGE_19_RWRD6"", ""VERIFY_19_38MD6""]",0,[],0,[],0,[],1,0,,clean,,930fcc0dceb0c20af69094e035a58918c33fb41e3444132ae7589e51d8ccc8cf,37c3b87e83bd7c7c67a2fcbcf7b0a0fc95fbd8c10f9d100b311bf60414a6997c,1aad7d1ac835e4e2aee5ebf3d3f1d4c6ae7f2c08fad67e2b1d1babe13b702068,acd08abbef230b98e67ca05d9f10b2bdd74b8dc5efcdb0b7f1e00da372a091de,60c4d2e207e450ac72bfe291d5b5b1e5d1f73b27a8db50e6cb883746154c5325,released_raw_outputs/model_outputs/_probe_ecvs_deepseek_v4pro_frontier5_realswe5_mature_ssr_10task_2method_3budget_1run/deepseek/ssr_only__final_main_v1_19_actual_frontier_diagnostic_workflow_alias_binding__run_1__budget_1200.jsonl,13,bcb5d0bf87b277b69f40a3be0278b419cf08c3ca9d744d917c545b0a17c4167c,2c822a12cc805279cd4b2f9b8cbe0f938bdf4ad135a8d4f9977272a645b77ad7,f35a403aad7cb45eefd07a01beb10075f2ceb7bd69e9ee5450866a54ebe76ea3
_probe_ecvs_deepseek_v4pro_frontier5_realswe5_mature_ssr_10task_2method_3budget_1run:deepseek_v4pro:ssr_only:final_main_v1_19_actual_frontier_diagnostic_workflow_alias_binding:budget_300:run_1,deepseek_v4pro,final_main_v1_19_actual_frontier_diagnostic_workflow_alias_binding,diagnostic_controlled,frontier_hard,workflow_alias_binding,frontier_hard_non_real,ssr_only,ssr_only,300,1,2026-06-19T07:41:08.522614+00:00,2026-06-19T07:41:48.544351+00:00,2026-06-19T07:41:08.522671+00:00,2026-06-19T07:41:48.543001+00:00,38.011,0c34b9d65f290c5ae1f69df62f807131b12af880fb7f25e76a971df0793a03fe,6579a56c7897e95a3900dc8068609a2a881dcb803ecfc2072159592acaa394a6,2b8d54b172b2fe3b62220252d612c8f62cddb7b7e3ed8b9bc4d31ce97df85c30,815e3b10a3a7beb2e4ae7239ac55650d0a2c9a8dc6ccbdeb1f2cfeddc3f54276,e8ad36fa2ad546f61187701c0406a8963ac6cdea2a6670331101146bfca902cb,b1ff25252c724238518b136c1874ef31af83785721c342cd85dded9c9898513e,516aae77011e73621a2cf8ef4ab7fdf9037da06a2c43d94b165b5ffbd27c8376,516aae77011e73621a2cf8ef4ab7fdf9037da06a2c43d94b165b5ffbd27c8376,516aae77011e73621a2cf8ef4ab7fdf9037da06a2c43d94b165b5ffbd27c8376,b9b794241e72f572240582b255743f7610f98bd383c4d77ce21225edf02b4a6c,direct_provider,deepseek,https://api.deepseek.com,deepseek-v4-pro,https://api.deepseek.com/chat/completions,deepseek-v4-pro,53564c95d49bfa46ffa65801037a10ea6b462e0880a1ad4c58eb3cb13ee35b10,f999812d4a697d6f4b7cb0c5ac103c6b477e9d737a3926c79677c0a14b16aed5,732540d4d91cbaf77c5d80073d4d09740fd99c7f0d728d9f161b53753b90f6cd,explicit,0,4096,omitted,,omitted,,omitted,,omitted,,omitted,,omitted,,omitted,,omitted,,omitted,,False,thinking.type=disabled,ffe557f53c63f7d0f7e35f80c03f61d8b3548db9e4f51e8dda020b28a920d875,provider_not_exposed,provider_not_exposed,False,,False,False,False,disabled,,stop;stop;stop;stop,stop;stop;stop;stop,2242,356,0,231,182,0,ssr_priority_compactor,mature_ssr_protocol_v1_ecvs_safe_visible_only,1,1,3,0,3,3,0,8dd1cc3cfd2fbae6ccbcac6d0a915f6bc446fabebc3da23af46e954e912b699e,0,,0,"[""REQ_19_RWR38MD6"", ""LOCK_19_6DM83"", ""SCOPE_19_R38MD"", ""CHECK_19_WR38M"", ""ANCHOR_19_38MD6"", ""EDGE_19_8MD6"", ""FRONTIER_19_6DM83R"", ""MERGE_19_RWRD6"", ""VERIFY_19_38MD6""]",[],0,[],0,[],0,[],0,1,RemoteDisconnected: Remote end closed connection without response,rerun_required,backend_error,890eaac458bbd01f545a214272a98dabe249363e45c85e6afc5cdb77c801250e,263f438922d11c5ed704832ed963ff4b2442d310f9d065728d4453f0d3247016,9996f8eb8be8949c5b351a167a00cc35ec2554878c412b35a18bff8d20b9ffd1,a5ba60dab3d4ef131b3527d4cdc85af5ee6a0c1b602c8450e4b706cdd428ebbf,a975d871585f7423a2b3f0b04e03eaa5eed08c59020e3bb45baf32582d452367,released_raw_outputs/model_outputs/_probe_ecvs_deepseek_v4pro_frontier5_realswe5_mature_ssr_10task_2method_3budget_1run/deepseek/ssr_only__final_main_v1_19_actual_frontier_diagnostic_workflow_alias_binding__run_1__budget_300.jsonl,5,194dcc875e04b98d8f5bfae4e1b5e2677bd2b04eb4b7ca52e5b303c651d9259e,e7de42246429c01479fe4fdd1ea3a876eaeb733d467d2788ee2414bc0d1b300c,0b87c1c771537c3543c22ecf1ea78c002244bde774d81a3c7424f61237806ac1
_probe_ecvs_deepseek_v4pro_frontier5_realswe5_mature_ssr_10task_2method_3budget_1run:deepseek_v4pro:ssr_only:final_main_v1_19_actual_frontier_diagnostic_workflow_alias_binding:budget_600:run_1,deepseek_v4pro,final_main_v1_19_actual_frontier_diagnostic_workflow_alias_binding,diagnostic_controlled,frontier_hard,workflow_alias_binding,frontier_hard_non_real,ssr_only,ssr_only,600,1,2026-06-19T07:41:08.521806+00:00,2026-06-19T07:41:56.777999+00:00,2026-06-19T07:41:08.522901+00:00,2026-06-19T07:41:56.776938+00:00,31.162,0c34b9d65f290c5ae1f69df62f807131b12af880fb7f25e76a971df0793a03fe,6579a56c7897e95a3900dc8068609a2a881dcb803ecfc2072159592acaa394a6,2b8d54b172b2fe3b62220252d612c8f62cddb7b7e3ed8b9bc4d31ce97df85c30,815e3b10a3a7beb2e4ae7239ac55650d0a2c9a8dc6ccbdeb1f2cfeddc3f54276,743d69d3e645e893fdfe483c2690ea090af9038e5cbcdd68b1f12d6319117dfe,b1ff25252c724238518b136c1874ef31af83785721c342cd85dded9c9898513e,516aae77011e73621a2cf8ef4ab7fdf9037da06a2c43d94b165b5ffbd27c8376,516aae77011e73621a2cf8ef4ab7fdf9037da06a2c43d94b165b5ffbd27c8376,516aae77011e73621a2cf8ef4ab7fdf9037da06a2c43d94b165b5ffbd27c8376,b9b794241e72f572240582b255743f7610f98bd383c4d77ce21225edf02b4a6c,direct_provider,deepseek,https://api.deepseek.com,deepseek-v4-pro,https://api.deepseek.com/chat/completions,deepseek-v4-pro,53564c95d49bfa46ffa65801037a10ea6b462e0880a1ad4c58eb3cb13ee35b10,f999812d4a697d6f4b7cb0c5ac103c6b477e9d737a3926c79677c0a14b16aed5,732540d4d91cbaf77c5d80073d4d09740fd99c7f0d728d9f161b53753b90f6cd,explicit,0,4096,omitted,,omitted,,omitted,,omitted,,omitted,,omitted,,omitted,,omitted,,omitted,,False,thinking.type=disabled,ffe557f53c63f7d0f7e35f80c03f61d8b3548db9e4f51e8dda020b28a920d875,provider_not_exposed,provider_not_exposed,False,,False,False,False,disabled,,stop;stop;stop;stop;stop;stop;stop;stop;stop;stop;stop;stop;stop,stop;stop;stop;stop;stop;stop;stop;stop;stop;stop;stop;stop;stop,7618,1744,0,240,276,0,ssr_priority_compactor,mature_ssr_protocol_v1_ecvs_safe_visible_only,1,1,9,0,9,9,0,253076d8801dade3e5f628cf89924c3f02dd90f5d0426276051d37c89dca1487,1,,1,[],"[""REQ_19_RWR38MD6"", ""LOCK_19_6DM83"", ""SCOPE_19_R38MD"", ""CHECK_19_WR38M"", ""ANCHOR_19_38MD6"", ""EDGE_19_8MD6"", ""FRONTIER_19_6DM83R"", ""MERGE_19_RWRD6"", ""VERIFY_19_38MD6""]",0,[],0,[],0,[],1,0,,clean,,c8e4115752d71ed03b6633965455fd69c18208aedfe9e00cb0c7bcfe88e488c9,7d0abb6d680f94ad19da4cd5285af732d740319dc071971c4af287d838d3e3ac,ed484a5f562d9c9464d8c40372ab6091c0750bb5775329f9a71b3677bbd4a1e8,19a131eb29869e8954a59ce5e1af7192fc0114bc607cfdb05ad650e9cf5e0561,dfa8cdf503377750fa1d510f0be6592fda2ba042bf90a603519ec695e9b06376,released_raw_outputs/model_outputs/_probe_ecvs_deepseek_v4pro_frontier5_realswe5_mature_ssr_10task_2method_3budget_1run/deepseek/ssr_only__final_main_v1_19_actual_frontier_diagnostic_workflow_alias_binding__run_1__budget_600.jsonl,13,8cd9dd332c1c592ab805a09f18d7468843365d81cc7b5f4616d65f7e1ffbb399,b6ecd0d2f402c6babd39ac18f2ce59c889ef2e3d30691ff0b6991ab1acafb150,8fc223f8f3eab6f1c9ef8800784087641a04c0db2c222ed8c52002addb75d22e
_probe_ecvs_deepseek_v4pro_frontier5_realswe5_mature_ssr_10task_2method_3budget_1run:deepseek_v4pro:ssr_only:final_main_v1_38_actual_frontier_semi_real_test_integrity:budget_1200:run_1,deepseek_v4pro,final_main_v1_38_actual_frontier_semi_real_test_integrity,semi_real_repo_style_controlled,frontier_hard,test_integrity,frontier_hard_non_real,ssr_only,ssr_only,1200,1,2026-06-19T07:42:21.465683+00:00,2026-06-19T07:42:51.734514+00:00,2026-06-19T07:42:21.465737+00:00,2026-06-19T07:42:51.732391+00:00,30.253,0c34b9d65f290c5ae1f69df62f807131b12af880fb7f25e76a971df0793a03fe,a68f3e6971a7be1e1b3a858e23b1dd32192b9ce48794c4dc9c25af590da6df91,2b8d54b172b2fe3b62220252d612c8f62cddb7b7e3ed8b9bc4d31ce97df85c30,098fb4f511b4076eeccb81f537241bfe49d1e83c36c7c1fcab8b7db0d6fae317,7b505c6002e774eb6c5d8e8e03e66c2c868ee46fa08114494cbb17b14ca9ba8b,b1ff25252c724238518b136c1874ef31af83785721c342cd85dded9c9898513e,516aae77011e73621a2cf8ef4ab7fdf9037da06a2c43d94b165b5ffbd27c8376,516aae77011e73621a2cf8ef4ab7fdf9037da06a2c43d94b165b5ffbd27c8376,516aae77011e73621a2cf8ef4ab7fdf9037da06a2c43d94b165b5ffbd27c8376,b9b794241e72f572240582b255743f7610f98bd383c4d77ce21225edf02b4a6c,direct_provider,deepseek,https://api.deepseek.com,deepseek-v4-pro,https://api.deepseek.com/chat/completions,deepseek-v4-pro,53564c95d49bfa46ffa65801037a10ea6b462e0880a1ad4c58eb3cb13ee35b10,f999812d4a697d6f4b7cb0c5ac103c6b477e9d737a3926c79677c0a14b16aed5,732540d4d91cbaf77c5d80073d4d09740fd99c7f0d728d9f161b53753b90f6cd,explicit,0,4096,omitted,,omitted,,omitted,,omitted,,omitted,,omitted,,omitted,,omitted,,omitted,,False,thinking.type=disabled,ffe557f53c63f7d0f7e35f80c03f61d8b3548db9e4f51e8dda020b28a920d875,provider_not_exposed,provider_not_exposed,False,,False,False,False,disabled,,stop;stop;stop;stop;stop;stop;stop;stop;stop;stop;stop;stop;stop,stop;stop;stop;stop;stop;stop;stop;stop;stop;stop;stop;stop;stop,7610,1743,0,287,276,0,ssr_priority_compactor,mature_ssr_protocol_v1_ecvs_safe_visible_only,1,1,9,0,9,9,0,2a7f8b8efb32160178e01f5b75754557e85ef49907b693e5de4a6f5e6894a5d9,1,,1,[],"[""REQ_38_MLEJXTZV"", ""LOCK_38_VZTXJ"", ""SCOPE_38_EJXTZ"", ""CHECK_38_LEJXT"", ""ANCHOR_38_JXTZV"", ""EDGE_38_XTZV"", ""FRONTIER_38_VZTXJE"", ""MERGE_38_MLEZV"", ""VERIFY_38_JXTZV""]",0,[],0,[],0,[],1,0,,clean,,f5fd11a59bb413195aa9e1a4492a02d19bdab59847c17602ce498ae88b4243ad,944fcf275db8411953a767b609c04090dfed50237e7f78fdb7c4cfd092d3a681,14a885dae21e93281d562d8d06449f9700b3c894e9966e88991e8cf254088bb2,185e86f46c0815b293caa541720940faacf2e5116fde153573897f3923ae1ee6,5211798dd178206f3f1eb760cc1d5e9b6972c034c1c1c29a348a779c3f49338d,released_raw_outputs/model_outputs/_probe_ecvs_deepseek_v4pro_frontier5_realswe5_mature_ssr_10task_2method_3budget_1run/deepseek/ssr_only__final_main_v1_38_actual_frontier_semi_real_test_integrity__run_1__budget_1200.jsonl,13,dce45074bec78b39b1c94e19ce33fc3853b27ebb54ece234b337b104ed6d4c8a,ef0eba0d61d51e970783177194f4e5c1858120c464b9301728c6ded2bde5a997,4fcafba9bc525ea168f62cc698097ed865e5ec7a0cbecd839b0bea9bb08e87a2
_probe_ecvs_deepseek_v4pro_frontier5_realswe5_mature_ssr_10task_2method_3budget_1run:deepseek_v4pro:ssr_only:final_main_v1_38_actual_frontier_semi_real_test_integrity:budget_300:run_1,deepseek_v4pro,final_main_v1_38_actual_frontier_semi_real_test_integrity,semi_real_repo_style_controlled,frontier_hard,test_integrity,frontier_hard_non_real,ssr_only,ssr_only,300,1,2026-06-19T07:42:12.616770+00:00,2026-06-19T07:42:40.957405+00:00,2026-06-19T07:42:12.616814+00:00,2026-06-19T07:42:40.952223+00:00,28.327,0c34b9d65f290c5ae1f69df62f807131b12af880fb7f25e76a971df0793a03fe,a68f3e6971a7be1e1b3a858e23b1dd32192b9ce48794c4dc9c25af590da6df91,2b8d54b172b2fe3b62220252d612c8f62cddb7b7e3ed8b9bc4d31ce97df85c30,098fb4f511b4076eeccb81f537241bfe49d1e83c36c7c1fcab8b7db0d6fae317,058f5c1a26b08e0039fd0488500ce6b8286469fa0bd472566386934958c99137,b1ff25252c724238518b136c1874ef31af83785721c342cd85dded9c9898513e,516aae77011e73621a2cf8ef4ab7fdf9037da06a2c43d94b165b5ffbd27c8376,516aae77011e73621a2cf8ef4ab7fdf9037da06a2c43d94b165b5ffbd27c8376,516aae77011e73621a2cf8ef4ab7fdf9037da06a2c43d94b165b5ffbd27c8376,b9b794241e72f572240582b255743f7610f98bd383c4d77ce21225edf02b4a6c,direct_provider,deepseek,https://api.deepseek.com,deepseek-v4-pro,https://api.deepseek.com/chat/completions,deepseek-v4-pro,53564c95d49bfa46ffa65801037a10ea6b462e0880a1ad4c58eb3cb13ee35b10,f999812d4a697d6f4b7cb0c5ac103c6b477e9d737a3926c79677c0a14b16aed5,732540d4d91cbaf77c5d80073d4d09740fd99c7f0d728d9f161b53753b90f6cd,explicit,0,4096,omitted,,omitted,,omitted,,omitted,,omitted,,omitted,,omitted,,omitted,,omitted,,False,thinking.type=disabled,ffe557f53c63f7d0f7e35f80c03f61d8b3548db9e4f51e8dda020b28a920d875,provider_not_exposed,provider_not_exposed,False,,False,False,False,disabled,,stop;stop;stop;stop;stop;stop;stop;stop;stop;stop;stop;stop;stop,stop;stop;stop;stop;stop;stop;stop;stop;stop;stop;stop;stop;stop,7585,1437,0,246,276,0,ssr_priority_compactor,mature_ssr_protocol_v1_ecvs_safe_visible_only,1,1,9,0,9,9,0,2a7f8b8efb32160178e01f5b75754557e85ef49907b693e5de4a6f5e6894a5d9,1,,1,[],"[""REQ_38_MLEJXTZV"", ""LOCK_38_VZTXJ"", ""SCOPE_38_EJXTZ"", ""CHECK_38_LEJXT"", ""ANCHOR_38_JXTZV"", ""EDGE_38_XTZV"", ""FRONTIER_38_VZTXJE"", ""MERGE_38_MLEZV"", ""VERIFY_38_JXTZV""]",0,[],0,[],0,[],1,0,,clean,,ef96d96dadb83882aae8ebb31fd978e74ca8d6cc795a992854a44d8380dacbf9,9c78830455dd59a439da8b5214c0e5058042a191a988fefb82c2de56dc794c72,8d4f9bd8fa5e47b7b430acdfa455d7f547fc5f291fa9683cc19b87822f559713,69c762e8e8db1646c1063b838252af25ffddfd52b4675ca71d7e4770572c1914,59a901b1ea2618922be6a57e51a5e498881ae3aee635bee2dda439e374ca51ba,released_raw_outputs/model_outputs/_probe_ecvs_deepseek_v4pro_frontier5_realswe5_mature_ssr_10task_2method_3budget_1run/deepseek/ssr_only__final_main_v1_38_actual_frontier_semi_real_test_integrity__run_1__budget_300.jsonl,13,e1c14c2ec51000a135cd738faed5942bccd4f8740bf4d018e7f45625db995ea9,5488f3aabcfd79e609efb869756c9d365f2b16f4d1d64ccab33d1afa05d1cdbe,432f226a5bd4ac41fc9ea68e5d6ae78add9783209d3fbb3ef54fafc4b693da80
_probe_ecvs_deepseek_v4pro_frontier5_realswe5_mature_ssr_10task_2method_3budget_1run:deepseek_v4pro:ssr_only:final_main_v1_38_actual_frontier_semi_real_test_integrity:budget_600:run_1,deepseek_v4pro,final_main_v1_38_actual_frontier_semi_real_test_integrity,semi_real_repo_style_controlled,frontier_hard,test_integrity,frontier_hard_non_real,ssr_only,ssr_only,600,1,2026-06-19T07:42:13.351134+00:00,2026-06-19T07:42:42.699554+00:00,2026-06-19T07:42:13.351181+00:00,2026-06-19T07:42:42.698563+00:00,29.333,0c34b9d65f290c5ae1f69df62f807131b12af880fb7f25e76a971df0793a03fe,a68f3e6971a7be1e1b3a858e23b1dd32192b9ce48794c4dc9c25af590da6df91,2b8d54b172b2fe3b62220252d612c8f62cddb7b7e3ed8b9bc4d31ce97df85c30,098fb4f511b4076eeccb81f537241bfe49d1e83c36c7c1fcab8b7db0d6fae317,9f98ee052183bc2cd7307902da673fce0f8a671b91198102a9ac36e11e13d170,b1ff25252c724238518b136c1874ef31af83785721c342cd85dded9c9898513e,516aae77011e73621a2cf8ef4ab7fdf9037da06a2c43d94b165b5ffbd27c8376,516aae77011e73621a2cf8ef4ab7fdf9037da06a2c43d94b165b5ffbd27c8376,516aae77011e73621a2cf8ef4ab7fdf9037da06a2c43d94b165b5ffbd27c8376,b9b794241e72f572240582b255743f7610f98bd383c4d77ce21225edf02b4a6c,direct_provider,deepseek,https://api.deepseek.com,deepseek-v4-pro,https://api.deepseek.com/chat/completions,deepseek-v4-pro,53564c95d49bfa46ffa65801037a10ea6b462e0880a1ad4c58eb3cb13ee35b10,f999812d4a697d6f4b7cb0c5ac103c6b477e9d737a3926c79677c0a14b16aed5,732540d4d91cbaf77c5d80073d4d09740fd99c7f0d728d9f161b53753b90f6cd,explicit,0,4096,omitted,,omitted,,omitted,,omitted,,omitted,,omitted,,omitted,,omitted,,omitted,,False,thinking.type=disabled,ffe557f53c63f7d0f7e35f80c03f61d8b3548db9e4f51e8dda020b28a920d875,provider_not_exposed,provider_not_exposed,False,,False,False,False,disabled,,stop;stop;stop;stop;stop;stop;stop;stop;stop;stop;stop;stop;stop,stop;stop;stop;stop;stop;stop;stop;stop;stop;stop;stop;stop;stop,7585,1559,0,283,276,0,ssr_priority_compactor,mature_ssr_protocol_v1_ecvs_safe_visible_only,1,1,9,0,9,9,0,2a7f8b8efb32160178e01f5b75754557e85ef49907b693e5de4a6f5e6894a5d9,1,,1,[],"[""REQ_38_MLEJXTZV"", ""LOCK_38_VZTXJ"", ""SCOPE_38_EJXTZ"", ""CHECK_38_LEJXT"", ""ANCHOR_38_JXTZV"", ""EDGE_38_XTZV"", ""FRONTIER_38_VZTXJE"", ""MERGE_38_MLEZV"", ""VERIFY_38_JXTZV""]",0,[],0,[],0,[],1,0,,clean,,e056eb81249705477b66542cac41285b3f44ec446b38404f63bd7137d17af7db,d65db508d81b61ef026d1941e9e0dd62ac9d2b59173aba49cd01444bea09cae9,edd27ac50ba976240ec84a8e40b7d9e13724ff98f5b8672dc13f012e0e832975,291e69895f3983be68c380ac8131d76bcbbed41e2fafdc71e12c2115cc6d1cf6,8fb197983af4b092d6b84305456cd3db7de3cec7f2b030530ccb85ba0905e7ca,released_raw_outputs/model_outputs/_probe_ecvs_deepseek_v4pro_frontier5_realswe5_mature_ssr_10task_2method_3budget_1run/deepseek/ssr_only__final_main_v1_38_actual_frontier_semi_real_test_integrity__run_1__budget_600.jsonl,13,dfefa111c3e1d52cd91c0f3b0cb06c9d4bf31f6e1f92d0c705fd89cf783e61dd,0cbcafd6ca5c2124ba4826a61be6959d4dd4ea1721012ba773f1d32c96ba96f1,704581d59a0f56c3fc3efdb342734e702cbe752e30c058a77121be0eb292434f
_probe_ecvs_deepseek_v4pro_frontier5_realswe5_mature_ssr_10task_2method_3budget_1run:deepseek_v4pro:ssr_only:final_main_v1_39_actual_frontier_semi_real_workflow_alias_binding:budget_1200:run_1,deepseek_v4pro,final_main_v1_39_actual_frontier_semi_real_workflow_alias_binding,semi_real_repo_style_controlled,frontier_hard,workflow_alias_binding,frontier_hard_non_real,ssr_only,ssr_only,1200,1,2026-06-19T07:41:59.738058+00:00,2026-06-19T07:42:30.745597+00:00,2026-06-19T07:41:59.738126+00:00,2026-06-19T07:42:30.744469+00:00,30.996,0c34b9d65f290c5ae1f69df62f807131b12af880fb7f25e76a971df0793a03fe,3860bc341a5e60fdc5ecdaee24c2efa033009d0dcad02b164a27f81b40b9e5c6,2b8d54b172b2fe3b62220252d612c8f62cddb7b7e3ed8b9bc4d31ce97df85c30,a7bb925592313e4b267215150fd825a3043983f1fe187088b5e62504fa7c40c9,0e066470da66e070c3d8379756c83cc57433291ebc35b45392f6c1a1f598ca0b,b1ff25252c724238518b136c1874ef31af83785721c342cd85dded9c9898513e,516aae77011e73621a2cf8ef4ab7fdf9037da06a2c43d94b165b5ffbd27c8376,516aae77011e73621a2cf8ef4ab7fdf9037da06a2c43d94b165b5ffbd27c8376,516aae77011e73621a2cf8ef4ab7fdf9037da06a2c43d94b165b5ffbd27c8376,b9b794241e72f572240582b255743f7610f98bd383c4d77ce21225edf02b4a6c,direct_provider,deepseek,https://api.deepseek.com,deepseek-v4-pro,https://api.deepseek.com/chat/completions,deepseek-v4-pro,53564c95d49bfa46ffa65801037a10ea6b462e0880a1ad4c58eb3cb13ee35b10,f999812d4a697d6f4b7cb0c5ac103c6b477e9d737a3926c79677c0a14b16aed5,732540d4d91cbaf77c5d80073d4d09740fd99c7f0d728d9f161b53753b90f6cd,explicit,0,4096,omitted,,omitted,,omitted,,omitted,,omitted,,omitted,,omitted,,omitted,,omitted,,False,thinking.type=disabled,ffe557f53c63f7d0f7e35f80c03f61d8b3548db9e4f51e8dda020b28a920d875,provider_not_exposed,provider_not_exposed,False,,False,False,False,disabled,,stop;stop;stop;stop;stop;stop;stop;stop;stop;stop;stop;stop;stop,stop;stop;stop;stop;stop;stop;stop;stop;stop;stop;stop;stop;stop,7665,1709,0,296,276,0,ssr_priority_compactor,mature_ssr_protocol_v1_ecvs_safe_visible_only,1,1,9,0,9,9,0,792a42f65b791aa9d3be45bfb914ee4facd611c65695a5c6b309e6ee7d6b0a09,1,,1,[],"[""REQ_39_8982ZN4A"", ""LOCK_39_A4NZ2"", ""SCOPE_39_82ZN4"", ""CHECK_39_982ZN"", ""ANCHOR_39_2ZN4A"", ""EDGE_39_ZN4A"", ""FRONTIER_39_A4NZ28"", ""MERGE_39_8984A"", ""VERIFY_39_2ZN4A""]",0,[],0,[],0,[],1,0,,clean,,b88372629fa9fcbdcf0e4c1c08cbff99fba9765b54e91826b0b499e8047894a0,47a86f142a053441fbca5ab1f9af90aaa7f730c978a1a205cdae88d99f75783c,773ccb450c43195fc5e22040c007cedf5d85a9aed611fcc622502286bf79982d,b7a28cf49bdc0e2f8a2ed470d48fd69b791da839fa9a8d5f94cac8d3b504ca10,b13f951c77e43cacd6b041b8c8f3c684ba59b60cccad7ea7bfe9388a31e35a3d,released_raw_outputs/model_outputs/_probe_ecvs_deepseek_v4pro_frontier5_realswe5_mature_ssr_10task_2method_3budget_1run/deepseek/ssr_only__final_main_v1_39_actual_frontier_semi_real_workflow_alias_binding__run_1__budget_1200.jsonl,13,41b8a90dd767763aaf7b16491175ab3f97aacac38dbb13b7e2cad0bb492da9f4,89c042a1c8a6b97f880d79a25de05274c0e52cf4948368ce40d07bd5d1d73765,a58e976c16f4e879139e0a5fd98e11849cf8e89968bde119758c38dc423210c3
_probe_ecvs_deepseek_v4pro_frontier5_realswe5_mature_ssr_10task_2method_3budget_1run:deepseek_v4pro:ssr_only:final_main_v1_39_actual_frontier_semi_real_workflow_alias_binding:budget_300:run_1,deepseek_v4pro,final_main_v1_39_actual_frontier_semi_real_workflow_alias_binding,semi_real_repo_style_controlled,frontier_hard,workflow_alias_binding,frontier_hard_non_real,ssr_only,ssr_only,300,1,2026-06-19T07:41:52.028277+00:00,2026-06-19T07:42:21.465280+00:00,2026-06-19T07:41:52.028328+00:00,2026-06-19T07:42:21.464043+00:00,29.427,0c34b9d65f290c5ae1f69df62f807131b12af880fb7f25e76a971df0793a03fe,3860bc341a5e60fdc5ecdaee24c2efa033009d0dcad02b164a27f81b40b9e5c6,2b8d54b172b2fe3b62220252d612c8f62cddb7b7e3ed8b9bc4d31ce97df85c30,a7bb925592313e4b267215150fd825a3043983f1fe187088b5e62504fa7c40c9,7c51ab1013ab46ca363887c2d6175d95769dd177c5d1c81feb6298c53ec48e04,b1ff25252c724238518b136c1874ef31af83785721c342cd85dded9c9898513e,516aae77011e73621a2cf8ef4ab7fdf9037da06a2c43d94b165b5ffbd27c8376,516aae77011e73621a2cf8ef4ab7fdf9037da06a2c43d94b165b5ffbd27c8376,516aae77011e73621a2cf8ef4ab7fdf9037da06a2c43d94b165b5ffbd27c8376,b9b794241e72f572240582b255743f7610f98bd383c4d77ce21225edf02b4a6c,direct_provider,deepseek,https://api.deepseek.com,deepseek-v4-pro,https://api.deepseek.com/chat/completions,deepseek-v4-pro,53564c95d49bfa46ffa65801037a10ea6b462e0880a1ad4c58eb3cb13ee35b10,f999812d4a697d6f4b7cb0c5ac103c6b477e9d737a3926c79677c0a14b16aed5,732540d4d91cbaf77c5d80073d4d09740fd99c7f0d728d9f161b53753b90f6cd,explicit,0,4096,omitted,,omitted,,omitted,,omitted,,omitted,,omitted,,omitted,,omitted,,omitted,,False,thinking.type=disabled,ffe557f53c63f7d0f7e35f80c03f61d8b3548db9e4f51e8dda020b28a920d875,provider_not_exposed,provider_not_exposed,False,,False,False,False,disabled,,stop;stop;stop;stop;stop;stop;stop;stop;stop;stop;stop;stop;stop,stop;stop;stop;stop;stop;stop;stop;stop;stop;stop;stop;stop;stop,7640,1523,0,277,276,0,ssr_priority_compactor,mature_ssr_protocol_v1_ecvs_safe_visible_only,1,1,9,0,9,9,0,792a42f65b791aa9d3be45bfb914ee4facd611c65695a5c6b309e6ee7d6b0a09,1,,1,[],"[""REQ_39_8982ZN4A"", ""LOCK_39_A4NZ2"", ""SCOPE_39_82ZN4"", ""CHECK_39_982ZN"", ""ANCHOR_39_2ZN4A"", ""EDGE_39_ZN4A"", ""FRONTIER_39_A4NZ28"", ""MERGE_39_8984A"", ""VERIFY_39_2ZN4A""]",0,[],0,[],0,[],1,0,,clean,,e574d252cc25b94fb8d8d0a996a011463fa49a6f3361b1212a77cf56d3d23c2f,66f9031cce82da7a098d128a3c2164e1384be1f49d8a1e96e8d4093bb7e1dd3e,5d19c7d6c7cc530fba4b60b9568ea84ccc9ef06ddad2bebe0c64072b14dc2e1d,92043e0d72280fac58ab45af7064a9e7403d17ba0943af9a52a0d2cff4661a8e,f2efefdc05e0473d343cfa5dba8804a1a4ac1e8eccf87aa0e799106b105687c3,released_raw_outputs/model_outputs/_probe_ecvs_deepseek_v4pro_frontier5_realswe5_mature_ssr_10task_2method_3budget_1run/deepseek/ssr_only__final_main_v1_39_actual_frontier_semi_real_workflow_alias_binding__run_1__budget_300.jsonl,13,3e057f93f5287e5a9cdc854be8019f1f36e65445c9cbdbabd84a6fc5cb3a7db8,cae05e9d195775a5c032ce0b5df6732c58bc0c3f02aa735ccee416a708b27965,6e494cca9eccc4b721da6bb9ea22dda2bbb5680a10e2bea1c61c2a16ed145770
_probe_ecvs_deepseek_v4pro_frontier5_realswe5_mature_ssr_10task_2method_3budget_1run:deepseek_v4pro:ssr_only:final_main_v1_39_actual_frontier_semi_real_workflow_alias_binding:budget_600:run_1,deepseek_v4pro,final_main_v1_39_actual_frontier_semi_real_workflow_alias_binding,semi_real_repo_style_controlled,frontier_hard,workflow_alias_binding,frontier_hard_non_real,ssr_only,ssr_only,600,1,2026-06-19T07:41:56.778372+00:00,2026-06-19T07:42:43.559373+00:00,2026-06-19T07:41:56.778418+00:00,2026-06-19T07:42:43.554373+00:00,29.649,0c34b9d65f290c5ae1f69df62f807131b12af880fb7f25e76a971df0793a03fe,3860bc341a5e60fdc5ecdaee24c2efa033009d0dcad02b164a27f81b40b9e5c6,2b8d54b172b2fe3b62220252d612c8f62cddb7b7e3ed8b9bc4d31ce97df85c30,a7bb925592313e4b267215150fd825a3043983f1fe187088b5e62504fa7c40c9,351e8689165330c80b58a22d56bb0acdf75634d4480b72fa78884e1824939ec4,b1ff25252c724238518b136c1874ef31af83785721c342cd85dded9c9898513e,516aae77011e73621a2cf8ef4ab7fdf9037da06a2c43d94b165b5ffbd27c8376,516aae77011e73621a2cf8ef4ab7fdf9037da06a2c43d94b165b5ffbd27c8376,516aae77011e73621a2cf8ef4ab7fdf9037da06a2c43d94b165b5ffbd27c8376,b9b794241e72f572240582b255743f7610f98bd383c4d77ce21225edf02b4a6c,direct_provider,deepseek,https://api.deepseek.com,deepseek-v4-pro,https://api.deepseek.com/chat/completions,deepseek-v4-pro,53564c95d49bfa46ffa65801037a10ea6b462e0880a1ad4c58eb3cb13ee35b10,f999812d4a697d6f4b7cb0c5ac103c6b477e9d737a3926c79677c0a14b16aed5,732540d4d91cbaf77c5d80073d4d09740fd99c7f0d728d9f161b53753b90f6cd,explicit,0,4096,omitted,,omitted,,omitted,,omitted,,omitted,,omitted,,omitted,,omitted,,omitted,,False,thinking.type=disabled,ffe557f53c63f7d0f7e35f80c03f61d8b3548db9e4f51e8dda020b28a920d875,provider_not_exposed,provider_not_exposed,False,,False,False,False,disabled,,stop;stop;stop;stop;stop;stop;stop;stop;stop;stop;stop;stop;stop,stop;stop;stop;stop;stop;stop;stop;stop;stop;stop;stop;stop;stop,7640,1648,0,270,276,0,ssr_priority_compactor,mature_ssr_protocol_v1_ecvs_safe_visible_only,1,1,9,0,9,9,0,fb271362c0ebe22b9ca2f1afcc3fe5bc56d2ea61ac49dbf498f8523721df7872,1,,1,[],"[""REQ_39_8982ZN4A"", ""LOCK_39_A4NZ2"", ""SCOPE_39_82ZN4"", ""CHECK_39_982ZN"", ""ANCHOR_39_2ZN4A"", ""EDGE_39_ZN4A"", ""FRONTIER_39_A4NZ28"", ""MERGE_39_8984A"", ""VERIFY_39_2ZN4A""]",0,[],0,[],0,[],1,0,,clean,,d6d2d1faffc421355a9f8519a6d2116bc84dd85381c2eabf3e72b22c8f444e8a,2d5b2453f85eca86b30e627a7ce7f59b8cd6c24f000777e94e97a0c3b3b0ab2b,32aaacc65a75e83add152cbeec3ae3a50f3f883260f7cb942e144bb1109e81e6,fd2ce03493fd6712a6487b816bb6a7e20621f699a2193cca23473e244c9811cf,308111126488e600db56fe5780eeb31dc682e3dd90c0f147e3f183c2a6e95d7c,released_raw_outputs/model_outputs/_probe_ecvs_deepseek_v4pro_frontier5_realswe5_mature_ssr_10task_2method_3budget_1run/deepseek/ssr_only__final_main_v1_39_actual_frontier_semi_real_workflow_alias_binding__run_1__budget_600.jsonl,13,ddefd89419ac0c786568b246e5748d066c91a57fda5f20a524b930e16d579fae,b70a1afb1221b7dd5d388f5c543790604db9740a0d24b6e5ae94f0f70dd744f3,747352cb9cc6e574064365ff306ab00d647878b70ac260697b9bd6c3603ec760
_probe_ecvs_deepseek_v4pro_frontier5_realswe5_mature_ssr_10task_2method_3budget_1run:deepseek_v4pro:ssr_only:final_main_v1_40_actual_frontier_semi_real_multi_file_repo_plan:budget_1200:run_1,deepseek_v4pro,final_main_v1_40_actual_frontier_semi_real_multi_file_repo_plan,semi_real_repo_style_controlled,frontier_hard,multi_file_repo_plan,frontier_hard_non_real,ssr_only,ssr_only,1200,1,2026-06-19T07:41:08.524593+00:00,2026-06-19T07:41:52.027946+00:00,2026-06-19T07:41:08.524641+00:00,2026-06-19T07:41:52.027275+00:00,41.496,0c34b9d65f290c5ae1f69df62f807131b12af880fb7f25e76a971df0793a03fe,e0fb45c4d5a183773d255686fb7afa57bb02525fc30bdb09aa1d2c37a04bf825,2b8d54b172b2fe3b62220252d612c8f62cddb7b7e3ed8b9bc4d31ce97df85c30,4474b1d70dbc8938e94238b572f2fb0f92671a67d6fab8862725672b4a2492e1,babfc189f1ceaa378873d72264e5c8692d84ee6922b406e18ae78bb27333ba5a,b1ff25252c724238518b136c1874ef31af83785721c342cd85dded9c9898513e,516aae77011e73621a2cf8ef4ab7fdf9037da06a2c43d94b165b5ffbd27c8376,516aae77011e73621a2cf8ef4ab7fdf9037da06a2c43d94b165b5ffbd27c8376,516aae77011e73621a2cf8ef4ab7fdf9037da06a2c43d94b165b5ffbd27c8376,b9b794241e72f572240582b255743f7610f98bd383c4d77ce21225edf02b4a6c,direct_provider,deepseek,https://api.deepseek.com,deepseek-v4-pro,https://api.deepseek.com/chat/completions,deepseek-v4-pro,53564c95d49bfa46ffa65801037a10ea6b462e0880a1ad4c58eb3cb13ee35b10,f999812d4a697d6f4b7cb0c5ac103c6b477e9d737a3926c79677c0a14b16aed5,732540d4d91cbaf77c5d80073d4d09740fd99c7f0d728d9f161b53753b90f6cd,explicit,0,4096,omitted,,omitted,,omitted,,omitted,,omitted,,omitted,,omitted,,omitted,,omitted,,False,thinking.type=disabled,ffe557f53c63f7d0f7e35f80c03f61d8b3548db9e4f51e8dda020b28a920d875,provider_not_exposed,provider_not_exposed,False,,False,False,False,disabled,,stop;stop;stop;stop;stop,stop;stop;stop;stop;stop,2875,528,0,214,197,0,ssr_priority_compactor,mature_ssr_protocol_v1_ecvs_safe_visible_only,1,1,4,1,4,4,0,ffecd370e50ff326d8855a467e1373b5a1e5ca9616dfcc0262badd63749f7551,0,,0,"[""REQ_40_6X2G7FLR"", ""LOCK_40_RLF7G"", ""SCOPE_40_2G7FL"", ""CHECK_40_X2G7F"", ""ANCHOR_40_G7FLR"", ""EDGE_40_7FLR"", ""FRONTIER_40_RLF7G2"", ""MERGE_40_6X2LR"", ""VERIFY_40_G7FLR""]",[],0,[],0,[],0,[],0,1,RemoteDisconnected: Remote end closed connection without response,rerun_required,backend_error,3d37fe23669836f9fcb802dcf836ef01caf74eeceaeefede9814fd21fc26b7a0,4b9a30ef868000ec8254910672fb2e9bbfdf8e095033b21c95c8c4cab0681803,6ad833b7ac70bb87263033fbdd10ea9a7b0c2549a2cc1839fce03481b895c6f7,3c6ffcae16e4047142a44957d7164aa8be2ba0802d4e5a1f491c5f5540bf8fef,eea61af4b998d7b9c4969445afc9934ee48f165336cd696c4602788781a99889,released_raw_outputs/model_outputs/_probe_ecvs_deepseek_v4pro_frontier5_realswe5_mature_ssr_10task_2method_3budget_1run/deepseek/ssr_only__final_main_v1_40_actual_frontier_semi_real_multi_file_repo_plan__run_1__budget_1200.jsonl,6,258c254081cb239107011258a3ebc30e418a58a2c816294273011608beecb6b6,eb84bb388b07d6f65995af8e49dd6e338cf0fa674dcc2db18cbad4f3e5e9b311,00a6961aaf5b74ae060176a0fbbb5596fc9601edf4c84f1259ab545ab708f092
_probe_ecvs_deepseek_v4pro_frontier5_realswe5_mature_ssr_10task_2method_3budget_1run:deepseek_v4pro:ssr_only:final_main_v1_40_actual_frontier_semi_real_multi_file_repo_plan:budget_300:run_1,deepseek_v4pro,final_main_v1_40_actual_frontier_semi_real_multi_file_repo_plan,semi_real_repo_style_controlled,frontier_hard,multi_file_repo_plan,frontier_hard_non_real,ssr_only,ssr_only,300,1,2026-06-19T07:41:08.523970+00:00,2026-06-19T07:42:09.246598+00:00,2026-06-19T07:41:08.524041+00:00,2026-06-19T07:42:09.243977+00:00,26.558,0c34b9d65f290c5ae1f69df62f807131b12af880fb7f25e76a971df0793a03fe,e0fb45c4d5a183773d255686fb7afa57bb02525fc30bdb09aa1d2c37a04bf825,2b8d54b172b2fe3b62220252d612c8f62cddb7b7e3ed8b9bc4d31ce97df85c30,4474b1d70dbc8938e94238b572f2fb0f92671a67d6fab8862725672b4a2492e1,43134217cbe3fe5e3ca3608ccf0575845305bce68a723704d0f9267bbda613e1,b1ff25252c724238518b136c1874ef31af83785721c342cd85dded9c9898513e,516aae77011e73621a2cf8ef4ab7fdf9037da06a2c43d94b165b5ffbd27c8376,516aae77011e73621a2cf8ef4ab7fdf9037da06a2c43d94b165b5ffbd27c8376,516aae77011e73621a2cf8ef4ab7fdf9037da06a2c43d94b165b5ffbd27c8376,b9b794241e72f572240582b255743f7610f98bd383c4d77ce21225edf02b4a6c,direct_provider,deepseek,https://api.deepseek.com,deepseek-v4-pro,https://api.deepseek.com/chat/completions,deepseek-v4-pro,53564c95d49bfa46ffa65801037a10ea6b462e0880a1ad4c58eb3cb13ee35b10,f999812d4a697d6f4b7cb0c5ac103c6b477e9d737a3926c79677c0a14b16aed5,732540d4d91cbaf77c5d80073d4d09740fd99c7f0d728d9f161b53753b90f6cd,explicit,0,4096,omitted,,omitted,,omitted,,omitted,,omitted,,omitted,,omitted,,omitted,,omitted,,False,thinking.type=disabled,ffe557f53c63f7d0f7e35f80c03f61d8b3548db9e4f51e8dda020b28a920d875,provider_not_exposed,provider_not_exposed,False,,False,False,False,disabled,,stop;stop;stop;stop;stop;stop;stop;stop;stop;stop;stop;stop;stop,stop;stop;stop;stop;stop;stop;stop;stop;stop;stop;stop;stop;stop,7766,1385,0,177,276,0,ssr_priority_compactor,mature_ssr_protocol_v1_ecvs_safe_visible_only,1,1,9,0,9,9,0,91826d7e1a1c0b1e0253ff5b759b5a735e3cb536e116bea63356aeac5ce63fec,1,,1,[],"[""REQ_40_6X2G7FLR"", ""LOCK_40_RLF7G"", ""SCOPE_40_2G7FL"", ""CHECK_40_X2G7F"", ""ANCHOR_40_G7FLR"", ""EDGE_40_7FLR"", ""FRONTIER_40_RLF7G2"", ""MERGE_40_6X2LR"", ""VERIFY_40_G7FLR""]",0,[],0,[],0,[],1,0,,clean,,f66f9a48dcc092dfef3fa1019b51776a5b1e2384445576043a0472c1365a18c7,4ec62c532afd4b9524442e908e9bb1efabf6a67b3eabed6098d0d2f0e9de23a7,e2c7eb7cb1cdc35b5f055dd4f6c729d5d7f8b313dc174c8da19dee99324328fc,1e63b3166d95b2b90d9e21727410980514caed872c1f91167bce39d12bc36827,cb1a9b0426570cdba1759aa8481e16b3606cc2eddcc42eda3e9b83bb43f6a726,released_raw_outputs/model_outputs/_probe_ecvs_deepseek_v4pro_frontier5_realswe5_mature_ssr_10task_2method_3budget_1run/deepseek/ssr_only__final_main_v1_40_actual_frontier_semi_real_multi_file_repo_plan__run_1__budget_300.jsonl,13,b80d005353e2534000a54adc92b50dae3489e2cfa9963c7bffad2c1a90f7bc88,f652c2b864d05394fdfe07fbf5f5adf3a99f6a99354de4bd56672b857a84cf71,ef2121066508164a0ac0d4c6d9a1c47274f22182ddd054024cd11abdce263c28
_probe_ecvs_deepseek_v4pro_frontier5_realswe5_mature_ssr_10task_2method_3budget_1run:deepseek_v4pro:ssr_only:final_main_v1_40_actual_frontier_semi_real_multi_file_repo_plan:budget_600:run_1,deepseek_v4pro,final_main_v1_40_actual_frontier_semi_real_multi_file_repo_plan,semi_real_repo_style_controlled,frontier_hard,multi_file_repo_plan,frontier_hard_non_real,ssr_only,ssr_only,600,1,2026-06-19T07:41:08.525229+00:00,2026-06-19T07:41:51.129272+00:00,2026-06-19T07:41:08.525273+00:00,2026-06-19T07:41:51.128512+00:00,40.592,0c34b9d65f290c5ae1f69df62f807131b12af880fb7f25e76a971df0793a03fe,e0fb45c4d5a183773d255686fb7afa57bb02525fc30bdb09aa1d2c37a04bf825,2b8d54b172b2fe3b62220252d612c8f62cddb7b7e3ed8b9bc4d31ce97df85c30,4474b1d70dbc8938e94238b572f2fb0f92671a67d6fab8862725672b4a2492e1,2b01dc1082c2937457a43aba7177155da61531a1c879e9f48d459f84e557f9a9,b1ff25252c724238518b136c1874ef31af83785721c342cd85dded9c9898513e,516aae77011e73621a2cf8ef4ab7fdf9037da06a2c43d94b165b5ffbd27c8376,516aae77011e73621a2cf8ef4ab7fdf9037da06a2c43d94b165b5ffbd27c8376,516aae77011e73621a2cf8ef4ab7fdf9037da06a2c43d94b165b5ffbd27c8376,b9b794241e72f572240582b255743f7610f98bd383c4d77ce21225edf02b4a6c,direct_provider,deepseek,https://api.deepseek.com,deepseek-v4-pro,https://api.deepseek.com/chat/completions,deepseek-v4-pro,53564c95d49bfa46ffa65801037a10ea6b462e0880a1ad4c58eb3cb13ee35b10,f999812d4a697d6f4b7cb0c5ac103c6b477e9d737a3926c79677c0a14b16aed5,732540d4d91cbaf77c5d80073d4d09740fd99c7f0d728d9f161b53753b90f6cd,explicit,0,4096,omitted,,omitted,,omitted,,omitted,,omitted,,omitted,,omitted,,omitted,,omitted,,False,thinking.type=disabled,ffe557f53c63f7d0f7e35f80c03f61d8b3548db9e4f51e8dda020b28a920d875,provider_not_exposed,provider_not_exposed,False,,False,False,False,disabled,,stop;stop;stop;stop;stop,stop;stop;stop;stop;stop,2865,506,0,185,197,0,ssr_priority_compactor,mature_ssr_protocol_v1_ecvs_safe_visible_only,1,1,4,1,4,4,0,ffecd370e50ff326d8855a467e1373b5a1e5ca9616dfcc0262badd63749f7551,0,,0,"[""REQ_40_6X2G7FLR"", ""LOCK_40_RLF7G"", ""SCOPE_40_2G7FL"", ""CHECK_40_X2G7F"", ""ANCHOR_40_G7FLR"", ""EDGE_40_7FLR"", ""FRONTIER_40_RLF7G2"", ""MERGE_40_6X2LR"", ""VERIFY_40_G7FLR""]",[],0,[],0,[],0,[],0,1,RemoteDisconnected: Remote end closed connection without response,rerun_required,backend_error,a634749193e40629365027795994e39de09f1bb8caa6c07d6b89c6ebe2be374e,15bdcfcd614cc7bafddb0e10208da2bff910825600a8d9f0e386bf64312673d4,0cc0f3505db35fb92955979b79f269ea196bacc2b5f08a57ee3fc1109f3dc9bf,d20df32ca877f42ad3f91ef699dcd0c7549a81243fa757c2476d1b3c175df03f,c54dc8575261d86aed189cbcf9f43d25621fa6ec57d9122213d0b9abd625a3fb,released_raw_outputs/model_outputs/_probe_ecvs_deepseek_v4pro_frontier5_realswe5_mature_ssr_10task_2method_3budget_1run/deepseek/ssr_only__final_main_v1_40_actual_frontier_semi_real_multi_file_repo_plan__run_1__budget_600.jsonl,6,0a978636bf6b982f98f5caa454cb0d61f31d5dad12ef752dd3771c03e6671892,049db46030057ba9dd52254fdb4af42ca3a9297c553e4306a3fcba7badc5be2e,892b894ef0c8010620c19107e9786f84e44f6695120283247a2761cd46d3e3e1
_probe_ecvs_deepseek_v4pro_frontier5_realswe5_mature_ssr_10task_2method_3budget_1run:deepseek_v4pro:ssr_only:final_main_v1_41_real_swe_fresh_github_grantjenks_python_sortedcontainers_2b037039bb16:budget_1200:run_1,deepseek_v4pro,final_main_v1_41_real_swe_fresh_github_grantjenks_python_sortedcontainers_2b037039bb16,real_swe_executable_anchor_controlled,medium,config_path_validation,real_swe_non_frontier,ssr_only,ssr_only,1200,1,2026-06-19T07:44:25.618276+00:00,2026-06-19T07:44:47.014750+00:00,2026-06-19T07:44:25.618328+00:00,2026-06-19T07:44:47.012770+00:00,21.392,0c34b9d65f290c5ae1f69df62f807131b12af880fb7f25e76a971df0793a03fe,293376257a44b516eda2691daf2d27d164a2f7406b06b7e0b0ec3d4b72234016,2b8d54b172b2fe3b62220252d612c8f62cddb7b7e3ed8b9bc4d31ce97df85c30,d702e712cd306e0ee7ce6b9cc2c0fa9de29d8050d6c9124370ba7b33d8abaeb6,a9a8ab36bca0f9dda7aea6a8906185243f9014825f298a7b97c85fdb86628ae3,b1ff25252c724238518b136c1874ef31af83785721c342cd85dded9c9898513e,516aae77011e73621a2cf8ef4ab7fdf9037da06a2c43d94b165b5ffbd27c8376,516aae77011e73621a2cf8ef4ab7fdf9037da06a2c43d94b165b5ffbd27c8376,516aae77011e73621a2cf8ef4ab7fdf9037da06a2c43d94b165b5ffbd27c8376,b9b794241e72f572240582b255743f7610f98bd383c4d77ce21225edf02b4a6c,direct_provider,deepseek,https://api.deepseek.com,deepseek-v4-pro,https://api.deepseek.com/chat/completions,deepseek-v4-pro,53564c95d49bfa46ffa65801037a10ea6b462e0880a1ad4c58eb3cb13ee35b10,f999812d4a697d6f4b7cb0c5ac103c6b477e9d737a3926c79677c0a14b16aed5,732540d4d91cbaf77c5d80073d4d09740fd99c7f0d728d9f161b53753b90f6cd,explicit,0,4096,omitted,,omitted,,omitted,,omitted,,omitted,,omitted,,omitted,,omitted,,omitted,,False,thinking.type=disabled,ffe557f53c63f7d0f7e35f80c03f61d8b3548db9e4f51e8dda020b28a920d875,provider_not_exposed,provider_not_exposed,False,,False,False,False,disabled,,stop;stop;stop;stop;stop;stop;stop;stop,stop;stop;stop;stop;stop;stop;stop;stop,4768,1012,0,269,197,0,ssr_priority_compactor,mature_ssr_protocol_v1_ecvs_safe_visible_only,1,1,4,4,4,4,0,7dac2d46f09d0905e981833bc7913642937f75286b7229eb6ad280b348c7713d,1,,1,[],"[""REQ_41_RWLXLPUN"", ""LOCK_41_NUPLX"", ""SCOPE_41_LXLPU"", ""CHECK_41_WLXLP""]",0,[],0,[],0,[],1,0,,clean,,070d95f24414f8816c1e049a0cc71a74053ed20ad143b7e2620fd06ff877b167,0164e3495d70ca0df513e153ea81d56bf94bea126c2c55877e7fe539b14a8553,364742941a4d44de2df81b817f26f8ac59a7c9fb65fa459c7dbb505a1157ee03,46ead7bbf3e8eb8dc7c695d9ff65382a308468472946f59a66b86a195be0897b,fbe7e0e1985a5979fb1422731d002f2c590fc52780916df94224e80bf4e2275b,released_raw_outputs/model_outputs/_probe_ecvs_deepseek_v4pro_frontier5_realswe5_mature_ssr_10task_2method_3budget_1run/deepseek/ssr_only__final_main_v1_41_real_swe_fresh_github_grantjenks_python_sortedcontainers_2b037039bb16__run_1__budget_1200.jsonl,8,37001b8d06642b9747463d5b0dfd408bd4a2fe6153d5f3a3595d37d3761205a9,9ebab49a4caa48a99b32426776742dae0eb7f62bed7d0c4dac6fae82c521d44c,b244d0a9d91fe621980531ad449bb21ae10cae44cb9197a906896d12e02f2d30
_probe_ecvs_deepseek_v4pro_frontier5_realswe5_mature_ssr_10task_2method_3budget_1run:deepseek_v4pro:ssr_only:final_main_v1_41_real_swe_fresh_github_grantjenks_python_sortedcontainers_2b037039bb16:budget_300:run_1,deepseek_v4pro,final_main_v1_41_real_swe_fresh_github_grantjenks_python_sortedcontainers_2b037039bb16,real_swe_executable_anchor_controlled,medium,config_path_validation,real_swe_non_frontier,ssr_only,ssr_only,300,1,2026-06-19T07:44:24.392614+00:00,2026-06-19T07:44:43.872370+00:00,2026-06-19T07:44:24.392703+00:00,2026-06-19T07:44:43.870472+00:00,19.458,0c34b9d65f290c5ae1f69df62f807131b12af880fb7f25e76a971df0793a03fe,293376257a44b516eda2691daf2d27d164a2f7406b06b7e0b0ec3d4b72234016,2b8d54b172b2fe3b62220252d612c8f62cddb7b7e3ed8b9bc4d31ce97df85c30,d702e712cd306e0ee7ce6b9cc2c0fa9de29d8050d6c9124370ba7b33d8abaeb6,4f143d742dc23c1627333fcf8d8cfd03e5fac60855c18bb9cac8f5bb68b84629,b1ff25252c724238518b136c1874ef31af83785721c342cd85dded9c9898513e,516aae77011e73621a2cf8ef4ab7fdf9037da06a2c43d94b165b5ffbd27c8376,516aae77011e73621a2cf8ef4ab7fdf9037da06a2c43d94b165b5ffbd27c8376,516aae77011e73621a2cf8ef4ab7fdf9037da06a2c43d94b165b5ffbd27c8376,b9b794241e72f572240582b255743f7610f98bd383c4d77ce21225edf02b4a6c,direct_provider,deepseek,https://api.deepseek.com,deepseek-v4-pro,https://api.deepseek.com/chat/completions,deepseek-v4-pro,53564c95d49bfa46ffa65801037a10ea6b462e0880a1ad4c58eb3cb13ee35b10,f999812d4a697d6f4b7cb0c5ac103c6b477e9d737a3926c79677c0a14b16aed5,732540d4d91cbaf77c5d80073d4d09740fd99c7f0d728d9f161b53753b90f6cd,explicit,0,4096,omitted,,omitted,,omitted,,omitted,,omitted,,omitted,,omitted,,omitted,,omitted,,False,thinking.type=disabled,ffe557f53c63f7d0f7e35f80c03f61d8b3548db9e4f51e8dda020b28a920d875,provider_not_exposed,provider_not_exposed,False,,False,False,False,disabled,,stop;stop;stop;stop;stop;stop;stop;stop,stop;stop;stop;stop;stop;stop;stop;stop,4753,972,0,256,197,0,ssr_priority_compactor,mature_ssr_protocol_v1_ecvs_safe_visible_only,1,1,4,4,4,4,0,7dac2d46f09d0905e981833bc7913642937f75286b7229eb6ad280b348c7713d,1,,1,[],"[""REQ_41_RWLXLPUN"", ""LOCK_41_NUPLX"", ""SCOPE_41_LXLPU"", ""CHECK_41_WLXLP""]",0,[],0,[],0,[],1,0,,clean,,6424b2b881032e98328f2d1dd72441e6751c9a7cc0466c929d1dc8af42319675,65b36a075d3cea3396605a8d68286d27f5da53603b1f5f0a5e95623dbc2803dd,e4222ac729d7d76c577584b5a291cf14724362b739acb87102ce6a4327e23656,2d0b854d4afdcd6b9e5d865f854fc1df92ed9f0826bd17e3bf7456820abbe24c,9e53ae758a24fd2b29c75ee0028bcc2d0fe0daecbaa35cdb761a17c5b58190fe,released_raw_outputs/model_outputs/_probe_ecvs_deepseek_v4pro_frontier5_realswe5_mature_ssr_10task_2method_3budget_1run/deepseek/ssr_only__final_main_v1_41_real_swe_fresh_github_grantjenks_python_sortedcontainers_2b037039bb16__run_1__budget_300.jsonl,8,c1ef2d4c9fa8e327bdd43e10a39be063eddb4537d82d86816d1f160fb109a7e6,fede3bc3cbbfc8552c5e86b7cdfc18057920d8984469b39a4904a879dff87a1f,7c253586b2090333cc215d4f140dabb97ee77b247c5456e1559b0316a73f7e57
_probe_ecvs_deepseek_v4pro_frontier5_realswe5_mature_ssr_10task_2method_3budget_1run:deepseek_v4pro:ssr_only:final_main_v1_41_real_swe_fresh_github_grantjenks_python_sortedcontainers_2b037039bb16:budget_600:run_1,deepseek_v4pro,final_main_v1_41_real_swe_fresh_github_grantjenks_python_sortedcontainers_2b037039bb16,real_swe_executable_anchor_controlled,medium,config_path_validation,real_swe_non_frontier,ssr_only,ssr_only,600,1,2026-06-19T07:44:25.038384+00:00,2026-06-19T07:44:47.317065+00:00,2026-06-19T07:44:25.038494+00:00,2026-06-19T07:44:47.315575+00:00,22.27,0c34b9d65f290c5ae1f69df62f807131b12af880fb7f25e76a971df0793a03fe,293376257a44b516eda2691daf2d27d164a2f7406b06b7e0b0ec3d4b72234016,2b8d54b172b2fe3b62220252d612c8f62cddb7b7e3ed8b9bc4d31ce97df85c30,d702e712cd306e0ee7ce6b9cc2c0fa9de29d8050d6c9124370ba7b33d8abaeb6,0c341f3c2532cf1712618d20b0cb10db0276cc73e3616c4205af2603b8537f07,b1ff25252c724238518b136c1874ef31af83785721c342cd85dded9c9898513e,516aae77011e73621a2cf8ef4ab7fdf9037da06a2c43d94b165b5ffbd27c8376,516aae77011e73621a2cf8ef4ab7fdf9037da06a2c43d94b165b5ffbd27c8376,516aae77011e73621a2cf8ef4ab7fdf9037da06a2c43d94b165b5ffbd27c8376,b9b794241e72f572240582b255743f7610f98bd383c4d77ce21225edf02b4a6c,direct_provider,deepseek,https://api.deepseek.com,deepseek-v4-pro,https://api.deepseek.com/chat/completions,deepseek-v4-pro,53564c95d49bfa46ffa65801037a10ea6b462e0880a1ad4c58eb3cb13ee35b10,f999812d4a697d6f4b7cb0c5ac103c6b477e9d737a3926c79677c0a14b16aed5,732540d4d91cbaf77c5d80073d4d09740fd99c7f0d728d9f161b53753b90f6cd,explicit,0,4096,omitted,,omitted,,omitted,,omitted,,omitted,,omitted,,omitted,,omitted,,omitted,,False,thinking.type=disabled,ffe557f53c63f7d0f7e35f80c03f61d8b3548db9e4f51e8dda020b28a920d875,provider_not_exposed,provider_not_exposed,False,,False,False,False,disabled,,stop;stop;stop;stop;stop;stop;stop;stop,stop;stop;stop;stop;stop;stop;stop;stop,4755,1044,0,269,197,0,ssr_priority_compactor,mature_ssr_protocol_v1_ecvs_safe_visible_only,1,1,4,4,4,4,0,7dac2d46f09d0905e981833bc7913642937f75286b7229eb6ad280b348c7713d,1,,1,[],"[""REQ_41_RWLXLPUN"", ""LOCK_41_NUPLX"", ""SCOPE_41_LXLPU"", ""CHECK_41_WLXLP""]",0,[],0,[],0,[],1,0,,clean,,7e6d64ed32bb16c8c19f8a3ce3ca89a217eca96c051314c40e2e172b0669f65c,4045d2d587adaa3cd49b1c8b0e2d41bf4a37e3b640246e901f52b237cc2c812e,861f82b8fd7edcea48001164b4d602e513e06d645df58d9bf89cf3fcafbb840f,dca78d2437c6a7be81cd07bee8a97a27efa5c74e38bca4b536653de551d84f88,b4052b827036f7f2ac14cc846ce7996bb13678df23ff0e1e8d991da48ca6e2ca,released_raw_outputs/model_outputs/_probe_ecvs_deepseek_v4pro_frontier5_realswe5_mature_ssr_10task_2method_3budget_1run/deepseek/ssr_only__final_main_v1_41_real_swe_fresh_github_grantjenks_python_sortedcontainers_2b037039bb16__run_1__budget_600.jsonl,8,a5e8e2c1215376fd9b94b09a9439ec17181551d3bf18272454e1bc9c9e19a0c6,02e5a0165fb556b62af3f7cc06a6169af42afb88598e422fc150d2f6038d3dfa,325296b3c2150776df451032e3b0b86a25be112e4bc39386884c3a304495c288
_probe_ecvs_deepseek_v4pro_frontier5_realswe5_mature_ssr_10task_2method_3budget_1run:deepseek_v4pro:ssr_only:final_main_v1_42_real_swe_fresh_github_python_humanize_humanize_2968d44280a6:budget_1200:run_1,deepseek_v4pro,final_main_v1_42_real_swe_fresh_github_python_humanize_humanize_2968d44280a6,real_swe_executable_anchor_controlled,medium,schema_json_contract,real_swe_non_frontier,ssr_only,ssr_only,1200,1,2026-06-19T07:43:34.484595+00:00,2026-06-19T07:43:55.526571+00:00,2026-06-19T07:43:34.484640+00:00,2026-06-19T07:43:55.525658+00:00,21.035,0c34b9d65f290c5ae1f69df62f807131b12af880fb7f25e76a971df0793a03fe,7d89808157fd0513606746fa4b35f9493764ee4c120600c45e1d0d94b5b35680,2b8d54b172b2fe3b62220252d612c8f62cddb7b7e3ed8b9bc4d31ce97df85c30,7bfa597a2d2f7bca53e5f16aa01270670fff88f80c8ef48c9909e7344c3d74d9,8f96d7cedf7e76a291299b7965f43f2383198c09527083af317d737ccbd514ba,b1ff25252c724238518b136c1874ef31af83785721c342cd85dded9c9898513e,516aae77011e73621a2cf8ef4ab7fdf9037da06a2c43d94b165b5ffbd27c8376,516aae77011e73621a2cf8ef4ab7fdf9037da06a2c43d94b165b5ffbd27c8376,516aae77011e73621a2cf8ef4ab7fdf9037da06a2c43d94b165b5ffbd27c8376,b9b794241e72f572240582b255743f7610f98bd383c4d77ce21225edf02b4a6c,direct_provider,deepseek,https://api.deepseek.com,deepseek-v4-pro,https://api.deepseek.com/chat/completions,deepseek-v4-pro,53564c95d49bfa46ffa65801037a10ea6b462e0880a1ad4c58eb3cb13ee35b10,f999812d4a697d6f4b7cb0c5ac103c6b477e9d737a3926c79677c0a14b16aed5,732540d4d91cbaf77c5d80073d4d09740fd99c7f0d728d9f161b53753b90f6cd,explicit,0,4096,omitted,,omitted,,omitted,,omitted,,omitted,,omitted,,omitted,,omitted,,omitted,,False,thinking.type=disabled,ffe557f53c63f7d0f7e35f80c03f61d8b3548db9e4f51e8dda020b28a920d875,provider_not_exposed,provider_not_exposed,False,,False,False,False,disabled,,stop;stop;stop;stop;stop;stop;stop;stop,stop;stop;stop;stop;stop;stop;stop;stop,4740,1048,0,337,197,0,ssr_priority_compactor,mature_ssr_protocol_v1_ecvs_safe_visible_only,1,1,4,4,4,4,0,4f76c2f6964444f9f183fbe24db61ac7c132eebf54efb613666b5c50abae55a5,1,,1,[],"[""REQ_42_B2CWM43F"", ""LOCK_42_F34MW"", ""SCOPE_42_CWM43"", ""CHECK_42_2CWM4""]",0,[],0,[],0,[],1,0,,clean,,a94ef74d06319e8ae73f5014a7ef55e7cf9b55251821248e858a630c63e9d728,b585cc72aaca54241a413a0730696a656fc6c66b95686301c34fcfbc600d3874,8ead3b8fb18313919504e6d89adde182e83bc7bf30576b6460e9e9ab0660d66f,7652003136d5b9f21c28acdbc51dbf859eceb1659e87b96820539bb3d77ede8d,18f36e4ab629000dbb3a36ec642949d263f2a32b38f4f6b089554268934dacef,released_raw_outputs/model_outputs/_probe_ecvs_deepseek_v4pro_frontier5_realswe5_mature_ssr_10task_2method_3budget_1run/deepseek/ssr_only__final_main_v1_42_real_swe_fresh_github_python_humanize_humanize_2968d44280a6__run_1__budget_1200.jsonl,8,f6b3706a130ecf6604836c40ba8db61df31cfc34670a82ebdb30566189f34a20,53ac8fb0709bfd19a45155ffdc6b7c1999d01416404902d1d0d4dae4aabc69ae,32724b846a3a3c1104abfb1b6ed71338d927e1892b258c5d94db3f785c48bd32
_probe_ecvs_deepseek_v4pro_frontier5_realswe5_mature_ssr_10task_2method_3budget_1run:deepseek_v4pro:ssr_only:final_main_v1_42_real_swe_fresh_github_python_humanize_humanize_2968d44280a6:budget_300:run_1,deepseek_v4pro,final_main_v1_42_real_swe_fresh_github_python_humanize_humanize_2968d44280a6,real_swe_executable_anchor_controlled,medium,schema_json_contract,real_swe_non_frontier,ssr_only,ssr_only,300,1,2026-06-19T07:43:30.397756+00:00,2026-06-19T07:44:06.582507+00:00,2026-06-19T07:43:30.397865+00:00,2026-06-19T07:44:06.581737+00:00,18.902,0c34b9d65f290c5ae1f69df62f807131b12af880fb7f25e76a971df0793a03fe,7d89808157fd0513606746fa4b35f9493764ee4c120600c45e1d0d94b5b35680,2b8d54b172b2fe3b62220252d612c8f62cddb7b7e3ed8b9bc4d31ce97df85c30,7bfa597a2d2f7bca53e5f16aa01270670fff88f80c8ef48c9909e7344c3d74d9,b3effe5177ad3f31026732b6a42be16b962fc3b0e2b174d13cb7cd60ab74ff4f,b1ff25252c724238518b136c1874ef31af83785721c342cd85dded9c9898513e,516aae77011e73621a2cf8ef4ab7fdf9037da06a2c43d94b165b5ffbd27c8376,516aae77011e73621a2cf8ef4ab7fdf9037da06a2c43d94b165b5ffbd27c8376,516aae77011e73621a2cf8ef4ab7fdf9037da06a2c43d94b165b5ffbd27c8376,b9b794241e72f572240582b255743f7610f98bd383c4d77ce21225edf02b4a6c,direct_provider,deepseek,https://api.deepseek.com,deepseek-v4-pro,https://api.deepseek.com/chat/completions,deepseek-v4-pro,53564c95d49bfa46ffa65801037a10ea6b462e0880a1ad4c58eb3cb13ee35b10,f999812d4a697d6f4b7cb0c5ac103c6b477e9d737a3926c79677c0a14b16aed5,732540d4d91cbaf77c5d80073d4d09740fd99c7f0d728d9f161b53753b90f6cd,explicit,0,4096,omitted,,omitted,,omitted,,omitted,,omitted,,omitted,,omitted,,omitted,,omitted,,False,thinking.type=disabled,ffe557f53c63f7d0f7e35f80c03f61d8b3548db9e4f51e8dda020b28a920d875,provider_not_exposed,provider_not_exposed,False,,False,False,False,disabled,,stop;stop;stop;stop;stop;stop;stop;stop,stop;stop;stop;stop;stop;stop;stop;stop,4725,933,0,238,197,0,ssr_priority_compactor,mature_ssr_protocol_v1_ecvs_safe_visible_only,1,1,4,4,4,4,0,1733c333e8d94471d4fc0ae58f414c8d7df3060372c9ea402a6122ab19817ad2,1,,1,[],"[""REQ_42_B2CWM43F"", ""LOCK_42_F34MW"", ""SCOPE_42_CWM43"", ""CHECK_42_2CWM4""]",0,[],0,[],0,[],1,0,,clean,,c73660be255f10b6c0a3828fd413e0c6dc13cd01197e64c38ce1b9c98b4713ae,0b94f3e7ac3750a94f65c8092792683d96216965ea8f9f7e47c1685165a29128,17d48e1616b4bcfe4acc6acb69d653372807084c1f23e96adf2b70e23da9a8d9,4a87ce3ed043857ef57d6ab7a72e6f4712e0945a624ab29c407c46c1018678cf,5f4f03a51c855b55f6af15de6674403c7c463f85af0194363923d5c337a5fb69,released_raw_outputs/model_outputs/_probe_ecvs_deepseek_v4pro_frontier5_realswe5_mature_ssr_10task_2method_3budget_1run/deepseek/ssr_only__final_main_v1_42_real_swe_fresh_github_python_humanize_humanize_2968d44280a6__run_1__budget_300.jsonl,8,8b4c208e577168cf9ffb1cf31447918a255343b5e21cd5e778b2e8581b452af7,6aefa6aeb0b40bae2d98a491967272111cf1fcaa05e1d525ed71bfd60fc57cb0,d7688c10283dd940e4d06a13196aac201b0b087c0dc3fe0fbedc4ef2a7bd42bb
_probe_ecvs_deepseek_v4pro_frontier5_realswe5_mature_ssr_10task_2method_3budget_1run:deepseek_v4pro:ssr_only:final_main_v1_42_real_swe_fresh_github_python_humanize_humanize_2968d44280a6:budget_600:run_1,deepseek_v4pro,final_main_v1_42_real_swe_fresh_github_python_humanize_humanize_2968d44280a6,real_swe_executable_anchor_controlled,medium,schema_json_contract,real_swe_non_frontier,ssr_only,ssr_only,600,1,2026-06-19T07:43:31.221795+00:00,2026-06-19T07:43:49.061643+00:00,2026-06-19T07:43:31.221888+00:00,2026-06-19T07:43:49.059321+00:00,17.834,0c34b9d65f290c5ae1f69df62f807131b12af880fb7f25e76a971df0793a03fe,7d89808157fd0513606746fa4b35f9493764ee4c120600c45e1d0d94b5b35680,2b8d54b172b2fe3b62220252d612c8f62cddb7b7e3ed8b9bc4d31ce97df85c30,7bfa597a2d2f7bca53e5f16aa01270670fff88f80c8ef48c9909e7344c3d74d9,66d3c3987681ba9159259a4c9e599de42cf5ab86792a45ee04f0677489f0ac9f,b1ff25252c724238518b136c1874ef31af83785721c342cd85dded9c9898513e,516aae77011e73621a2cf8ef4ab7fdf9037da06a2c43d94b165b5ffbd27c8376,516aae77011e73621a2cf8ef4ab7fdf9037da06a2c43d94b165b5ffbd27c8376,516aae77011e73621a2cf8ef4ab7fdf9037da06a2c43d94b165b5ffbd27c8376,b9b794241e72f572240582b255743f7610f98bd383c4d77ce21225edf02b4a6c,direct_provider,deepseek,https://api.deepseek.com,deepseek-v4-pro,https://api.deepseek.com/chat/completions,deepseek-v4-pro,53564c95d49bfa46ffa65801037a10ea6b462e0880a1ad4c58eb3cb13ee35b10,f999812d4a697d6f4b7cb0c5ac103c6b477e9d737a3926c79677c0a14b16aed5,732540d4d91cbaf77c5d80073d4d09740fd99c7f0d728d9f161b53753b90f6cd,explicit,0,4096,omitted,,omitted,,omitted,,omitted,,omitted,,omitted,,omitted,,omitted,,omitted,,False,thinking.type=disabled,ffe557f53c63f7d0f7e35f80c03f61d8b3548db9e4f51e8dda020b28a920d875,provider_not_exposed,provider_not_exposed,False,,False,False,False,disabled,,stop;stop;stop;stop;stop;stop;stop;stop,stop;stop;stop;stop;stop;stop;stop;stop,4725,940,0,269,197,0,ssr_priority_compactor,mature_ssr_protocol_v1_ecvs_safe_visible_only,1,1,4,4,4,4,0,4f76c2f6964444f9f183fbe24db61ac7c132eebf54efb613666b5c50abae55a5,1,,1,[],"[""REQ_42_B2CWM43F"", ""LOCK_42_F34MW"", ""SCOPE_42_CWM43"", ""CHECK_42_2CWM4""]",0,[],0,[],0,[],1,0,,clean,,acb0eefa9e749093c05c6640e1d7d4a867995a142eb3a96e740119f2d89e9036,26308cf3a7360ae2132f2b61ff4b0a4a1c6a2bb8a1c9f4303a4fb0bbaf4ef7d5,2efd6ea24882479799d218750d3a1c87aa25acc6de625940ededb09f5d0b8e7a,59db6fb59b3e664c7f72e59b70a1e281ee016387b0cd4d8a370ac496b9966da1,94757246eed4fdddf235516e7ad9e9ee1aeca0981acaaa2f4eb63fe0099ec748,released_raw_outputs/model_outputs/_probe_ecvs_deepseek_v4pro_frontier5_realswe5_mature_ssr_10task_2method_3budget_1run/deepseek/ssr_only__final_main_v1_42_real_swe_fresh_github_python_humanize_humanize_2968d44280a6__run_1__budget_600.jsonl,8,ff5aa33344b35cffd1b3feb94ee362bfff1cb0bdaf2396c059ef37c09b2c90ce,eab11e10a5da3f2d9f5d55c13208f99947149ad994c035e6078fca39af21a8a7,62d17fc6aa012184c0b467cf944bbef855f52cd77366e7a4232ea4fff1127133
_probe_ecvs_deepseek_v4pro_frontier5_realswe5_mature_ssr_10task_2method_3budget_1run:deepseek_v4pro:ssr_only:final_main_v1_43_real_swe_fresh_github_tkem_cachetools_18e5930ced2c:budget_1200:run_1,deepseek_v4pro,final_main_v1_43_real_swe_fresh_github_tkem_cachetools_18e5930ced2c,real_swe_executable_anchor_controlled,medium,permission_file_scope,real_swe_non_frontier,ssr_only,ssr_only,1200,1,2026-06-19T07:44:06.560146+00:00,2026-06-19T07:44:28.651487+00:00,2026-06-19T07:44:06.560189+00:00,2026-06-19T07:44:28.650650+00:00,22.08,0c34b9d65f290c5ae1f69df62f807131b12af880fb7f25e76a971df0793a03fe,d9e9675215de871c2af384d309686cbb772789de049f42c9d1564e7d57913099,2b8d54b172b2fe3b62220252d612c8f62cddb7b7e3ed8b9bc4d31ce97df85c30,c768f371cfc52f66ed1cad659b640760266d0f35d570f68225f1714f23aa327d,e75466a400f3b55ca8e9409db2e0c6c7f20f87172f8d625d13ddbbd665a9cc8d,b1ff25252c724238518b136c1874ef31af83785721c342cd85dded9c9898513e,516aae77011e73621a2cf8ef4ab7fdf9037da06a2c43d94b165b5ffbd27c8376,516aae77011e73621a2cf8ef4ab7fdf9037da06a2c43d94b165b5ffbd27c8376,516aae77011e73621a2cf8ef4ab7fdf9037da06a2c43d94b165b5ffbd27c8376,b9b794241e72f572240582b255743f7610f98bd383c4d77ce21225edf02b4a6c,direct_provider,deepseek,https://api.deepseek.com,deepseek-v4-pro,https://api.deepseek.com/chat/completions,deepseek-v4-pro,53564c95d49bfa46ffa65801037a10ea6b462e0880a1ad4c58eb3cb13ee35b10,f999812d4a697d6f4b7cb0c5ac103c6b477e9d737a3926c79677c0a14b16aed5,732540d4d91cbaf77c5d80073d4d09740fd99c7f0d728d9f161b53753b90f6cd,explicit,0,4096,omitted,,omitted,,omitted,,omitted,,omitted,,omitted,,omitted,,omitted,,omitted,,False,thinking.type=disabled,ffe557f53c63f7d0f7e35f80c03f61d8b3548db9e4f51e8dda020b28a920d875,provider_not_exposed,provider_not_exposed,False,,False,False,False,disabled,,stop;stop;stop;stop;stop;stop;stop;stop,stop;stop;stop;stop;stop;stop;stop;stop,4739,1147,0,385,197,0,ssr_priority_compactor,mature_ssr_protocol_v1_ecvs_safe_visible_only,1,1,4,0,4,4,0,6e42e897c3055cca7ec8c6581ded5a2f2762bb7bbf5d195e99e4a169367a7f2c,1,,1,[],"[""REQ_43_ZK3ZLG6P"", ""LOCK_43_P6GLZ"", ""SCOPE_43_3ZLG6"", ""CHECK_43_K3ZLG""]",0,[],0,[],0,[],1,0,,clean,,92fda62c6739b859871dd6edf4c5ac501e2553c19833c3c520b1937c51b7fd51,8549e53934f6fe0efe0d679e003daa78bfca89a5286e2bb62223ed9905cce3ab,343047b0c198a8d4476dde3f4bd92bae22e900b1e299c205ed9510be68d2800c,46c736b8b870ba4139845542b325a9e470f9ca09d8c9939cf73f74e86f7604b7,fa82b75691df32aac394fd8ff894e3594c02363652d7207da762bab626fd6afe,released_raw_outputs/model_outputs/_probe_ecvs_deepseek_v4pro_frontier5_realswe5_mature_ssr_10task_2method_3budget_1run/deepseek/ssr_only__final_main_v1_43_real_swe_fresh_github_tkem_cachetools_18e5930ced2c__run_1__budget_1200.jsonl,8,376cbc21dd1e3ab26ef592670af45b3fc70d398a2d3544472187c8f6c1aad689,c2f8fd94e1bfbd2414dcad16b66834b758ed1621a383ada4b5f9da3f0b9a2123,5d75805cc831e2c69f039818f70306cd021685f4072e42ba0b055db5e91e6195
_probe_ecvs_deepseek_v4pro_frontier5_realswe5_mature_ssr_10task_2method_3budget_1run:deepseek_v4pro:ssr_only:final_main_v1_43_real_swe_fresh_github_tkem_cachetools_18e5930ced2c:budget_300:run_1,deepseek_v4pro,final_main_v1_43_real_swe_fresh_github_tkem_cachetools_18e5930ced2c,real_swe_executable_anchor_controlled,medium,permission_file_scope,real_swe_non_frontier,ssr_only,ssr_only,300,1,2026-06-19T07:44:00.446762+00:00,2026-06-19T07:44:24.392165+00:00,2026-06-19T07:44:00.446826+00:00,2026-06-19T07:44:24.390979+00:00,23.933,0c34b9d65f290c5ae1f69df62f807131b12af880fb7f25e76a971df0793a03fe,d9e9675215de871c2af384d309686cbb772789de049f42c9d1564e7d57913099,2b8d54b172b2fe3b62220252d612c8f62cddb7b7e3ed8b9bc4d31ce97df85c30,c768f371cfc52f66ed1cad659b640760266d0f35d570f68225f1714f23aa327d,a27d7f9316f9fb47365643cb524ed5d273d16881f1c1e943645d62181bdaa57e,b1ff25252c724238518b136c1874ef31af83785721c342cd85dded9c9898513e,516aae77011e73621a2cf8ef4ab7fdf9037da06a2c43d94b165b5ffbd27c8376,516aae77011e73621a2cf8ef4ab7fdf9037da06a2c43d94b165b5ffbd27c8376,516aae77011e73621a2cf8ef4ab7fdf9037da06a2c43d94b165b5ffbd27c8376,b9b794241e72f572240582b255743f7610f98bd383c4d77ce21225edf02b4a6c,direct_provider,deepseek,https://api.deepseek.com,deepseek-v4-pro,https://api.deepseek.com/chat/completions,deepseek-v4-pro,53564c95d49bfa46ffa65801037a10ea6b462e0880a1ad4c58eb3cb13ee35b10,f999812d4a697d6f4b7cb0c5ac103c6b477e9d737a3926c79677c0a14b16aed5,732540d4d91cbaf77c5d80073d4d09740fd99c7f0d728d9f161b53753b90f6cd,explicit,0,4096,omitted,,omitted,,omitted,,omitted,,omitted,,omitted,,omitted,,omitted,,omitted,,False,thinking.type=disabled,ffe557f53c63f7d0f7e35f80c03f61d8b3548db9e4f51e8dda020b28a920d875,provider_not_exposed,provider_not_exposed,False,,False,False,False,disabled,,stop;stop;stop;stop;stop;stop;stop;stop,stop;stop;stop;stop;stop;stop;stop;stop,4724,1015,0,457,197,1,ssr_priority_compactor,mature_ssr_protocol_v1_ecvs_safe_visible_only,1,1,4,4,4,4,0,6e42e897c3055cca7ec8c6581ded5a2f2762bb7bbf5d195e99e4a169367a7f2c,1,,1,[],"[""REQ_43_ZK3ZLG6P"", ""LOCK_43_P6GLZ"", ""SCOPE_43_3ZLG6"", ""CHECK_43_K3ZLG""]",0,[],0,[],0,[],1,0,,clean,,74eb9cb56bb1f895d16cbdf77dd2513019507d1b8d0cf0da0774f9ad7ea0f29a,2e4f8ec0e1609c1f71e236bdaec74814e6dff0d40ff3b869c12ecf2aa912b0c9,30c6950e53649a94242b0bb558f2265e8fcc9b830cb052d60dc969a0e2bf6ccc,484d41152ba3bce4f8d59af7d29832e8eca42a7cb817d4c000861144f92d645b,431021391d6dd7241e0f8a07a0e0bc50486738a8bd81040adfbd6b55000dc586,released_raw_outputs/model_outputs/_probe_ecvs_deepseek_v4pro_frontier5_realswe5_mature_ssr_10task_2method_3budget_1run/deepseek/ssr_only__final_main_v1_43_real_swe_fresh_github_tkem_cachetools_18e5930ced2c__run_1__budget_300.jsonl,8,767a19c46a7505226465841d469a73c5d215febd7d297ee2a2e4aa1f9cd09d7f,c3263ab354f942a29f25b4bf92fb81802afac037af6a1611790d620f21d33a4b,4bc674e51c06da607b76ad45b077b2714db2ea14751f51ecf77885d4ddd0b01f
_probe_ecvs_deepseek_v4pro_frontier5_realswe5_mature_ssr_10task_2method_3budget_1run:deepseek_v4pro:ssr_only:final_main_v1_43_real_swe_fresh_github_tkem_cachetools_18e5930ced2c:budget_600:run_1,deepseek_v4pro,final_main_v1_43_real_swe_fresh_github_tkem_cachetools_18e5930ced2c,real_swe_executable_anchor_controlled,medium,permission_file_scope,real_swe_non_frontier,ssr_only,ssr_only,600,1,2026-06-19T07:44:02.536500+00:00,2026-06-19T07:44:25.617797+00:00,2026-06-19T07:44:02.536545+00:00,2026-06-19T07:44:25.612175+00:00,23.073,0c34b9d65f290c5ae1f69df62f807131b12af880fb7f25e76a971df0793a03fe,d9e9675215de871c2af384d309686cbb772789de049f42c9d1564e7d57913099,2b8d54b172b2fe3b62220252d612c8f62cddb7b7e3ed8b9bc4d31ce97df85c30,c768f371cfc52f66ed1cad659b640760266d0f35d570f68225f1714f23aa327d,3321fde8b56281c03c998a6ccd0d587671f68db2f74e4b98bb3468dd15d8bd88,b1ff25252c724238518b136c1874ef31af83785721c342cd85dded9c9898513e,516aae77011e73621a2cf8ef4ab7fdf9037da06a2c43d94b165b5ffbd27c8376,516aae77011e73621a2cf8ef4ab7fdf9037da06a2c43d94b165b5ffbd27c8376,516aae77011e73621a2cf8ef4ab7fdf9037da06a2c43d94b165b5ffbd27c8376,b9b794241e72f572240582b255743f7610f98bd383c4d77ce21225edf02b4a6c,direct_provider,deepseek,https://api.deepseek.com,deepseek-v4-pro,https://api.deepseek.com/chat/completions,deepseek-v4-pro,53564c95d49bfa46ffa65801037a10ea6b462e0880a1ad4c58eb3cb13ee35b10,f999812d4a697d6f4b7cb0c5ac103c6b477e9d737a3926c79677c0a14b16aed5,732540d4d91cbaf77c5d80073d4d09740fd99c7f0d728d9f161b53753b90f6cd,explicit,0,4096,omitted,,omitted,,omitted,,omitted,,omitted,,omitted,,omitted,,omitted,,omitted,,False,thinking.type=disabled,ffe557f53c63f7d0f7e35f80c03f61d8b3548db9e4f51e8dda020b28a920d875,provider_not_exposed,provider_not_exposed,False,,False,False,False,disabled,,stop;stop;stop;stop;stop;stop;stop;stop,stop;stop;stop;stop;stop;stop;stop;stop,4724,1056,0,330,197,0,ssr_priority_compactor,mature_ssr_protocol_v1_ecvs_safe_visible_only,1,1,4,4,4,4,0,6e42e897c3055cca7ec8c6581ded5a2f2762bb7bbf5d195e99e4a169367a7f2c,1,,1,[],"[""REQ_43_ZK3ZLG6P"", ""LOCK_43_P6GLZ"", ""SCOPE_43_3ZLG6"", ""CHECK_43_K3ZLG""]",0,[],0,[],0,[],1,0,,clean,,26a06d9556333f80f7667fbf6d43251eeb316937405d5cd5b99377de46a7d742,337daba1257ca924636b13aa283fa3c67f555ac13f9b42f2e08d226f0b283bdf,72227436f346f36dfdfa0a93622a99a14b23c9860439cd4d0878c186d87a8a59,2a2f12c560eb3a6e13b3f2e5563b606c0d0b6ec29e39cc676311fe72f7ba79ab,95633606f6f274eeb6798aa57c7715cf745a221eb0d8ea4e4887dff62d038c47,released_raw_outputs/model_outputs/_probe_ecvs_deepseek_v4pro_frontier5_realswe5_mature_ssr_10task_2method_3budget_1run/deepseek/ssr_only__final_main_v1_43_real_swe_fresh_github_tkem_cachetools_18e5930ced2c__run_1__budget_600.jsonl,8,02dc7e3b2ea8e13a27c2417ed78992e899cacff845d81bdfc1d4d7fe3a83c3a2,c1f44590d1223a6da6420af2d500c98e2b59713cc3ea88536d1d510cc638e353,20d9ccb57cfaa4542c43c4709ec0db7a4f6b8cf9c892d9c1601a7742d52aec0a
_probe_ecvs_deepseek_v4pro_frontier5_realswe5_mature_ssr_10task_2method_3budget_1run:deepseek_v4pro:ssr_only:final_main_v1_44_real_swe_fresh_github_jpadilla_pyjwt_c8ab900b831c:budget_1200:run_1,deepseek_v4pro,final_main_v1_44_real_swe_fresh_github_jpadilla_pyjwt_c8ab900b831c,real_swe_executable_anchor_controlled,hard,dependency_import_consistency,real_swe_non_frontier,ssr_only,ssr_only,1200,1,2026-06-19T07:43:24.096089+00:00,2026-06-19T07:43:47.921731+00:00,2026-06-19T07:43:24.096200+00:00,2026-06-19T07:43:47.918508+00:00,23.82,0c34b9d65f290c5ae1f69df62f807131b12af880fb7f25e76a971df0793a03fe,2ec351c87e7db636e065cb1ab54565df6bdda033975a41c3e3fe88954a636c6b,2b8d54b172b2fe3b62220252d612c8f62cddb7b7e3ed8b9bc4d31ce97df85c30,5a40bea2f6aff56cf0251a9521c848350d5c35a4749294432de252a86b2e97df,d6caee31b2589d32d034930028bc1b43c34536a2a39f7a142150faa85a07baef,b1ff25252c724238518b136c1874ef31af83785721c342cd85dded9c9898513e,516aae77011e73621a2cf8ef4ab7fdf9037da06a2c43d94b165b5ffbd27c8376,516aae77011e73621a2cf8ef4ab7fdf9037da06a2c43d94b165b5ffbd27c8376,516aae77011e73621a2cf8ef4ab7fdf9037da06a2c43d94b165b5ffbd27c8376,b9b794241e72f572240582b255743f7610f98bd383c4d77ce21225edf02b4a6c,direct_provider,deepseek,https://api.deepseek.com,deepseek-v4-pro,https://api.deepseek.com/chat/completions,deepseek-v4-pro,53564c95d49bfa46ffa65801037a10ea6b462e0880a1ad4c58eb3cb13ee35b10,f999812d4a697d6f4b7cb0c5ac103c6b477e9d737a3926c79677c0a14b16aed5,732540d4d91cbaf77c5d80073d4d09740fd99c7f0d728d9f161b53753b90f6cd,explicit,0,4096,omitted,,omitted,,omitted,,omitted,,omitted,,omitted,,omitted,,omitted,,omitted,,False,thinking.type=disabled,ffe557f53c63f7d0f7e35f80c03f61d8b3548db9e4f51e8dda020b28a920d875,provider_not_exposed,provider_not_exposed,False,,False,False,False,disabled,,stop;stop;stop;stop;stop;stop;stop;stop;stop,stop;stop;stop;stop;stop;stop;stop;stop;stop,5358,1298,0,437,213,0,ssr_priority_compactor,mature_ssr_protocol_v1_ecvs_safe_visible_only,1,1,5,5,5,5,0,1313c4254ee1ed5dc82dbd39f7e316693be9c9dd9e51bedcb88658fdbf8b5acd,1,,1,[],"[""REQ_44_8QQN7FPY"", ""LOCK_44_YPF7N"", ""SCOPE_44_QN7FP"", ""CHECK_44_QQN7F"", ""ANCHOR_44_N7FPY""]",0,[],0,[],0,[],1,0,,clean,,4e66cec9bd76e9abc4cd8b208a04dbd203c9514f258a1ed07d78ec88c52a0e74,0d4292fdfe330fe5d8bfff466d6d223e47f28fbc777673140594a4d586d801f9,02ae4d08dae83cc2ebdfea880c04779e1593124376f66cde0aec055e28bcd7b4,533bd9814cb9639b47271f6991efbddbc6b2b72fad7d3d5a69d09f03f465b917,a0b034a59a2a24e3f67db3b8c0bcac7b3c695ad6f325a9e72a2ac0a603eece02,released_raw_outputs/model_outputs/_probe_ecvs_deepseek_v4pro_frontier5_realswe5_mature_ssr_10task_2method_3budget_1run/deepseek/ssr_only__final_main_v1_44_real_swe_fresh_github_jpadilla_pyjwt_c8ab900b831c__run_1__budget_1200.jsonl,9,c65fac30c9a3b1d06e3abd3f00a06ef5cff91083db9cd675ac98f2991597e790,bb957c215f50eac7e0516b375bcc3c4e2af6b6efec91ba811af032e5009060dd,08aeec168600e374ac7e00f4588c8bae7c8f8f4db85b8bd833a10ec3729b2d97
_probe_ecvs_deepseek_v4pro_frontier5_realswe5_mature_ssr_10task_2method_3budget_1run:deepseek_v4pro:ssr_only:final_main_v1_44_real_swe_fresh_github_jpadilla_pyjwt_c8ab900b831c:budget_300:run_1,deepseek_v4pro,final_main_v1_44_real_swe_fresh_github_jpadilla_pyjwt_c8ab900b831c,real_swe_executable_anchor_controlled,hard,dependency_import_consistency,real_swe_non_frontier,ssr_only,ssr_only,300,1,2026-06-19T07:43:03.334049+00:00,2026-06-19T07:43:24.095292+00:00,2026-06-19T07:43:03.334148+00:00,2026-06-19T07:43:24.093474+00:00,20.752,0c34b9d65f290c5ae1f69df62f807131b12af880fb7f25e76a971df0793a03fe,2ec351c87e7db636e065cb1ab54565df6bdda033975a41c3e3fe88954a636c6b,2b8d54b172b2fe3b62220252d612c8f62cddb7b7e3ed8b9bc4d31ce97df85c30,5a40bea2f6aff56cf0251a9521c848350d5c35a4749294432de252a86b2e97df,3b50d37cf29401550702c0c7ca10b70389f437b69670b50c38750e17dddaa012,b1ff25252c724238518b136c1874ef31af83785721c342cd85dded9c9898513e,516aae77011e73621a2cf8ef4ab7fdf9037da06a2c43d94b165b5ffbd27c8376,516aae77011e73621a2cf8ef4ab7fdf9037da06a2c43d94b165b5ffbd27c8376,516aae77011e73621a2cf8ef4ab7fdf9037da06a2c43d94b165b5ffbd27c8376,b9b794241e72f572240582b255743f7610f98bd383c4d77ce21225edf02b4a6c,direct_provider,deepseek,https://api.deepseek.com,deepseek-v4-pro,https://api.deepseek.com/chat/completions,deepseek-v4-pro,53564c95d49bfa46ffa65801037a10ea6b462e0880a1ad4c58eb3cb13ee35b10,f999812d4a697d6f4b7cb0c5ac103c6b477e9d737a3926c79677c0a14b16aed5,732540d4d91cbaf77c5d80073d4d09740fd99c7f0d728d9f161b53753b90f6cd,explicit,0,4096,omitted,,omitted,,omitted,,omitted,,omitted,,omitted,,omitted,,omitted,,omitted,,False,thinking.type=disabled,ffe557f53c63f7d0f7e35f80c03f61d8b3548db9e4f51e8dda020b28a920d875,provider_not_exposed,provider_not_exposed,False,,False,False,False,disabled,,stop;stop;stop;stop;stop;stop;stop;stop;stop,stop;stop;stop;stop;stop;stop;stop;stop;stop,5341,936,0,258,213,0,ssr_priority_compactor,mature_ssr_protocol_v1_ecvs_safe_visible_only,1,1,5,5,5,5,0,1313c4254ee1ed5dc82dbd39f7e316693be9c9dd9e51bedcb88658fdbf8b5acd,1,,1,[],"[""REQ_44_8QQN7FPY"", ""LOCK_44_YPF7N"", ""SCOPE_44_QN7FP"", ""CHECK_44_QQN7F"", ""ANCHOR_44_N7FPY""]",0,[],0,[],0,[],1,0,,clean,,714d996f09cdd0164c1949d419fca41fa28d8653ea9011a9698e088dff1fed7f,f9da32dc8135cb0ea9df7697f056164149f98e3843b2c8e4c337344d672b1369,9b46a5c62e2d7c9dcbc9ba956dba76fff933809860c632270023cc5b3236d54d,cf95fdf0fbb33662ba8be9c9d041e7caaae569393fb172d0f5760f7e1db41a8f,c341f0d79a57af9c784aed5dd4cde875085314769510d1cb4610a477adbe22d3,released_raw_outputs/model_outputs/_probe_ecvs_deepseek_v4pro_frontier5_realswe5_mature_ssr_10task_2method_3budget_1run/deepseek/ssr_only__final_main_v1_44_real_swe_fresh_github_jpadilla_pyjwt_c8ab900b831c__run_1__budget_300.jsonl,9,7c67a9f582c1ad6d6f2df309d741425d5d160f18504dc4fa126734572c56b981,878f48523a1ecb3a2ef5097ffd51feab28cefcac171a1b38c4f8fc6efccdb046,1b87732f0b3614420fdf755c9eddde922f199801854c24da41e8b457150ab9ab
_probe_ecvs_deepseek_v4pro_frontier5_realswe5_mature_ssr_10task_2method_3budget_1run:deepseek_v4pro:ssr_only:final_main_v1_44_real_swe_fresh_github_jpadilla_pyjwt_c8ab900b831c:budget_600:run_1,deepseek_v4pro,final_main_v1_44_real_swe_fresh_github_jpadilla_pyjwt_c8ab900b831c,real_swe_executable_anchor_controlled,hard,dependency_import_consistency,real_swe_non_frontier,ssr_only,ssr_only,600,1,2026-06-19T07:43:16.829064+00:00,2026-06-19T07:43:39.052671+00:00,2026-06-19T07:43:16.829132+00:00,2026-06-19T07:43:39.051407+00:00,22.218,0c34b9d65f290c5ae1f69df62f807131b12af880fb7f25e76a971df0793a03fe,2ec351c87e7db636e065cb1ab54565df6bdda033975a41c3e3fe88954a636c6b,2b8d54b172b2fe3b62220252d612c8f62cddb7b7e3ed8b9bc4d31ce97df85c30,5a40bea2f6aff56cf0251a9521c848350d5c35a4749294432de252a86b2e97df,b453ccdfb5df89f7f1762933293fe95f0d7ca62bcd78ba100ad022fd875e1ebd,b1ff25252c724238518b136c1874ef31af83785721c342cd85dded9c9898513e,516aae77011e73621a2cf8ef4ab7fdf9037da06a2c43d94b165b5ffbd27c8376,516aae77011e73621a2cf8ef4ab7fdf9037da06a2c43d94b165b5ffbd27c8376,516aae77011e73621a2cf8ef4ab7fdf9037da06a2c43d94b165b5ffbd27c8376,b9b794241e72f572240582b255743f7610f98bd383c4d77ce21225edf02b4a6c,direct_provider,deepseek,https://api.deepseek.com,deepseek-v4-pro,https://api.deepseek.com/chat/completions,deepseek-v4-pro,53564c95d49bfa46ffa65801037a10ea6b462e0880a1ad4c58eb3cb13ee35b10,f999812d4a697d6f4b7cb0c5ac103c6b477e9d737a3926c79677c0a14b16aed5,732540d4d91cbaf77c5d80073d4d09740fd99c7f0d728d9f161b53753b90f6cd,explicit,0,4096,omitted,,omitted,,omitted,,omitted,,omitted,,omitted,,omitted,,omitted,,omitted,,False,thinking.type=disabled,ffe557f53c63f7d0f7e35f80c03f61d8b3548db9e4f51e8dda020b28a920d875,provider_not_exposed,provider_not_exposed,False,,False,False,False,disabled,,stop;stop;stop;stop;stop;stop;stop;stop;stop,stop;stop;stop;stop;stop;stop;stop;stop;stop,5341,1050,0,264,213,0,ssr_priority_compactor,mature_ssr_protocol_v1_ecvs_safe_visible_only,1,1,5,5,5,5,0,1313c4254ee1ed5dc82dbd39f7e316693be9c9dd9e51bedcb88658fdbf8b5acd,1,,1,[],"[""REQ_44_8QQN7FPY"", ""LOCK_44_YPF7N"", ""SCOPE_44_QN7FP"", ""CHECK_44_QQN7F"", ""ANCHOR_44_N7FPY""]",0,[],0,[],0,[],1,0,,clean,,e6f4cd8379830e32e45919caa06551ea607ad71b7eb53e202f493588d408e45c,ec2646b3a21ce834158b7ab960b9f6bc88e988393c10a4e7b83e637fe728693c,49ce394d95be43cc38474812534e50af0bc6577e329f3b357908608534d6af46,45a2efba426d54b040731e41e71db5739ab975576062656e9ea57edd92679af4,f81930b0e3fdc4c65fa6f61e599256a4e8d2b9dd8e93af0f14f8f36fdf8e1a90,released_raw_outputs/model_outputs/_probe_ecvs_deepseek_v4pro_frontier5_realswe5_mature_ssr_10task_2method_3budget_1run/deepseek/ssr_only__final_main_v1_44_real_swe_fresh_github_jpadilla_pyjwt_c8ab900b831c__run_1__budget_600.jsonl,9,44c7e63782480efa8f249ce78983153e382462aaf4fcfb8177f994f690771ca8,ac3b5ad70e833060f157d8fd75fb49543bacee6b115f6d49d9641261ef108dcd,d0039bf93036874da54fc2edf57025356ec556901a3647191f2feb7c9cf2ce3d
_probe_ecvs_deepseek_v4pro_frontier5_realswe5_mature_ssr_10task_2method_3budget_1run:deepseek_v4pro:ssr_only:final_main_v1_46_real_swe_fresh_github_jpadilla_pyjwt_0a99cc2427c7:budget_1200:run_1,deepseek_v4pro,final_main_v1_46_real_swe_fresh_github_jpadilla_pyjwt_0a99cc2427c7,real_swe_executable_anchor_controlled,hard,security_boundary,real_swe_non_frontier,ssr_only,ssr_only,1200,1,2026-06-19T07:43:52.983476+00:00,2026-06-19T07:44:20.373633+00:00,2026-06-19T07:43:52.983620+00:00,2026-06-19T07:44:20.371973+00:00,27.381,0c34b9d65f290c5ae1f69df62f807131b12af880fb7f25e76a971df0793a03fe,b47fdc5a29ec2e4d8ea6996db655d63858924f3324db7676d76147c4dd07e610,2b8d54b172b2fe3b62220252d612c8f62cddb7b7e3ed8b9bc4d31ce97df85c30,872ae97b64fe0ebd139c17ccd41721fa87e11f5edfa8d00f1687a9bff4411513,f972016d4981a899a6153e643b11bc7feb3240d7f7f7cadc8162755ead8fdab8,b1ff25252c724238518b136c1874ef31af83785721c342cd85dded9c9898513e,516aae77011e73621a2cf8ef4ab7fdf9037da06a2c43d94b165b5ffbd27c8376,516aae77011e73621a2cf8ef4ab7fdf9037da06a2c43d94b165b5ffbd27c8376,516aae77011e73621a2cf8ef4ab7fdf9037da06a2c43d94b165b5ffbd27c8376,b9b794241e72f572240582b255743f7610f98bd383c4d77ce21225edf02b4a6c,direct_provider,deepseek,https://api.deepseek.com,deepseek-v4-pro,https://api.deepseek.com/chat/completions,deepseek-v4-pro,53564c95d49bfa46ffa65801037a10ea6b462e0880a1ad4c58eb3cb13ee35b10,f999812d4a697d6f4b7cb0c5ac103c6b477e9d737a3926c79677c0a14b16aed5,732540d4d91cbaf77c5d80073d4d09740fd99c7f0d728d9f161b53753b90f6cd,explicit,0,4096,omitted,,omitted,,omitted,,omitted,,omitted,,omitted,,omitted,,omitted,,omitted,,False,thinking.type=disabled,ffe557f53c63f7d0f7e35f80c03f61d8b3548db9e4f51e8dda020b28a920d875,provider_not_exposed,provider_not_exposed,False,,False,False,False,disabled,,stop;stop;stop;stop;stop;stop;stop;stop;stop,stop;stop;stop;stop;stop;stop;stop;stop;stop,5337,1327,0,636,213,0,ssr_priority_compactor,mature_ssr_protocol_v1_ecvs_safe_visible_only,1,1,5,5,5,5,0,27ca7e0974f672d13441051260dfcca85f7e8d39a80aeba8347c2f5e26d692ba,1,,1,[],"[""REQ_46_35AH5586"", ""LOCK_46_6855H"", ""SCOPE_46_AH558"", ""CHECK_46_5AH55"", ""ANCHOR_46_H5586""]",0,[],0,[],0,[],1,0,,clean,,a232a57f35158163f7b88ee4638c1249ae405651d3140d07e1a115e21ac1843b,d61d4915e5d1756ee6b38400cd63480108fc3342de979a987e4dc49e2462fed4,82a3023bbd29ddb6c34c81b576542d20f2dc0d2ab9c98b42cfc735f7fc2558b6,e0c046a00440e525d63f0c4447e31276320c331c09923d3e72930ce7333f2a52,7e05459d67a0f9280d5b56512854eaada11b8291acda7e60fad0803800d53465,released_raw_outputs/model_outputs/_probe_ecvs_deepseek_v4pro_frontier5_realswe5_mature_ssr_10task_2method_3budget_1run/deepseek/ssr_only__final_main_v1_46_real_swe_fresh_github_jpadilla_pyjwt_0a99cc2427c7__run_1__budget_1200.jsonl,9,362d935860ad237ea1ec71978db8655eaa7bb99f7500c499e19569597d13a49c,bd8e14f4db2a64aab2bc033b69b2d4414e2fb9521b07ec9962ed503f53b50067,125fd55ffe83846999b63b430a7fa9cba6aab2c46ee45b193d5575a14e3ab64b
_probe_ecvs_deepseek_v4pro_frontier5_realswe5_mature_ssr_10task_2method_3budget_1run:deepseek_v4pro:ssr_only:final_main_v1_46_real_swe_fresh_github_jpadilla_pyjwt_0a99cc2427c7:budget_300:run_1,deepseek_v4pro,final_main_v1_46_real_swe_fresh_github_jpadilla_pyjwt_0a99cc2427c7,real_swe_executable_anchor_controlled,hard,security_boundary,real_swe_non_frontier,ssr_only,ssr_only,300,1,2026-06-19T07:43:47.923686+00:00,2026-06-19T07:44:09.689031+00:00,2026-06-19T07:43:47.923767+00:00,2026-06-19T07:44:09.683638+00:00,21.756,0c34b9d65f290c5ae1f69df62f807131b12af880fb7f25e76a971df0793a03fe,b47fdc5a29ec2e4d8ea6996db655d63858924f3324db7676d76147c4dd07e610,2b8d54b172b2fe3b62220252d612c8f62cddb7b7e3ed8b9bc4d31ce97df85c30,872ae97b64fe0ebd139c17ccd41721fa87e11f5edfa8d00f1687a9bff4411513,d27f88b2d62a78bac3b90a0b1bcccfc2a0526045badc9e7fb7d5505a5bbafc53,b1ff25252c724238518b136c1874ef31af83785721c342cd85dded9c9898513e,516aae77011e73621a2cf8ef4ab7fdf9037da06a2c43d94b165b5ffbd27c8376,516aae77011e73621a2cf8ef4ab7fdf9037da06a2c43d94b165b5ffbd27c8376,516aae77011e73621a2cf8ef4ab7fdf9037da06a2c43d94b165b5ffbd27c8376,b9b794241e72f572240582b255743f7610f98bd383c4d77ce21225edf02b4a6c,direct_provider,deepseek,https://api.deepseek.com,deepseek-v4-pro,https://api.deepseek.com/chat/completions,deepseek-v4-pro,53564c95d49bfa46ffa65801037a10ea6b462e0880a1ad4c58eb3cb13ee35b10,f999812d4a697d6f4b7cb0c5ac103c6b477e9d737a3926c79677c0a14b16aed5,732540d4d91cbaf77c5d80073d4d09740fd99c7f0d728d9f161b53753b90f6cd,explicit,0,4096,omitted,,omitted,,omitted,,omitted,,omitted,,omitted,,omitted,,omitted,,omitted,,False,thinking.type=disabled,ffe557f53c63f7d0f7e35f80c03f61d8b3548db9e4f51e8dda020b28a920d875,provider_not_exposed,provider_not_exposed,False,,False,False,False,disabled,,stop;stop;stop;stop;stop;stop;stop;stop;stop,stop;stop;stop;stop;stop;stop;stop;stop;stop,5320,1072,0,285,213,0,ssr_priority_compactor,mature_ssr_protocol_v1_ecvs_safe_visible_only,1,1,5,5,5,5,0,de559028eae7af63f06a4cf20f6e59adb4db09cbf147f6529151069e3c747118,1,,1,[],"[""REQ_46_35AH5586"", ""LOCK_46_6855H"", ""SCOPE_46_AH558"", ""CHECK_46_5AH55"", ""ANCHOR_46_H5586""]",0,[],0,[],0,[],1,0,,clean,,7d93d4e5ea4654544f15978a82c648b413ddcf09c71a6b073f0f6dddcc55e74e,ba66e553340f7cd2c038716b37dc7f691cbf1b8ade5766ef4faf796b54da40fe,f0603e4f508fc1f2e06975dd4fc177bff378e73f3c6ed78bda3f8ffb4ec96742,9bacefaa06c92e72418b8356a4360b0d5598d6d24eec77a0541ba8ea72aa3ea1,4d065752b61d320bd363d285ef1b5edc57c2a7ae645891e63c05c05ab7947e53,released_raw_outputs/model_outputs/_probe_ecvs_deepseek_v4pro_frontier5_realswe5_mature_ssr_10task_2method_3budget_1run/deepseek/ssr_only__final_main_v1_46_real_swe_fresh_github_jpadilla_pyjwt_0a99cc2427c7__run_1__budget_300.jsonl,9,212d6b03a396869b61b641ccba0d8a62ca8d8fbc1869ed384f581bb3cc92a099,843185421c8dd66e21d41420036f33f4c0035df7de86947f5760a3a9c8b507fa,9e0e84d891b7e2061cd144cba757985fa95c9828303ae9e603f8b98bc2e25c70
_probe_ecvs_deepseek_v4pro_frontier5_realswe5_mature_ssr_10task_2method_3budget_1run:deepseek_v4pro:ssr_only:final_main_v1_46_real_swe_fresh_github_jpadilla_pyjwt_0a99cc2427c7:budget_600:run_1,deepseek_v4pro,final_main_v1_46_real_swe_fresh_github_jpadilla_pyjwt_0a99cc2427c7,real_swe_executable_anchor_controlled,hard,security_boundary,real_swe_non_frontier,ssr_only,ssr_only,600,1,2026-06-19T07:43:49.062203+00:00,2026-06-19T07:44:31.398395+00:00,2026-06-19T07:43:49.062257+00:00,2026-06-19T07:44:31.395930+00:00,24.247,0c34b9d65f290c5ae1f69df62f807131b12af880fb7f25e76a971df0793a03fe,b47fdc5a29ec2e4d8ea6996db655d63858924f3324db7676d76147c4dd07e610,2b8d54b172b2fe3b62220252d612c8f62cddb7b7e3ed8b9bc4d31ce97df85c30,872ae97b64fe0ebd139c17ccd41721fa87e11f5edfa8d00f1687a9bff4411513,62a45bec32c62a6f8d7831f64601e715e2a59cd2f5f3154804bb762a94e2f76a,b1ff25252c724238518b136c1874ef31af83785721c342cd85dded9c9898513e,516aae77011e73621a2cf8ef4ab7fdf9037da06a2c43d94b165b5ffbd27c8376,516aae77011e73621a2cf8ef4ab7fdf9037da06a2c43d94b165b5ffbd27c8376,516aae77011e73621a2cf8ef4ab7fdf9037da06a2c43d94b165b5ffbd27c8376,b9b794241e72f572240582b255743f7610f98bd383c4d77ce21225edf02b4a6c,direct_provider,deepseek,https://api.deepseek.com,deepseek-v4-pro,https://api.deepseek.com/chat/completions,deepseek-v4-pro,53564c95d49bfa46ffa65801037a10ea6b462e0880a1ad4c58eb3cb13ee35b10,f999812d4a697d6f4b7cb0c5ac103c6b477e9d737a3926c79677c0a14b16aed5,732540d4d91cbaf77c5d80073d4d09740fd99c7f0d728d9f161b53753b90f6cd,explicit,0,4096,omitted,,omitted,,omitted,,omitted,,omitted,,omitted,,omitted,,omitted,,omitted,,False,thinking.type=disabled,ffe557f53c63f7d0f7e35f80c03f61d8b3548db9e4f51e8dda020b28a920d875,provider_not_exposed,provider_not_exposed,False,,False,False,False,disabled,,stop;stop;stop;stop;stop;stop;stop;stop;stop,stop;stop;stop;stop;stop;stop;stop;stop;stop,5320,1174,0,285,213,0,ssr_priority_compactor,mature_ssr_protocol_v1_ecvs_safe_visible_only,1,1,5,5,5,5,0,de559028eae7af63f06a4cf20f6e59adb4db09cbf147f6529151069e3c747118,1,,1,[],"[""REQ_46_35AH5586"", ""LOCK_46_6855H"", ""SCOPE_46_AH558"", ""CHECK_46_5AH55"", ""ANCHOR_46_H5586""]",0,[],0,[],0,[],1,0,,clean,,1db6d2dca547341ed651324ad6179b544ca47995672080c5547b095b14f22bf7,63e11bb8b630a3487da76bb0fd3cb64deaeb4d56bfb1aa076d590ec244b23a91,634af9b36b0bbd02694adc96620c8d4ef8a58dbcfc527d3f19037c01f3529694,a5e37ae607f1e2280b4942c26490c16b638cd873de7a55b49336090c1e849910,69d63d5cab8b70b3919fc2c7986b18dae1224c3e6a15ccb8ed8b412e03191bdb,released_raw_outputs/model_outputs/_probe_ecvs_deepseek_v4pro_frontier5_realswe5_mature_ssr_10task_2method_3budget_1run/deepseek/ssr_only__final_main_v1_46_real_swe_fresh_github_jpadilla_pyjwt_0a99cc2427c7__run_1__budget_600.jsonl,9,7ea89f5128fff1fabea4faf8d5ecb5be6be01f1cae3b3578eb4325cc020c2d13,4bd71d567af4a910b0ad1cb98b31653d6b00193a2da524ba956d9768a087e940,7a1362af8b371599142d411a01307f82bc41dccffb6a478a37255ed16ebcbe1d
